pre,post,weight
720575940628996455,720575940632437331,9
720575940644146724,720575940649022841,8
720575940619676224,720575940624293048,7
720575940619676224,720575940628076038,7
720575940619676224,720575940632003409,7
720575940644146724,720575940610580377,7
720575940621861637,720575940624107755,7
720575940621861637,720575940621606755,7
720575940612755618,720575940639684515,7
720575940621861637,720575940619897734,7
720575940646288419,720575940632098375,7
720575940631758393,720575940606892674,6
720575940628996455,720575940617478427,6
720575940628996455,720575940649022841,6
720575940628996455,720575940630949187,6
720575940624317419,720575940614862230,6
720575940628996455,720575940621762330,6
720575940631758393,720575940621121140,6
720575940618943389,720575940620303040,6
720575940621861637,720575940618341952,6
720575940644146724,720575940634664674,6
720575940644146724,720575940643769544,6
720575940614629799,720575940620700769,6
720575940621861637,720575940643769544,6
720575940621861637,720575940617478427,6
720575940646288419,720575940614614203,6
720575940646288419,720575940621413670,6
720575940614629799,720575940627085578,6
720575940644146724,720575940617750173,5
720575940646288419,720575940637316029,5
720575940621861637,720575940644413732,5
720575940642603464,720575940613797295,5
720575940621861637,720575940612767126,5
720575940630076887,720575940639684515,5
720575940631758393,720575940620424641,5
720575940631758393,720575940608532675,5
720575940631758393,720575940628651792,5
720575940631758393,720575940628725455,5
720575940631758393,720575940621839086,5
720575940631758393,720575940625454640,5
720575940628996455,720575940629507706,5
720575940626455326,720575940613738415,5
720575940631758393,720575940617427713,5
720575940631758393,720575940621947486,5
720575940624661031,720575940618662939,5
720575940631758393,720575940620521754,5
720575940631758393,720575940617077405,5
720575940631758393,720575940640646864,5
720575940626455326,720575940614229415,5
720575940626455326,720575940623377555,5
720575940626455326,720575940613727399,5
720575940626455326,720575940622732493,5
720575940626455326,720575940630430495,5
720575940624317419,720575940621802751,5
720575940618943389,720575940637211462,5
720575940614629799,720575940608191836,5
720575940621861637,720575940627085578,5
720575940607511900,720575940622864920,5
720575940646288419,720575940634296951,5
720575940646288419,720575940632558675,5
720575940644146724,720575940626043454,5
720575940618943389,720575940632718291,5
720575940618943389,720575940644413732,5
720575940618943389,720575940625768073,5
720575940618943389,720575940632930458,5
720575940618943389,720575940606891221,5
720575940621861637,720575940625328915,5
720575940644146724,720575940629507706,5
720575940621861637,720575940619077217,5
720575940621861637,720575940621925417,5
720575940646288419,720575940621878021,5
720575940646288419,720575940631388231,5
720575940607511900,720575940630411259,4
720575940644146724,720575940619684688,4
720575940646288419,720575940613738415,4
720575940621861637,720575940609371086,4
720575940644146724,720575940629319106,4
720575940630446329,720575940626874097,4
720575940630446329,720575940612763542,4
720575940646288419,720575940638053865,4
720575940614629799,720575940629507706,4
720575940621861637,720575940608191836,4
720575940607511900,720575940614890902,4
720575940644146724,720575940625500304,4
720575940646288419,720575940630300613,4
720575940653360289,720575940630573260,4
720575940607511900,720575940628257914,4
720575940632107335,720575940612019570,4
720575940621861637,720575940628826873,4
720575940618943389,720575940620333958,4
720575940626455326,720575940626901278,4
720575940626455326,720575940619271384,4
720575940626455326,720575940609220291,4
720575940626455326,720575940623986469,4
720575940626455326,720575940620020769,4
720575940626455326,720575940620020257,4
720575940626455326,720575940608505795,4
720575940614629799,720575940607054770,4
720575940616682838,720575940626124743,4
720575940621861637,720575940631967575,4
720575940621861637,720575940628514156,4
720575940607511900,720575940659940225,4
720575940621861637,720575940610580377,4
720575940621861637,720575940615671494,4
720575940607511900,720575940608655918,4
720575940637672425,720575940625328915,4
720575940607511900,720575940615072373,4
720575940644146724,720575940612767126,4
720575940631758393,720575940631062603,4
720575940619917248,720575940603747616,4
720575940631758393,720575940631754527,4
720575940628996455,720575940625500304,4
720575940631758393,720575940621863006,4
720575940631758393,720575940627165010,4
720575940631758393,720575940633402082,4
720575940631758393,720575940628447491,4
720575940619917248,720575940621878021,4
720575940624661031,720575940615196063,4
720575940624661031,720575940625500304,4
720575940631758393,720575940609694818,4
720575940631758393,720575940645236078,4
720575940616312949,720575940615780353,4
720575940618943389,720575940612765846,4
720575940624661031,720575940621606755,4
720575940616312949,720575940628694991,4
720575940631758393,720575940620520513,4
720575940631758393,720575940630651223,4
720575940628996455,720575940621770010,4
720575940625931266,720575940612758934,4
720575940624317419,720575940630180935,4
720575940624317419,720575940620495830,4
720575940648330105,720575940629541187,4
720575940607287561,720575940632210145,4
720575940648330105,720575940615798540,4
720575940625931266,720575940632229788,4
720575940624661031,720575940610580377,4
720575940631758393,720575940633034336,4
720575940619917248,720575940632528671,4
720575940631758393,720575940612606673,4
720575940631758393,720575940624421148,4
720575940631758393,720575940637746520,4
720575940631758393,720575940620230497,4
720575940631758393,720575940629010331,4
720575940631758393,720575940625940456,4
720575940631758393,720575940617769217,4
720575940631758393,720575940629162693,4
720575940624661031,720575940627585028,4
720575940631758393,720575940629814060,4
720575940631758393,720575940632229788,4
720575940631758393,720575940613213151,4
720575940631758393,720575940625600048,4
720575940631758393,720575940628138246,4
720575940631758393,720575940621288225,4
720575940631758393,720575940615323990,4
720575940628996455,720575940634969701,4
720575940619917248,720575940613776543,4
720575940631758393,720575940611946482,4
720575940624661031,720575940622836455,4
720575940631758393,720575940621491696,4
720575940630777631,720575940649228665,4
720575940618943389,720575940610147826,4
720575940618943389,720575940617734603,4
720575940618943389,720575940621507475,4
720575940619917248,720575940622350472,4
720575940631758393,720575940630176047,4
720575940631758393,720575940624271716,4
720575940624661031,720575940621925417,4
720575940620488513,720575940639727861,4
720575940630996684,720575940620521754,4
720575940630318951,720575940653332385,4
720575940619676224,720575940614037811,4
720575940619917248,720575940625002526,4
720575940618943389,720575940616052625,4
720575940618943389,720575940625024125,4
720575940618943389,720575940606483467,4
720575940618943389,720575940615134918,4
720575940619676224,720575940633710105,4
720575940631758393,720575940627573659,4
720575940618943389,720575940630415268,4
720575940618943389,720575940630385403,4
720575940623082665,720575940603084972,4
720575940619917248,720575940631782712,4
720575940631758393,720575940632465945,4
720575940624661031,720575940633103059,4
720575940631758393,720575940632481363,4
720575940631758393,720575940615072373,4
720575940631758393,720575940630432932,4
720575940618943389,720575940619090785,3
720575940630777631,720575940610773171,3
720575940618943389,720575940635150990,3
720575940618943389,720575940647714425,3
720575940618943389,720575940615651014,3
720575940630777631,720575940606783362,3
720575940630777631,720575940613929670,3
720575940620576238,720575940620413355,3
720575940618943389,720575940634800282,3
720575940619676224,720575940612352423,3
720575940624859725,720575940625290003,3
720575940618943389,720575940622815684,3
720575940630777631,720575940621460645,3
720575940630777631,720575940621538431,3
720575940630777631,720575940621594723,3
720575940630777631,720575940622145277,3
720575940618943389,720575940623023544,3
720575940618943389,720575940607804939,3
720575940618943389,720575940628012332,3
720575940632107335,720575940622428087,3
720575940618943389,720575940628060983,3
720575940619676224,720575940631453763,3
720575940618943389,720575940626510211,3
720575940618943389,720575940615728102,3
720575940618943389,720575940617478427,3
720575940619676224,720575940629788012,3
720575940619676224,720575940612740466,3
720575940632107335,720575940620410606,3
720575940626135122,720575940618657334,3
720575940648330105,720575940625600048,3
720575940624317419,720575940630159939,3
720575940612755618,720575940612151538,3
720575940626135122,720575940618326292,3
720575940620922790,720575940628800762,3
720575940644747828,720575940616578646,3
720575940620922790,720575940614313996,3
720575940644747828,720575940614283006,3
720575940626135122,720575940633224555,3
720575940616312949,720575940637055797,3
720575940624317419,720575940624676414,3
720575940616312949,720575940613017059,3
720575940624317419,720575940603174368,3
720575940632107335,720575940613737647,3
720575940632107335,720575940613954769,3
720575940618943389,720575940619060321,3
720575940618943389,720575940622784611,3
720575940639077283,720575940613738415,3
720575940618943389,720575940630456996,3
720575940632107335,720575940614862230,3
720575940624317419,720575940631879193,3
720575940608186498,720575940612767126,3
720575940620922790,720575940620996621,3
720575940626135122,720575940620577652,3
720575940624317419,720575940629010331,3
720575940625931266,720575940637222470,3
720575940626135122,720575940636045175,3
720575940613338152,720575940627292218,3
720575940620922790,720575940623965513,3
720575940648330105,720575940634296951,3
720575940624317419,720575940638561102,3
720575940624317419,720575940613213151,3
720575940626135122,720575940621878021,3
720575940624317419,720575940629388239,3
720575940658674049,720575940624465900,3
720575940625931266,720575940615255090,3
720575940648330105,720575940642383520,3
720575940624317419,720575940612606673,3
720575940626135122,720575940622075274,3
720575940616312949,720575940612758934,3
720575940624317419,720575940615072373,3
720575940624317419,720575940615066335,3
720575940624317419,720575940625499153,3
720575940620922790,720575940624574922,3
720575940624317419,720575940618183559,3
720575940626135122,720575940629765647,3
720575940625931266,720575940604489649,3
720575940648330105,720575940623252164,3
720575940625931266,720575940611110468,3
720575940625931266,720575940611453107,3
720575940626135122,720575940629233145,3
720575940616312949,720575940615066335,3
720575940624317419,720575940639727861,3
720575940631017258,720575940630413087,3
720575940637391582,720575940620603245,3
720575940612755618,720575940632357984,3
720575940624317419,720575940626550504,3
720575940624317419,720575940643497632,3
720575940616312949,720575940631620921,3
720575940626135122,720575940628608272,3
720575940607287561,720575940624660313,3
720575940626135122,720575940638626613,3
720575940618943389,720575940611045700,3
720575940618943389,720575940625732496,3
720575940625926693,720575940623986469,3
720575940618943389,720575940632583831,3
720575940624859725,720575940609684946,3
720575940618943389,720575940617982800,3
720575940632107335,720575940612740886,3
720575940628743362,720575940630411259,3
720575940618943389,720575940632068383,3
720575940618943389,720575940614861974,3
720575940618943389,720575940626792778,3
720575940628743362,720575940628103806,3
720575940618943389,720575940644609134,3
720575940618943389,720575940632164269,3
720575940618943389,720575940632233628,3
720575940618943389,720575940616647990,3
720575940618943389,720575940636488878,3
720575940632107335,720575940659940225,3
720575940618943389,720575940614899851,3
720575940618943389,720575940617090082,3
720575940632107335,720575940610669786,3
720575940619676224,720575940606893186,3
720575940618943389,720575940612668018,3
720575940618943389,720575940630269660,3
720575940619676224,720575940615243020,3
720575940618943389,720575940612728466,3
720575940618943389,720575940618544623,3
720575940618943389,720575940617021441,3
720575940618943389,720575940612572670,3
720575940618943389,720575940633004383,3
720575940618943389,720575940627630154,3
720575940618943389,720575940613272799,3
720575940618943389,720575940616887966,3
720575940618943389,720575940618334145,3
720575940631758393,720575940618765528,3
720575940623082665,720575940618662939,3
720575940631758393,720575940628257914,3
720575940623082665,720575940617878080,3
720575940620423533,720575940626906142,3
720575940623082665,720575940620520513,3
720575940623082665,720575940636146409,3
720575940631758393,720575940622542517,3
720575940619917248,720575940629036997,3
720575940623082665,720575940620051580,3
720575940631758393,720575940610990821,3
720575940623082665,720575940635953343,3
720575940623082665,720575940619254448,3
720575940623082665,720575940617478427,3
720575940631758393,720575940621864965,3
720575940631758393,720575940652799649,3
720575940631758393,720575940627245701,3
720575940631758393,720575940627089930,3
720575940631758393,720575940646609028,3
720575940631758393,720575940615569723,3
720575940631758393,720575940618148406,3
720575940630076887,720575940634468463,3
720575940631758393,720575940618306112,3
720575940631758393,720575940628071409,3
720575940620497217,720575940638626613,3
720575940631758393,720575940622075274,3
720575940631758393,720575940622067113,3
720575940631758393,720575940618470383,3
720575940631758393,720575940615768693,3
720575940623082665,720575940634800282,3
720575940619301185,720575940638995005,3
720575940631758393,720575940659940225,3
720575940631758393,720575940627493141,3
720575940631758393,720575940630047080,3
720575940631758393,720575940630269404,3
720575940631758393,720575940630219567,3
720575940631758393,720575940623191334,3
720575940628996455,720575940610580377,3
720575940631758393,720575940630159939,3
720575940623082665,720575940630525967,3
720575940631758393,720575940623102396,3
720575940619917248,720575940618306112,3
720575940623082665,720575940630415268,3
720575940631758393,720575940629951292,3
720575940631758393,720575940629949751,3
720575940631758393,720575940623030015,3
720575940631758393,720575940608286556,3
720575940628996455,720575940631485251,3
720575940631758393,720575940630671890,3
720575940623082665,720575940627185767,3
720575940631758393,720575940630477305,3
720575940631758393,720575940630475513,3
720575940628996455,720575940618341952,3
720575940631758393,720575940608524483,3
720575940631758393,720575940629895484,3
720575940631758393,720575940606963586,3
720575940631758393,720575940615974493,3
720575940631758393,720575940629397079,3
720575940631758393,720575940604999526,3
720575940631758393,720575940629347791,3
720575940631758393,720575940622800653,3
720575940628996455,720575940630923693,3
720575940631758393,720575940629300043,3
720575940631758393,720575940629270060,3
720575940631758393,720575940612747158,3
720575940631758393,720575940612758934,3
720575940643542688,720575940626904561,3
720575940631758393,720575940622979475,3
720575940623082665,720575940637211462,3
720575940631758393,720575940629563006,3
720575940631758393,720575940629502506,3
720575940631758393,720575940626904561,3
720575940628996455,720575940622836455,3
720575940631758393,720575940618131505,3
720575940631758393,720575940614869387,3
720575940631758393,720575940614862230,3
720575940624661031,720575940615671494,3
720575940619917248,720575940634800759,3
720575940631758393,720575940613258975,3
720575940623082665,720575940625732496,3
720575940631758393,720575940624663427,3
720575940624661031,720575940612767126,3
720575940631758393,720575940632725459,3
720575940631758393,720575940620422494,3
720575940631758393,720575940624989214,3
720575940623082665,720575940653332385,3
720575940631758393,720575940620344837,3
720575940610430254,720575940624487572,3
720575940631758393,720575940619834965,3
720575940631758393,720575940624159376,3
720575940623082665,720575940606579465,3
720575940631758393,720575940623914954,3
720575940631758393,720575940631019468,3
720575940630868271,720575940625702949,3
720575940631758393,720575940632536780,3
720575940631758393,720575940632077127,3
720575940619917248,720575940620996621,3
720575940631758393,720575940632371737,3
720575940631758393,720575940632197935,3
720575940631758393,720575940620020257,3
720575940631758393,720575940614770847,3
720575940631758393,720575940624487572,3
720575940631758393,720575940619842580,3
720575940631758393,720575940611943976,3
720575940624661031,720575940608191836,3
720575940631758393,720575940616746123,3
720575940623082665,720575940644946211,3
720575940631758393,720575940641355739,3
720575940631758393,720575940641084405,3
720575940631758393,720575940626513171,3
720575940631758393,720575940626403400,3
720575940631758393,720575940639986048,3
720575940631758393,720575940641362907,3
720575940631758393,720575940617866048,3
720575940631758393,720575940621553535,3
720575940631758393,720575940621163636,3
720575940631758393,720575940643497632,3
720575940631758393,720575940644843031,3
720575940623082665,720575940614229758,3
720575940631758393,720575940626834762,3
720575940631758393,720575940644607854,3
720575940623082665,720575940613954769,3
720575940631758393,720575940642383520,3
720575940631758393,720575940642162573,3
720575940631758393,720575940626640158,3
720575940631758393,720575940612450730,3
720575940631758393,720575940626548234,3
720575940631758393,720575940626536714,3
720575940631758393,720575940625646876,3
720575940631758393,720575940620813478,3
720575940623082665,720575940611343054,3
720575940631758393,720575940625506704,3
720575940623082665,720575940611987240,3
720575940631758393,720575940636640602,3
720575940631758393,720575940615066335,3
720575940631758393,720575940615019231,3
720575940631758393,720575940639202532,3
720575940631758393,720575940639172560,3
720575940623082665,720575940624800188,3
720575940630076887,720575940629922166,3
720575940631758393,720575940617756450,3
720575940619917248,720575940638662352,3
720575940624661031,720575940625126448,3
720575940631758393,720575940621017840,3
720575940631758393,720575940617514726,3
720575940631758393,720575940615193100,3
720575940631758393,720575940625724072,3
720575940619676224,720575940617436305,3
720575940618943389,720575940627085578,3
720575940618943389,720575940628574715,3
720575940619676224,720575940630868013,3
720575940618943389,720575940619668212,3
720575940618943389,720575940621606755,3
720575940630777631,720575940630411535,3
720575940621900321,720575940636114239,3
720575940618943389,720575940626668304,3
720575940619676224,720575940613774334,3
720575940619676224,720575940617908820,3
720575940618943389,720575940636375653,3
720575940630777631,720575940630067255,3
720575940632107335,720575940625476964,3
720575940646582836,720575940619967879,3
720575940637672425,720575940618341952,3
720575940616682838,720575940630180935,3
720575940646582836,720575940620411841,3
720575940607511900,720575940626901278,3
720575940644146724,720575940627626244,3
720575940630446329,720575940609163986,3
720575940646288419,720575940624086251,3
720575940642603464,720575940639684515,3
720575940621861637,720575940633226603,3
720575940644146724,720575940634969701,3
720575940630446329,720575940659577217,3
720575940646288419,720575940623252164,3
720575940632107335,720575940624149256,3
720575940618943389,720575940628309186,3
720575940621900321,720575940630399995,3
720575940607511900,720575940626733693,3
720575940630318951,720575940643830126,3
720575940617691170,720575940618266900,3
720575940620812865,720575940629504554,3
720575940616682838,720575940625667365,3
720575940621861637,720575940634914552,3
720575940644146724,720575940632366623,3
720575940614629799,720575940626043454,3
720575940607511900,720575940617077405,3
720575940637928164,720575940620124028,3
720575940617691170,720575940621658502,3
720575940620488513,720575940633565154,3
720575940624406986,720575940633034336,3
720575940622338269,720575940642328736,3
720575940627110931,720575940620682934,3
720575940633515490,720575940643830126,3
720575940620812865,720575940614229415,3
720575940628996455,720575940624107755,3
720575940630318951,720575940615798540,3
720575940612643954,720575940622864920,3
720575940617691170,720575940622773784,3
720575940630318951,720575940629010331,3
720575940624406986,720575940608517385,3
720575940617691170,720575940629951292,3
720575940617691170,720575940625323795,3
720575940623398524,720575940625942590,3
720575940630996684,720575940609921230,3
720575940620488513,720575940614862230,3
720575940618943389,720575940623582904,3
720575940618943389,720575940616350011,3
720575940632107335,720575940634146808,3
720575940618943389,720575940623521806,3
720575940621216982,720575940629271596,3
720575940628743362,720575940623554748,3
720575940628743362,720575940620143525,3
720575940630318951,720575940612747158,3
720575940630318951,720575940620923980,3
720575940620488513,720575940630561484,3
720575940617691170,720575940618224709,3
720575940617691170,720575940627585286,3
720575940620488513,720575940626904561,3
720575940630318951,720575940637316029,3
720575940619676224,720575940620603245,3
720575940621861637,720575940632437331,3
720575940621861637,720575940627585028,3
720575940629579836,720575940611343054,3
720575940626455326,720575940617940048,3
720575940626455326,720575940612846962,3
720575940626878460,720575940620880333,3
720575940626455326,720575940621073117,3
720575940626455326,720575940645386884,3
720575940626455326,720575940626225173,3
720575940626455326,720575940628471392,3
720575940626878460,720575940626657808,3
720575940626455326,720575940613737647,3
720575940626455326,720575940610990821,3
720575940626455326,720575940653332385,3
720575940626455326,720575940622948872,3
720575940635779959,720575940628394716,3
720575940626878460,720575940627987756,3
720575940614629799,720575940643769544,3
720575940626455326,720575940643501472,3
720575940637672425,720575940630949187,3
720575940607511900,720575940642162573,3
720575940644146724,720575940637580659,3
720575940607511900,720575940648205945,3
720575940621861637,720575940626043454,3
720575940630446329,720575940621594723,3
720575940644146724,720575940610823010,3
720575940646288419,720575940635499888,3
720575940614629799,720575940632366623,3
720575940626455326,720575940614614203,3
720575940626455326,720575940620418774,3
720575940635779959,720575940638053865,3
720575940635779959,720575940618224709,3
720575940626455326,720575940624149256,3
720575940628996455,720575940625126448,3
720575940631758393,720575940623543303,3
720575940631758393,720575940609944526,3
720575940626455326,720575940629347791,3
720575940626455326,720575940625600048,3
720575940642733216,720575940624480148,3
720575940634953079,720575940619041133,3
720575940626455326,720575940630300613,3
720575940626455326,720575940625740169,3
720575940626455326,720575940614229758,3
720575940626455326,720575940639278325,3
720575940635779959,720575940617514726,3
720575940642733216,720575940632197935,3
720575940642733216,720575940633580024,3
720575940630446329,720575940644472100,3
720575940635779959,720575940625506704,3
720575940646288419,720575940613929670,3
720575940646288419,720575940619864912,3
720575940607511900,720575940623756215,3
720575940630446329,720575940631502509,3
720575940614629799,720575940621770010,3
720575940621861637,720575940630331244,3
720575940621861637,720575940607054770,3
720575940647165828,720575940608176514,3
720575940638163940,720575940626906142,3
720575940646288419,720575940620039956,3
720575940638163940,720575940626362696,3
720575940621861637,720575940620333958,3
720575940646288419,720575940619271384,3
720575940630446329,720575940628800762,3
720575940616682838,720575940621175472,3
720575940644146724,720575940617771521,3
720575940614629799,720575940624107755,3
720575940644146724,720575940625126448,3
720575940639358579,720575940631408610,3
720575940644146724,720575940628826873,3
720575940621861637,720575940622003316,3
720575940616682838,720575940633034336,3
720575940616682838,720575940648205945,3
720575940607511900,720575940626403400,3
720575940644146724,720575940622836455,3
720575940607511900,720575940620495830,3
720575940644146724,720575940621762330,3
720575940630446329,720575940633224555,3
720575940627644584,720575940629693239,3
720575940629579836,720575940619938998,3
720575940635356316,720575940622102763,3
720575940607511900,720575940639202532,3
720575940614629799,720575940618341952,3
720575940646288419,720575940627295802,3
720575940646288419,720575940627576488,3
720575940630446329,720575940618992449,3
720575940646288419,720575940628788496,3
720575940646582836,720575940631625272,3
720575940621861637,720575940618662939,3
720575940607511900,720575940613017059,3
720575940647165828,720575940637404750,3
720575940630446329,720575940616306210,3
720575940646288419,720575940610784179,3
720575940622701808,720575940629733314,3
720575940621861637,720575940628045318,3
720575940630446329,720575940625235033,3
720575940644146724,720575940615671494,3
720575940616682838,720575940620230497,3
720575940646288419,720575940636675817,3
720575940614629799,720575940617771521,3
720575940646288419,720575940608281180,3
720575940616682838,720575940609220291,3
720575940616682838,720575940609143672,3
720575940616682838,720575940609944526,3
720575940616682838,720575940625834900,3
720575940630446329,720575940613776543,3
720575940646288419,720575940618572422,3
720575940637672425,720575940620700769,3
720575940614629799,720575940617750173,3
720575940621861637,720575940617771521,3
720575940648330105,720575940619864912,2
720575940625931266,720575940621288225,2
720575940637391582,720575940629162693,2
720575940648330105,720575940620223398,2
720575940607287561,720575940615975227,2
720575940648330105,720575940619695809,2
720575940610181496,720575940614282238,2
720575940625931266,720575940621863006,2
720575940637391582,720575940634967962,2
720575940648330105,720575940623986469,2
720575940648330105,720575940623377555,2
720575940648330105,720575940623353013,2
720575940648330105,720575940617940304,2
720575940648330105,720575940622864920,2
720575940613338152,720575940633516980,2
720575940648330105,720575940622737812,2
720575940637391582,720575940631062603,2
720575940648330105,720575940621878021,2
720575940648330105,720575940621863006,2
720575940613338152,720575940613532831,2
720575940648330105,720575940621460645,2
720575940620922790,720575940611960872,2
720575940625931266,720575940621913897,2
720575940607287561,720575940626313546,2
720575940648330105,720575940618131505,2
720575940648330105,720575940614229159,2
720575940612755618,720575940630312785,2
720575940607287561,720575940615785228,2
720575940625931266,720575940617514726,2
720575940612755618,720575940629632894,2
720575940648330105,720575940610784179,2
720575940613338152,720575940630222895,2
720575940612755618,720575940629406012,2
720575940630794703,720575940618131505,2
720575940616312949,720575940619271384,2
720575940625931266,720575940615785228,2
720575940648330105,720575940609220291,2
720575940625931266,720575940615780353,2
720575940613338152,720575940609104579,2
720575940616312949,720575940620143525,2
720575940648330105,720575940616616075,2
720575940613338152,720575940610676403,2
720575940613647007,720575940631603768,2
720575940608071435,720575940615961684,2
720575940637391582,720575940625266057,2
720575940616312949,720575940620230497,2
720575940608071435,720575940624884920,2
720575940648330105,720575940614229758,2
720575940648330105,720575940613954769,2
720575940625931266,720575940618873723,2
720575940621900321,720575940614229415,2
720575940618943389,720575940626676120,2
720575940619676224,720575940633210475,2
720575940618943389,720575940626663440,2
720575940618943389,720575940619938998,2
720575940618943389,720575940626651288,2
720575940618943389,720575940619974689,2
720575940618943389,720575940626911262,2
720575940637391582,720575940619723088,2
720575940621900321,720575940612763542,2
720575940618943389,720575940645210222,2
720575940618943389,720575940614428722,2
720575940618943389,720575940620042375,2
720575940621900321,720575940609163986,2
720575940618943389,720575940605180337,2
720575940621900321,720575940606783362,2
720575940605221065,720575940615544249,2
720575940621900321,720575940614229159,2
720575940618943389,720575940620172397,2
720575940648330105,720575940625564816,2
720575940607287561,720575940620020257,2
720575940648330105,720575940627082261,2
720575940648330105,720575940626901278,2
720575940648330105,720575940626855171,2
720575940624317419,720575940605792434,2
720575940648330105,720575940626363791,2
720575940625931266,720575940624149256,2
720575940648330105,720575940625781541,2
720575940625931266,720575940623914679,2
720575940625931266,720575940624660313,2
720575940616312949,720575940622864920,2
720575940625931266,720575940624989214,2
720575940618943389,720575940645828740,2
720575940619676224,720575940634351200,2
720575940621900321,720575940617940304,2
720575940621900321,720575940618572422,2
720575940613338152,720575940615465433,2
720575940625931266,720575940615768693,2
720575940616312949,720575940643830126,2
720575940616312949,720575940618873723,2
720575940616312949,720575940629010331,2
720575940607287561,720575940614229415,2
720575940616312949,720575940628651792,2
720575940616312949,720575940628999579,2
720575940616312949,720575940629328591,2
720575940624317419,720575940623032970,2
720575940619823536,720575940614816598,2
720575940620922790,720575940631387463,2
720575940624317419,720575940623244180,2
720575940624317419,720575940623554748,2
720575940616312949,720575940629270060,2
720575940620922790,720575940631502509,2
720575940624317419,720575940621863006,2
720575940612755618,720575940617293201,2
720575940616312949,720575940628331625,2
720575940607287561,720575940627700484,2
720575940607287561,720575940627553691,2
720575940620922790,720575940625507888,2
720575940616312949,720575940626904561,2
720575940624317419,720575940619896581,2
720575940613338152,720575940618758178,2
720575940624317419,720575940620230497,2
720575940616312949,720575940627573659,2
720575940654661281,720575940621084771,2
720575940654661281,720575940621560052,2
720575940616312949,720575940627700484,2
720575940624317419,720575940621121140,2
720575940616312949,720575940627920071,2
720575940654661281,720575940637835839,2
720575940637391582,720575940619375701,2
720575940612755618,720575940620079856,2
720575940608071435,720575940630063676,2
720575940624317419,720575940627089930,2
720575940607287561,720575940635153294,2
720575940607287561,720575940635499888,2
720575940631576903,720575940619487414,2
720575940624317419,720575940629504554,2
720575940616312949,720575940633509471,2
720575940608071435,720575940605196465,2
720575940607287561,720575940635807087,2
720575940624317419,720575940630139599,2
720575940626135122,720575940605350066,2
720575940631576903,720575940615931293,2
720575940608071435,720575940620041125,2
720575940620922790,720575940632388138,2
720575940631576903,720575940607010825,2
720575940612755618,720575940659850113,2
720575940605280201,720575940630312785,2
720575940607287561,720575940618419776,2
720575940616312949,720575940631035154,2
720575940620922790,720575940636665262,2
720575940624317419,720575940625740169,2
720575940621462512,720575940617386708,2
720575940624317419,720575940626124743,2
720575940631576903,720575940614495138,2
720575940616312949,720575940626124743,2
720575940626455326,720575940625667365,2
720575940626878460,720575940617982800,2
720575940635779959,720575940631842956,2
720575940626878460,720575940633552820,2
720575940626455326,720575940625834900,2
720575940635779959,720575940630598395,2
720575940642733216,720575940624293048,2
720575940624317419,720575940618419776,2
720575940648330105,720575940639278325,2
720575940607287561,720575940627082261,2
720575940620922790,720575940620422494,2
720575940608071435,720575940626941446,2
720575940648330105,720575940643501472,2
720575940635779959,720575940632725459,2
720575940626555800,720575940605338290,2
720575940635779959,720575940633493660,2
720575940615682246,720575940618844353,2
720575940626878460,720575940634464869,2
720575940642733216,720575940627351751,2
720575940634953079,720575940621203376,2
720575940626878460,720575940634351200,2
720575940635779959,720575940639056061,2
720575940635779959,720575940639022243,2
720575940634953079,720575940620955149,2
720575940635779959,720575940637788494,2
720575940635779959,720575940636553646,2
720575940626455326,720575940614869387,2
720575940648330105,720575940645858948,2
720575940616312949,720575940625506704,2
720575940625931266,720575940638561102,2
720575940624317419,720575940615255090,2
720575940625931266,720575940639157968,2
720575940625931266,720575940639202532,2
720575940620922790,720575940623369668,2
720575940624317419,720575940615780353,2
720575940625931266,720575940641360091,2
720575940654661281,720575940605252041,2
720575940624317419,720575940616616075,2
720575940624317419,720575940616746123,2
720575940625931266,720575940659940225,2
720575940608071435,720575940618517440,2
720575940624317419,720575940617077405,2
720575940624317419,720575940617118016,2
720575940624317419,720575940617514726,2
720575940620922790,720575940623351443,2
720575940625931266,720575940636991856,2
720575940625931266,720575940636685894,2
720575940625931266,720575940631879193,2
720575940616312949,720575940624676414,2
720575940625931266,720575940632725459,2
720575940620922790,720575940621594723,2
720575940624317419,720575940614229159,2
720575940608186498,720575940628045318,2
720575940607287561,720575940623203012,2
720575940631576903,720575940621334980,2
720575940613338152,720575940621948810,2
720575940623979593,720575940626843773,2
720575940616312949,720575940611837809,2
720575940621085622,720575940617963480,2
720575940608071435,720575940636553646,2
720575940607287561,720575940638053865,2
720575940616312949,720575940612747158,2
720575940626135122,720575940632371737,2
720575940626135122,720575940632528671,2
720575940616312949,720575940609651554,2
720575940616312949,720575940613213151,2
720575940626135122,720575940634800759,2
720575940621085622,720575940620407628,2
720575940607287561,720575940638179699,2
720575940626135122,720575940636665262,2
720575940626135122,720575940630411535,2
720575940626135122,720575940625781541,2
720575940607287561,720575940637508698,2
720575940607287561,720575940624663427,2
720575940619823536,720575940634839487,2
720575940644747828,720575940630312785,2
720575940613338152,720575940625807108,2
720575940616312949,720575940610773714,2
720575940623979593,720575940610406776,2
720575940626135122,720575940628071409,2
720575940626135122,720575940628610811,2
720575940626135122,720575940628788496,2
720575940634640023,720575940628295242,2
720575940616312949,720575940611204323,2
720575940616312949,720575940613735948,2
720575940607287561,720575940615072373,2
720575940626135122,720575940642022088,2
720575940637391582,720575940605664446,2
720575940612755618,720575940628353244,2
720575940613338152,720575940629022875,2
720575940637391582,720575940608823509,2
720575940625931266,720575940613213151,2
720575940607287561,720575940618873723,2
720575940625931266,720575940613735948,2
720575940607287561,720575940648205945,2
720575940613338152,720575940629725711,2
720575940625931266,720575940614551954,2
720575940625931266,720575940615072373,2
720575940637391582,720575940618849841,2
720575940637391582,720575940619028289,2
720575940625931266,720575940611204323,2
720575940616312949,720575940615571601,2
720575940626135122,720575940643404744,2
720575940608186498,720575940620333958,2
720575940612755618,720575940626779398,2
720575940607287561,720575940621863006,2
720575940607287561,720575940639202532,2
720575940616312949,720575940617077405,2
720575940625931266,720575940609143672,2
720575940607287561,720575940630561484,2
720575940625931266,720575940609651554,2
720575940608071435,720575940644607854,2
720575940605280201,720575940621709132,2
720575940607287561,720575940637222470,2
720575940607287561,720575940635953343,2
720575940631576903,720575940626513027,2
720575940616312949,720575940603174368,2
720575940644747828,720575940613773566,2
720575940621462512,720575940629730263,2
720575940624317419,720575940633509471,2
720575940624317419,720575940633565154,2
720575940616312949,720575940609143672,2
720575940624317419,720575940633802009,2
720575940658674049,720575940617293201,2
720575940624317419,720575940635033701,2
720575940624317419,720575940632465945,2
720575940644747828,720575940605000550,2
720575940621462512,720575940624527091,2
720575940608071435,720575940631577569,2
720575940626135122,720575940610784179,2
720575940624317419,720575940631399978,2
720575940624317419,720575940631447363,2
720575940631576903,720575940623543303,2
720575940658674049,720575940606892674,2
720575940624317419,720575940631620921,2
720575940626135122,720575940612796786,2
720575940612755618,720575940621552116,2
720575940631576903,720575940625780648,2
720575940613338152,720575940622673703,2
720575940658674049,720575940610417893,2
720575940626135122,720575940618394453,2
720575940658674049,720575940618817182,2
720575940608186498,720575940613593503,2
720575940626135122,720575940622781389,2
720575940607287561,720575940610793395,2
720575940626135122,720575940623369668,2
720575940616312949,720575940608517385,2
720575940608071435,720575940608312533,2
720575940624317419,720575940645236078,2
720575940624317419,720575940646609028,2
720575940658674049,720575940632969567,2
720575940607287561,720575940636991856,2
720575940624317419,720575940652784289,2
720575940607287561,720575940637055797,2
720575940624317419,720575940639543715,2
720575940616312949,720575940608281180,2
720575940644747828,720575940619028289,2
720575940624317419,720575940636059226,2
720575940644747828,720575940619556437,2
720575940644747828,720575940620607982,2
720575940624317419,720575940636991856,2
720575940626135122,720575940620422494,2
720575940644747828,720575940622294808,2
720575940613338152,720575940624158906,2
720575940626135122,720575940621460645,2
720575940658674049,720575940627912492,2
720575940618943389,720575940642010056,2
720575940617691170,720575940619495664,2
720575940637109214,720575940639078717,2
720575940620812865,720575940624294072,2
720575940627110931,720575940619828359,2
720575940617691170,720575940649012857,2
720575940617691170,720575940648235641,2
720575940617691170,720575940647714425,2
720575940627110931,720575940617672139,2
720575940617691170,720575940614742687,2
720575940633142498,720575940619970586,2
720575940617691170,720575940631054540,2
720575940617691170,720575940631024682,2
720575940633142498,720575940614983274,2
720575940627110931,720575940617036729,2
720575940620812865,720575940622864920,2
720575940608442633,720575940643501472,2
720575940630996684,720575940617514726,2
720575940636461710,720575940619651019,2
720575940617691170,720575940639417459,2
720575940620812865,720575940605792434,2
720575940612643954,720575940612747158,2
720575940620812865,720575940607330499,2
720575940620812865,720575940608517385,2
720575940608442633,720575940646609028,2
720575940630996684,720575940617077405,2
720575940617691170,720575940630878253,2
720575940617691170,720575940619435399,2
720575940627110931,720575940616109398,2
720575940627110931,720575940615608123,2
720575940617691170,720575940646602372,2
720575940611918578,720575940605290441,2
720575940617691170,720575940614606738,2
720575940620812865,720575940621121140,2
720575940617691170,720575940611733997,2
720575940617691170,720575940629921398,2
720575940620812865,720575940627089930,2
720575940637928164,720575940633569784,2
720575940612643954,720575940652784289,2
720575940637928164,720575940630443791,2
720575940637928164,720575940634989560,2
720575940617691170,720575940617628962,2
720575940637928164,720575940628045318,2
720575940617691170,720575940631798888,2
720575940620812865,720575940642162573,2
720575940633515490,720575940613738415,2
720575940617691170,720575940615243020,2
720575940620812865,720575940638053865,2
720575940637928164,720575940642010056,2
720575940617691170,720575940631827527,2
720575940620812865,720575940636991856,2
720575940623398524,720575940618266900,2
720575940617691170,720575940660047489,2
720575940620812865,720575940630561484,2
720575940627110931,720575940631627843,2
720575940623398524,720575940609935310,2
720575940617691170,720575940612435454,2
720575940617691170,720575940622965944,2
720575940617691170,720575940620079856,2
720575940633142498,720575940635908580,2
720575940617691170,720575940617492805,2
720575940620812865,720575940631775032,2
720575940637928164,720575940620036385,2
720575940623398524,720575940616087323,2
720575940637928164,720575940620973848,2
720575940617691170,720575940617452689,2
720575940617691170,720575940630146135,2
720575940630777631,720575940612362663,2
720575940624859725,720575940626621498,2
720575940618943389,720575940622836455,2
720575940630777631,720575940613954769,2
720575940618943389,720575940630612620,2
720575940605221065,720575940618201620,2
720575940624859725,720575940627185767,2
720575940620576238,720575940621225910,2
720575940620576238,720575940621174192,2
720575940632107335,720575940617514726,2
720575940618943389,720575940630525967,2
720575940618943389,720575940630571980,2
720575940632107335,720575940617650481,2
720575940632107335,720575940618036509,2
720575940618943389,720575940622821325,2
720575940630777631,720575940615764422,2
720575940624859725,720575940629863737,2
720575940618943389,720575940630906029,2
720575940618943389,720575940630923693,2
720575940632107335,720575940622145277,2
720575940630777631,720575940624086251,2
720575940624859725,720575940630415268,2
720575940624859725,720575940628574715,2
720575940618943389,720575940630764741,2
720575940618943389,720575940630775891,2
720575940618943389,720575940623015694,2
720575940618943389,720575940630879533,2
720575940632107335,720575940620521754,2
720575940618943389,720575940630881989,2
720575940619676224,720575940625266057,2
720575940636461710,720575940629788983,2
720575940620812865,720575940615780353,2
720575940617691170,720575940609184210,2
720575940622495092,720575940628374121,2
720575940617691170,720575940614282238,2
720575940620812865,720575940612240918,2
720575940617691170,720575940640688336,2
720575940630996684,720575940624989214,2
720575940617691170,720575940630222895,2
720575940617691170,720575940630228271,2
720575940630996684,720575940624294072,2
720575940617691170,720575940625900900,2
720575940620576238,720575940619974689,2
720575940617691170,720575940622654444,2
720575940617691170,720575940622671613,2
720575940630996684,720575940639543715,2
720575940617691170,720575940630620747,2
720575940624859725,720575940622633203,2
720575940630996684,720575940636640602,2
720575940617691170,720575940622451273,2
720575940620812865,720575940618873723,2
720575940620812865,720575940618326292,2
720575940630996684,720575940629973753,2
720575940617691170,720575940630592460,2
720575940630996684,720575940630561484,2
720575940630996684,720575940633301183,2
720575940617691170,720575940630598395,2
720575940617691170,720575940644837655,2
720575940630996684,720575940631447363,2
720575940620812865,720575940619842580,2
720575940633515490,720575940616746123,2
720575940617691170,720575940624729528,2
720575940643950190,720575940629849196,2
720575940630318951,720575940625600048,2
720575940630318951,720575940625499153,2
720575940617691170,720575940628887887,2
720575940617691170,720575940618436672,2
720575940635789431,720575940637211462,2
720575940630318951,720575940624989214,2
720575940643950190,720575940627165010,2
720575940630318951,720575940624453868,2
720575940630318951,720575940627089930,2
720575940630318951,720575940629895484,2
720575940630318951,720575940629671491,2
720575940617691170,720575940636605530,2
720575940620488513,720575940630159939,2
720575940620488513,720575940629973753,2
720575940624406986,720575940643830126,2
720575940643950190,720575940632364717,2
720575940630318951,720575940627245701,2
720575940630318951,720575940623377555,2
720575940630318951,720575940615768693,2
720575940617691170,720575940615931293,2
720575940617691170,720575940634967962,2
720575940620488513,720575940626124743,2
720575940617691170,720575940634951007,2
720575940643950190,720575940620588653,2
720575940630318951,720575940613738415,2
720575940617691170,720575940634942362,2
720575940622338269,720575940630733137,2
720575940630318951,720575940618036509,2
720575940630318951,720575940620813478,2
720575940630318951,720575940621947486,2
720575940630318951,720575940621129181,2
720575940643950190,720575940622981902,2
720575940617691170,720575940618266491,2
720575940643950190,720575940622538461,2
720575940621082996,720575940620923980,2
720575940643950190,720575940637788494,2
720575940636309093,720575940645248878,2
720575940617691170,720575940621809246,2
720575940622495092,720575940605551718,2
720575940617691170,720575940621786295,2
720575940620488513,720575940659940225,2
720575940612643954,720575940624195559,2
720575940617691170,720575940611586453,2
720575940620488513,720575940644946211,2
720575940636461710,720575940612240918,2
720575940625343550,720575940632115247,2
720575940611918578,720575940604630240,2
720575940617691170,720575940629804544,2
720575940630318951,720575940630399995,2
720575940617691170,720575940629240079,2
720575940617691170,720575940629211666,2
720575940630318951,720575940635153294,2
720575940617691170,720575940621516179,2
720575940636309093,720575940616702262,2
720575940636309093,720575940619954091,2
720575940617691170,720575940628685059,2
720575940630318951,720575940631447363,2
720575940620488513,720575940631775032,2
720575940643950190,720575940646697780,2
720575940617691170,720575940629140071,2
720575940617691170,720575940621541514,2
720575940617691170,720575940629498306,2
720575940630318951,720575940644946211,2
720575940608442633,720575940630430495,2
720575940612643954,720575940631782447,2
720575940620488513,720575940639202532,2
720575940630318951,720575940659940225,2
720575940617691170,720575940637810239,2
720575940620488513,720575940638561102,2
720575940617691170,720575940608286556,2
720575940630318951,720575940637225798,2
720575940630318951,720575940643501472,2
720575940636309093,720575940621688926,2
720575940630318951,720575940641079029,2
720575940630318951,720575940638179699,2
720575940617691170,720575940618586459,2
720575940617691170,720575940627493141,2
720575940633515490,720575940636685894,2
720575940617691170,720575940607010825,2
720575940617691170,720575940623946988,2
720575940641509595,720575940612664482,2
720575940622338269,720575940617166749,2
720575940627741799,720575940626733693,2
720575940633515490,720575940633509471,2
720575940633515490,720575940633034336,2
720575940633515490,720575940632725459,2
720575940633515490,720575940639202532,2
720575940617691170,720575940620469742,2
720575940620488513,720575940610669786,2
720575940627741799,720575940636159039,2
720575940641509595,720575940624800188,2
720575940617691170,720575940623985189,2
720575940633515490,720575940639727861,2
720575940623398524,720575940639409315,2
720575940617691170,720575940623978789,2
720575940633515490,720575940642162573,2
720575940641509595,720575940620880333,2
720575940617691170,720575940620537071,2
720575940623398524,720575940625741455,2
720575940633515490,720575940624642492,2
720575940627741799,720575940617118016,2
720575940617691170,720575940623586999,2
720575940617691170,720575940627097361,2
720575940617691170,720575940632123439,2
720575940620812865,720575940645386884,2
720575940627741799,720575940611769059,2
720575940620812865,720575940645236078,2
720575940622338269,720575940615927197,2
720575940612643954,720575940628103806,2
720575940627741799,720575940623203012,2
720575940622338269,720575940614283006,2
720575940608442633,720575940621951453,2
720575940633515490,720575940626313546,2
720575940622338269,720575940612190693,2
720575940633515490,720575940625740169,2
720575940633515490,720575940625564816,2
720575940622338269,720575940620059045,2
720575940627741799,720575940638179699,2
720575940634475119,720575940625777939,2
720575940617691170,720575940628433511,2
720575940620488513,720575940623353013,2
720575940624406986,720575940618419776,2
720575940617691170,720575940634849375,2
720575940624406986,720575940616616075,2
720575940620488513,720575940621947486,2
720575940617691170,720575940624480148,2
720575940634475119,720575940618776833,2
720575940620488513,720575940624294072,2
720575940624406986,720575940621413158,2
720575940624406986,720575940622135501,2
720575940630318951,720575940611110468,2
720575940622338269,720575940630176047,2
720575940622338269,720575940630114108,2
720575940630318951,720575940609097058,2
720575940624406986,720575940621839086,2
720575940624406986,720575940621802751,2
720575940617691170,720575940634914552,2
720575940630318951,720575940608148693,2
720575940634475119,720575940628411612,2
720575940624406986,720575940614490018,2
720575940608442633,720575940636159039,2
720575940617691170,720575940627987756,2
720575940612643954,720575940628651792,2
720575940620488513,720575940615785228,2
720575940620488513,720575940615255090,2
720575940641509595,720575940634347360,2
720575940620938150,720575940628367836,2
720575940617691170,720575940624293048,2
720575940622338269,720575940625754389,2
720575940634475119,720575940614311842,2
720575940617691170,720575940618182535,2
720575940634475119,720575940605424416,2
720575940617691170,720575940620883917,2
720575940622338269,720575940624480148,2
720575940611918578,720575940603111392,2
720575940630777631,720575940625317139,2
720575940639077283,720575940630300613,2
720575940639077283,720575940631351619,2
720575940618943389,720575940625328915,2
720575940618943389,720575940625290003,2
720575940618943389,720575940625126448,2
720575940618943389,720575940634939034,2
720575940618943389,720575940634989560,2
720575940618943389,720575940625665564,2
720575940618943389,720575940613353538,2
720575940618943389,720575940636553306,2
720575940618943389,720575940625702949,2
720575940619676224,720575940630114108,2
720575940618943389,720575940619430326,2
720575940621216982,720575940607984651,2
720575940639077283,720575940634296951,2
720575940639077283,720575940636045175,2
720575940618943389,720575940619147349,2
720575940625926693,720575940612766102,2
720575940618943389,720575940636069751,2
720575940618943389,720575940625023869,2
720575940618943389,720575940618876062,2
720575940625926693,720575940631603768,2
720575940618943389,720575940624626563,2
720575940618943389,720575940618980299,2
720575940618943389,720575940618992749,2
720575940619676224,720575940615386324,2
720575940618943389,720575940624596355,2
720575940619676224,720575940628725455,2
720575940618943389,720575940618758178,2
720575940612623474,720575940608393739,2
720575940639077283,720575940610784179,2
720575940639077283,720575940618844353,2
720575940618943389,720575940619077217,2
720575940639077283,720575940619864912,2
720575940639077283,720575940618299712,2
720575940618943389,720575940634640014,2
720575940625926693,720575940632357984,2
720575940618943389,720575940626253318,2
720575940618943389,720575940626305028,2
720575940618943389,720575940626251778,2
720575940618943389,720575940638975285,2
720575940619676224,720575940631647043,2
720575940619676224,720575940632584787,2
720575940618943389,720575940619808756,2
720575940619676224,720575940632736045,2
720575940625926693,720575940615714060,2
720575940618943389,720575940614132667,2
720575940618943389,720575940614148283,2
720575940618943389,720575940640276955,2
720575940618943389,720575940619693003,2
720575940618943389,720575940614027059,2
720575940618943389,720575940626362696,2
720575940614677810,720575940632532255,2
720575940619676224,720575940618371777,2
720575940619676224,720575940630573260,2
720575940625926693,720575940636640602,2
720575940618943389,720575940637526750,2
720575940618943389,720575940637580659,2
720575940618943389,720575940637657189,2
720575940618943389,720575940636920542,2
720575940625926693,720575940613593503,2
720575940625926693,720575940636430437,2
720575940618943389,720575940625864964,2
720575940618943389,720575940637320381,2
720575940618943389,720575940619435399,2
720575940612623474,720575940626316802,2
720575940618943389,720575940604766153,2
720575940618943389,720575940626044924,2
720575940618943389,720575940604934572,2
720575940618943389,720575940626212625,2
720575940618943389,720575940637704765,2
720575940621216982,720575940623438571,2
720575940618943389,720575940619652555,2
720575940618943389,720575940637907428,2
720575940618943389,720575940618548975,2
720575940625926693,720575940627741562,2
720575940618943389,720575940611987240,2
720575940624859725,720575940643504288,2
720575940632107335,720575940630722757,2
720575940630777631,720575940648246649,2
720575940619676224,720575940626220830,2
720575940630777631,720575940659577217,2
720575940618943389,720575940607971908,2
720575940620576238,720575940627851008,2
720575940618943389,720575940631875097,2
720575940632107335,720575940633509471,2
720575940625926693,720575940628152838,2
720575940632107335,720575940635499888,2
720575940632107335,720575940636685894,2
720575940632107335,720575940636991856,2
720575940632107335,720575940637316029,2
720575940632107335,720575940633301183,2
720575940618943389,720575940607993668,2
720575940632107335,720575940631351619,2
720575940632107335,720575940631399978,2
720575940619676224,720575940626513027,2
720575940632107335,720575940628590595,2
720575940618943389,720575940631975379,2
720575940618943389,720575940631017932,2
720575940632107335,720575940624195559,2
720575940632107335,720575940623914679,2
720575940630777631,720575940628610811,2
720575940624859725,720575940631875097,2
720575940620576238,720575940625500304,2
720575940630777631,720575940627210373,2
720575940630777631,720575940626896643,2
720575940632107335,720575940622864920,2
720575940630777631,720575940626803279,2
720575940632107335,720575940623351443,2
720575940630777631,720575940627097733,2
720575940630777631,720575940627147578,2
720575940620576238,720575940625969640,2
720575940630777631,720575940632371040,2
720575940630777631,720575940632528671,2
720575940618943389,720575940617605154,2
720575940619676224,720575940626075079,2
720575940630777631,720575940636114239,2
720575940618943389,720575940631408199,2
720575940630777631,720575940636665262,2
720575940632107335,720575940628404188,2
720575940632107335,720575940627089930,2
720575940632107335,720575940626002494,2
720575940632107335,720575940626313546,2
720575940632107335,720575940626363791,2
720575940630777631,720575940631143383,2
720575940630777631,720575940631351619,2
720575940619676224,720575940625942458,2
720575940618943389,720575940623166471,2
720575940632107335,720575940626834762,2
720575940618943389,720575940631967575,2
720575940618943389,720575940618226245,2
720575940620576238,720575940646646148,2
720575940618943389,720575940618210251,2
720575940618943389,720575940624112058,2
720575940618943389,720575940633215339,2
720575940618943389,720575940612435454,2
720575940618943389,720575940633312482,2
720575940618943389,720575940618337300,2
720575940618943389,720575940623973961,2
720575940618943389,720575940623991333,2
720575940618943389,720575940624014077,2
720575940619676224,720575940627452689,2
720575940619676224,720575940628188732,2
720575940638940469,720575940631387463,2
720575940618943389,720575940633551028,2
720575940618943389,720575940633551540,2
720575940618943389,720575940632929178,2
720575940632107335,720575940639157968,2
720575940618943389,720575940617924432,2
720575940620576238,720575940631575599,2
720575940632107335,720575940645858948,2
720575940632107335,720575940639158480,2
720575940618943389,720575940612339810,2
720575940619676224,720575940614224490,2
720575940618943389,720575940632804543,2
720575940633541857,720575940624563075,2
720575940625926693,720575940629166592,2
720575940619676224,720575940627081994,2
720575940620576238,720575940634664674,2
720575940618943389,720575940623943572,2
720575940619676224,720575940614486690,2
720575940620576238,720575940634969701,2
720575940642733216,720575940628259914,2
720575940632344290,720575940620649084,2
720575940635779959,720575940659316609,2
720575940631758393,720575940623888461,2
720575940631758393,720575940622976973,2
720575940623082665,720575940637277117,2
720575940631758393,720575940622890509,2
720575940623082665,720575940637184078,2
720575940631758393,720575940622886925,2
720575940610430254,720575940616911262,2
720575940623082665,720575940639688611,2
720575940631758393,720575940623400445,2
720575940631758393,720575940623165737,2
720575940623082665,720575940638619358,2
720575940631758393,720575940623244180,2
720575940631758393,720575940623171847,2
720575940631758393,720575940622844003,2
720575940623082665,720575940634977893,2
720575940623082665,720575940634969701,2
720575940623082665,720575940634939034,2
720575940631758393,720575940621973018,2
720575940631758393,720575940621919428,2
720575940623082665,720575940636677190,2
720575940631758393,720575940622732493,2
720575940631758393,720575940622820586,2
720575940631758393,720575940622812808,2
720575940623082665,720575940636447630,2
720575940631758393,720575940622263510,2
720575940623082665,720575940636136567,2
720575940631758393,720575940622294808,2
720575940631758393,720575940623756215,2
720575940620341931,720575940614008785,2
720575940623082665,720575940652784289,2
720575940623082665,720575940652311030,2
720575940630166267,720575940639986048,2
720575940620341931,720575940611579541,2
720575940623082665,720575940648235641,2
720575940631758393,720575940624660313,2
720575940623082665,720575940660047489,2
720575940631758393,720575940624851864,2
720575940631758393,720575940625331006,2
720575940610430254,720575940618841910,2
720575940631758393,720575940625261834,2
720575940620341931,720575940614981087,2
720575940631758393,720575940624642492,2
720575940631758393,720575940624629948,2
720575940631758393,720575940624375088,2
720575940631758393,720575940624157675,2
720575940631758393,720575940624086251,2
720575940631758393,720575940623971819,2
720575940623082665,720575940642010056,2
720575940631758393,720575940623946988,2
720575940630166267,720575940628651792,2
720575940631758393,720575940624597788,2
720575940631758393,720575940624597228,2
720575940623082665,720575940646308148,2
720575940631758393,720575940624537836,2
720575940631758393,720575940624453868,2
720575940631758393,720575940624516339,2
720575940631758393,720575940624494373,2
720575940631758393,720575940624480148,2
720575940631758393,720575940624465900,2
720575940631758393,720575940621913897,2
720575940631758393,720575940621897249,2
720575940631758393,720575940621892829,2
720575940631758393,720575940621888169,2
720575940623082665,720575940631399978,2
720575940631758393,720575940619794512,2
720575940631758393,720575940619723088,2
720575940630076887,720575940617293201,2
720575940623082665,720575940630923693,2
720575940623082665,720575940630879533,2
720575940631758393,720575940619673936,2
720575940630076887,720575940613797295,2
720575940631758393,720575940619651019,2
720575940630076887,720575940612178418,2
720575940630076887,720575940619769008,2
720575940619917248,720575940632371737,2
720575940623082665,720575940631694137,2
720575940623082665,720575940631835673,2
720575940623082665,720575940631775032,2
720575940630076887,720575940621322534,2
720575940631758393,720575940619896581,2
720575940631758393,720575940620007457,2
720575940631758393,720575940619970586,2
720575940623082665,720575940631447363,2
720575940619917248,720575940630411535,2
720575940623082665,720575940629504554,2
720575940619917248,720575940628800762,2
720575940622944403,720575940632528671,2
720575940622944403,720575940631502509,2
720575940631758393,720575940618422592,2
720575940619917248,720575940627230986,2
720575940619917248,720575940627097733,2
720575940610430254,720575940627112723,2
720575940631758393,720575940619358257,2
720575940622944403,720575940654647457,2
720575940631758393,720575940619305808,2
720575940630076887,720575940608015627,2
720575940623082665,720575940630180935,2
720575940623082665,720575940630067816,2
720575940630076887,720575940605550950,2
720575940631758393,720575940619115845,2
720575940631758393,720575940619026241,2
720575940631758393,720575940620272832,2
720575940631758393,720575940620273023,2
720575940619917248,720575940654647457,2
720575940623082665,720575940633569784,2
720575940631758393,720575940621413926,2
720575940631758393,720575940621290017,2
720575940623082665,720575940633516980,2
720575940630076887,720575940630218552,2
720575940631758393,720575940621146294,2
720575940631758393,720575940621121206,2
720575940623082665,720575940633103059,2
720575940631758393,720575940621581802,2
720575940631758393,720575940621071203,2
720575940631758393,720575940621810871,2
720575940623082665,720575940634146808,2
720575940631758393,720575940621648008,2
720575940631758393,720575940621791356,2
720575940630076887,720575940634342007,2
720575940631758393,720575940621762330,2
720575940630076887,720575940631686308,2
720575940631758393,720575940620607982,2
720575940630076887,720575940625372293,2
720575940630076887,720575940625343546,2
720575940619917248,720575940636519598,2
720575940631758393,720575940620500417,2
720575940630076887,720575940624597788,2
720575940631758393,720575940620442817,2
720575940623082665,720575940632229788,2
720575940631758393,720575940620410606,2
720575940631758393,720575940620355009,2
720575940630076887,720575940623679495,2
720575940623082665,720575940632465945,2
720575940631758393,720575940620923980,2
720575940631758393,720575940621044701,2
720575940631758393,720575940621023297,2
720575940619917248,720575940642022088,2
720575940631758393,720575940620862273,2
720575940617903643,720575940639684515,2
720575940630076887,720575940626649433,2
720575940623082665,720575940632652077,2
720575940626878460,720575940618876062,2
720575940623082665,720575940605036418,2
720575940631758393,720575940630679895,2
720575940623082665,720575940604489649,2
720575940630868271,720575940630592460,2
720575940623082665,720575940604483040,2
720575940618910075,720575940636045175,2
720575940631758393,720575940631048267,2
720575940631758393,720575940631143383,2
720575940631758393,720575940631089935,2
720575940631758393,720575940630411535,2
720575940623082665,720575940603174368,2
720575940631758393,720575940629855340,2
720575940630868271,720575940623521806,2
720575940630868271,720575940623136499,2
720575940630868271,720575940621948810,2
720575940631758393,720575940629782091,2
720575940631758393,720575940629693239,2
720575940631758393,720575940629671491,2
720575940631758393,720575940629633150,2
720575940631758393,720575940629541187,2
720575940630868271,720575940625054589,2
720575940631758393,720575940630360377,2
720575940631758393,720575940630078348,2
720575940631758393,720575940630351903,2
720575940630868271,720575940626676120,2
720575940630868271,720575940626510211,2
720575940631758393,720575940630139599,2
720575940631758393,720575940629942844,2
720575940631758393,720575940630039547,2
720575940631758393,720575940630038156,2
720575940631758393,720575940629973753,2
720575940623082665,720575940608447241,2
720575940631758393,720575940632736045,2
720575940631758393,720575940632735021,2
720575940631758393,720575940632532255,2
720575940631758393,720575940632510048,2
720575940631758393,720575940632434340,2
720575940623082665,720575940608191836,2
720575940631758393,720575940632927405,2
720575940631758393,720575940633911959,2
720575940624661031,720575940615651014,2
720575940631758393,720575940633300927,2
720575940631758393,720575940633224555,2
720575940631758393,720575940632963245,2
720575940623082665,720575940609184210,2
720575940631758393,720575940632173103,2
720575940631758393,720575940631453763,2
720575940623082665,720575940607054770,2
720575940631758393,720575940631625272,2
720575940631758393,720575940631432403,2
720575940631758393,720575940631399978,2
720575940631758393,720575940631351619,2
720575940631758393,720575940631694137,2
720575940631758393,720575940631731620,2
720575940631758393,720575940631879193,2
720575940631758393,720575940632144813,2
720575940631758393,720575940632135249,2
720575940624661031,720575940609371086,2
720575940631758393,720575940631868999,2
720575940631758393,720575940631827527,2
720575940623082665,720575940607352003,2
720575940630868271,720575940620955149,2
720575940630868271,720575940620572125,2
720575940631758393,720575940626535434,2
720575940631758393,720575940626321482,2
720575940620341931,720575940622999944,2
720575940631758393,720575940626313546,2
720575940631758393,720575940626700889,2
720575940631758393,720575940626702232,2
720575940631758393,720575940626733693,2
720575940631758393,720575940626991771,2
720575940631758393,720575940627155589,2
720575940631758393,720575940627081994,2
720575940631758393,720575940627045636,2
720575940631758393,720575940626864414,2
720575940631758393,720575940626855171,2
720575940631758393,720575940625663674,2
720575940620341931,720575940621553535,2
720575940630536441,720575940607792139,2
720575940631758393,720575940625753621,2
720575940631758393,720575940625781541,2
720575940631758393,720575940625561374,2
720575940631758393,720575940625507888,2
720575940631758393,720575940626124743,2
720575940631758393,720575940625834900,2
720575940631758393,720575940625994728,2
720575940631758393,720575940625901002,2
720575940631758393,720575940628697982,2
720575940620341931,720575940639684515,2
720575940630868271,720575940605541920,2
720575940620341931,720575940633300927,2
720575940631758393,720575940628353244,2
720575940631758393,720575940628321539,2
720575940631758393,720575940628312049,2
720575940631758393,720575940628800762,2
720575940631758393,720575940629260406,2
720575940630868271,720575940620210857,2
720575940631758393,720575940629328591,2
720575940631758393,720575940629166592,2
720575940620341931,720575940646263331,2
720575940631758393,720575940627230986,2
720575940631758393,720575940627687940,2
720575940631758393,720575940627595848,2
720575940631758393,720575940627483413,2
720575940631758393,720575940627295802,2
720575940631758393,720575940627709948,2
720575940631758393,720575940628190780,2
720575940620341931,720575940630078348,2
720575940631758393,720575940627920071,2
720575940630536441,720575940636422372,2
720575940619917248,720575940626002494,2
720575940628836412,720575940617807517,2
720575940623082665,720575940616044850,2
720575940619301185,720575940641360091,2
720575940623082665,720575940615894173,2
720575940623082665,720575940615671494,2
720575940619301185,720575940637508698,2
720575940631758393,720575940659316609,2
720575940623082665,720575940617605154,2
720575940628836412,720575940615838662,2
720575940628836412,720575940614544034,2
720575940628836412,720575940613383633,2
720575940604861356,720575940605000550,2
720575940623082665,720575940617077405,2
720575940620423533,720575940623023544,2
720575940623082665,720575940615255090,2
720575940631758393,720575940654491553,2
720575940631758393,720575940647153796,2
720575940624661031,720575940643769544,2
720575940631758393,720575940646598788,2
720575940631758393,720575940646034740,2
720575940631758393,720575940648205945,2
720575940619301185,720575940631019468,2
720575940624661031,720575940634664674,2
720575940631758393,720575940644805143,2
720575940624661031,720575940644413732,2
720575940631758393,720575940652875169,2
720575940631758393,720575940652837793,2
720575940631758393,720575940652703393,2
720575940619301185,720575940633509471,2
720575940617903643,720575940617293268,2
720575940631758393,720575940649650041,2
720575940624661031,720575940649022841,2
720575940623082665,720575940614862230,2
720575940628836412,720575940617756450,2
720575940623082665,720575940617771521,2
720575940631758393,720575940618190238,2
720575940628836412,720575940618627207,2
720575940620423533,720575940634347360,2
720575940623082665,720575940620931750,2
720575940623082665,720575940620521754,2
720575940636659886,720575940623351443,2
720575940623082665,720575940620418774,2
720575940620423533,720575940630425119,2
720575940628836412,720575940644136983,2
720575940631758393,720575940604008672,2
720575940623082665,720575940621507475,2
720575940631758393,720575940605565886,2
720575940631758393,720575940605552742,2
720575940631758393,720575940605290441,2
720575940631758393,720575940605029250,2
720575940631758393,720575940604884396,2
720575940631758393,720575940604489649,2
720575940620423533,720575940636553390,2
720575940619506993,720575940629541187,2
720575940623082665,720575940618506155,2
720575940623082665,720575940618497216,2
720575940620423533,720575940626343665,2
720575940620423533,720575940626305679,2
720575940623082665,720575940618292939,2
720575940623082665,720575940618547280,2
720575940610430254,720575940621892829,2
720575940623082665,720575940617982800,2
720575940628836412,720575940625537822,2
720575940623082665,720575940618586459,2
720575940623082665,720575940619897734,2
720575940623082665,720575940619444139,2
720575940620423533,720575940628885591,2
720575940623082665,720575940619842580,2
720575940623082665,720575940619781620,2
720575940623082665,720575940619682625,2
720575940619506993,720575940625781541,2
720575940623082665,720575940619587009,2
720575940620423533,720575940611664281,2
720575940631758393,720575940636769343,2
720575940617903643,720575940608015627,2
720575940624661031,720575940621762330,2
720575940623082665,720575940611204323,2
720575940631758393,720575940636560730,2
720575940631758393,720575940636551086,2
720575940624661031,720575940621541514,2
720575940631758393,720575940636364133,2
720575940631758393,720575940636356836,2
720575940631758393,720575940636135543,2
720575940631758393,720575940637055797,2
720575940623082665,720575940611586453,2
720575940631758393,720575940637584755,2
720575940620423533,720575940611987240,2
720575940631222841,720575940639684515,2
720575940631758393,720575940637164260,2
720575940631758393,720575940637404750,2
720575940631758393,720575940637372894,2
720575940623082665,720575940611704813,2
720575940623082665,720575940611686629,2
720575940631758393,720575940637190990,2
720575940631758393,720575940637169998,2
720575940631758393,720575940636114239,2
720575940631758393,720575940636059226,2
720575940623082665,720575940609941653,2
720575940623082665,720575940610140378,2
720575940624661031,720575940619077217,2
720575940623082665,720575940610101210,2
720575940631758393,720575940634800759,2
720575940620423533,720575940609999217,2
720575940631758393,720575940634296951,2
720575940624661031,720575940618341952,2
720575940631758393,720575940634235744,2
720575940623082665,720575940609921230,2
720575940624661031,720575940617750173,2
720575940631758393,720575940634975851,2
720575940631758393,720575940635883748,2
720575940631758393,720575940635465908,2
720575940631758393,720575940635803876,2
720575940631758393,720575940635800431,2
720575940624661031,720575940620333958,2
720575940623082665,720575940610823010,2
720575940624661031,720575940619937718,2
720575940619301185,720575940614869387,2
720575940631758393,720575940635213998,2
720575940631758393,720575940635153294,2
720575940631222841,720575940625663674,2
720575940617903643,720575940610658674,2
720575940620423533,720575940617071321,2
720575940631758393,720575940640566736,2
720575940623082665,720575940613272799,2
720575940623082665,720575940613017059,2
720575940624661031,720575940629507706,2
720575940631758393,720575940639588723,2
720575940631758393,720575940643547296,2
720575940631758393,720575940641936584,2
720575940624661031,720575940630949187,2
720575940623082665,720575940613727399,2
720575940619301185,720575940623756215,2
720575940610430254,720575940624830503,2
720575940631758393,720575940638179699,2
720575940631758393,720575940638925877,2
720575940624661031,720575940625328915,2
720575940631758393,720575940638472006,2
720575940623082665,720575940612572670,2
720575940631758393,720575940637999950,2
720575940619301185,720575940621175472,2
720575940624661031,720575940624107755,2
720575940624661031,720575940623973961,2
720575940623082665,720575940612664482,2
720575940620423533,720575940614803286,2
720575940624661031,720575940626792778,2
720575940623082665,720575940612728466,2
720575940624661031,720575940626305028,2
720575940631758393,720575940639286606,2
720575940631758393,720575940639278325,2
720575940631758393,720575940639258613,2
720575940624661031,720575940625720341,2
720575940631758393,720575940639157968,2
720575940631758393,720575940639116888,2
720575940631758393,720575940639069493,2
720575940631758393,720575940605606274,2
720575940631758393,720575940605664446,2
720575940631758393,720575940615252786,2
720575940631758393,720575940615219778,2
720575940619917248,720575940612796786,2
720575940629564286,720575940619994759,2
720575940631758393,720575940614983274,2
720575940631758393,720575940614890902,2
720575940606909826,720575940621073840,2
720575940631758393,720575940614768278,2
720575940629564286,720575940615608123,2
720575940629564286,720575940626941446,2
720575940631758393,720575940615876294,2
720575940619917248,720575940616306210,2
720575940631758393,720575940615783837,2
720575940619917248,720575940615764422,2
720575940619917248,720575940614822506,2
720575940619917248,720575940614313996,2
720575940629564286,720575940623314765,2
720575940631758393,720575940614551954,2
720575940631758393,720575940613773566,2
720575940623082665,720575940625261834,2
720575940631758393,720575940613824012,2
720575940631758393,720575940613738415,2
720575940631758393,720575940613735948,2
720575940631758393,720575940613690031,2
720575940623082665,720575940624663427,2
720575940623082665,720575940624642492,2
720575940623082665,720575940625264659,2
720575940631758393,720575940614490018,2
720575940631758393,720575940614306814,2
720575940631758393,720575940614327202,2
720575940631758393,720575940614282238,2
720575940631758393,720575940614229758,2
720575940631758393,720575940614229159,2
720575940623082665,720575940625343640,2
720575940631758393,720575940614199914,2
720575940631758393,720575940615907997,2
720575940623082665,720575940626825853,2
720575940631758393,720575940617438865,2
720575940631758393,720575940617436305,2
720575940623082665,720575940628152838,2
720575940631758393,720575940617395412,2
720575940631758393,720575940617370909,2
720575940623082665,720575940628060983,2
720575940631758393,720575940617249629,2
720575940619917248,720575940622670835,2
720575940623082665,720575940627924935,2
720575940631758393,720575940617079257,2
720575940623082665,720575940628269628,2
720575940631758393,720575940618184839,2
720575940631758393,720575940618183559,2
720575940623082665,720575940628826873,2
720575940631758393,720575940617940304,2
720575940622944403,720575940626855171,2
720575940631758393,720575940617650481,2
720575940623082665,720575940628514156,2
720575940622944403,720575940623351443,2
720575940623082665,720575940628404188,2
720575940610430254,720575940626991771,2
720575940631758393,720575940615975227,2
720575940629564286,720575940634490735,2
720575940629564286,720575940639684515,2
720575940629564286,720575940636246446,2
720575940622944403,720575940612362663,2
720575940619917248,720575940618299712,2
720575940631758393,720575940616222438,2
720575940623082665,720575940627003547,2
720575940629564286,720575940632357284,2
720575940623082665,720575940626930947,2
720575940619917248,720575940618844353,2
720575940623082665,720575940627849463,2
720575940619917248,720575940621460645,2
720575940631758393,720575940616913822,2
720575940623082665,720575940627700484,2
720575940629564286,720575940657869953,2
720575940631758393,720575940616569227,2
720575940620497217,720575940630420985,2
720575940623082665,720575940621802751,2
720575940623082665,720575940623023544,2
720575940628996455,720575940612767126,2
720575940623082665,720575940622965944,2
720575940631758393,720575940607280306,2
720575940628996455,720575940607054770,2
720575940628996455,720575940606698697,2
720575940620497217,720575940606680706,2
720575940631758393,720575940607984651,2
720575940628996455,720575940619077217,2
720575940631758393,720575940608517385,2
720575940628996455,720575940616860318,2
720575940628996455,720575940615832577,2
720575940623082665,720575940622836455,2
720575940631758393,720575940606667977,2
720575940631758393,720575940606621362,2
720575940623082665,720575940622003316,2
720575940631758393,720575940605792434,2
720575940623082665,720575940621839086,2
720575940631758393,720575940606783362,2
720575940623082665,720575940622727572,2
720575940628996455,720575940620333958,2
720575940631758393,720575940609097058,2
720575940631758393,720575940611733997,2
720575940631758393,720575940612019570,2
720575940631758393,720575940612008818,2
720575940631758393,720575940611855729,2
720575940631758393,720575940611837809,2
720575940631758393,720575940611769059,2
720575940628996455,720575940634664674,2
720575940628996455,720575940634514533,2
720575940628996455,720575940634351200,2
720575940631758393,720575940611343218,2
720575940631758393,720575940612151538,2
720575940631758393,720575940611129571,2
720575940631758393,720575940612770418,2
720575940620497217,720575940628312049,2
720575940631758393,720575940612754582,2
720575940631758393,720575940612668834,2
720575940631758393,720575940612490723,2
720575940623082665,720575940624014077,2
720575940628996455,720575940622003316,2
720575940617903643,720575940628002348,2
720575940631758393,720575940609149394,2
720575940631758393,720575940609143672,2
720575940628996455,720575940621606755,2
720575940649675897,720575940619597761,2
720575940620497217,720575940619375701,2
720575940623082665,720575940623776437,2
720575940631758393,720575940611111829,2
720575940628996455,720575940627585028,2
720575940628996455,720575940629319106,2
720575940628996455,720575940628514156,2
720575940628996455,720575940628045318,2
720575940628996455,720575940627626244,2
720575940631758393,720575940610773714,2
720575940631758393,720575940610773171,2
720575940628996455,720575940627085578,2
720575940649675897,720575940637540952,2
720575940617691170,720575940639100760,2
720575940648330105,720575940631694137,2
720575940625931266,720575940627573659,2
720575940608071435,720575940626397565,2
720575940613338152,720575940616208965,2
720575940648330105,720575940631782447,2
720575940648330105,720575940631351619,2
720575940624317419,720575940609651554,2
720575940624317419,720575940609143672,2
720575940624317419,720575940609066030,2
720575940648330105,720575940630139599,2
720575940616312949,720575940623554748,2
720575940605280201,720575940629277687,2
720575940620922790,720575940620223398,2
720575940630446329,720575940629036997,2
720575940630446329,720575940629260406,2
720575940642603464,720575940621146956,2
720575940621861637,720575940629211666,2
720575940625931266,720575940630159939,2
720575940624317419,720575940611769059,2
720575940616312949,720575940623756215,2
720575940616312949,720575940624195559,2
720575940620922790,720575940620126076,2
720575940625931266,720575940629388239,2
720575940616312949,720575940623914679,2
720575940648330105,720575940635883748,2
720575940625931266,720575940626124743,2
720575940616312949,720575940623203012,2
720575940619676224,720575940636143679,2
720575940618943389,720575940646308148,2
720575940627194501,720575940615569723,2
720575940618943389,720575940648235641,2
720575940627194501,720575940616440098,2
720575940618943389,720575940648995705,2
720575940627194501,720575940617452689,2
720575940618943389,720575940649022841,2
720575940618943389,720575940627021128,2
720575940621900321,720575940626896643,2
720575940627194501,720575940611579541,2
720575940627194501,720575940610945558,2
720575940612755618,720575940633123609,2
720575940624317419,720575940608655918,2
720575940607287561,720575940620020769,2
720575940625931266,720575940625506704,2
720575940621900321,720575940620577652,2
720575940619676224,720575940634937951,2
720575940621900321,720575940622428087,2
720575940627644584,720575940627194426,2
720575940630446329,720575940628071409,2
720575940646582836,720575940631024911,2
720575940621861637,720575940625692816,2
720575940646582836,720575940630598395,2
720575940630446329,720575940618671495,2
720575940630446329,720575940618691742,2
720575940630446329,720575940616955229,2
720575940634655851,720575940628887887,2
720575940630446329,720575940618844353,2
720575940646582836,720575940633188459,2
720575940646582836,720575940633212779,2
720575940630446329,720575940619115845,2
720575940637672425,720575940627085578,2
720575940637672425,720575940627585028,2
720575940637672425,720575940622836455,2
720575940630446329,720575940628002822,2
720575940630446329,720575940612362663,2
720575940630446329,720575940612372650,2
720575940634655851,720575940623438571,2
720575940637672425,720575940622412838,2
720575940634655851,720575940625155877,2
720575940630446329,720575940615289759,2
720575940637672425,720575940621925417,2
720575940634655851,720575940626535434,2
720575940637672425,720575940627626244,2
720575940614629799,720575940618662939,2
720575940607511900,720575940635883748,2
720575940621861637,720575940626305028,2
720575940627644584,720575940623203767,2
720575940614629799,720575940619684688,2
720575940630446329,720575940622428087,2
720575940627644584,720575940624770574,2
720575940627644584,720575940625155877,2
720575940621861637,720575940628365783,2
720575940630446329,720575940626855171,2
720575940607511900,720575940605029250,2
720575940630446329,720575940627210373,2
720575940637672425,720575940633103059,2
720575940637672425,720575940632366623,2
720575940630446329,720575940620126076,2
720575940637672425,720575940629507706,2
720575940627644584,720575940622538461,2
720575940637672425,720575940630331244,2
720575940630446329,720575940621538431,2
720575940614629799,720575940617478427,2
720575940622100774,720575940618547280,2
720575940618943389,720575940621090659,2
720575940618943389,720575940615456985,2
720575940618943389,720575940606331996,2
720575940619676224,720575940640646864,2
720575940619676224,720575940639846488,2
720575940618943389,720575940620831949,2
720575940619676224,720575940638964131,2
720575940618943389,720575940620955149,2
720575940618943389,720575940620956173,2
720575940622100774,720575940613353538,2
720575940618943389,720575940615344315,2
720575940618943389,720575940621189637,2
720575940618943389,720575940610505621,2
720575940618943389,720575940627849463,2
720575940631844492,720575940623351443,2
720575940631844492,720575940626803279,2
720575940631844492,720575940628312049,2
720575940631844492,720575940621538431,2
720575940618943389,720575940615481489,2
720575940614677810,720575940629498306,2
720575940631844492,720575940604319078,2
720575940619676224,720575940606968450,2
720575940619676224,720575940641536397,2
720575940631844492,720575940614313996,2
720575940627390507,720575940623009549,2
720575940631844492,720575940618131505,2
720575940631844492,720575940618306112,2
720575940618943389,720575940621225910,2
720575940619676224,720575940621462797,2
720575940619676224,720575940621529980,2
720575940618943389,720575940615125307,2
720575940619676224,720575940605488416,2
720575940618943389,720575940652822945,2
720575940621900321,720575940632371737,2
720575940618943389,720575940605362610,2
720575940627194501,720575940625292606,2
720575940627194501,720575940625678613,2
720575940619676224,720575940637164260,2
720575940618943389,720575940659536257,2
720575940621900321,720575940631143383,2
720575940621900321,720575940628002822,2
720575940621900321,720575940628312049,2
720575940627194501,720575940622891277,2
720575940621900321,720575940630067255,2
720575940618943389,720575940652311030,2
720575940618943389,720575940659765121,2
720575940621900321,720575940637148486,2
720575940618943389,720575940620700769,2
720575940619676224,720575940637949161,2
720575940627194501,720575940636898281,2
720575940625926693,720575940618992749,2
720575940627194501,720575940640646864,2
720575940619676224,720575940620754529,2
720575940619676224,720575940637849151,2
720575940618943389,720575940627185767,2
720575940627194501,720575940629949751,2
720575940619676224,720575940620424641,2
720575940618943389,720575940620572125,2
720575940627194501,720575940630432932,2
720575940618943389,720575940610210034,2
720575940639358579,720575940637315418,2
720575940638163940,720575940644747572,2
720575940644146724,720575940633103059,2
720575940638163940,720575940659536257,2
720575940607511900,720575940630159939,2
720575940644146724,720575940634514533,2
720575940632344290,720575940604483040,2
720575940644146724,720575940634977893,2
720575940616682838,720575940627573659,2
720575940616682838,720575940627700484,2
720575940644146724,720575940632437331,2
720575940637390302,720575940622163197,2
720575940605113376,720575940632364717,2
720575940644146724,720575940628514156,2
720575940607511900,720575940620230497,2
720575940644146724,720575940630537676,2
720575940644146724,720575940630775891,2
720575940638163940,720575940639688611,2
720575940605113376,720575940630679895,2
720575940617242841,720575940628408055,2
720575940629579836,720575940628574715,2
720575940612857878,720575940631777567,2
720575940607511900,720575940624642492,2
720575940632344290,720575940625507888,2
720575940612857878,720575940616910310,2
720575940616682838,720575940630159939,2
720575940612857878,720575940615714060,2
720575940616682838,720575940628138246,2
720575940607511900,720575940609097058,2
720575940616682838,720575940628999579,2
720575940607511900,720575940620418774,2
720575940616682838,720575940629270060,2
720575940637390302,720575940634661806,2
720575940607511900,720575940616616075,2
720575940607511900,720575940630561484,2
720575940616682838,720575940630139599,2
720575940607511900,720575940623971819,2
720575940616682838,720575940624294072,2
720575940607511900,720575940628651792,2
720575940644146724,720575940622003316,2
720575940644146724,720575940622784611,2
720575940653360289,720575940621606755,2
720575940619402576,720575940654810785,2
720575940616682838,720575940624629948,2
720575940616682838,720575940624676414,2
720575940629579836,720575940617982800,2
720575940638163940,720575940628533356,2
720575940644146724,720575940627585028,2
720575940619402576,720575940638228643,2
720575940605113376,720575940608662485,2
720575940616682838,720575940622768397,2
720575940616682838,720575940622864920,2
720575940644146724,720575940619937718,2
720575940622701808,720575940620333958,2
720575940616682838,720575940623244180,2
720575940629579836,720575940617071321,2
720575940612857878,720575940627493141,2
720575940644146724,720575940620700769,2
720575940616682838,720575940623756215,2
720575940605113376,720575940632357984,2
720575940629579836,720575940621700190,2
720575940638163940,720575940634012015,2
720575940617242841,720575940606892674,2
720575940644146724,720575940627085578,2
720575940612857878,720575940629294636,2
720575940607511900,720575940629270060,2
720575940617242841,720575940612490723,2
720575940644146724,720575940625642340,2
720575940616682838,720575940624989214,2
720575940622701808,720575940625720341,2
720575940607511900,720575940628999579,2
720575940644146724,720575940625328915,2
720575940632344290,720575940627147578,2
720575940646288419,720575940634146808,2
720575940639358579,720575940625328915,2
720575940646288419,720575940631237433,2
720575940646288419,720575940636045175,2
720575940646288419,720575940636159039,2
720575940646288419,720575940636560730,2
720575940614629799,720575940612767126,2
720575940639358579,720575940625864964,2
720575940612857878,720575940620232363,2
720575940639358579,720575940624107755,2
720575940646288419,720575940641079029,2
720575940646288419,720575940627147578,2
720575940639358579,720575940622861971,2
720575940646288419,720575940628590595,2
720575940607511900,720575940626124743,2
720575940646288419,720575940629347791,2
720575940612857878,720575940639258613,2
720575940646288419,720575940630430495,2
720575940634655851,720575940603111392,2
720575940639358579,720575940606902741,2
720575940630446329,720575940604319078,2
720575940607511900,720575940635153294,2
720575940634655851,720575940621477402,2
720575940634655851,720575940621504269,2
720575940639358579,720575940633215339,2
720575940634655851,720575940618849841,2
720575940637672425,720575940615832577,2
720575940630446329,720575940610773171,2
720575940634655851,720575940622837482,2
720575940630446329,720575940603773798,2
720575940621861637,720575940621762330,2
720575940607511900,720575940622135501,2
720575940646288419,720575940659940225,2
720575940639358579,720575940626676120,2
720575940621861637,720575940620700769,2
720575940639358579,720575940627741562,2
720575940639358579,720575940627849463,2
720575940634655851,720575940615714060,2
720575940634655851,720575940616569227,2
720575940621861637,720575940618226245,2
720575940621861637,720575940617926198,2
720575940646288419,720575940612846962,2
720575940616682838,720575940636640602,2
720575940646288419,720575940613041123,2
720575940646288419,720575940613119459,2
720575940621861637,720575940610505621,2
720575940646288419,720575940614229159,2
720575940607511900,720575940613213151,2
720575940607511900,720575940603174368,2
720575940646288419,720575940615798540,2
720575940646288419,720575940611098517,2
720575940646288419,720575940616955229,2
720575940607511900,720575940625667365,2
720575940607511900,720575940633301183,2
720575940607511900,720575940624989214,2
720575940621861637,720575940606698697,2
720575940616682838,720575940632558675,2
720575940639358579,720575940608532675,2
720575940632344290,720575940629788983,2
720575940639358579,720575940610823010,2
720575940607511900,720575940620520513,2
720575940629579836,720575940631759161,2
720575940621861637,720575940610140378,2
720575940621861637,720575940608806776,2
720575940632344290,720575940639686232,2
720575940632344290,720575940643404744,2
720575940616682838,720575940635807087,2
720575940646288419,720575940617857053,2
720575940646288419,720575940617876048,2
720575940612857878,720575940637339738,2
720575940646288419,720575940623014328,2
720575940616682838,720575940649691513,2
720575940646288419,720575940623986469,2
720575940621861637,720575940616672822,2
720575940646288419,720575940625261834,2
720575940646288419,720575940625561374,2
720575940607511900,720575940633034336,2
720575940621861637,720575940617750173,2
720575940646288419,720575940621919428,2
720575940607511900,720575940625740169,2
720575940616682838,720575940642162573,2
720575940616682838,720575940642383520,2
720575940646288419,720575940618671495,2
720575940646288419,720575940619115845,2
720575940646288419,720575940619651019,2
720575940646288419,720575940619960926,2
720575940646288419,720575940620418774,2
720575940639358579,720575940619077217,2
720575940646288419,720575940620649084,2
720575940646288419,720575940620813478,2
720575940646288419,720575940620822593,2
720575940607511900,720575940628404188,2
720575940626455326,720575940625261834,2
720575940606196098,720575940610210034,2
720575940626878460,720575940616675638,2
720575940626455326,720575940613735948,2
720575940635779959,720575940628787962,2
720575940635779959,720575940626733693,2
720575940642733216,720575940620607982,2
720575940626455326,720575940624629948,2
720575940635779959,720575940629397079,2
720575940626455326,720575940624086251,2
720575940619402576,720575940607280818,2
720575940617145561,720575940608015627,2
720575940607511900,720575940636159039,2
720575940614629799,720575940622003316,2
720575940630446329,720575940631661281,2
720575940630446329,720575940631603267,2
720575940642603464,720575940624465900,2
720575940607511900,720575940636136567,2
720575940627644584,720575940628163402,2
720575940630446329,720575940630067255,2
720575940642733216,720575940623981385,2
720575940642603464,720575940622621164,2
720575940621861637,720575940629863737,2
720575940621861637,720575940629507706,2
720575940621861637,720575940629319106,2
720575940647165828,720575940606963586,2
720575940626455326,720575940613460034,2
720575940642733216,720575940613867682,2
720575940606196098,720575940624800188,2
720575940635779959,720575940621290017,2
720575940626455326,720575940612740886,2
720575940642733216,720575940612647282,2
720575940635779959,720575940619358257,2
720575940634953079,720575940612337203,2
720575940626455326,720575940646609028,2
720575940642733216,720575940611210865,2
720575940606196098,720575940628269628,2
720575940635779959,720575940617176413,2
720575940635779959,720575940621730687,2
720575940642733216,720575940614318482,2
720575940606196098,720575940611660714,2
720575940635779959,720575940625354904,2
720575940642733216,720575940618266747,2
720575940634953079,720575940615409625,2
720575940626455326,720575940613017059,2
720575940634953079,720575940614854294,2
720575940626455326,720575940623030015,2
720575940642733216,720575940616245365,2
720575940626878460,720575940613684906,2
720575940642733216,720575940614778454,2
720575940635779959,720575940621871484,2
720575940630446329,720575940632371737,2
720575940619402576,720575940611569301,2
720575940630446329,720575940633146475,2
720575940619402576,720575940618667143,2
720575940635356316,720575940620058236,2
720575940647165828,720575940629917228,2
720575940619402576,720575940618337985,2
720575940638163940,720575940608633134,2
720575940647165828,720575940628975482,2
720575940616682838,720575940608517385,2
720575940621861637,720575940645390468,2
720575940638163940,720575940607337923,2
720575940638163940,720575940606864341,2
720575940635356316,720575940617911360,2
720575940621861637,720575940642010056,2
720575940619402576,720575940621554968,2
720575940638163940,720575940614428722,2
720575940607511900,720575940619271384,2
720575940638163940,720575940613434178,2
720575940647165828,720575940633996911,2
720575940635356316,720575940621415885,2
720575940619402576,720575940620576494,2
720575940647165828,720575940633123609,2
720575940616682838,720575940610669786,2
720575940647165828,720575940632434340,2
720575940614629799,720575940628045318,2
720575940614629799,720575940627585028,2
720575940647165828,720575940626397565,2
720575940635356316,720575940608633134,2
720575940630446329,720575940642108301,2
720575940630446329,720575940639686232,2
720575940630446329,720575940639158480,2
720575940635356316,720575940609405646,2
720575940647165828,720575940625663674,2
720575940630446329,720575940636665262,2
720575940607511900,720575940626313546,2
720575940621861637,720575940630775891,2
720575940635356316,720575940606331996,2
720575940642603464,720575940626649433,2
720575940647165828,720575940620588653,2
720575940642603464,720575940631627843,2
720575940647165828,720575940620713129,2
720575940647165828,720575940625497488,2
720575940616682838,720575940605029250,2
720575940647165828,720575940624527091,2
720575940619402576,720575940615783837,2
720575940621861637,720575940634664674,2
720575940647165828,720575940623403773,2
720575940642603464,720575940658795137,2
720575940621861637,720575940634514533,2
720575940621861637,720575940634351200,2
720575940616682838,720575940602553568,2
720575940607511900,720575940637055797,2
720575940621861637,720575940633140887,2
720575940635779959,720575940616245365,2
720575940626455326,720575940642162573,2
720575940638163940,720575940614803286,2
720575940625615248,720575940626510211,2
720575940626878460,720575940659297153,2
720575940626878460,720575940644747572,2
720575940626455326,720575940628651792,2
720575940634953079,720575940627768567,2
720575940642733216,720575940639846488,2
720575940642733216,720575940639588723,2
720575940626878460,720575940621178206,2
720575940626455326,720575940629397079,2
720575940634953079,720575940633516980,2
720575940634953079,720575940632964269,2
720575940626878460,720575940621924615,2
720575940626455326,720575940629541187,2
720575940634953079,720575940632718291,2
720575940606196098,720575940619077217,2
720575940626455326,720575940618739621,2
720575940630650063,720575940628687259,2
720575940634953079,720575940631017932,2
720575940626878460,720575940621359142,2
720575940634953079,720575940630650711,2
720575940626455326,720575940627157008,2
720575940642733216,720575940630650711,2
720575940625615248,720575940624112058,2
720575940630650063,720575940619036911,2
720575940642733216,720575940629967756,2
720575940642733216,720575940631024682,2
720575940634953079,720575940623129087,2
720575940642733216,720575940629406012,2
720575940626455326,720575940615798540,2
720575940634953079,720575940622861971,2
720575940626878460,720575940618989421,2
720575940631198776,720575940617516760,2
720575940626455326,720575940617857053,2
720575940634953079,720575940626496275,2
720575940625615248,720575940609940373,2
720575940606196098,720575940629507706,2
720575940626878460,720575940640756621,2
720575940642733216,720575940636159198,2
720575940626455326,720575940617118016,2
720575940615682246,720575940605817522,2
720575940631198776,720575940619516144,2
720575940626455326,720575940616616075,2
720575940620390822,720575940621225910,2
720575940615682246,720575940618992449,2
720575940626555800,720575940614544034,2
720575940631198776,720575940627307855,2
720575940631198776,720575940628045318,2
720575940626455326,720575940630139599,2
720575940630397527,720575940621574026,2
720575940626455326,720575940637148486,2
720575940626878460,720575940609184210,2
720575940626878460,720575940626362696,2
720575940625615248,720575940621922398,2
720575940626878460,720575940608774776,2
720575940626455326,720575940621121140,2
720575940626878460,720575940608145877,2
720575940635779959,720575940614318482,2
720575940626455326,720575940622116428,2
720575940635779959,720575940613727399,2
720575940635779959,720575940612384665,2
720575940626878460,720575940628045318,2
720575940626455326,720575940621951453,2
720575940626455326,720575940638995005,2
720575940630691159,720575940622981646,2
720575940626455326,720575940638472006,2
720575940626878460,720575940609979505,2
720575940635779959,720575940604884396,2
720575940626555800,720575940631667937,2
720575940626455326,720575940619842580,2
720575940615682246,720575940610784179,2
720575940626878460,720575940623356493,2
720575940649649785,720575940623438571,2
720575940631198776,720575940631017932,2
720575940631198776,720575940630923693,2
720575940631198776,720575940630775891,2
720575940626555800,720575940624597228,2
720575940631198776,720575940628842839,2
720575940626455326,720575940608148693,2
720575940626455326,720575940635153294,2
720575940626455326,720575940634006355,2
720575940626455326,720575940633932951,2
720575940606196098,720575940628152838,2
720575940626455326,720575940633301183,2
720575940625615248,720575940614027059,2
720575940649649785,720575940633580024,2
720575940626878460,720575940605997513,2
720575940649649785,720575940629921398,2
720575940617145561,720575940624711655,2
720575940616682838,720575940611204323,2
720575940628743362,720575940627920071,2
720575940619676224,720575940610743282,2
720575940618943389,720575940629335115,2
720575940618943389,720575940622061803,2
720575940618943389,720575940629417728,2
720575940618943389,720575940622103275,2
720575940628743362,720575940625600048,2
720575940628743362,720575940631399978,2
720575940618943389,720575940606698697,2
720575940618943389,720575940621948810,2
720575940628743362,720575940620520513,2
720575940618943389,720575940629202167,2
720575940628743362,720575940622864920,2
720575940618943389,720575940629240079,2
720575940632107335,720575940606666953,2
720575940624859725,720575940611988008,2
720575940618943389,720575940629863737,2
720575940620576238,720575940612767126,2
720575940618943389,720575940629917482,2
720575940632107335,720575940603773798,2
720575940618943389,720575940629804857,2
720575940624859725,720575940613684906,2
720575940624859725,720575940613764364,2
720575940625926693,720575940624375088,2
720575940620576238,720575940612435198,2
720575940628743362,720575940634006355,2
720575940618943389,720575940629500542,2
720575940618943389,720575940629507706,2
720575940620576238,720575940610580377,2
720575940618943389,720575940622462472,2
720575940618943389,720575940628054839,2
720575940619676224,720575940660047489,2
720575940618943389,720575940621389764,2
720575940622950605,720575940616306210,2
720575940618943389,720575940621518218,2
720575940618943389,720575940628239671,2
720575940618943389,720575940621541514,2
720575940618943389,720575940627986220,2
720575940619676224,720575940646602372,2
720575940618943389,720575940615671494,2
720575940619676224,720575940607828233,2
720575940631844492,720575940647153796,2
720575940618943389,720575940615696070,2
720575940618943389,720575940628291407,2
720575940628708139,720575940639686488,2
720575940605221065,720575940616097163,2
720575940619676224,720575940622965944,2
720575940618943389,720575940621762330,2
720575940618943389,720575940616044850,2
720575940618943389,720575940628885591,2
720575940618943389,720575940615964884,2
720575940618943389,720575940628711631,2
720575940618943389,720575940621590250,2
720575940618943389,720575940615896989,2
720575940618943389,720575940621700190,2
720575940622950605,720575940643547296,2
720575940618943389,720575940606549961,2
720575940618943389,720575940628689963,2
720575940616682838,720575940611837809,2
720575940616682838,720575940618592390,2
720575940650745977,720575940618526912,2
720575940650745977,720575940618292939,2
720575940638163940,720575940621882401,2
720575940629579836,720575940605180337,2
720575940631443304,720575940622886925,2
720575940629579836,720575940603721248,2
720575940614629799,720575940634969701,2
720575940631443304,720575940622972686,2
720575940638163940,720575940621382852,2
720575940616682838,720575940618183559,2
720575940644146724,720575940606698697,2
720575940607511900,720575940627920071,2
720575940607511900,720575940646609028,2
720575940644146724,720575940615832577,2
720575940631443304,720575940625901002,2
720575940612857878,720575940605184102,2
720575940644146724,720575940615196063,2
720575940631443304,720575940625497488,2
720575940650745977,720575940625692816,2
720575940614629799,720575940644413732,2
720575940619402576,720575940630251576,2
720575940622701808,720575940612668018,2
720575940650745977,720575940610175218,2
720575940616682838,720575940613119459,2
720575940614629799,720575940630949187,2
720575940607511900,720575940639986048,2
720575940631443304,720575940608328713,2
720575940616682838,720575940613738415,2
720575940616682838,720575940613727399,2
720575940605113376,720575940626536714,2
720575940616682838,720575940614306814,2
720575940638163940,720575940616887966,2
720575940638163940,720575940616044850,2
720575940638163940,720575940618758178,2
720575940638163940,720575940620179821,2
720575940619402576,720575940627480853,2
720575940635356316,720575940627851008,2
720575940607511900,720575940611110468,2
720575940616682838,720575940614551954,2
720575940607511900,720575940627573659,2
720575940614629799,720575940631485251,2
720575940616682838,720575940615072373,2
720575940616682838,720575940614890902,2
720575940614293485,720575940646308148,2
720575940630498811,720575940632510048,2
720575940632107335,720575940610773714,2
720575940619676224,720575940624682426,2
720575940618943389,720575940617093533,2
720575940607511900,720575940623165737,2
720575940630498811,720575940620682662,2
720575940632107335,720575940606783362,2
720575940620576238,720575940614251670,2
720575940618943389,720575940629997561,2
720575940618943389,720575940630025788,2
720575940618943389,720575940630026600,2
720575940618943389,720575940622565887,2
720575940632107335,720575940609066030,2
720575940618943389,720575940616878238,2
720575940618943389,720575940630332753,2
720575940632107335,720575940612763542,2
720575940644146724,720575940618341952,2
720575940650745977,720575940646290979,2
720575940635356316,720575940637907428,2
720575940644146724,720575940617734603,2
720575940635356316,720575940637657189,2
720575940635356316,720575940637186638,2
720575940638163940,720575940624596355,2
720575940644146724,720575940616589888,2
720575940631443304,720575940627483413,2
720575940629579836,720575940612435198,2
720575940607511900,720575940619842580,2
720575940635356316,720575940640905205,2
720575940619676224,720575940611946482,2
720575940620576238,720575940618547280,2
720575940618943389,720575940630452388,2
720575940635356316,720575940644479267,2
720575940631443304,720575940632077127,2
720575940619676224,720575940605407846,1
720575940619676224,720575940605550950,1
720575940619676224,720575940615569723,1
720575940619676224,720575940615608123,1
720575940619676224,720575940616162373,1
720575940619676224,720575940616245365,1
720575940619676224,720575940616350011,1
720575940619676224,720575940616569227,1
720575940619676224,720575940616702262,1
720575940619676224,720575940616781241,1
720575940619676224,720575940616821393,1
720575940619676224,720575940615447764,1
720575940619676224,720575940614714518,1
720575940619676224,720575940614768278,1
720575940619676224,720575940614778454,1
720575940619676224,720575940614813526,1
720575940619676224,720575940614816598,1
720575940619676224,720575940614888854,1
720575940619676224,720575940615019231,1
720575940619676224,720575940615252786,1
720575940619676224,720575940615346363,1
720575940619676224,720575940615356347,1
720575940619676224,720575940616911262,1
720575940619676224,720575940614327202,1
720575940619676224,720575940618994880,1
720575940619676224,720575940619028289,1
720575940619676224,720575940619090785,1
720575940619676224,720575940619115845,1
720575940619676224,720575940619154891,1
720575940619676224,720575940619434887,1
720575940619676224,720575940619938998,1
720575940619676224,720575940618657334,1
720575940619676224,720575940617079257,1
720575940619676224,720575940618627207,1
720575940619676224,720575940617427713,1
720575940619676224,720575940617452689,1
720575940619676224,720575940617473051,1
720575940619676224,720575940617473748,1
720575940619676224,720575940617628962,1
720575940619676224,720575940617849920,1
720575940619676224,720575940617989076,1
720575940619676224,720575940618201620,1
720575940619676224,720575940618224709,1
720575940619676224,720575940618339777,1
720575940619676224,720575940618422592,1
720575940619676224,720575940614240766,1
720575940619676224,720575940619978266,1
720575940619676224,720575940609179331,1
720575940619676224,720575940609184210,1
720575940619676224,720575940610029432,1
720575940619676224,720575940610147826,1
720575940619676224,720575940610709106,1
720575940619676224,720575940610906521,1
720575940619676224,720575940610907490,1
720575940619676224,720575940611111061,1
720575940619676224,720575940608772821,1
720575940619676224,720575940605817522,1
720575940619676224,720575940605934001,1
720575940619676224,720575940606477660,1
720575940619676224,720575940606680706,1
720575940619676224,720575940606941397,1
720575940619676224,720575940606967682,1
720575940619676224,720575940607280306,1
720575940619676224,720575940607978820,1
720575940619676224,720575940608191836,1
720575940619676224,720575940608345867,1
720575940619676224,720575940608386315,1
720575940619676224,720575940608532675,1
720575940619676224,720575940608644654,1
720575940619676224,720575940608768213,1
720575940619676224,720575940612717202,1
720575940619676224,720575940612763542,1
720575940619676224,720575940612767126,1
720575940619676224,720575940613188319,1
720575940619676224,720575940613403458,1
720575940619676224,720575940613776543,1
720575940619676224,720575940613864498,1
720575940619676224,720575940613987730,1
720575940619676224,720575940614131131,1
720575940619676224,720575940614199914,1
720575940619676224,720575940612728466,1
720575940619676224,720575940611611378,1
720575940619676224,720575940611686809,1
720575940619676224,720575940611697066,1
720575940619676224,720575940611733997,1
720575940619676224,720575940611748594,1
720575940619676224,720575940611855729,1
720575940619676224,720575940611936474,1
720575940619676224,720575940612178418,1
720575940619676224,720575940612384665,1
720575940619676224,720575940612421290,1
720575940619676224,720575940612450730,1
720575940619676224,720575940612490723,1
720575940619676224,720575940619994759,1
720575940619676224,720575940603045804,1
720575940619676224,720575940624125114,1
720575940619676224,720575940624302008,1
720575940619676224,720575940624421148,1
720575940619676224,720575940624429036,1
720575940619676224,720575940624516339,1
720575940619676224,720575940624562836,1
720575940619676224,720575940624577613,1
720575940619676224,720575940624597228,1
720575940619676224,720575940624637884,1
720575940619676224,720575940624032264,1
720575940619676224,720575940623171847,1
720575940619676224,720575940623191334,1
720575940619676224,720575940623369668,1
720575940619676224,720575940623400189,1
720575940619676224,720575940623400445,1
720575940619676224,720575940623543303,1
720575940619676224,720575940623546638,1
720575940619676224,720575940623679495,1
720575940619676224,720575940624711655,1
720575940619676224,720575940625625136,1
720575940619676224,720575940625655464,1
720575940619676224,720575940625720341,1
720575940619676224,720575940625724072,1
720575940619676224,720575940605338290,1
720575940619676224,720575940604860332,1
720575940619676224,720575940604806345,1
720575940619676224,720575940604319078,1
720575940619676224,720575940604008672,1
720575940619676224,720575940603719712,1
720575940619676224,720575940625600048,1
720575940619676224,720575940625560189,1
720575940619676224,720575940624830503,1
720575940619676224,720575940625537822,1
720575940619676224,720575940624837927,1
720575940619676224,720575940624852120,1
720575940619676224,720575940624884920,1
720575940619676224,720575940624940814,1
720575940619676224,720575940624941326,1
720575940619676224,720575940625300254,1
720575940619676224,720575940625317139,1
720575940619676224,720575940625333822,1
720575940619676224,720575940625497488,1
720575940619676224,720575940620041125,1
720575940619676224,720575940620607982,1
720575940619676224,720575940620741485,1
720575940619676224,720575940620811073,1
720575940619676224,720575940620862273,1
720575940619676224,720575940620883917,1
720575940619676224,720575940620892877,1
720575940619676224,720575940620959256,1
720575940619676224,720575940620973848,1
720575940619676224,720575940620998424,1
720575940619676224,720575940621023041,1
720575940619676224,720575940621044701,1
720575940619676224,720575940621084771,1
720575940619676224,720575940620537071,1
720575940619676224,720575940620042375,1
720575940619676224,720575940620073606,1
720575940619676224,720575940620079856,1
720575940619676224,720575940620153876,1
720575940619676224,720575940620272832,1
720575940619676224,720575940620354241,1
720575940619676224,720575940620407628,1
720575940619676224,720575940620418774,1
720575940619676224,720575940620425310,1
720575940619676224,720575940620500417,1
720575940619676224,720575940623105023,1
720575940619676224,720575940622162505,1
720575940619676224,720575940622387677,1
720575940619676224,720575940622694182,1
720575940619676224,720575940622727572,1
720575940619676224,720575940622768266,1
720575940619676224,720575940622768397,1
720575940619676224,720575940622800653,1
720575940619676224,720575940622837482,1
720575940619676224,720575940622864920,1
720575940619676224,720575940622981646,1
720575940619676224,720575940623009416,1
720575940619676224,720575940623010253,1
720575940619676224,720575940623067942,1
720575940619676224,720575940622305304,1
720575940619676224,720575940622116428,1
720575940619676224,720575940621334980,1
720575940619676224,720575940621357147,1
720575940619676224,720575940621376196,1
720575940619676224,720575940621491696,1
720575940619676224,720575940621560052,1
720575940619676224,720575940621581802,1
720575940619676224,720575940621791356,1
720575940619676224,720575940621857313,1
720575940619676224,720575940621869918,1
720575940619676224,720575940621871484,1
720575940619676224,720575940621892122,1
720575940619676224,720575940621924103,1
720575940619676224,720575940622013564,1
720575940638163940,720575940624754983,1
720575940638163940,720575940624648067,1
720575940638163940,720575940624426533,1
720575940638163940,720575940624392220,1
720575940638163940,720575940624114494,1
720575940638163940,720575940623991333,1
720575940638163940,720575940623691920,1
720575940638163940,720575940625377688,1
720575940638163940,720575940626792778,1
720575940638163940,720575940626668304,1
720575940638163940,720575940626305028,1
720575940638163940,720575940626044924,1
720575940638163940,720575940625720341,1
720575940638163940,720575940625500304,1
720575940638163940,720575940621786807,1
720575940638163940,720575940621606755,1
720575940638163940,720575940621376196,1
720575940638163940,720575940621225910,1
720575940638163940,720575940621178206,1
720575940638163940,720575940620956173,1
720575940638163940,720575940620572125,1
720575940638163940,720575940620434671,1
720575940638163940,720575940620413355,1
720575940638163940,720575940620403649,1
720575940638163940,720575940623166471,1
720575940638163940,720575940623015694,1
720575940638163940,720575940622888205,1
720575940638163940,720575940622595827,1
720575940638163940,720575940622565887,1
720575940638163940,720575940622335112,1
720575940638163940,720575940622249949,1
720575940638163940,720575940626794027,1
720575940638163940,720575940627020933,1
720575940638163940,720575940635150990,1
720575940638163940,720575940634989560,1
720575940638163940,720575940633551028,1
720575940638163940,720575940633140887,1
720575940638163940,720575940633040223,1
720575940638163940,720575940633004383,1
720575940638163940,720575940632951266,1
720575940638163940,720575940632718291,1
720575940638163940,720575940632068383,1
720575940638163940,720575940631975379,1
720575940638163940,720575940635659486,1
720575940638163940,720575940639078717,1
720575940638163940,720575940637869028,1
720575940638163940,720575940637846618,1
720575940638163940,720575940636553390,1
720575940638163940,720575940636488878,1
720575940638163940,720575940628830551,1
720575940638163940,720575940628695414,1
720575940638163940,720575940628269628,1
720575940638163940,720575940628152838,1
720575940638163940,720575940628012332,1
720575940638163940,720575940627585028,1
720575940638163940,720575940627244699,1
720575940638163940,720575940629079707,1
720575940638163940,720575940630949187,1
720575940638163940,720575940630879533,1
720575940638163940,720575940630425119,1
720575940638163940,720575940630415268,1
720575940638163940,720575940630269660,1
720575940638163940,720575940630067816,1
720575940638163940,720575940629507706,1
720575940638163940,720575940620276801,1
720575940638163940,720575940620272064,1
720575940644146724,720575940605362610,1
720575940637672425,720575940628724284,1
720575940637672425,720575940628514156,1
720575940638163940,720575940619977566,1
720575940637672425,720575940625500304,1
720575940637672425,720575940628826873,1
720575940637672425,720575940634969701,1
720575940637672425,720575940634351200,1
720575940637672425,720575940631485251,1
720575940637672425,720575940630775891,1
720575940637672425,720575940624107755,1
720575940637672425,720575940623973961,1
720575940637672425,720575940610580377,1
720575940637672425,720575940609371086,1
720575940637672425,720575940621770010,1
720575940637672425,720575940619937718,1
720575940637672425,720575940619897734,1
720575940637672425,720575940618662939,1
720575940637672425,720575940617771521,1
720575940638163940,720575940617902676,1
720575940638163940,720575940617529318,1
720575940638163940,720575940617238457,1
720575940638163940,720575940616588683,1
720575940638163940,720575940615896989,1
720575940638163940,720575940615832577,1
720575940638163940,720575940614772383,1
720575940638163940,720575940617649969,1
720575940638163940,720575940618226085,1
720575940638163940,720575940618337300,1
720575940638163940,720575940619863174,1
720575940638163940,720575940619808756,1
720575940638163940,720575940619147349,1
720575940638163940,720575940619077217,1
720575940638163940,720575940619054027,1
720575940638163940,720575940618662939,1
720575940638163940,720575940618341952,1
720575940638163940,720575940614115515,1
720575940638163940,720575940608191836,1
720575940638163940,720575940607715420,1
720575940638163940,720575940606968450,1
720575940638163940,720575940605362610,1
720575940638163940,720575940603084972,1
720575940638163940,720575940602605536,1
720575940638163940,720575940609104579,1
720575940638163940,720575940609184210,1
720575940638163940,720575940613563187,1
720575940638163940,720575940611985448,1
720575940638163940,720575940609371086,1
720575940638163940,720575940639506749,1
720575940638163940,720575940639727067,1
720575940639358579,720575940643504288,1
720575940639358579,720575940652822945,1
720575940639358579,720575940649649529,1
720575940639358579,720575940647714425,1
720575940639358579,720575940646290979,1
720575940639358579,720575940645390468,1
720575940639358579,720575940644479267,1
720575940638163940,720575940639749109,1
720575940639358579,720575940637704765,1
720575940639358579,720575940637657189,1
720575940642603464,720575940605184102,1
720575940642603464,720575940613713704,1
720575940642603464,720575940612647282,1
720575940642603464,720575940612151538,1
720575940642603464,720575940611682739,1
720575940642603464,720575940611310894,1
720575940642603464,720575940610709106,1
720575940642603464,720575940606892674,1
720575940642603464,720575940605565886,1
720575940642603464,720575940605252041,1
720575940639358579,720575940636553306,1
720575940639358579,720575940631216682,1
720575940639358579,720575940631017932,1
720575940639358579,720575940630687827,1
720575940639358579,720575940630571980,1
720575940639358579,720575940630026856,1
720575940639358579,720575940629863737,1
720575940639358579,720575940629507706,1
720575940639358579,720575940628842839,1
720575940639358579,720575940634977893,1
720575940639358579,720575940634951007,1
720575940639358579,720575940634664674,1
720575940639358579,720575940634012015,1
720575940639358579,720575940633569784,1
720575940639358579,720575940633103059,1
720575940639358579,720575940633040223,1
720575940639358579,720575940632932762,1
720575940639358579,720575940632929690,1
720575940639358579,720575940632585043,1
720575940642603464,720575940614037811,1
720575940642603464,720575940614311842,1
720575940642603464,720575940614486690,1
720575940642603464,720575940630115388,1
720575940642603464,720575940629949751,1
720575940642603464,720575940629917228,1
720575940642603464,720575940629839863,1
720575940642603464,720575940629836087,1
720575940642603464,720575940629632894,1
720575940642603464,720575940629536894,1
720575940642603464,720575940628411612,1
720575940642603464,720575940628350211,1
720575940642603464,720575940627861736,1
720575940642603464,720575940626941446,1
720575940642603464,720575940626758489,1
720575940642603464,720575940626582842,1
720575940642603464,720575940630219055,1
720575940642603464,720575940626220830,1
720575940642603464,720575940630650711,1
720575940642603464,720575940636513882,1
720575940642603464,720575940636422372,1
720575940642603464,720575940634914552,1
720575940642603464,720575940634490735,1
720575940642603464,720575940632182692,1
720575940642603464,720575940631842956,1
720575940642603464,720575940631577569,1
720575940642603464,720575940630912512,1
720575940642603464,720575940625598802,1
720575940642603464,720575940621491696,1
720575940642603464,720575940620576494,1
720575940642603464,720575940618776833,1
720575940642603464,720575940618266900,1
720575940642603464,720575940618266747,1
720575940642603464,720575940618182981,1
720575940642603464,720575940617845076,1
720575940642603464,720575940617576422,1
720575940642603464,720575940617079257,1
720575940642603464,720575940616885298,1
720575940642603464,720575940621296639,1
720575940642603464,720575940625451920,1
720575940642603464,720575940625343546,1
720575940642603464,720575940624562836,1
720575940642603464,720575940623426633,1
720575940642603464,720575940622981902,1
720575940642603464,720575940622976973,1
720575940642603464,720575940622944461,1
720575940642603464,720575940621866861,1
720575940639358579,720575940616547904,1
720575940639358579,720575940616208965,1
720575940639358579,720575940615931293,1
720575940639358579,720575940613799436,1
720575940639358579,720575940616547648,1
720575940639358579,720575940613532831,1
720575940639358579,720575940616887966,1
720575940639358579,720575940618548975,1
720575940639358579,720575940618544367,1
720575940639358579,720575940618506155,1
720575940639358579,720575940618359745,1
720575940639358579,720575940618210251,1
720575940639358579,720575940617456798,1
720575940639358579,720575940613540767,1
720575940639358579,720575940605362610,1
720575940639358579,720575940605180337,1
720575940639358579,720575940603751782,1
720575940638163940,720575940652822945,1
720575940638163940,720575940646606724,1
720575940638163940,720575940642338464,1
720575940638163940,720575940641866912,1
720575940639358579,720575940612664482,1
720575940639358579,720575940606579465,1
720575940639358579,720575940611660714,1
720575940639358579,720575940610175218,1
720575940639358579,720575940610101210,1
720575940639358579,720575940609405646,1
720575940639358579,720575940608772821,1
720575940639358579,720575940608621614,1
720575940639358579,720575940608524483,1
720575940639358579,720575940606968450,1
720575940639358579,720575940606698697,1
720575940639358579,720575940618980299,1
720575940639358579,720575940619090785,1
720575940639358579,720575940628519020,1
720575940639358579,720575940625994728,1
720575940639358579,720575940625720341,1
720575940639358579,720575940625343640,1
720575940639358579,720575940625290003,1
720575940639358579,720575940624327196,1
720575940639358579,720575940624125114,1
720575940639358579,720575940626043454,1
720575940639358579,720575940623441387,1
720575940639358579,720575940628359895,1
720575940639358579,720575940628269628,1
720575940639358579,720575940627626244,1
720575940639358579,720575940627332100,1
720575940639358579,720575940627020933,1
720575940639358579,720575940626663440,1
720575940639358579,720575940626646544,1
720575940639358579,720575940626362696,1
720575940639358579,720575940620880333,1
720575940639358579,720575940620413355,1
720575940639358579,720575940620356800,1
720575940639358579,720575940620210857,1
720575940639358579,720575940620179821,1
720575940639358579,720575940620036385,1
720575940639358579,720575940619937718,1
720575940639358579,720575940619668212,1
720575940639358579,720575940623356493,1
720575940639358579,720575940621518218,1
720575940639358579,720575940622784611,1
720575940639358579,720575940622398728,1
720575940639358579,720575940622276365,1
720575940639358579,720575940622103275,1
720575940639358579,720575940621925417,1
720575940639358579,720575940621606755,1
720575940637672425,720575940608191836,1
720575940632344290,720575940621973018,1
720575940632344290,720575940624563075,1
720575940632344290,720575940623965513,1
720575940632344290,720575940623014328,1
720575940632344290,720575940622428087,1
720575940632344290,720575940622350472,1
720575940632344290,720575940622075274,1
720575940634655851,720575940627687940,1
720575940632344290,720575940621658502,1
720575940632344290,720575940621594723,1
720575940632344290,720575940621460645,1
720575940632344290,720575940621413670,1
720575940632344290,720575940620996621,1
720575940632344290,720575940624994941,1
720575940632344290,720575940625002526,1
720575940632344290,720575940630450852,1
720575940632344290,720575940629765647,1
720575940632344290,720575940629233145,1
720575940632344290,720575940628788496,1
720575940632344290,720575940628608272,1
720575940632344290,720575940628476716,1
720575940632344290,720575940628367836,1
720575940632344290,720575940627576488,1
720575940632344290,720575940626002494,1
720575940632344290,720575940625561374,1
720575940632344290,720575940625235033,1
720575940632344290,720575940619695809,1
720575940632344290,720575940619358257,1
720575940631443304,720575940639056061,1
720575940631443304,720575940639022243,1
720575940631443304,720575940637970665,1
720575940631443304,720575940637725272,1
720575940631443304,720575940637169998,1
720575940631443304,720575940636898281,1
720575940631443304,720575940634878047,1
720575940631443304,720575940633493660,1
720575940631443304,720575940633207962,1
720575940631443304,720575940633186771,1
720575940632344290,720575940603773798,1
720575940632344290,720575940606666953,1
720575940632344290,720575940618844353,1
720575940632344290,720575940618667143,1
720575940632344290,720575940618299712,1
720575940632344290,720575940615764422,1
720575940632344290,720575940614313996,1
720575940632344290,720575940613797295,1
720575940632344290,720575940612372650,1
720575940632344290,720575940612362663,1
720575940632344290,720575940609163986,1
720575940632344290,720575940607792139,1
720575940632344290,720575940631458371,1
720575940632344290,720575940632144813,1
720575940632344290,720575940632805037,1
720575940634655851,720575940622768266,1
720575940634655851,720575940622748868,1
720575940634655851,720575940622723683,1
720575940634655851,720575940622348424,1
720575940634655851,720575940622096589,1
720575940634655851,720575940622067113,1
720575940634655851,720575940621987255,1
720575940634655851,720575940621973018,1
720575940634655851,720575940621334980,1
720575940634655851,720575940621023041,1
720575940634655851,720575940620684156,1
720575940634655851,720575940620551901,1
720575940634655851,720575940620469742,1
720575940634655851,720575940620232363,1
720575940634655851,720575940620059045,1
720575940634655851,720575940622816234,1
720575940634655851,720575940619970586,1
720575940634655851,720575940623003917,1
720575940634655851,720575940626758489,1
720575940634655851,720575940626582842,1
720575940634655851,720575940626513027,1
720575940634655851,720575940626364401,1
720575940634655851,720575940626090340,1
720575940634655851,720575940626082404,1
720575940634655851,720575940625497488,1
720575940634655851,720575940625486692,1
720575940634655851,720575940624940814,1
720575940634655851,720575940624494996,1
720575940634655851,720575940624487572,1
720575940634655851,720575940623009416,1
720575940634655851,720575940623008440,1
720575940634655851,720575940620041125,1
720575940632344290,720575940633056467,1
720575940634655851,720575940611450134,1
720575940634655851,720575940610743282,1
720575940634655851,720575940608527150,1
720575940634655851,720575940606667977,1
720575940634655851,720575940605565886,1
720575940634655851,720575940605551718,1
720575940634655851,720575940604999526,1
720575940634655851,720575940604963942,1
720575940632344290,720575940659316609,1
720575940632344290,720575940639158480,1
720575940632344290,720575940637225798,1
720575940632344290,720575940633224555,1
720575940634655851,720575940611001061,1
720575940634655851,720575940619658433,1
720575940634655851,720575940612009903,1
720575940634655851,720575940618657950,1
720575940634655851,720575940617436305,1
720575940634655851,720575940617390036,1
720575940634655851,720575940616910310,1
720575940634655851,720575940615931293,1
720575940634655851,720575940614981087,1
720575940634655851,720575940614224490,1
720575940634655851,720575940612754582,1
720575940634655851,720575940612590754,1
720575940634655851,720575940612587286,1
720575940634655851,720575940612575230,1
720575940634655851,720575940612450730,1
720575940634655851,720575940612178418,1
720575940631443304,720575940630935570,1
720575940631443304,720575940630679895,1
720575940630446329,720575940629788983,1
720575940630446329,720575940628610811,1
720575940630446329,720575940628312049,1
720575940630446329,720575940627158098,1
720575940630446329,720575940627147578,1
720575940630446329,720575940627097733,1
720575940630446329,720575940625781541,1
720575940630446329,720575940625317139,1
720575940630446329,720575940634296951,1
720575940630446329,720575940632388138,1
720575940630446329,720575940632371040,1
720575940630446329,720575940632144813,1
720575940630446329,720575940631782712,1
720575940630446329,720575940631549743,1
720575940630446329,720575940631498819,1
720575940630446329,720575940631351619,1
720575940630446329,720575940630450852,1
720575940630446329,720575940630411535,1
720575940630446329,720575940623965513,1
720575940630446329,720575940618306112,1
720575940630446329,720575940615764422,1
720575940630446329,720575940614822506,1
720575940630446329,720575940614313996,1
720575940630446329,720575940614240766,1
720575940630446329,720575940612796786,1
720575940630446329,720575940611960872,1
720575940630446329,720575940610952089,1
720575940630446329,720575940617876048,1
720575940630446329,720575940623369668,1
720575940630446329,720575940619026241,1
720575940630446329,720575940623351443,1
720575940630446329,720575940622781389,1
720575940630446329,720575940622670835,1
720575940630446329,720575940622145277,1
720575940630446329,720575940622075274,1
720575940630446329,720575940621554815,1
720575940630446329,720575940621460645,1
720575940630446329,720575940620577652,1
720575940630446329,720575940620422494,1
720575940631443304,720575940630047080,1
720575940631443304,720575940624851864,1
720575940631443304,720575940624597228,1
720575940631443304,720575940624532979,1
720575940631443304,720575940624494373,1
720575940631443304,720575940624428019,1
720575940631443304,720575940622928397,1
720575940631443304,720575940622894349,1
720575940631443304,720575940621658502,1
720575940631443304,720575940620469742,1
720575940631443304,720575940620039589,1
720575940631443304,720575940619795883,1
720575940631443304,720575940618765528,1
720575940631443304,720575940618245569,1
720575940631443304,720575940617937437,1
720575940631443304,720575940617452689,1
720575940631443304,720575940629921398,1
720575940631443304,720575940629849196,1
720575940631443304,720575940629406012,1
720575940631443304,720575940628687259,1
720575940631443304,720575940627964204,1
720575940631443304,720575940627550214,1
720575940631443304,720575940626364401,1
720575940631443304,720575940626081176,1
720575940631443304,720575940617370909,1
720575940630446329,720575940638662352,1
720575940631443304,720575940606667977,1
720575940631443304,720575940605606274,1
720575940631443304,720575940605452064,1
720575940631443304,720575940605197745,1
720575940631443304,720575940605184102,1
720575940631443304,720575940604935340,1
720575940631443304,720575940604884396,1
720575940630446329,720575940648246649,1
720575940630446329,720575940643404744,1
720575940631443304,720575940608176514,1
720575940631443304,720575940616859259,1
720575940631443304,720575940608456715,1
720575940631443304,720575940616109398,1
720575940631443304,720575940615346363,1
720575940631443304,720575940614888854,1
720575940631443304,720575940614887830,1
720575940631443304,720575940614207850,1
720575940631443304,720575940614036019,1
720575940631443304,720575940612740466,1
720575940631443304,720575940612453603,1
720575940631443304,720575940611748594,1
720575940631443304,720575940611569301,1
720575940634655851,720575940627165010,1
720575940635356316,720575940637846618,1
720575940635356316,720575940637707069,1
720575940635356316,720575940636920542,1
720575940635356316,720575940636677190,1
720575940635356316,720575940635659486,1
720575940635356316,720575940635541623,1
720575940635356316,720575940634117216,1
720575940635356316,720575940633813785,1
720575940635356316,720575940633570808,1
720575940635356316,720575940633516980,1
720575940635356316,720575940633215339,1
720575940635356316,720575940633073760,1
720575940635356316,720575940639506749,1
720575940637390302,720575940612524030,1
720575940637390302,720575940608662485,1
720575940637390302,720575940606399068,1
720575940637390302,720575940605550950,1
720575940635356316,720575940650270710,1
720575940635356316,720575940648235641,1
720575940635356316,720575940642338464,1
720575940635356316,720575940640883931,1
720575940635356316,720575940632951266,1
720575940635356316,720575940632932762,1
720575940635356316,720575940632582807,1
720575940635356316,720575940629202167,1
720575940635356316,720575940629133056,1
720575940635356316,720575940628773113,1
720575940635356316,720575940628689963,1
720575940635356316,720575940628519020,1
720575940635356316,720575940628506732,1
720575940635356316,720575940628239671,1
720575940635356316,720575940628121287,1
720575940635356316,720575940627849463,1
720575940635356316,720575940627332100,1
720575940635356316,720575940627185767,1
720575940635356316,720575940627097361,1
720575940635356316,720575940629240079,1
720575940635356316,720575940632473440,1
720575940635356316,720575940630222895,1
720575940635356316,720575940631875097,1
720575940635356316,720575940631835673,1
720575940635356316,720575940631759161,1
720575940635356316,720575940631425235,1
720575940635356316,720575940631177035,1
720575940635356316,720575940630947395,1
720575940635356316,720575940630878253,1
720575940635356316,720575940630452388,1
720575940635356316,720575940630436603,1
720575940635356316,720575940630331244,1
720575940635356316,720575940630265952,1
720575940637390302,720575940612714671,1
720575940637390302,720575940631827527,1
720575940637390302,720575940631731620,1
720575940637390302,720575940631686308,1
720575940637390302,720575940631662049,1
720575940637390302,720575940631406547,1
720575940637390302,720575940631024682,1
720575940637390302,720575940630675730,1
720575940637390302,720575940629971191,1
720575940637390302,720575940629917228,1
720575940637390302,720575940629823563,1
720575940637390302,720575940629624702,1
720575940637390302,720575940629477674,1
720575940637390302,720575940628411612,1
720575940637390302,720575940628350211,1
720575940637390302,720575940627550214,1
720575940637390302,720575940634490735,1
720575940637390302,720575940644583534,1
720575940637390302,720575940644423204,1
720575940637390302,720575940637970665,1
720575940637390302,720575940637740989,1
720575940637390302,720575940636352357,1
720575940637390302,720575940636159198,1
720575940637390302,720575940636126783,1
720575940637390302,720575940636026089,1
720575940637390302,720575940628060934,1
720575940637390302,720575940627493141,1
720575940637390302,720575940614909579,1
720575940637390302,720575940621554968,1
720575940637390302,720575940621477402,1
720575940637390302,720575940621334980,1
720575940637390302,720575940621073840,1
720575940637390302,720575940620713129,1
720575940637390302,720575940620603245,1
720575940637390302,720575940620205951,1
720575940637390302,720575940619970586,1
720575940637390302,720575940619672656,1
720575940637390302,720575940619155029,1
720575940637390302,720575940618517440,1
720575940637390302,720575940618337985,1
720575940637390302,720575940617438865,1
720575940637390302,720575940616677661,1
720575940637390302,720575940615974493,1
720575940637390302,720575940615816754,1
720575940637390302,720575940621529980,1
720575940637390302,720575940626649433,1
720575940637390302,720575940626536714,1
720575940637390302,720575940626111175,1
720575940637390302,720575940625994728,1
720575940637390302,720575940624940814,1
720575940637390302,720575940624524234,1
720575940637390302,720575940623400189,1
720575940637390302,720575940622996104,1
720575940637390302,720575940622768266,1
720575940637390302,720575940622670835,1
720575940637390302,720575940622302488,1
720575940637390302,720575940621924103,1
720575940635356316,720575940627016859,1
720575940635356316,720575940626906142,1
720575940635356316,720575940626622480,1
720575940635356316,720575940611686629,1
720575940635356316,720575940610210034,1
720575940635356316,720575940610101210,1
720575940635356316,720575940609940373,1
720575940635356316,720575940609684946,1
720575940635356316,720575940609153746,1
720575940635356316,720575940608621614,1
720575940635356316,720575940608447241,1
720575940635356316,720575940608145877,1
720575940635356316,720575940607715420,1
720575940635356316,720575940607352003,1
720575940635356316,720575940607351747,1
720575940635356316,720575940606452681,1
720575940635356316,720575940612765846,1
720575940635356316,720575940605541920,1
720575940635356316,720575940612778646,1
720575940635356316,720575940615696070,1
720575940635356316,720575940615136059,1
720575940635356316,720575940615134918,1
720575940635356316,720575940614902667,1
720575940635356316,720575940614121147,1
720575940635356316,720575940613977041,1
720575940635356316,720575940613764364,1
720575940635356316,720575940613593503,1
720575940635356316,720575940613284063,1
720575940635356316,720575940613156067,1
720575940635356316,720575940612896106,1
720575940635356316,720575940605627057,1
720575940635356316,720575940605507249,1
720575940634655851,720575940632536780,1
720575940634655851,720575940630906655,1
720575940634655851,720575940630598395,1
720575940634655851,720575940630420985,1
720575940634655851,720575940630179159,1
720575940634655851,720575940630063676,1
720575940634655851,720575940629633150,1
720575940634655851,720575940629536894,1
720575940634655851,720575940629498306,1
720575940634655851,720575940629294636,1
720575940634655851,720575940628225852,1
720575940634655851,720575940628175363,1
720575940634655851,720575940627912492,1
720575940634655851,720575940632495052,1
720575940634655851,720575940632919265,1
720575940634655851,720575940633773849,1
720575940635356316,720575940604806345,1
720575940635356316,720575940603751782,1
720575940635356316,720575940603084972,1
720575940634655851,720575940657869953,1
720575940634655851,720575940648276089,1
720575940634655851,720575940646602372,1
720575940634655851,720575940644423204,1
720575940634655851,720575940640634787,1
720575940634655851,720575940639686232,1
720575940634655851,720575940639069493,1
720575940634655851,720575940637970665,1
720575940634655851,720575940635803876,1
720575940634655851,720575940635213998,1
720575940634655851,720575940634878047,1
720575940634655851,720575940634839487,1
720575940635356316,720575940615894173,1
720575940635356316,720575940623978789,1
720575940635356316,720575940623776437,1
720575940635356316,720575940622965944,1
720575940635356316,720575940622803850,1
720575940635356316,720575940622727572,1
720575940635356316,720575940622673703,1
720575940635356316,720575940622641132,1
720575940635356316,720575940622595827,1
720575940635356316,720575940622398728,1
720575940635356316,720575940622216009,1
720575940635356316,720575940623943572,1
720575940635356316,720575940624060208,1
720575940635356316,720575940621920452,1
720575940635356316,720575940624112058,1
720575940635356316,720575940626294090,1
720575940635356316,720575940626044924,1
720575940635356316,720575940625807108,1
720575940635356316,720575940625584688,1
720575940635356316,720575940625508400,1
720575940635356316,720575940625377688,1
720575940635356316,720575940625290003,1
720575940635356316,720575940625058173,1
720575940635356316,720575940624754983,1
720575940635356316,720575940624601731,1
720575940635356316,720575940624426533,1
720575940635356316,720575940624327196,1
720575940635356316,720575940624158906,1
720575940635356316,720575940622103275,1
720575940635356316,720575940621885191,1
720575940635356316,720575940616208965,1
720575940635356316,720575940619731392,1
720575940635356316,720575940619404214,1
720575940635356316,720575940619090785,1
720575940635356316,720575940618894246,1
720575940635356316,720575940618497216,1
720575940635356316,720575940618337300,1
720575940635356316,720575940617529318,1
720575940635356316,720575940617071321,1
720575940635356316,720575940616588683,1
720575940635356316,720575940616345403,1
720575940635356316,720575940616308597,1
720575940635356316,720575940619444139,1
720575940635356316,720575940621882401,1
720575940635356316,720575940621518218,1
720575940635356316,720575940621475085,1
720575940635356316,720575940621351876,1
720575940635356316,720575940621250486,1
720575940635356316,720575940621228894,1
720575940635356316,720575940621090659,1
720575940635356316,720575940620931750,1
720575940635356316,720575940620474582,1
720575940635356316,720575940620211622,1
720575940644146724,720575940603721248,1
720575940644146724,720575940605627057,1
720575940605113376,720575940632728476,1
720575940605113376,720575940632203823,1
720575940605113376,720575940632135249,1
720575940605113376,720575940632019247,1
720575940605113376,720575940631991879,1
720575940605113376,720575940631842956,1
720575940605113376,720575940620451916,1
720575940605113376,720575940631531055,1
720575940605113376,720575940631342476,1
720575940605113376,720575940630906655,1
720575940605113376,720575940630038156,1
720575940605113376,720575940629921654,1
720575940605113376,720575940629782091,1
720575940605113376,720575940636877936,1
720575940605113376,720575940637725272,1
720575940607511900,720575940609066030,1
720575940607511900,720575940608657621,1
720575940607511900,720575940602553568,1
720575940605113376,720575940646697780,1
720575940605113376,720575940646229283,1
720575940605113376,720575940642347936,1
720575940605113376,720575940642328736,1
720575940605113376,720575940641936584,1
720575940605113376,720575940640646864,1
720575940605113376,720575940639846488,1
720575940605113376,720575940639686488,1
720575940605113376,720575940639100760,1
720575940605113376,720575940638964131,1
720575940605113376,720575940637788494,1
720575940605113376,720575940629498306,1
720575940605113376,720575940629277687,1
720575940605113376,720575940624859032,1
720575940605113376,720575940623946988,1
720575940605113376,720575940623503111,1
720575940605113376,720575940623369412,1
720575940605113376,720575940623315347,1
720575940605113376,720575940622976973,1
720575940605113376,720575940622837482,1
720575940605113376,720575940622558941,1
720575940605113376,720575940622305304,1
720575940605113376,720575940622067113,1
720575940605113376,720575940622050186,1
720575940605113376,720575940621944583,1
720575940605113376,720575940621897249,1
720575940605113376,720575940621832542,1
720575940605113376,720575940621056577,1
720575940605113376,720575940620754529,1
720575940605113376,720575940620469742,1
720575940605113376,720575940629222759,1
720575940605113376,720575940625482084,1
720575940605113376,720575940628887887,1
720575940605113376,720575940628735275,1
720575940605113376,720575940628415079,1
720575940605113376,720575940628398295,1
720575940605113376,720575940628394716,1
720575940605113376,720575940628353244,1
720575940605113376,720575940628304578,1
720575940605113376,720575940627351751,1
720575940605113376,720575940626991771,1
720575940605113376,720575940626820395,1
720575940605113376,720575940625900900,1
720575940605113376,720575940625486692,1
720575940607511900,720575940609143672,1
720575940607511900,720575940609220291,1
720575940607511900,720575940621121140,1
720575940607511900,720575940620923980,1
720575940607511900,720575940620813478,1
720575940607511900,720575940620649084,1
720575940607511900,720575940620355009,1
720575940607511900,720575940620143525,1
720575940607511900,720575940620020769,1
720575940607511900,720575940620020257,1
720575940607511900,720575940619896581,1
720575940607511900,720575940621413926,1
720575940607511900,720575940621802751,1
720575940607511900,720575940621863006,1
720575940607511900,720575940623914679,1
720575940607511900,720575940623554748,1
720575940607511900,720575940623203012,1
720575940607511900,720575940623030015,1
720575940607511900,720575940622698825,1
720575940607511900,720575940609944526,1
720575940607511900,720575940614229758,1
720575940607511900,720575940613954769,1
720575940607511900,720575940613738415,1
720575940607511900,720575940613735948,1
720575940607511900,720575940613727399,1
720575940607511900,720575940611769059,1
720575940607511900,720575940611453107,1
720575940607511900,720575940611204323,1
720575940607511900,720575940610990821,1
720575940607511900,720575940610773714,1
720575940607511900,720575940610669786,1
720575940607511900,720575940614229159,1
720575940607511900,720575940614551954,1
720575940607511900,720575940614862230,1
720575940607511900,720575940618592390,1
720575940607511900,720575940618470383,1
720575940607511900,720575940618419776,1
720575940607511900,720575940618036509,1
720575940607511900,720575940617857053,1
720575940607511900,720575940616041913,1
720575940607511900,720575940615785228,1
720575940607511900,720575940615780353,1
720575940607511900,720575940615255090,1
720575940653360289,720575940616052625,1
720575940653360289,720575940619077217,1
720575940653360289,720575940619054027,1
720575940653360289,720575940618226085,1
720575940653360289,720575940617516760,1
720575940653360289,720575940615780353,1
720575940605113376,720575940620282758,1
720575940653360289,720575940614900886,1
720575940653360289,720575940613799436,1
720575940653360289,720575940612728466,1
720575940653360289,720575940611586453,1
720575940653360289,720575940609999217,1
720575940653360289,720575940619587009,1
720575940653360289,720575940622412838,1
720575940653360289,720575940621786295,1
720575940653360289,720575940621770010,1
720575940653360289,720575940621382852,1
720575940653360289,720575940620210857,1
720575940653360289,720575940619938998,1
720575940653360289,720575940607054770,1
720575940653360289,720575940606579465,1
720575940653360289,720575940605627057,1
720575940650745977,720575940631284012,1
720575940650745977,720575940630879533,1
720575940650745977,720575940630764741,1
720575940650745977,720575940630592460,1
720575940650745977,720575940630456996,1
720575940650745977,720575940630425119,1
720575940650745977,720575940630419364,1
720575940650745977,720575940630332753,1
720575940650745977,720575940630265952,1
720575940650745977,720575940629917482,1
720575940650745977,720575940629201423,1
720575940650745977,720575940629133056,1
720575940650745977,720575940628309186,1
720575940650745977,720575940627020933,1
720575940650745977,720575940626930947,1
720575940650745977,720575940626510211,1
720575940650745977,720575940630969555,1
720575940650745977,720575940631553164,1
720575940650745977,720575940631998023,1
720575940650745977,720575940650270710,1
720575940650745977,720575940644609134,1
720575940650745977,720575940644413732,1
720575940650745977,720575940637320381,1
720575940650745977,720575940635659486,1
720575940650745977,720575940635656670,1
720575940650745977,720575940635150990,1
720575940650745977,720575940634939034,1
720575940650745977,720575940634800282,1
720575940650745977,720575940634640014,1
720575940650745977,720575940634638734,1
720575940650745977,720575940634347360,1
720575940650745977,720575940634117216,1
720575940650745977,720575940632930458,1
720575940650745977,720575940632835810,1
720575940653360289,720575940623973961,1
720575940653360289,720575940624107755,1
720575940605113376,720575940612717202,1
720575940605113376,720575940612575230,1
720575940605113376,720575940611696042,1
720575940605113376,720575940611111061,1
720575940605113376,720575940605606274,1
720575940605113376,720575940605407846,1
720575940605113376,720575940605000550,1
720575940653360289,720575940659297153,1
720575940653360289,720575940650270710,1
720575940653360289,720575940645828740,1
720575940605113376,720575940614282238,1
720575940605113376,720575940614524127,1
720575940605113376,720575940619970586,1
720575940605113376,720575940618905766,1
720575940605113376,720575940618657950,1
720575940605113376,720575940618436672,1
720575940605113376,720575940618337985,1
720575940605113376,720575940618245569,1
720575940605113376,720575940618194708,1
720575940605113376,720575940617628962,1
720575940605113376,720575940616910310,1
720575940605113376,720575940616723549,1
720575940605113376,720575940616702262,1
720575940605113376,720575940615974493,1
720575940605113376,720575940615961684,1
720575940653360289,720575940639726555,1
720575940653360289,720575940637595507,1
720575940653360289,720575940627307855,1
720575940653360289,720575940626930947,1
720575940653360289,720575940626294090,1
720575940653360289,720575940626251778,1
720575940653360289,720575940625837060,1
720575940653360289,720575940625720341,1
720575940653360289,720575940625692816,1
720575940653360289,720575940625343640,1
720575940653360289,720575940624800188,1
720575940653360289,720575940624596355,1
720575940653360289,720575940627016859,1
720575940653360289,720575940627778564,1
720575940653360289,720575940637320381,1
720575940653360289,720575940637184078,1
720575940653360289,720575940635659486,1
720575940653360289,720575940633215339,1
720575940653360289,720575940632848045,1
720575940653360289,720575940632804543,1
720575940653360289,720575940631975379,1
720575940653360289,720575940631575599,1
720575940653360289,720575940630571980,1
720575940653360289,720575940629863737,1
720575940653360289,720575940629133056,1
720575940607511900,720575940624149256,1
720575940607511900,720575940624195559,1
720575940607511900,720575940624294072,1
720575940612857878,720575940642328736,1
720575940614293485,720575940606892162,1
720575940612857878,720575940652875169,1
720575940612857878,720575940645377668,1
720575940612857878,720575940639903696,1
720575940612857878,720575940639071029,1
720575940612857878,720575940637835839,1
720575940614293485,720575940610101210,1
720575940614293485,720575940615196063,1
720575940614293485,720575940615696070,1
720575940614293485,720575940618210251,1
720575940614293485,720575940644413732,1
720575940614293485,720575940637754019,1
720575940614293485,720575940631575599,1
720575940614293485,720575940630969555,1
720575940614293485,720575940630879533,1
720575940614293485,720575940630573260,1
720575940614293485,720575940630415268,1
720575940614293485,720575940625702949,1
720575940614293485,720575940624596355,1
720575940614293485,720575940622861971,1
720575940614293485,720575940621090659,1
720575940614293485,720575940620403649,1
720575940614293485,720575940619938998,1
720575940614293485,720575940619808756,1
720575940614293485,720575940619742656,1
720575940614293485,720575940619444139,1
720575940612857878,720575940631062603,1
720575940612857878,720575940630063415,1
720575940612857878,720575940629633150,1
720575940612857878,720575940628415079,1
720575940612857878,720575940628353244,1
720575940612857878,720575940627205386,1
720575940612857878,720575940627170898,1
720575940612857878,720575940627077032,1
720575940612857878,720575940627045636,1
720575940612857878,720575940635803876,1
720575940612857878,720575940634954164,1
720575940612857878,720575940634937951,1
720575940612857878,720575940632980378,1
720575940612857878,720575940632919265,1
720575940612857878,720575940632111780,1
720575940612857878,720575940631801401,1
720575940612857878,720575940631627843,1
720575940612857878,720575940631531055,1
720575940612857878,720575940631406547,1
720575940614629799,720575940606579465,1
720575940614629799,720575940634664674,1
720575940614629799,720575940634514533,1
720575940614629799,720575940634351200,1
720575940614629799,720575940633226603,1
720575940614629799,720575940633103059,1
720575940614629799,720575940632371040,1
720575940615405718,720575940620333958,1
720575940615405718,720575940615671494,1
720575940614629799,720575940632437331,1
720575940614629799,720575940630775891,1
720575940614629799,720575940606698697,1
720575940614629799,720575940622412838,1
720575940614629799,720575940621606755,1
720575940614629799,720575940619077217,1
720575940614629799,720575940616860318,1
720575940614629799,720575940615832577,1
720575940614629799,720575940615671494,1
720575940614629799,720575940615196063,1
720575940614629799,720575940610580377,1
720575940614629799,720575940621762330,1
720575940614629799,720575940630331244,1
720575940614629799,720575940629319106,1
720575940614629799,720575940628826873,1
720575940614629799,720575940628514156,1
720575940614629799,720575940626305028,1
720575940614629799,720575940625500304,1
720575940614629799,720575940625328915,1
720575940614629799,720575940623973961,1
720575940612857878,720575940627018383,1
720575940612857878,720575940626991771,1
720575940607511900,720575940631782447,1
720575940607511900,720575940631775032,1
720575940607511900,720575940631620921,1
720575940607511900,720575940631432403,1
720575940607511900,720575940631388231,1
720575940607511900,720575940631237433,1
720575940607511900,720575940630651223,1
720575940607511900,720575940629973753,1
720575940607511900,720575940631879193,1
720575940607511900,720575940632210145,1
720575940607511900,720575940629541187,1
720575940607511900,720575940639157968,1
720575940607511900,720575940638995005,1
720575940607511900,720575940636640602,1
720575940607511900,720575940636560730,1
720575940607511900,720575940636059226,1
720575940607511900,720575940635033701,1
720575940607511900,720575940634018415,1
720575940607511900,720575940632725459,1
720575940607511900,720575940629814060,1
720575940607511900,720575940629504554,1
720575940607511900,720575940626550504,1
720575940607511900,720575940626226690,1
720575940607511900,720575940626225173,1
720575940607511900,720575940625600048,1
720575940607511900,720575940625499153,1
720575940607511900,720575940625264659,1
720575940607511900,720575940624676414,1
720575940607511900,720575940624601236,1
720575940607511900,720575940624453868,1
720575940607511900,720575940626825853,1
720575940607511900,720575940628331625,1
720575940607511900,720575940628138246,1
720575940607511900,720575940628103806,1
720575940607511900,720575940627700484,1
720575940607511900,720575940627295802,1
720575940607511900,720575940627245701,1
720575940607511900,720575940627157008,1
720575940607511900,720575940627082261,1
720575940607511900,720575940639172560,1
720575940607511900,720575940639278325,1
720575940612857878,720575940626864414,1
720575940612857878,720575940622163197,1
720575940612857878,720575940621809246,1
720575940612857878,720575940621658502,1
720575940612857878,720575940620469742,1
720575940612857878,720575940620424641,1
720575940612857878,720575940620282758,1
720575940612857878,720575940620176237,1
720575940612857878,720575940620012321,1
720575940612857878,720575940619967879,1
720575940612857878,720575940618994880,1
720575940612857878,720575940622697196,1
720575940612857878,720575940622981646,1
720575940612857878,720575940618746747,1
720575940612857878,720575940626669957,1
720575940612857878,720575940626430339,1
720575940612857878,720575940626220830,1
720575940612857878,720575940625482084,1
720575940612857878,720575940625451920,1
720575940612857878,720575940625323795,1
720575940612857878,720575940624721084,1
720575940612857878,720575940624693287,1
720575940612857878,720575940623546638,1
720575940612857878,720575940623488270,1
720575940612857878,720575940618765528,1
720575940612857878,720575940612770418,1
720575940612857878,720575940611946482,1
720575940612857878,720575940611111829,1
720575940612857878,720575940608345867,1
720575940612857878,720575940607010825,1
720575940607511900,720575940649691513,1
720575940607511900,720575940649650041,1
720575940607511900,720575940645236078,1
720575940607511900,720575940641360091,1
720575940607511900,720575940639727861,1
720575940612857878,720575940612717202,1
720575940612857878,720575940613782796,1
720575940612857878,720575940617856340,1
720575940612857878,720575940617834560,1
720575940612857878,720575940617811540,1
720575940612857878,720575940617176413,1
720575940612857878,720575940616859259,1
720575940612857878,720575940616162373,1
720575940612857878,720575940616095517,1
720575940612857878,720575940615838662,1
720575940612857878,720575940615544249,1
720575940612857878,720575940614495138,1
720575940612857878,720575940614318482,1
720575940650745977,720575940626496275,1
720575940650745977,720575940626362696,1
720575940650745977,720575940626305679,1
720575940644146724,720575940638975285,1
720575940646288419,720575940604319078,1
720575940644146724,720575940642010056,1
720575940644146724,720575940640756621,1
720575940644146724,720575940639749109,1
720575940646288419,720575940633932951,1
720575940644146724,720575940637320381,1
720575940644146724,720575940637211462,1
720575940646288419,720575940605817522,1
720575940646288419,720575940606783362,1
720575940646288419,720575940614240766,1
720575940646288419,720575940614229415,1
720575940646288419,720575940613737647,1
720575940646288419,720575940612853354,1
720575940646288419,720575940610669786,1
720575940644146724,720575940632068383,1
720575940644146724,720575940631880217,1
720575940644146724,720575940631284012,1
720575940644146724,720575940631216682,1
720575940644146724,720575940630949187,1
720575940644146724,720575940630612620,1
720575940644146724,720575940630555340,1
720575940644146724,720575940630452388,1
720575940644146724,720575940630331244,1
720575940644146724,720575940630265952,1
720575940644146724,720575940629834796,1
720575940644146724,720575940632718291,1
720575940644146724,720575940632929690,1
720575940644146724,720575940636553306,1
720575940644146724,720575940633074015,1
720575940644146724,720575940635016048,1
720575940644146724,720575940634890175,1
720575940644146724,720575940634800282,1
720575940644146724,720575940634468197,1
720575940644146724,720575940634464869,1
720575940644146724,720575940633908124,1
720575940644146724,720575940633312482,1
720575940644146724,720575940633226603,1
720575940646288419,720575940615965140,1
720575940646288419,720575940616306210,1
720575940646288419,720575940628002822,1
720575940646288419,720575940627573659,1
720575940646288419,720575940627210373,1
720575940646288419,720575940627158098,1
720575940646288419,720575940626901278,1
720575940646288419,720575940626896643,1
720575940646288419,720575940626874097,1
720575940646288419,720575940626226690,1
720575940646288419,720575940626225173,1
720575940646288419,720575940626002494,1
720575940646288419,720575940628257914,1
720575940646288419,720575940628471392,1
720575940646288419,720575940628608272,1
720575940646288419,720575940632371737,1
720575940646288419,720575940631782712,1
720575940646288419,720575940631782447,1
720575940646288419,720575940631549743,1
720575940646288419,720575940631143383,1
720575940646288419,720575940630868525,1
720575940646288419,720575940630722757,1
720575940646288419,720575940630411259,1
720575940646288419,720575940630139599,1
720575940646288419,720575940629397079,1
720575940646288419,720575940629233145,1
720575940646288419,720575940625781541,1
720575940646288419,720575940621538431,1
720575940646288419,720575940621129181,1
720575940646288419,720575940621073117,1
720575940646288419,720575940621023809,1
720575940646288419,720575940620422494,1
720575940646288419,720575940620410606,1
720575940646288419,720575940619842580,1
720575940646288419,720575940619026241,1
720575940646288419,720575940618657334,1
720575940646288419,720575940618394453,1
720575940646288419,720575940621413158,1
720575940646288419,720575940621594723,1
720575940646288419,720575940625600048,1
720575940646288419,720575940625002526,1
720575940646288419,720575940624574922,1
720575940646288419,720575940624159376,1
720575940646288419,720575940623377555,1
720575940646288419,720575940623032970,1
720575940646288419,720575940622979475,1
720575940646288419,720575940622075274,1
720575940644146724,720575940629211666,1
720575940644146724,720575940617516760,1
720575940644146724,720575940617478427,1
720575940644146724,720575940616860318,1
720575940644146724,720575940616672822,1
720575940644146724,720575940616547648,1
720575940644146724,720575940616208965,1
720575940644146724,720575940615481489,1
720575940644146724,720575940615401433,1
720575940644146724,720575940615344315,1
720575940644146724,720575940619781620,1
720575940644146724,720575940619587009,1
720575940644146724,720575940619516144,1
720575940644146724,720575940619435399,1
720575940644146724,720575940619078592,1
720575940644146724,720575940618876062,1
720575940644146724,720575940618662939,1
720575940644146724,720575940618586459,1
720575940644146724,720575940618545903,1
720575940644146724,720575940620333958,1
720575940644146724,720575940611343054,1
720575940644146724,720575940609940373,1
720575940644146724,720575940609371086,1
720575940644146724,720575940608772821,1
720575940644146724,720575940608447241,1
720575940644146724,720575940608191836,1
720575940644146724,720575940607981636,1
720575940644146724,720575940607310531,1
720575940644146724,720575940607054770,1
720575940644146724,720575940606864341,1
720575940644146724,720575940606579465,1
720575940644146724,720575940613799436,1
720575940644146724,720575940613434178,1
720575940644146724,720575940613248479,1
720575940644146724,720575940612765846,1
720575940644146724,720575940612725906,1
720575940644146724,720575940612706706,1
720575940644146724,720575940612668018,1
720575940644146724,720575940612435198,1
720575940644146724,720575940612091601,1
720575940644146724,720575940611988008,1
720575940644146724,720575940611802330,1
720575940644146724,720575940620351838,1
720575940644146724,720575940629022875,1
720575940644146724,720575940626655321,1
720575940644146724,720575940626646544,1
720575940644146724,720575940626305028,1
720575940644146724,720575940625720341,1
720575940644146724,720575940625015070,1
720575940644146724,720575940624626563,1
720575940644146724,720575940624596355,1
720575940644146724,720575940627020933,1
720575940644146724,720575940627069203,1
720575940644146724,720575940628885591,1
720575940644146724,720575940628773113,1
720575940644146724,720575940628640079,1
720575940644146724,720575940628531308,1
720575940644146724,720575940628291407,1
720575940644146724,720575940628045318,1
720575940644146724,720575940627908624,1
720575940644146724,720575940627243623,1
720575940644146724,720575940624125114,1
720575940644146724,720575940621541514,1
720575940644146724,720575940621225910,1
720575940644146724,720575940621203376,1
720575940644146724,720575940620931750,1
720575940644146724,720575940620904780,1
720575940644146724,720575940620413355,1
720575940644146724,720575940621606755,1
720575940644146724,720575940621882401,1
720575940644146724,720575940624114494,1
720575940644146724,720575940621922398,1
720575940644146724,720575940624107755,1
720575940644146724,720575940624107706,1
720575940644146724,720575940624060208,1
720575940644146724,720575940623973961,1
720575940644146724,720575940623166471,1
720575940644146724,720575940622888205,1
720575940644146724,720575940622112636,1
720575940644146724,720575940622005025,1
720575940644146724,720575940621925417,1
720575940650745977,720575940625732496,1
720575940647165828,720575940626792209,1
720575940647165828,720575940627552168,1
720575940647165828,720575940627480853,1
720575940647165828,720575940627166522,1
720575940647165828,720575940626729515,1
720575940647165828,720575940626640158,1
720575940647165828,720575940626513171,1
720575940647165828,720575940626513027,1
720575940647165828,720575940625900900,1
720575940647165828,720575940625690140,1
720575940647165828,720575940625482084,1
720575940647165828,720575940625266057,1
720575940647165828,720575940627568646,1
720575940647165828,720575940628175363,1
720575940647165828,720575940628300529,1
720575940647165828,720575940630935570,1
720575940647165828,720575940630560505,1
720575940647165828,720575940630360377,1
720575940647165828,720575940630039547,1
720575940647165828,720575940629922166,1
720575940647165828,720575940629804544,1
720575940647165828,720575940629782091,1
720575940647165828,720575940629502506,1
720575940647165828,720575940629294636,1
720575940647165828,720575940628917980,1
720575940647165828,720575940628868943,1
720575940647165828,720575940628694007,1
720575940647165828,720575940628685059,1
720575940647165828,720575940628374121,1
720575940647165828,720575940624941326,1
720575940647165828,720575940624584579,1
720575940647165828,720575940624494996,1
720575940647165828,720575940621730687,1
720575940647165828,720575940621471732,1
720575940647165828,720575940621071203,1
720575940647165828,720575940621017840,1
720575940647165828,720575940620282758,1
720575940647165828,720575940620235968,1
720575940647165828,720575940620153876,1
720575940647165828,720575940620079856,1
720575940647165828,720575940620059045,1
720575940647165828,720575940620055790,1
720575940647165828,720575940620007457,1
720575940647165828,720575940619828359,1
720575940647165828,720575940619658433,1
720575940647165828,720575940619375701,1
720575940647165828,720575940618765528,1
720575940647165828,720575940618339777,1
720575940647165828,720575940621680133,1
720575940647165828,720575940621763767,1
720575940647165828,720575940624288520,1
720575940647165828,720575940621944583,1
720575940647165828,720575940624265572,1
720575940647165828,720575940623914954,1
720575940647165828,720575940623426633,1
720575940647165828,720575940623369412,1
720575940647165828,720575940623191334,1
720575940647165828,720575940622972686,1
720575940647165828,720575940622930957,1
720575940647165828,720575940622890509,1
720575940647165828,720575940622844903,1
720575940647165828,720575940622748868,1
720575940647165828,720575940622723683,1
720575940647165828,720575940622697196,1
720575940647165828,720575940622263510,1
720575940647165828,720575940622162505,1
720575940647165828,720575940622013564,1
720575940647165828,720575940631453763,1
720575940647165828,720575940631531055,1
720575940647165828,720575940631625272,1
720575940650745977,720575940619863174,1
720575940650745977,720575940619414132,1
720575940650745977,720575940619077217,1
720575940650745977,720575940619054027,1
720575940650745977,720575940619041133,1
720575940650745977,720575940617926198,1
720575940650745977,720575940617911360,1
720575940650745977,720575940617708747,1
720575940650745977,720575940615897501,1
720575940650745977,720575940615696070,1
720575940650745977,720575940615409625,1
720575940650745977,720575940615136059,1
720575940650745977,720575940614902667,1
720575940650745977,720575940614861974,1
720575940650745977,720575940614132667,1
720575940650745977,720575940614121147,1
720575940650745977,720575940614115515,1
720575940650745977,720575940613941042,1
720575940650745977,720575940619587009,1
720575940650745977,720575940619938998,1
720575940650745977,720575940620403649,1
720575940650745977,720575940625720341,1
720575940650745977,720575940625223690,1
720575940650745977,720575940625158437,1
720575940650745977,720575940625023869,1
720575940650745977,720575940624648067,1
720575940650745977,720575940624492802,1
720575940650745977,720575940624327196,1
720575940650745977,720575940624232974,1
720575940650745977,720575940622803850,1
720575940650745977,720575940622641132,1
720575940650745977,720575940622412838,1
720575940650745977,720575940622249949,1
720575940650745977,720575940621475085,1
720575940650745977,720575940620413355,1
720575940650745977,720575940613684906,1
720575940650745977,720575940612728466,1
720575940647165828,720575940631731620,1
720575940647165828,720575940638480061,1
720575940647165828,720575940636769343,1
720575940647165828,720575940636364133,1
720575940647165828,720575940635614942,1
720575940647165828,720575940634858676,1
720575940647165828,720575940633773849,1
720575940647165828,720575940633493660,1
720575940647165828,720575940632963245,1
720575940647165828,720575940632805037,1
720575940647165828,720575940632115247,1
720575940647165828,720575940631801631,1
720575940647165828,720575940631764281,1
720575940647165828,720575940639090997,1
720575940647165828,720575940639286606,1
720575940650745977,720575940612668018,1
720575940647165828,720575940639409315,1
720575940650745977,720575940611660714,1
720575940650745977,720575940611586453,1
720575940650745977,720575940610943897,1
720575940650745977,720575940610347929,1
720575940650745977,720575940608806776,1
720575940650745977,720575940607993668,1
720575940650745977,720575940607804939,1
720575940650745977,720575940607030281,1
720575940650745977,720575940604934572,1
720575940650745977,720575940604806345,1
720575940650745977,720575940603673120,1
720575940647165828,720575940657869953,1
720575940647165828,720575940646602372,1
720575940647165828,720575940645819268,1
720575940647165828,720575940640688592,1
720575940647165828,720575940640646864,1
720575940647165828,720575940618201620,1
720575940647165828,720575940618184839,1
720575940646582836,720575940621056577,1
720575940646582836,720575940620655169,1
720575940646582836,720575940620603245,1
720575940646582836,720575940620442817,1
720575940646582836,720575940620235968,1
720575940646582836,720575940619970586,1
720575940646582836,720575940619895329,1
720575940646582836,720575940619375701,1
720575940646582836,720575940618657950,1
720575940646582836,720575940617769217,1
720575940646582836,720575940617249108,1
720575940646582836,720575940616911262,1
720575940646582836,720575940620883917,1
720575940646582836,720575940621162416,1
720575940646582836,720575940621321412,1
720575940646582836,720575940623946988,1
720575940646582836,720575940623358645,1
720575940646582836,720575940623105023,1
720575940646582836,720575940623009549,1
720575940646582836,720575940622972686,1
720575940646582836,720575940622926472,1
720575940646582836,720575940622723683,1
720575940646582836,720575940622697196,1
720575940646582836,720575940622451273,1
720575940646582836,720575940622263510,1
720575940646582836,720575940621869918,1
720575940646582836,720575940621553535,1
720575940646582836,720575940616702262,1
720575940646582836,720575940604884396,1
720575940646288419,720575940653332385,1
720575940646288419,720575940649650041,1
720575940646288419,720575940645386884,1
720575940646288419,720575940644946211,1
720575940646288419,720575940643501472,1
720575940646288419,720575940642022088,1
720575940646288419,720575940638662352,1
720575940646288419,720575940637999950,1
720575940646288419,720575940637148486,1
720575940646288419,720575940635807087,1
720575940646288419,720575940658101121,1
720575940646582836,720575940604963942,1
720575940646582836,720575940616245365,1
720575940646582836,720575940615931293,1
720575940646582836,720575940614887830,1
720575940646582836,720575940614524127,1
720575940646582836,720575940613987730,1
720575940646582836,720575940612607953,1
720575940646582836,720575940612563454,1
720575940646582836,720575940612178418,1
720575940646582836,720575940610907490,1
720575940646582836,720575940609950869,1
720575940646582836,720575940608662485,1
720575940646582836,720575940606963586,1
720575940646582836,720575940624271716,1
720575940646582836,720575940624288520,1
720575940647165828,720575940613713704,1
720575940647165828,720575940612575230,1
720575940647165828,720575940612384665,1
720575940647165828,720575940611943976,1
720575940647165828,720575940611129571,1
720575940647165828,720575940611001061,1
720575940647165828,720575940610960994,1
720575940647165828,720575940610191795,1
720575940647165828,720575940609935310,1
720575940647165828,720575940609179331,1
720575940647165828,720575940607280306,1
720575940647165828,720575940606968962,1
720575940647165828,720575940606893186,1
720575940647165828,720575940606347394,1
720575940647165828,720575940605552742,1
720575940647165828,720575940604997152,1
720575940647165828,720575940612607953,1
720575940647165828,720575940613782796,1
720575940646582836,720575940659316609,1
720575940647165828,720575940614318482,1
720575940647165828,720575940617395412,1
720575940647165828,720575940617370909,1
720575940647165828,720575940616440098,1
720575940647165828,720575940615931293,1
720575940647165828,720575940615447764,1
720575940647165828,720575940615386324,1
720575940647165828,720575940615219778,1
720575940647165828,720575940615193100,1
720575940647165828,720575940614887830,1
720575940647165828,720575940614778454,1
720575940647165828,720575940614606738,1
720575940647165828,720575940614524127,1
720575940647165828,720575940614447922,1
720575940647165828,720575940614418118,1
720575940647165828,720575940603111392,1
720575940646582836,720575940657869953,1
720575940646582836,720575940624429036,1
720575940646582836,720575940630679895,1
720575940646582836,720575940630351903,1
720575940646582836,720575940630312785,1
720575940646582836,720575940630176047,1
720575940646582836,720575940629854764,1
720575940646582836,720575940628725455,1
720575940646582836,720575940628714358,1
720575940646582836,720575940627585286,1
720575940646582836,720575940627205386,1
720575940646582836,720575940626669957,1
720575940646582836,720575940626547817,1
720575940646582836,720575940625156901,1
720575940646582836,720575940624974010,1
720575940646582836,720575940624770574,1
720575940646582836,720575940630620747,1
720575940646582836,720575940631048267,1
720575940646582836,720575940646419235,1
720575940646582836,720575940632077127,1
720575940646582836,720575940643547296,1
720575940646582836,720575940640634787,1
720575940646582836,720575940637804260,1
720575940646582836,720575940636364133,1
720575940646582836,720575940636242039,1
720575940646582836,720575940635465908,1
720575940646582836,720575940634235744,1
720575940646582836,720575940632963245,1
720575940646582836,720575940632584787,1
720575940646582836,720575940632495052,1
720575940646582836,720575940632433828,1
720575940646582836,720575940632169007,1
720575940646582836,720575940632123439,1
720575940618943389,720575940621786807,1
720575940618943389,720575940621786295,1
720575940618943389,720575940621770010,1
720575940618943389,720575940621567472,1
720575940618943389,720575940621376196,1
720575940618943389,720575940621359142,1
720575940618943389,720575940621250486,1
720575940618943389,720575940621228894,1
720575940618943389,720575940621203376,1
720575940618943389,720575940621176670,1
720575940618943389,720575940621882401,1
720575940618943389,720575940621885191,1
720575940618943389,720575940622888205,1
720575940618943389,720575940622857447,1
720575940618943389,720575940622803850,1
720575940618943389,720575940622727572,1
720575940618943389,720575940622671613,1
720575940618943389,720575940622633203,1
720575940618943389,720575940622595827,1
720575940618943389,720575940622412838,1
720575940618943389,720575940622217033,1
720575940618943389,720575940622133206,1
720575940618943389,720575940622102763,1
720575940618943389,720575940622005025,1
720575940618943389,720575940622003316,1
720575940618943389,720575940621983777,1
720575940618943389,720575940621005044,1
720575940618943389,720575940620931750,1
720575940618943389,720575940619404214,1
720575940618943389,720575940619684688,1
720575940618943389,720575940619665023,1
720575940618943389,720575940619630207,1
720575940618943389,720575940619587009,1
720575940618943389,720575940619516144,1
720575940618943389,720575940619509744,1
720575940618943389,720575940619412596,1
720575940618943389,720575940619404982,1
720575940618943389,720575940619156565,1
720575940618943389,720575940619090529,1
720575940618943389,720575940619041133,1
720575940618943389,720575940618989421,1
720575940618943389,720575940619781620,1
720575940618943389,720575940620685436,1
720575940618943389,720575940620578269,1
720575940618943389,720575940620465996,1
720575940618943389,720575940620464204,1
720575940618943389,720575940620434671,1
720575940618943389,720575940620413355,1
720575940618943389,720575940620356800,1
720575940618943389,720575940620187305,1
720575940618943389,720575940620109191,1
720575940618943389,720575940620058236,1
720575940618943389,720575940620051580,1
720575940618943389,720575940619937718,1
720575940618943389,720575940619897734,1
720575940618943389,720575940619863174,1
720575940618943389,720575940619802539,1
720575940618943389,720575940625995251,1
720575940618943389,720575940626474889,1
720575940618943389,720575940626464901,1
720575940618943389,720575940626331978,1
720575940618943389,720575940626305679,1
720575940618943389,720575940626294090,1
720575940618943389,720575940626194716,1
720575940618943389,720575940626089980,1
720575940618943389,720575940625939801,1
720575940618943389,720575940625692816,1
720575940618943389,720575940625691669,1
720575940618943389,720575940626496275,1
720575940618943389,720575940626526218,1
720575940618943389,720575940626560857,1
720575940618943389,720575940627094917,1
720575940618943389,720575940627089930,1
720575940618943389,720575940627043666,1
720575940618943389,720575940627020933,1
720575940618943389,720575940627003547,1
720575940618943389,720575940626975899,1
720575940618943389,720575940626930947,1
720575940618943389,720575940626906142,1
720575940618943389,720575940626794027,1
720575940618943389,720575940626657808,1
720575940618943389,720575940626622480,1
720575940618943389,720575940626621498,1
720575940618943389,720575940625642340,1
720575940618943389,720575940624232974,1
720575940618943389,720575940624158906,1
720575940618943389,720575940624114494,1
720575940618943389,720575940624107755,1
720575940618943389,720575940624107706,1
720575940618943389,720575940624054675,1
720575940618943389,720575940625508400,1
720575940618943389,720575940624327196,1
720575940618943389,720575940625500304,1
720575940618943389,720575940625318163,1
720575940618943389,720575940624852120,1
720575940618943389,720575940624800188,1
720575940618943389,720575940624704002,1
720575940618943389,720575940624601731,1
720575940618943389,720575940624572052,1
720575940618943389,720575940624492802,1
720575940618943389,720575940624453868,1
720575940618943389,720575940624426533,1
720575940618943389,720575940624392220,1
720575940626455326,720575940631388231,1
720575940618943389,720575940607030281,1
720575940618943389,720575940606902741,1
720575940618943389,720575940606892162,1
720575940618943389,720575940606864341,1
720575940618943389,720575940606579465,1
720575940618943389,720575940606454108,1
720575940618943389,720575940605997513,1
720575940618943389,720575940605627057,1
720575940618943389,720575940605541920,1
720575940618943389,720575940605451552,1
720575940618943389,720575940604806345,1
720575940618943389,720575940607310531,1
720575940618943389,720575940607351747,1
720575940618943389,720575940607981636,1
720575940618943389,720575940610175218,1
720575940618943389,720575940610167987,1
720575940618943389,720575940609970801,1
720575940618943389,720575940609940373,1
720575940618943389,720575940609871253,1
720575940618943389,720575940609371086,1
720575940618943389,720575940609190866,1
720575940618943389,720575940609184210,1
720575940618943389,720575940609104579,1
720575940618943389,720575940608806776,1
720575940618943389,720575940608774776,1
720575940618943389,720575940608662574,1
720575940618943389,720575940608550409,1
720575940618943389,720575940608433476,1
720575940618943389,720575940618662939,1
720575940614677810,720575940630477305,1
720575940614677810,720575940630269404,1
720575940614677810,720575940630047080,1
720575940614677810,720575940629978666,1
720575940614677810,720575940629855340,1
720575940614677810,720575940629788012,1
720575940614677810,720575940629532098,1
720575940618943389,720575940603688224,1
720575940614677810,720575940628408055,1
720575940614677810,720575940628201259,1
720575940614677810,720575940627479829,1
720575940614677810,720575940626081176,1
720575940614677810,720575940625724072,1
720575940614677810,720575940625715733,1
720575940614677810,720575940631002386,1
720575940614677810,720575940631256168,1
720575940614677810,720575940631625272,1
720575940618943389,720575940603673120,1
720575940618943389,720575940603642982,1
720575940618943389,720575940603084972,1
720575940614677810,720575940652799649,1
720575940614677810,720575940646034740,1
720575940614677810,720575940639733211,1
720575940614677810,720575940639286606,1
720575940614677810,720575940639118168,1
720575940614677810,720575940637964521,1
720575940614677810,720575940637446622,1
720575940614677810,720575940637169998,1
720575940614677810,720575940636364133,1
720575940614677810,720575940634849375,1
720575940614677810,720575940633996911,1
720575940614677810,720575940633212779,1
720575940618943389,720575940610336610,1
720575940618943389,720575940616672822,1
720575940618943389,720575940616345403,1
720575940618943389,720575940616208965,1
720575940618943389,720575940610358501,1
720575940618943389,720575940615897245,1
720575940618943389,720575940615894173,1
720575940618943389,720575940615832577,1
720575940618943389,720575940615465433,1
720575940618943389,720575940615409625,1
720575940618943389,720575940615270962,1
720575940618943389,720575940615136059,1
720575940618943389,720575940616781241,1
720575940618943389,720575940617238457,1
720575940618943389,720575940618547280,1
720575940618943389,720575940618544367,1
720575940618943389,720575940618526912,1
720575940618943389,720575940618226085,1
720575940618943389,720575940617926198,1
720575940618943389,720575940617878080,1
720575940618943389,720575940617814429,1
720575940618943389,720575940617750173,1
720575940618943389,720575940617727435,1
720575940618943389,720575940617708747,1
720575940618943389,720575940617650722,1
720575940618943389,720575940617529318,1
720575940618943389,720575940617456798,1
720575940618943389,720575940617321243,1
720575940618943389,720575940614854294,1
720575940618943389,720575940614803286,1
720575940618943389,720575940611686629,1
720575940618943389,720575940611664281,1
720575940618943389,720575940611660714,1
720575940618943389,720575940610946730,1
720575940618943389,720575940610691507,1
720575940618943389,720575940610470130,1
720575940618943389,720575940610386661,1
720575940618943389,720575940614772383,1
720575940618943389,720575940614251670,1
720575940618943389,720575940614186602,1
720575940618943389,720575940614010419,1
720575940618943389,720575940613799436,1
720575940618943389,720575940613684906,1
720575940618943389,720575940613540767,1
720575940618943389,720575940613434178,1
720575940618943389,720575940613421890,1
720575940618943389,720575940613156067,1
720575940618943389,720575940612924522,1
720575940618943389,720575940612896106,1
720575940618943389,720575940612778646,1
720575940618943389,720575940612767126,1
720575940618943389,720575940612725906,1
720575940618943389,720575940612435198,1
720575940618943389,720575940627097361,1
720575940626455326,720575940604489649,1
720575940626455326,720575940602553568,1
720575940625615248,720575940641889952,1
720575940625615248,720575940638619358,1
720575940625615248,720575940636092393,1
720575940625615248,720575940634464869,1
720575940626455326,720575940605029250,1
720575940626455326,720575940605817522,1
720575940626455326,720575940614131131,1
720575940626455326,720575940613954769,1
720575940626455326,720575940613213151,1
720575940626455326,720575940613119459,1
720575940626455326,720575940612853354,1
720575940626455326,720575940612763542,1
720575940626455326,720575940612240918,1
720575940626455326,720575940610784179,1
720575940626455326,720575940609921230,1
720575940626455326,720575940609208530,1
720575940626455326,720575940609163986,1
720575940626455326,720575940608281180,1
720575940626455326,720575940607330499,1
720575940626455326,720575940606496011,1
720575940625615248,720575940633908124,1
720575940618943389,720575940627243623,1
720575940618943389,720575940644554606,1
720575940618943389,720575940646606724,1
720575940618943389,720575940645759523,1
720575940618943389,720575940644747572,1
720575940618943389,720575940643830126,1
720575940618943389,720575940643769544,1
720575940618943389,720575940649649529,1
720575940618943389,720575940650270710,1
720575940625615248,720575940632932762,1
720575940618943389,720575940654752417,1
720575940626455326,720575940615965140,1
720575940626455326,720575940625937797,1
720575940626455326,720575940627295802,1
720575940626455326,720575940627097733,1
720575940626455326,720575940627082261,1
720575940626455326,720575940616041913,1
720575940626455326,720575940625564816,1
720575940626455326,720575940625506704,1
720575940626455326,720575940624660313,1
720575940626455326,720575940624294072,1
720575940626455326,720575940627573659,1
720575940626455326,720575940627920071,1
720575940626455326,720575940630722757,1
720575940626455326,720575940630651223,1
720575940626455326,720575940629973753,1
720575940626455326,720575940629814060,1
720575940626455326,720575940629328591,1
720575940626455326,720575940629233145,1
720575940626455326,720575940629010331,1
720575940626455326,720575940628610811,1
720575940626455326,720575940628590595,1
720575940626455326,720575940628404188,1
720575940626455326,720575940628367836,1
720575940626455326,720575940628257914,1
720575940626455326,720575940623032970,1
720575940626455326,720575940620355009,1
720575940626455326,720575940620230497,1
720575940626455326,720575940620143525,1
720575940626455326,720575940619651019,1
720575940626455326,720575940619535563,1
720575940626455326,720575940619254448,1
720575940626455326,720575940618592390,1
720575940626455326,720575940618572422,1
720575940626455326,720575940618394453,1
720575940626455326,720575940618036509,1
720575940626455326,720575940617650481,1
720575940626455326,720575940617514726,1
720575940626455326,720575940616222438,1
720575940626455326,720575940620410606,1
720575940626455326,720575940622979475,1
720575940626455326,720575940620495830,1
720575940626455326,720575940622768397,1
720575940626455326,720575940622737812,1
720575940626455326,720575940622698825,1
720575940626455326,720575940622428087,1
720575940626455326,720575940622204157,1
720575940626455326,720575940621802751,1
720575940626455326,720575940621460645,1
720575940626455326,720575940621413670,1
720575940626455326,720575940621413158,1
720575940626455326,720575940621023809,1
720575940626455326,720575940620649084,1
720575940626455326,720575940620520513,1
720575940618943389,720575940640905205,1
720575940618943389,720575940640883931,1
720575940618943389,720575940630250543,1
720575940618943389,720575940630222895,1
720575940618943389,720575940630067816,1
720575940618943389,720575940630026856,1
720575940618943389,720575940629834796,1
720575940618943389,720575940629733314,1
720575940618943389,720575940629522474,1
720575940618943389,720575940631573039,1
720575940618943389,720575940629474090,1
720575940618943389,720575940629365804,1
720575940618943389,720575940629319106,1
720575940618943389,720575940629259638,1
720575940618943389,720575940629201423,1
720575940618943389,720575940629133056,1
720575940618943389,720575940630265952,1
720575940618943389,720575940630331244,1
720575940618943389,720575940630425119,1
720575940618943389,720575940630443791,1
720575940618943389,720575940631485251,1
720575940618943389,720575940631425235,1
720575940618943389,720575940631408610,1
720575940618943389,720575940631284012,1
720575940618943389,720575940631054540,1
720575940618943389,720575940630949187,1
720575940618943389,720575940630947395,1
720575940618943389,720575940630780755,1
720575940618943389,720575940630613835,1
720575940618943389,720575940630573260,1
720575940618943389,720575940630561484,1
720575940618943389,720575940630537676,1
720575940618943389,720575940627908624,1
720575940618943389,720575940627782148,1
720575940618943389,720575940627778564,1
720575940618943389,720575940627775938,1
720575940618943389,720575940627768567,1
720575940618943389,720575940627741562,1
720575940618943389,720575940627621626,1
720575940618943389,720575940627552680,1
720575940618943389,720575940627332100,1
720575940618943389,720575940627307855,1
720575940618943389,720575940627263162,1
720575940618943389,720575940627244699,1
720575940618943389,720575940627987756,1
720575940618943389,720575940628895831,1
720575940618943389,720575940628761039,1
720575940618943389,720575940628640079,1
720575940618943389,720575940628538679,1
720575940618943389,720575940628533356,1
720575940618943389,720575940628531308,1
720575940618943389,720575940628519020,1
720575940618943389,720575940628514156,1
720575940618943389,720575940628506732,1
720575940618943389,720575940628269628,1
720575940618943389,720575940628188732,1
720575940618943389,720575940628152838,1
720575940618943389,720575940628060166,1
720575940618943389,720575940631553164,1
720575940618943389,720575940636605530,1
720575940618943389,720575940636553390,1
720575940618943389,720575940636447630,1
720575940618943389,720575940636168414,1
720575940618943389,720575940636146409,1
720575940618943389,720575940635016048,1
720575940618943389,720575940634920543,1
720575940618943389,720575940634890175,1
720575940618943389,720575940634664674,1
720575940618943389,720575940634638990,1
720575940618943389,720575940637695395,1
720575940618943389,720575940639749109,1
720575940618943389,720575940639727067,1
720575940618943389,720575940638619358,1
720575940618943389,720575940638531637,1
720575940618943389,720575940637869028,1
720575940618943389,720575940637773117,1
720575940618943389,720575940634514533,1
720575940618943389,720575940633140887,1
720575940618943389,720575940633093483,1
720575940618943389,720575940633075163,1
720575940618943389,720575940633074015,1
720575940618943389,720575940633073760,1
720575940618943389,720575940633040223,1
720575940618943389,720575940632964269,1
720575940618943389,720575940632951266,1
720575940618943389,720575940632932762,1
720575940618943389,720575940632585043,1
720575940618943389,720575940632473440,1
720575940618943389,720575940632366623,1
720575940618943389,720575940631998023,1
720575940618943389,720575940631759161,1
720575940618943389,720575940633243755,1
720575940618943389,720575940634362999,1
720575940618943389,720575940633516980,1
720575940618943389,720575940634351200,1
720575940618943389,720575940634117216,1
720575940618943389,720575940634012015,1
720575940618943389,720575940634001007,1
720575940618943389,720575940634000495,1
720575940618943389,720575940633989999,1
720575940618943389,720575940633908124,1
720575940618943389,720575940633886765,1
720575940618943389,720575940633813785,1
720575940618943389,720575940633569784,1
720575940618943389,720575940633552820,1
720575940618943389,720575940633521588,1
720575940646852660,720575940621925417,1
720575940640747864,720575940625642340,1
720575940640747864,720575940622462472,1
720575940640747864,720575940619863174,1
720575940640747864,720575940619808756,1
720575940640747864,720575940618506155,1
720575940640747864,720575940617902676,1
720575940640747864,720575940615897501,1
720575940640747864,720575940614428722,1
720575940640747864,720575940611802330,1
720575940640747864,720575940610990821,1
720575940640747864,720575940608772821,1
720575940640747864,720575940605036418,1
720575940640747864,720575940626043454,1
720575940640747864,720575940659314817,1
720575940640747864,720575940648995705,1
720575940640747864,720575940637222470,1
720575940640747864,720575940636640602,1
720575940640747864,720575940634890175,1
720575940640747864,720575940634514533,1
720575940640747864,720575940631408199,1
720575940640747864,720575940628054839,1
720575940640747864,720575940626621498,1
720575940646852660,720575940617478427,1
720575940646852660,720575940615832577,1
720575940612623474,720575940605552742,1
720575940612623474,720575940608662485,1
720575940612623474,720575940608345867,1
720575940612623474,720575940607280306,1
720575940612623474,720575940607010825,1
720575940612623474,720575940606968962,1
720575940612623474,720575940606893186,1
720575940610523746,720575940630879533,1
720575940612623474,720575940604999526,1
720575940612623474,720575940604935340,1
720575940612623474,720575940602564320,1
720575940610523746,720575940645828740,1
720575940610523746,720575940636168414,1
720575940610523746,720575940634000495,1
720575940610523746,720575940633813785,1
720575940612623474,720575940610375726,1
720575940612623474,720575940620274497,1
720575940612623474,720575940619978266,1
720575940612623474,720575940619695553,1
720575940612623474,720575940619597761,1
720575940612623474,720575940619155029,1
720575940612623474,720575940619154891,1
720575940612623474,720575940618198721,1
720575940612623474,720575940618184839,1
720575940612623474,720575940617834560,1
720575940612623474,720575940617756450,1
720575940612623474,720575940617249108,1
720575940612623474,720575940616702262,1
720575940612623474,720575940616095517,1
720575940612623474,720575940616087323,1
720575940612623474,720575940613987635,1
720575940610523746,720575940632078929,1
720575940610523746,720575940620816961,1
720575940610523746,720575940620276801,1
720575940610523746,720575940619808756,1
720575940610523746,720575940618548975,1
720575940610523746,720575940618547280,1
720575940610523746,720575940618210251,1
720575940610523746,720575940617605154,1
720575940610523746,720575940616878238,1
720575940610523746,720575940616044850,1
720575940610523746,720575940614902667,1
720575940610523746,720575940613684906,1
720575940610523746,720575940613593503,1
720575940610523746,720575940613501855,1
720575940610523746,720575940621922398,1
720575940610523746,720575940622216009,1
720575940610523746,720575940628291407,1
720575940610523746,720575940628269628,1
720575940610523746,720575940627775938,1
720575940610523746,720575940627768567,1
720575940610523746,720575940627587078,1
720575940610523746,720575940627307855,1
720575940610523746,720575940626362696,1
720575940610523746,720575940626294090,1
720575940610523746,720575940626089980,1
720575940610523746,720575940626044924,1
720575940610523746,720575940624114494,1
720575940610523746,720575940624054675,1
720575940610523746,720575940623978789,1
720575940612623474,720575940620603245,1
720575940614677810,720575940607792139,1
720575940614677810,720575940611946482,1
720575940614677810,720575940611936474,1
720575940614677810,720575940611748594,1
720575940614677810,720575940608801749,1
720575940614677810,720575940608662485,1
720575940612623474,720575940620862273,1
720575940614677810,720575940606967730,1
720575940614677810,720575940606892674,1
720575940614677810,720575940604884396,1
720575940612623474,720575940649012857,1
720575940612623474,720575940645377668,1
720575940614677810,720575940614348394,1
720575940614677810,720575940614768278,1
720575940614677810,720575940615263903,1
720575940614677810,720575940615476667,1
720575940614677810,720575940622771082,1
720575940614677810,720575940622549759,1
720575940614677810,720575940622451273,1
720575940614677810,720575940621688926,1
720575940614677810,720575940621017840,1
720575940614677810,720575940621010804,1
720575940614677810,720575940620007457,1
720575940614677810,720575940619967879,1
720575940614677810,720575940618245569,1
720575940614677810,720575940618194708,1
720575940614677810,720575940618015773,1
720575940614677810,720575940616189509,1
720575940614677810,720575940615931293,1
720575940612623474,720575940639686488,1
720575940612623474,720575940637835839,1
720575940612623474,720575940625497488,1
720575940612623474,720575940625323795,1
720575940612623474,720575940625292606,1
720575940612623474,720575940624859032,1
720575940612623474,720575940624721084,1
720575940612623474,720575940624609101,1
720575940612623474,720575940624577613,1
720575940612623474,720575940624271716,1
720575940612623474,720575940623370180,1
720575940612623474,720575940623010253,1
720575940612623474,720575940623003917,1
720575940612623474,720575940622996104,1
720575940612623474,720575940622023262,1
720575940612623474,720575940621892829,1
720575940612623474,720575940621888169,1
720575940612623474,720575940621791356,1
720575940612623474,720575940621763767,1
720575940612623474,720575940621560052,1
720575940612623474,720575940621471732,1
720575940612623474,720575940621357147,1
720575940612623474,720575940620936870,1
720575940612623474,720575940625331006,1
720575940612623474,720575940626075079,1
720575940612623474,720575940637788494,1
720575940612623474,720575940626364401,1
720575940612623474,720575940637733702,1
720575940612623474,720575940637539647,1
720575940612623474,720575940636422372,1
720575940612623474,720575940634967962,1
720575940612623474,720575940632077127,1
720575940612623474,720575940631777567,1
720575940612623474,720575940631624761,1
720575940612623474,720575940630063676,1
720575940612623474,720575940629693239,1
720575940612623474,720575940629515306,1
720575940612623474,720575940629498306,1
720575940612623474,720575940628201259,1
720575940612623474,720575940628128079,1
720575940612623474,720575940626864414,1
720575940610523746,720575940613478422,1
720575940610523746,720575940613272799,1
720575940610523746,720575940612725906,1
720575940646852660,720575940630923693,1
720575940610523746,720575940610691507,1
720575940605221065,720575940625715733,1
720575940605221065,720575940629498306,1
720575940605221065,720575940628697982,1
720575940605221065,720575940628415079,1
720575940605221065,720575940627282002,1
720575940605221065,720575940626513027,1
720575940605221065,720575940626364401,1
720575940605221065,720575940626225941,1
720575940605221065,720575940625900900,1
720575940605221065,720575940625843075,1
720575940605221065,720575940625765306,1
720575940605221065,720575940624830503,1
720575940605221065,720575940624721084,1
720575940605221065,720575940623358645,1
720575940605221065,720575940622594601,1
720575940605221065,720575940622096589,1
720575940605221065,720575940622023262,1
720575940605221065,720575940621973018,1
720575940605221065,720575940621892829,1
720575940605221065,720575940621869918,1
720575940605221065,720575940629917228,1
720575940605221065,720575940630251576,1
720575940605221065,720575940630269404,1
720575940605221065,720575940630420985,1
720575940610523746,720575940609999217,1
720575940610523746,720575940607971908,1
720575940610523746,720575940606864341,1
720575940610523746,720575940605627057,1
720575940610523746,720575940605036418,1
720575940605221065,720575940643281262,1
720575940605221065,720575940639684515,1
720575940605221065,720575940639534451,1
720575940605221065,720575940638468678,1
720575940605221065,720575940637050933,1
720575940605221065,720575940636422372,1
720575940605221065,720575940636026089,1
720575940605221065,720575940632849069,1
720575940605221065,720575940632123439,1
720575940605221065,720575940630759507,1
720575940605221065,720575940630675730,1
720575940605221065,720575940621553535,1
720575940605221065,720575940621146956,1
720575940605221065,720575940620684156,1
720575940605221065,720575940620457904,1
720575940605221065,720575940620226729,1
720575940605221065,720575940620007457,1
720575940605221065,720575940619744960,1
720575940605221065,720575940618266491,1
720575940605221065,720575940618184839,1
720575940605221065,720575940617473748,1
720575940605221065,720575940616723549,1
720575940605221065,720575940615714060,1
720575940605221065,720575940615263903,1
720575940605221065,720575940615147788,1
720575940605221065,720575940614447922,1
720575940605221065,720575940612020008,1
720575940605221065,720575940611210865,1
720575940605221065,720575940608820600,1
720575940605221065,720575940608312533,1
720575940626455326,720575940631237433,1
720575940626455326,720575940631399978,1
720575940642733216,720575940604999526,1
720575940642733216,720575940611686809,1
720575940642733216,720575940611111829,1
720575940642733216,720575940611111061,1
720575940642733216,720575940610945558,1
720575940642733216,720575940607280818,1
720575940642733216,720575940606399068,1
720575940642733216,720575940605171121,1
720575940642733216,720575940604963942,1
720575940635779959,720575940659940225,1
720575940635779959,720575940659850113,1
720575940635779959,720575940652342006,1
720575940635779959,720575940649650041,1
720575940635779959,720575940646263331,1
720575940635779959,720575940644136983,1
720575940635779959,720575940643501472,1
720575940642733216,720575940611697066,1
720575940642733216,720575940611733997,1
720575940642733216,720575940612178418,1
720575940642733216,720575940618015773,1
720575940642733216,720575940617866048,1
720575940642733216,720575940616162373,1
720575940642733216,720575940616095517,1
720575940642733216,720575940614983274,1
720575940642733216,720575940614981087,1
720575940642733216,720575940614811222,1
720575940642733216,720575940614207850,1
720575940642733216,720575940613071587,1
720575940635779959,720575940642162573,1
720575940635779959,720575940639071029,1
720575940635779959,720575940624086251,1
720575940635779959,720575940625937797,1
720575940635779959,720575940628269391,1
720575940635779959,720575940627426837,1
720575940635779959,720575940627089930,1
720575940635779959,720575940627082261,1
720575940635779959,720575940627045636,1
720575940635779959,720575940626901278,1
720575940635779959,720575940626864414,1
720575940635779959,720575940626513171,1
720575940635779959,720575940625740169,1
720575940635779959,720575940638995005,1
720575940635779959,720575940625690140,1
720575940635779959,720575940625667365,1
720575940635779959,720575940625564816,1
720575940635779959,720575940625532689,1
720575940635779959,720575940625163139,1
720575940635779959,720575940624989214,1
720575940635779959,720575940624676414,1
720575940635779959,720575940624642492,1
720575940635779959,720575940628404188,1
720575940635779959,720575940628408055,1
720575940635779959,720575940628724284,1
720575940635779959,720575940636059226,1
720575940635779959,720575940636045175,1
720575940635779959,720575940633301183,1
720575940635779959,720575940632927405,1
720575940635779959,720575940632584787,1
720575940635779959,720575940632229788,1
720575940635779959,720575940631879193,1
720575940635779959,720575940631432403,1
720575940635779959,720575940631399978,1
720575940635779959,720575940630966840,1
720575940635779959,720575940630650711,1
720575940635779959,720575940630411259,1
720575940635779959,720575940630300613,1
720575940635779959,720575940630176047,1
720575940635779959,720575940629951292,1
720575940635779959,720575940629854764,1
720575940635779959,720575940629804544,1
720575940635779959,720575940629164283,1
720575940635779959,720575940629010331,1
720575940642733216,720575940618337985,1
720575940642733216,720575940618846001,1
720575940642733216,720575940628868943,1
720575940642733216,720575940630063671,1
720575940642733216,720575940630063415,1
720575940642733216,720575940630038156,1
720575940642733216,720575940629951292,1
720575940642733216,720575940629730263,1
720575940642733216,720575940629671235,1
720575940642733216,720575940628787962,1
720575940642733216,720575940628724284,1
720575940642733216,720575940628694007,1
720575940642733216,720575940628408055,1
720575940642733216,720575940628374121,1
720575940642733216,720575940628175363,1
720575940642733216,720575940627687940,1
720575940642733216,720575940630560505,1
720575940642733216,720575940630675730,1
720575940642733216,720575940637434601,1
720575940642733216,720575940636135543,1
720575940642733216,720575940633996911,1
720575940642733216,720575940633212779,1
720575940642733216,720575940632735021,1
720575940642733216,720575940631624761,1
720575940642733216,720575940631406547,1
720575940642733216,720575940631336930,1
720575940642733216,720575940630759507,1
720575940642733216,720575940627568646,1
720575940642733216,720575940627336209,1
720575940642733216,720575940627282002,1
720575940642733216,720575940623016644,1
720575940642733216,720575940622981646,1
720575940642733216,720575940622972686,1
720575940642733216,720575940622812808,1
720575940642733216,720575940622812003,1
720575940642733216,720575940622748868,1
720575940642733216,720575940622163197,1
720575940642733216,720575940621832542,1
720575940642733216,720575940621560052,1
720575940642733216,720575940621403844,1
720575940642733216,720575940621023297,1
720575940642733216,720575940620883917,1
720575940642733216,720575940620500417,1
720575940642733216,720575940620442817,1
720575940642733216,720575940620273023,1
720575940642733216,720575940620079856,1
720575940642733216,720575940623203767,1
720575940642733216,720575940627205386,1
720575940642733216,720575940623400445,1
720575940642733216,720575940627155589,1
720575940642733216,720575940627077032,1
720575940642733216,720575940627045636,1
720575940642733216,720575940626937347,1
720575940642733216,720575940626536714,1
720575940642733216,720575940625754389,1
720575940642733216,720575940625718696,1
720575940642733216,720575940625497488,1
720575940642733216,720575940625482084,1
720575940642733216,720575940625300254,1
720575940642733216,720575940625156901,1
720575940642733216,720575940624682426,1
720575940642733216,720575940624609101,1
720575940635779959,720575940623971819,1
720575940626455326,720575940631603267,1
720575940634953079,720575940624060208,1
720575940634953079,720575940623943572,1
720575940634953079,720575940623691920,1
720575940634953079,720575940623441387,1
720575940634953079,720575940623165737,1
720575940634953079,720575940623136499,1
720575940634953079,720575940623023544,1
720575940634953079,720575940621090659,1
720575940634953079,720575940622398728,1
720575940634953079,720575940622249949,1
720575940634953079,720575940621700190,1
720575940634953079,720575940621391636,1
720575940634953079,720575940621359142,1
720575940634953079,720575940621351876,1
720575940634953079,720575940624232974,1
720575940634953079,720575940624647299,1
720575940634953079,720575940627573659,1
720575940634953079,720575940627244699,1
720575940634953079,720575940626294090,1
720575940634953079,720575940626089980,1
720575940634953079,720575940625995251,1
720575940634953079,720575940625762447,1
720575940634953079,720575940625732496,1
720575940634953079,720575940625702949,1
720575940634953079,720575940625692816,1
720575940634953079,720575940625665564,1
720575940634953079,720575940625560189,1
720575940634953079,720575940625024125,1
720575940634953079,720575940621228894,1
720575940635779959,720575940623914679,1
720575940634953079,720575940616781241,1
720575940634953079,720575940617750173,1
720575940634953079,720575940617605154,1
720575940634953079,720575940617492805,1
720575940634953079,720575940616887966,1
720575940634953079,720575940620880333,1
720575940634953079,720575940616345403,1
720575940634953079,720575940615134918,1
720575940634953079,720575940617893461,1
720575940634953079,720575940618182535,1
720575940634953079,720575940618334145,1
720575940634953079,720575940620816961,1
720575940634953079,720575940620746093,1
720575940634953079,720575940620303040,1
720575940634953079,720575940620179821,1
720575940634953079,720575940620109191,1
720575940634953079,720575940620036385,1
720575940634953079,720575940619713200,1
720575940634953079,720575940619587009,1
720575940634953079,720575940619404982,1
720575940634953079,720575940619055969,1
720575940634953079,720575940618992749,1
720575940634953079,720575940618989421,1
720575940634953079,720575940618980299,1
720575940634953079,720575940618547280,1
720575940634953079,720575940618544367,1
720575940634953079,720575940627775938,1
720575940635779959,720575940613735948,1
720575940635779959,720575940617845076,1
720575940635779959,720575940617756450,1
720575940635779959,720575940615961684,1
720575940635779959,720575940615876294,1
720575940635779959,720575940615066335,1
720575940635779959,720575940614551954,1
720575940635779959,720575940614229415,1
720575940635779959,720575940613738415,1
720575940635779959,720575940611453107,1
720575940635779959,720575940611204323,1
720575940635779959,720575940609220291,1
720575940635779959,720575940609097058,1
720575940635779959,720575940608148693,1
720575940635779959,720575940607930716,1
720575940635779959,720575940605817522,1
720575940635779959,720575940605290441,1
720575940635779959,720575940618036509,1
720575940635779959,720575940618183559,1
720575940635779959,720575940618198721,1
720575940635779959,720575940619036911,1
720575940635779959,720575940623358645,1
720575940635779959,720575940622768397,1
720575940635779959,720575940622732493,1
720575940635779959,720575940622694182,1
720575940635779959,720575940622294808,1
720575940635779959,720575940622263510,1
720575940635779959,720575940622078249,1
720575940635779959,720575940621906345,1
720575940635779959,720575940621802751,1
720575940635779959,720575940621763767,1
720575940635779959,720575940621529980,1
720575940635779959,720575940620741485,1
720575940635779959,720575940620603245,1
720575940635779959,720575940620457904,1
720575940635779959,720575940619682625,1
720575940634953079,720575940645390468,1
720575940634953079,720575940631284012,1
720575940634953079,720575940630764741,1
720575940634953079,720575940630612620,1
720575940634953079,720575940630360377,1
720575940634953079,720575940630026856,1
720575940634953079,720575940629834796,1
720575940634953079,720575940629792620,1
720575940634953079,720575940629417728,1
720575940634953079,720575940629236242,1
720575940634953079,720575940628830551,1
720575940634953079,720575940628365783,1
720575940634953079,720575940631998023,1
720575940634953079,720575940632583831,1
720575940634953079,720575940632804543,1
720575940634953079,720575940643504288,1
720575940634953079,720575940640292571,1
720575940634953079,720575940639726555,1
720575940634953079,720575940639688611,1
720575940634953079,720575940638975285,1
720575940634953079,720575940636553306,1
720575940634953079,720575940635659486,1
720575940634953079,720575940634012015,1
720575940634953079,720575940634001007,1
720575940634953079,720575940633570808,1
720575940634953079,720575940632932762,1
720575940642733216,720575940639593587,1
720575940620390822,720575940629202167,1
720575940620390822,720575940629140071,1
720575940620390822,720575940627185767,1
720575940620390822,720575940626794027,1
720575940620390822,720575940625376841,1
720575940620390822,720575940625058173,1
720575940620390822,720575940624327196,1
720575940620390822,720575940623973961,1
720575940620390822,720575940629365804,1
720575940620390822,720575940639078717,1
720575940620390822,720575940634939034,1
720575940620390822,720575940634638990,1
720575940620390822,720575940634347360,1
720575940620390822,720575940632068383,1
720575940642733216,720575940643547296,1
720575940615682246,720575940628608272,1
720575940615682246,720575940634800759,1
720575940615682246,720575940633146475,1
720575940615682246,720575940630411535,1
720575940615682246,720575940629788983,1
720575940615682246,720575940629036997,1
720575940615682246,720575940628800762,1
720575940615682246,720575940628367836,1
720575940615682246,720575940628331625,1
720575940615682246,720575940628002822,1
720575940615682246,720575940627576488,1
720575940615682246,720575940627157008,1
720575940615682246,720575940625317139,1
720575940615682246,720575940625235033,1
720575940615682246,720575940635499888,1
720575940615682246,720575940636519598,1
720575940620390822,720575940619444139,1
720575940620390822,720575940619404214,1
720575940620390822,720575940618548975,1
720575940620390822,720575940617021441,1
720575940620390822,720575940611988008,1
720575940620390822,720575940610946730,1
720575940620390822,720575940606864341,1
720575940620390822,720575940605627057,1
720575940620390822,720575940603673120,1
720575940615682246,720575940642383520,1
720575940615682246,720575940636665262,1
720575940620390822,720575940652809377,1
720575940625615248,720575940602605536,1
720575940625615248,720575940624426533,1
720575940625615248,720575940624054675,1
720575940625615248,720575940624014077,1
720575940625615248,720575940623691920,1
720575940625615248,720575940623582904,1
720575940625615248,720575940622217033,1
720575940625615248,720575940621920452,1
720575940625615248,720575940621567472,1
720575940625615248,720575940621561226,1
720575940625615248,720575940620931750,1
720575940625615248,720575940620816961,1
720575940625615248,720575940624572052,1
720575940625615248,720575940624601731,1
720575940625615248,720575940631216682,1
720575940625615248,720575940628574715,1
720575940625615248,720575940628538679,1
720575940625615248,720575940627185767,1
720575940625615248,720575940626474889,1
720575940625615248,720575940625939801,1
720575940625615248,720575940620403649,1
720575940625615248,720575940612435454,1
720575940625615248,720575940610505621,1
720575940625615248,720575940609999217,1
720575940625615248,720575940609970801,1
720575940625615248,720575940609684946,1
720575940625615248,720575940609153746,1
720575940625615248,720575940608774776,1
720575940625615248,720575940608662574,1
720575940625615248,720575940607993668,1
720575940625615248,720575940607715420,1
720575940625615248,720575940606331996,1
720575940625615248,720575940605362610,1
720575940625615248,720575940604934572,1
720575940625615248,720575940604766153,1
720575940625615248,720575940613386050,1
720575940625615248,720575940615136059,1
720575940625615248,720575940620210857,1
720575940625615248,720575940615401433,1
720575940625615248,720575940620187305,1
720575940625615248,720575940620172397,1
720575940625615248,720575940619808756,1
720575940625615248,720575940619802539,1
720575940625615248,720575940619713200,1
720575940625615248,720575940618992749,1
720575940625615248,720575940618359745,1
720575940625615248,720575940617982800,1
720575940625615248,720575940616887966,1
720575940625615248,720575940616878238,1
720575940625615248,720575940616647990,1
720575940625615248,720575940616588683,1
720575940625615248,720575940615897501,1
720575940615682246,720575940624994941,1
720575940615682246,720575940623965513,1
720575940649649785,720575940634937951,1
720575940649649785,720575940646419235,1
720575940649649785,720575940640634787,1
720575940649649785,720575940635614942,1
720575940649649785,720575940635452408,1
720575940649649785,720575940634836671,1
720575940606196098,720575940619897734,1
720575940649649785,720575940634661806,1
720575940649649785,720575940633188459,1
720575940649649785,720575940632077127,1
720575940649649785,720575940630935570,1
720575940649649785,720575940630868013,1
720575940649649785,720575940630360377,1
720575940649649785,720575940630179159,1
720575940649649785,720575940630115388,1
720575940649649785,720575940629536894,1
720575940606196098,720575940605036418,1
720575940606196098,720575940607054770,1
720575940606196098,720575940619060321,1
720575940606196098,720575940618341952,1
720575940606196098,720575940617902676,1
720575940606196098,720575940617771521,1
720575940606196098,720575940617456798,1
720575940606196098,720575940616860318,1
720575940606196098,720575940615671494,1
720575940606196098,720575940613977041,1
720575940606196098,720575940613272799,1
720575940606196098,720575940612778646,1
720575940606196098,720575940610963734,1
720575940606196098,720575940610946730,1
720575940606196098,720575940610823010,1
720575940606196098,720575940610580377,1
720575940606196098,720575940609371086,1
720575940606196098,720575940609104579,1
720575940649649785,720575940629222759,1
720575940649649785,720575940628128079,1
720575940649649785,720575940619028289,1
720575940649649785,720575940617628962,1
720575940649649785,720575940616162373,1
720575940649649785,720575940616095517,1
720575940649649785,720575940613188319,1
720575940649649785,720575940612714671,1
720575940649649785,720575940612563454,1
720575940649649785,720575940612266213,1
720575940642733216,720575940659850113,1
720575940642733216,720575940649012857,1
720575940642733216,720575940646697780,1
720575940642733216,720575940644423204,1
720575940649649785,720575940618849841,1
720575940649649785,720575940619369198,1
720575940649649785,720575940627561854,1
720575940649649785,720575940626729515,1
720575940649649785,720575940626364401,1
720575940649649785,720575940626284157,1
720575940649649785,720575940625940456,1
720575940649649785,720575940625532689,1
720575940649649785,720575940625497488,1
720575940649649785,720575940625486692,1
720575940649649785,720575940624494373,1
720575940649649785,720575940624375088,1
720575940649649785,720575940622972365,1
720575940649649785,720575940622926472,1
720575940649649785,720575940622305304,1
720575940649649785,720575940621999044,1
720575940649649785,720575940621516179,1
720575940649649785,720575940621163636,1
720575940649649785,720575940620603245,1
720575940649649785,720575940620007457,1
720575940649649785,720575940619995418,1
720575940606196098,720575940620124028,1
720575940606196098,720575940641866912,1
720575940615682246,720575940613690031,1
720575940615682246,720575940612362663,1
720575940615682246,720575940606783362,1
720575940615682246,720575940604483040,1
720575940615682246,720575940603773798,1
720575940606196098,720575940643769544,1
720575940606196098,720575940642010056,1
720575940606196098,720575940640758157,1
720575940606196098,720575940620179821,1
720575940606196098,720575940640292571,1
720575940606196098,720575940639726555,1
720575940606196098,720575940639688611,1
720575940606196098,720575940637580659,1
720575940606196098,720575940637315418,1
720575940615682246,720575940614614203,1
720575940615682246,720575940614822506,1
720575940615682246,720575940615289759,1
720575940615682246,720575940622979475,1
720575940615682246,720575940622075274,1
720575940615682246,720575940621554815,1
720575940615682246,720575940621413670,1
720575940615682246,720575940620996621,1
720575940615682246,720575940620813478,1
720575940615682246,720575940620577652,1
720575940615682246,720575940620126076,1
720575940615682246,720575940619695809,1
720575940615682246,720575940615965140,1
720575940615682246,720575940615798540,1
720575940615682246,720575940615764422,1
720575940606196098,720575940633226603,1
720575940606196098,720575940633140887,1
720575940606196098,720575940626911262,1
720575940606196098,720575940626194716,1
720575940606196098,720575940625969640,1
720575940606196098,720575940625642340,1
720575940606196098,720575940625560189,1
720575940606196098,720575940624107755,1
720575940606196098,720575940624054675,1
720575940606196098,720575940622673703,1
720575940606196098,720575940622412838,1
720575940606196098,720575940621920452,1
720575940606196098,720575940621786295,1
720575940606196098,720575940621178206,1
720575940606196098,720575940620880333,1
720575940606196098,720575940620700769,1
720575940606196098,720575940620403649,1
720575940606196098,720575940620333958,1
720575940606196098,720575940620276801,1
720575940606196098,720575940626474889,1
720575940606196098,720575940627020933,1
720575940606196098,720575940633103059,1
720575940606196098,720575940627085578,1
720575940606196098,720575940632929178,1
720575940606196098,720575940632437331,1
720575940606196098,720575940631967575,1
720575940606196098,720575940630947395,1
720575940606196098,720575940630923693,1
720575940606196098,720575940630573260,1
720575940606196098,720575940630425119,1
720575940606196098,720575940630331244,1
720575940606196098,720575940630067816,1
720575940606196098,720575940629319106,1
720575940606196098,720575940629259638,1
720575940606196098,720575940628830551,1
720575940606196098,720575940628291407,1
720575940606196098,720575940628054839,1
720575940606196098,720575940627778564,1
720575940606196098,720575940627245701,1
720575940606196098,720575940627097361,1
720575940634953079,720575940614132667,1
720575940634953079,720575940614115515,1
720575940626878460,720575940623136499,1
720575940626878460,720575940622965944,1
720575940626878460,720575940622836455,1
720575940626878460,720575940622595827,1
720575940626878460,720575940622276365,1
720575940626878460,720575940622217033,1
720575940626878460,720575940621351876,1
720575940626878460,720575940622112636,1
720575940626878460,720575940621983777,1
720575940626878460,720575940621925417,1
720575940626878460,720575940621786807,1
720575940626878460,720575940621762330,1
720575940626878460,720575940625720341,1
720575940626878460,720575940625691669,1
720575940626878460,720575940625329029,1
720575940626878460,720575940625318163,1
720575940626878460,720575940625015070,1
720575940626878460,720575940624852120,1
720575940626878460,720575940624392220,1
720575940626878460,720575940624158906,1
720575940626878460,720575940624112058,1
720575940626878460,720575940623978789,1
720575940626878460,720575940623776437,1
720575940626878460,720575940623691920,1
720575940626878460,720575940618586459,1
720575940626878460,720575940618547280,1
720575940626878460,720575940618544623,1
720575940626878460,720575940621189637,1
720575940626878460,720575940618334145,1
720575940626878460,720575940618226245,1
720575940626878460,720575940617902676,1
720575940626878460,720575940617878080,1
720575940626878460,720575940617708747,1
720575940626878460,720575940617529318,1
720575940626878460,720575940617492805,1
720575940626878460,720575940621174192,1
720575940626878460,720575940621005044,1
720575940626878460,720575940620892877,1
720575940626878460,720575940620746093,1
720575940626878460,720575940620572125,1
720575940626878460,720575940620356800,1
720575940626878460,720575940620211622,1
720575940626878460,720575940620179821,1
720575940626878460,720575940620109191,1
720575940626878460,720575940619974689,1
720575940626878460,720575940619863174,1
720575940626878460,720575940619713200,1
720575940626878460,720575940619684688,1
720575940626878460,720575940619665023,1
720575940626878460,720575940619630207,1
720575940626878460,720575940625837060,1
720575940626878460,720575940632068383,1
720575940626878460,720575940631967575,1
720575940626878460,720575940631624673,1
720575940626878460,720575940631408199,1
720575940626878460,720575940631284012,1
720575940626878460,720575940630969555,1
720575940626878460,720575940630947395,1
720575940626878460,720575940630573260,1
720575940626878460,720575940630571980,1
720575940626878460,720575940630436603,1
720575940626878460,720575940630250543,1
720575940626878460,720575940630228271,1
720575940626878460,720575940630067816,1
720575940626878460,720575940632804543,1
720575940626878460,720575940632848045,1
720575940626878460,720575940632930458,1
720575940626878460,720575940635659486,1
720575940626878460,720575940634347360,1
720575940626878460,720575940634012015,1
720575940626878460,720575940634000495,1
720575940626878460,720575940633989999,1
720575940626878460,720575940633569784,1
720575940626878460,720575940633103059,1
720575940626878460,720575940633043295,1
720575940626878460,720575940633004383,1
720575940626878460,720575940630026856,1
720575940626878460,720575940629638211,1
720575940626878460,720575940627307855,1
720575940626878460,720575940627097361,1
720575940626878460,720575940627094917,1
720575940626878460,720575940627020933,1
720575940626878460,720575940627016859,1
720575940626878460,720575940626794027,1
720575940626878460,720575940626646544,1
720575940626878460,720575940626622480,1
720575940626878460,720575940626353905,1
720575940626878460,720575940626277382,1
720575940626878460,720575940626253318,1
720575940626878460,720575940626194716,1
720575940626878460,720575940629625466,1
720575940626878460,720575940629259638,1
720575940626878460,720575940629240079,1
720575940626878460,720575940629211666,1
720575940626878460,720575940628830551,1
720575940626878460,720575940628538679,1
720575940626878460,720575940628365783,1
720575940626878460,720575940628359895,1
720575940626878460,720575940628209212,1
720575940626878460,720575940628054839,1
720575940626878460,720575940627778564,1
720575940626878460,720575940627775938,1
720575940626878460,720575940617071321,1
720575940626555800,720575940621552116,1
720575940626555800,720575940623400189,1
720575940626555800,720575940623011720,1
720575940626555800,720575940622981646,1
720575940626555800,720575940622976973,1
720575940626555800,720575940622773784,1
720575940626555800,720575940622558941,1
720575940626555800,720575940621973018,1
720575940626555800,720575940621763767,1
720575940626555800,720575940621334980,1
720575940626555800,720575940621019457,1
720575940626555800,720575940620603245,1
720575940626555800,720575940620411841,1
720575940626555800,720575940620282758,1
720575940626555800,720575940619794512,1
720575940626555800,720575940619672656,1
720575940626555800,720575940619259477,1
720575940626555800,720575940619036911,1
720575940626555800,720575940618905766,1
720575940626555800,720575940617855133,1
720575940626555800,720575940624487572,1
720575940626555800,720575940629855596,1
720575940626555800,720575940629788012,1
720575940626555800,720575940629108094,1
720575940626555800,720575940628807503,1
720575940626555800,720575940628724284,1
720575940626555800,720575940628491792,1
720575940626555800,720575940628414567,1
720575940626555800,720575940627543695,1
720575940626555800,720575940627450385,1
720575940626555800,720575940627220327,1
720575940626555800,720575940626688893,1
720575940626555800,720575940626225941,1
720575940626555800,720575940626081176,1
720575940626555800,720575940624770574,1
720575940626555800,720575940624721084,1
720575940626555800,720575940617849920,1
720575940626555800,720575940617436305,1
720575940626555800,720575940617386708,1
720575940626455326,720575940638053865,1
720575940626455326,720575940637316029,1
720575940626455326,720575940637055797,1
720575940626455326,720575940636640602,1
720575940626455326,720575940636159039,1
720575940626455326,720575940636059226,1
720575940626455326,720575940635800431,1
720575940626455326,720575940635499888,1
720575940626455326,720575940632652077,1
720575940626455326,720575940632481363,1
720575940626455326,720575940632098375,1
720575940626455326,720575940631782447,1
720575940626455326,720575940631694137,1
720575940626455326,720575940631620921,1
720575940626455326,720575940637726180,1
720575940626555800,720575940615507641,1
720575940626555800,720575940615147788,1
720575940626555800,720575940612714671,1
720575940626555800,720575940612352423,1
720575940626555800,720575940611129571,1
720575940626555800,720575940608386315,1
720575940626555800,720575940606621362,1
720575940626555800,720575940605196465,1
720575940626555800,720575940604630240,1
720575940626455326,720575940659940225,1
720575940626455326,720575940659577217,1
720575940626455326,720575940649650041,1
720575940626455326,720575940644946211,1
720575940626455326,720575940643497632,1
720575940626455326,720575940641360091,1
720575940626455326,720575940641079029,1
720575940626555800,720575940630560505,1
720575940626878460,720575940614251670,1
720575940626878460,720575940613593503,1
720575940626878460,720575940613478422,1
720575940626878460,720575940613386050,1
720575940626878460,720575940613353538,1
720575940626878460,720575940613248479,1
720575940626878460,720575940612778646,1
720575940626878460,720575940612706706,1
720575940626878460,720575940612572670,1
720575940626878460,720575940611045700,1
720575940626878460,720575940610963734,1
720575940626878460,720575940610943897,1
720575940626878460,720575940616887966,1
720575940626878460,720575940616588683,1
720575940626878460,720575940616345403,1
720575940626878460,720575940616208965,1
720575940626878460,720575940616044850,1
720575940626878460,720575940615901597,1
720575940626878460,720575940615894173,1
720575940626878460,720575940615671494,1
720575940626878460,720575940615651014,1
720575940626878460,720575940615344315,1
720575940626878460,720575940614925963,1
720575940626878460,720575940610505621,1
720575940626878460,720575940604630496,1
720575940626878460,720575940603642982,1
720575940626555800,720575940647739513,1
720575940626555800,720575940640646864,1
720575940626555800,720575940636364133,1
720575940626555800,720575940636246446,1
720575940626555800,720575940636143679,1
720575940626555800,720575940633146007,1
720575940626555800,720575940632584787,1
720575940626555800,720575940631731620,1
720575940626878460,720575940604766153,1
720575940626878460,720575940610386661,1
720575940626878460,720575940604806345,1
720575940626878460,720575940610140378,1
720575940626878460,720575940609970801,1
720575940626878460,720575940609871253,1
720575940626878460,720575940609684946,1
720575940626878460,720575940609634571,1
720575940626878460,720575940609190866,1
720575940626878460,720575940609153746,1
720575940626878460,720575940608772821,1
720575940626878460,720575940608447241,1
720575940626878460,720575940607981636,1
720575940626878460,720575940607351747,1
720575940626878460,720575940607337155,1
720575940626878460,720575940607030281,1
720575940626878460,720575940606698697,1
720575940626878460,720575940606454108,1
720575940626878460,720575940605180337,1
720575940626878460,720575940637211462,1
720575940634953079,720575940613799436,1
720575940631198776,720575940608772821,1
720575940631198776,720575940610823010,1
720575940631198776,720575940610691507,1
720575940631198776,720575940610358501,1
720575940631198776,720575940610336610,1
720575940631198776,720575940609104579,1
720575940631198776,720575940607351747,1
720575940631198776,720575940606483723,1
720575940631198776,720575940605362610,1
720575940631198776,720575940604934572,1
720575940631198776,720575940603674656,1
720575940630691159,720575940652342006,1
720575940630691159,720575940643547296,1
720575940630691159,720575940642328736,1
720575940631198776,720575940613353538,1
720575940631198776,720575940613386050,1
720575940631198776,720575940613434178,1
720575940631198776,720575940618341952,1
720575940631198776,720575940618334145,1
720575940631198776,720575940617734603,1
720575940631198776,720575940617605154,1
720575940631198776,720575940617456798,1
720575940631198776,720575940617321243,1
720575940631198776,720575940616308597,1
720575940631198776,720575940616044850,1
720575940631198776,720575940615901597,1
720575940631198776,720575940615456985,1
720575940631198776,720575940614861974,1
720575940631198776,720575940614186602,1
720575940630691159,720575940637849151,1
720575940630691159,720575940636352357,1
720575940626878460,720575940637277117,1
720575940630691159,720575940605196465,1
720575940630691159,720575940614768278,1
720575940630691159,720575940614311842,1
720575940630691159,720575940613864498,1
720575940630691159,720575940612729714,1
720575940630691159,720575940611748594,1
720575940630691159,720575940610743282,1
720575940630691159,720575940608015627,1
720575940630691159,720575940606667977,1
720575940630691159,720575940605550950,1
720575940630691159,720575940605000550,1
720575940630691159,720575940635803876,1
720575940630650063,720575940646419235,1
720575940630650063,720575940645819268,1
720575940630650063,720575940645377668,1
720575940630650063,720575940644759319,1
720575940630650063,720575940644423204,1
720575940630650063,720575940643547296,1
720575940630650063,720575940639593587,1
720575940630650063,720575940639554675,1
720575940630691159,720575940614909579,1
720575940630691159,720575940617937437,1
720575940630691159,720575940619967879,1
720575940630691159,720575940633300927,1
720575940630691159,720575940632969567,1
720575940630691159,720575940632839085,1
720575940630691159,720575940630650711,1
720575940630691159,720575940629545027,1
720575940630691159,720575940629020794,1
720575940630691159,720575940628724284,1
720575940630691159,720575940628321539,1
720575940630691159,720575940627585286,1
720575940630691159,720575940626700889,1
720575940630691159,720575940626536714,1
720575940630691159,720575940625942458,1
720575940630691159,720575940625786899,1
720575940630691159,720575940622723683,1
720575940630691159,720575940622162505,1
720575940630691159,720575940622096589,1
720575940630691159,720575940621892829,1
720575940630691159,720575940621207216,1
720575940630691159,720575940620811073,1
720575940630691159,720575940620272832,1
720575940631198776,720575940618526912,1
720575940631198776,720575940618758178,1
720575940634953079,720575940604770249,1
720575940634953079,720575940604766153,1
720575940634953079,720575940604630496,1
720575940631198776,720575940649649529,1
720575940631198776,720575940639688611,1
720575940631198776,720575940638531637,1
720575940631198776,720575940637277117,1
720575940631198776,720575940619055969,1
720575940631198776,720575940634664674,1
720575940631198776,720575940634000495,1
720575940631198776,720575940632964269,1
720575940631198776,720575940631088402,1
720575940631198776,720575940630687827,1
720575940631198776,720575940630555340,1
720575940634953079,720575940604962918,1
720575940634953079,720575940605507249,1
720575940634953079,720575940605541920,1
720575940634953079,720575940613478422,1
720575940634953079,720575940613156067,1
720575940634953079,720575940612765846,1
720575940634953079,720575940612435454,1
720575940634953079,720575940611988008,1
720575940634953079,720575940611686629,1
720575940634953079,720575940611664281,1
720575940634953079,720575940610336610,1
720575940634953079,720575940610137050,1
720575940634953079,720575940609871253,1
720575940634953079,720575940609153746,1
720575940634953079,720575940608550409,1
720575940634953079,720575940608433476,1
720575940634953079,720575940607310531,1
720575940634953079,720575940606892162,1
720575940631198776,720575940630385403,1
720575940631198776,720575940630331244,1
720575940631198776,720575940630222895,1
720575940631198776,720575940622803850,1
720575940631198776,720575940622784611,1
720575940631198776,720575940622462472,1
720575940631198776,720575940622003316,1
720575940631198776,720575940621561226,1
720575940631198776,720575940621475085,1
720575940631198776,720575940621321001,1
720575940631198776,720575940620880333,1
720575940631198776,720575940620572125,1
720575940631198776,720575940620354849,1
720575940631198776,720575940620179821,1
720575940631198776,720575940619938998,1
720575940631198776,720575940619897734,1
720575940631198776,720575940619587009,1
720575940631198776,720575940629917482,1
720575940631198776,720575940629022875,1
720575940631198776,720575940628761039,1
720575940631198776,720575940628188732,1
720575940631198776,720575940627552680,1
720575940631198776,720575940627085578,1
720575940631198776,720575940627003547,1
720575940631198776,720575940626911262,1
720575940631198776,720575940626794027,1
720575940631198776,720575940626792778,1
720575940631198776,720575940626043454,1
720575940631198776,720575940625995251,1
720575940631198776,720575940625732496,1
720575940631198776,720575940625054589,1
720575940631198776,720575940624754983,1
720575940631198776,720575940624492802,1
720575940631198776,720575940623973961,1
720575940630650063,720575940637746520,1
720575940630397527,720575940622669508,1
720575940630397527,720575940625718696,1
720575940630397527,720575940624830503,1
720575940630397527,720575940624584579,1
720575940630397527,720575940623822261,1
720575940630397527,720575940621321412,1
720575940630397527,720575940620507862,1
720575940630397527,720575940625994728,1
720575940630397527,720575940634839988,1
720575940630397527,720575940631777567,1
720575940630397527,720575940631024682,1
720575940630397527,720575940630360377,1
720575940630397527,720575940630038156,1
720575940630397527,720575940629824828,1
720575940630397527,720575940629162693,1
720575940630397527,720575940629020794,1
720575940630397527,720575940628414567,1
720575940626878460,720575940644554606,1
720575940626878460,720575940642948887,1
720575940626878460,720575940641866912,1
720575940626878460,720575940639727067,1
720575940626878460,720575940639726555,1
720575940626878460,720575940639688611,1
720575940626878460,720575940639078717,1
720575940626878460,720575940638975285,1
720575940626878460,720575940638531637,1
720575940626878460,720575940637315418,1
720575940630397527,720575940616723549,1
720575940630397527,720575940615927197,1
720575940630397527,720575940614199914,1
720575940630397527,720575940611943976,1
720575940630397527,720575940611450134,1
720575940630397527,720575940609935310,1
720575940630397527,720575940608383243,1
720575940630397527,720575940605565886,1
720575940626878460,720575940652822945,1
720575940626878460,720575940652809377,1
720575940626878460,720575940645390468,1
720575940630397527,720575940639274574,1
720575940630650063,720575940624884920,1
720575940630650063,720575940627543624,1
720575940630650063,720575940627264488,1
720575940630650063,720575940626948485,1
720575940630650063,720575940626640158,1
720575940630650063,720575940625942458,1
720575940630650063,720575940624770574,1
720575940630650063,720575940624637884,1
720575940630650063,720575940624593132,1
720575940630650063,720575940624487572,1
720575940630650063,720575940623546638,1
720575940630650063,720575940622981902,1
720575940630650063,720575940622976973,1
720575940630650063,720575940622926472,1
720575940630650063,720575940628147718,1
720575940630650063,720575940628304578,1
720575940630650063,720575940628412892,1
720575940630650063,720575940634154140,1
720575940630650063,720575940634072756,1
720575940630650063,720575940633908887,1
720575940630650063,720575940633710105,1
720575940630650063,720575940633300927,1
720575940630650063,720575940632584787,1
720575940630650063,720575940632111780,1
720575940630650063,720575940631048267,1
720575940630650063,720575940630420985,1
720575940630650063,720575940630219567,1
720575940630650063,720575940629921398,1
720575940630650063,720575940629515306,1
720575940630650063,720575940629166592,1
720575940630650063,720575940629020794,1
720575940630650063,720575940628697982,1
720575940630650063,720575940622837482,1
720575940630650063,720575940622812003,1
720575940630650063,720575940622771082,1
720575940630650063,720575940614495093,1
720575940630650063,720575940614418118,1
720575940630650063,720575940613987730,1
720575940630650063,720575940612009903,1
720575940630650063,720575940610960994,1
720575940630650063,720575940610944022,1
720575940630650063,720575940608662485,1
720575940630650063,720575940605551718,1
720575940630650063,720575940604999526,1
720575940630397527,720575940659850113,1
720575940630397527,720575940641362907,1
720575940630397527,720575940640487669,1
720575940630397527,720575940639684515,1
720575940630397527,720575940639554675,1
720575940630650063,720575940614742687,1
720575940630650063,720575940614845802,1
720575940630650063,720575940622654444,1
720575940630650063,720575940622263510,1
720575940630650063,720575940621230430,1
720575940630650063,720575940621207216,1
720575940630650063,720575940620862273,1
720575940630650063,720575940620682662,1
720575940630650063,720575940620041125,1
720575940630650063,720575940619695553,1
720575940630650063,720575940618657950,1
720575940630650063,720575940617856340,1
720575940630650063,720575940617766228,1
720575940630650063,720575940616723549,1
720575940630650063,720575940615907997,1
720575940639077283,720575940647153796,1
720575940639077283,720575940644472100,1
720575940625926693,720575940605997513,1
720575940625926693,720575940606892162,1
720575940625926693,720575940606891221,1
720575940625926693,720575940605507249,1
720575940625926693,720575940605029250,1
720575940625926693,720575940604997152,1
720575940625926693,720575940604770249,1
720575940625926693,720575940606947714,1
720575940625926693,720575940609220291,1
720575940625926693,720575940608768213,1
720575940625926693,720575940608662574,1
720575940625926693,720575940608633134,1
720575940625926693,720575940608393739,1
720575940625926693,720575940607971908,1
720575940625926693,720575940607792139,1
720575940625926693,720575940607330499,1
720575940625926693,720575940604766153,1
720575940624859725,720575940630026600,1
720575940624859725,720575940632804543,1
720575940624859725,720575940634638990,1
720575940624859725,720575940634000495,1
720575940624859725,720575940633908124,1
720575940624859725,720575940633886765,1
720575940624859725,720575940633243755,1
720575940624859725,720575940633075163,1
720575940624859725,720575940633043295,1
720575940624859725,720575940632964269,1
720575940624859725,720575940632583831,1
720575940624859725,720575940631998023,1
720575940624859725,720575940631975379,1
720575940624859725,720575940631678689,1
720575940624859725,720575940631624673,1
720575940624859725,720575940631408199,1
720575940624859725,720575940630878253,1
720575940624859725,720575940630613835,1
720575940624859725,720575940634977893,1
720575940624859725,720575940635541623,1
720575940625926693,720575940603673120,1
720575940625926693,720575940602553568,1
720575940624859725,720575940649649529,1
720575940624859725,720575940639749109,1
720575940624859725,720575940637907428,1
720575940624859725,720575940637707069,1
720575940624859725,720575940637704765,1
720575940624859725,720575940637695395,1
720575940624859725,720575940636920542,1
720575940624859725,720575940636447630,1
720575940624859725,720575940636375653,1
720575940624859725,720575940635656670,1
720575940625926693,720575940612668834,1
720575940625926693,720575940613258975,1
720575940625926693,720575940612924522,1
720575940625926693,720575940612765846,1
720575940625926693,720575940612590754,1
720575940625926693,720575940612563454,1
720575940625926693,720575940612435454,1
720575940625926693,720575940613364461,1
720575940625926693,720575940613421890,1
720575940625926693,720575940614207850,1
720575940625926693,720575940614115515,1
720575940625926693,720575940610710130,1
720575940625926693,720575940610505621,1
720575940625926693,720575940610386661,1
720575940625926693,720575940610347929,1
720575940625926693,720575940612240918,1
720575940625926693,720575940611985448,1
720575940625926693,720575940611802330,1
720575940625926693,720575940611343218,1
720575940624859725,720575940630228271,1
720575940622950605,720575940620520513,1
720575940622950605,720575940625937797,1
720575940622950605,720575940625834900,1
720575940622950605,720575940624663427,1
720575940622950605,720575940623008440,1
720575940622950605,720575940622348424,1
720575940622950605,720575940621129181,1
720575940622950605,720575940620923980,1
720575940622950605,720575940615975227,1
720575940622950605,720575940614313996,1
720575940622950605,720575940613738415,1
720575940622950605,720575940612240918,1
720575940622950605,720575940609220291,1
720575940622950605,720575940609143672,1
720575940622100774,720575940645210222,1
720575940622100774,720575940639688611,1
720575940622100774,720575940636422372,1
720575940622100774,720575940634989560,1
720575940622950605,720575940627931466,1
720575940624859725,720575940609871253,1
720575940624859725,720575940606968450,1
720575940624859725,720575940604806345,1
720575940624859725,720575940603674656,1
720575940622950605,720575940645236078,1
720575940622950605,720575940643501472,1
720575940622950605,720575940642108301,1
720575940622950605,720575940642022088,1
720575940622950605,720575940636059226,1
720575940622950605,720575940636045175,1
720575940622950605,720575940632668973,1
720575940622950605,720575940632434340,1
720575940622950605,720575940631879193,1
720575940622950605,720575940631351619,1
720575940622100774,720575940633551028,1
720575940624859725,720575940629792620,1
720575940622100774,720575940620465996,1
720575940622100774,720575940620351838,1
720575940622100774,720575940620272064,1
720575940622100774,720575940619808756,1
720575940622100774,720575940617937437,1
720575940622100774,720575940633300927,1
720575940622100774,720575940617605154,1
720575940622100774,720575940615270962,1
720575940622100774,720575940614861974,1
720575940622100774,720575940614428722,1
720575940622100774,720575940622815684,1
720575940622100774,720575940623015694,1
720575940622100774,720575940632123439,1
720575940622100774,720575940630879533,1
720575940622100774,720575940630425119,1
720575940622100774,720575940628533356,1
720575940622100774,720575940628054839,1
720575940622100774,720575940627775938,1
720575940622100774,720575940627003547,1
720575940622100774,720575940626646544,1
720575940622100774,720575940625939801,1
720575940622100774,720575940624054675,1
720575940624859725,720575940609999217,1
720575940624859725,720575940610347929,1
720575940624859725,720575940624834968,1
720575940624859725,720575940626496275,1
720575940624859725,720575940626277382,1
720575940624859725,720575940625807108,1
720575940624859725,720575940625692816,1
720575940624859725,720575940625570334,1
720575940624859725,720575940625377688,1
720575940624859725,720575940625023869,1
720575940624859725,720575940624647299,1
720575940624859725,720575940623521806,1
720575940624859725,720575940626742866,1
720575940624859725,720575940626975899,1
720575940624859725,720575940629733314,1
720575940624859725,720575940629725711,1
720575940624859725,720575940629485354,1
720575940624859725,720575940629211666,1
720575940624859725,720575940628060983,1
720575940624859725,720575940627986220,1
720575940624859725,720575940627851008,1
720575940624859725,720575940627782148,1
720575940624859725,720575940627778564,1
720575940624859725,720575940627776450,1
720575940624859725,720575940627768567,1
720575940624859725,720575940627307855,1
720575940624859725,720575940627244699,1
720575940624859725,720575940627243623,1
720575940624859725,720575940627097361,1
720575940624859725,720575940627069203,1
720575940624859725,720575940622412838,1
720575940624859725,720575940622249949,1
720575940624859725,720575940617893461,1
720575940624859725,720575940617649969,1
720575940624859725,720575940617456798,1
720575940624859725,720575940616589888,1
720575940624859725,720575940616588683,1
720575940624859725,720575940615696070,1
720575940624859725,720575940614900886,1
720575940624859725,720575940614148283,1
720575940624859725,720575940614010419,1
720575940624859725,720575940613532831,1
720575940624859725,720575940613434178,1
720575940624859725,720575940613248479,1
720575940624859725,720575940612896106,1
720575940624859725,720575940617982800,1
720575940624859725,720575940618203783,1
720575940624859725,720575940622222921,1
720575940624859725,720575940618359745,1
720575940624859725,720575940622216009,1
720575940624859725,720575940622102763,1
720575940624859725,720575940621786295,1
720575940624859725,720575940621359142,1
720575940624859725,720575940621225910,1
720575940624859725,720575940621203376,1
720575940624859725,720575940621189637,1
720575940624859725,720575940620474582,1
720575940624859725,720575940620211622,1
720575940624859725,720575940619977566,1
720575940624859725,720575940619974689,1
720575940624859725,720575940619444139,1
720575940624859725,720575940619090529,1
720575940624859725,720575940619041133,1
720575940624859725,720575940618497216,1
720575940624859725,720575940618396399,1
720575940625926693,720575940623356493,1
720575940625926693,720575940623032970,1
720575940625926693,720575940624232974,1
720575940625926693,720575940624125114,1
720575940625926693,720575940624114494,1
720575940625926693,720575940624014077,1
720575940625926693,720575940623973961,1
720575940625926693,720575940623964820,1
720575940625926693,720575940621987255,1
720575940625926693,720575940622162505,1
720575940625926693,720575940622102763,1
720575940625926693,720575940622078249,1
720575940625926693,720575940622861971,1
720575940625926693,720575940621924615,1
720575940625926693,720575940621922398,1
720575940625926693,720575940621763767,1
720575940625926693,720575940622204157,1
720575940625926693,720575940622228812,1
720575940625926693,720575940622276365,1
720575940625926693,720575940622784611,1
720575940625926693,720575940622637548,1
720575940625926693,720575940624392220,1
720575940625926693,720575940624396524,1
720575940625926693,720575940626313546,1
720575940625926693,720575940626277382,1
720575940625926693,720575940627244699,1
720575940625926693,720575940627097361,1
720575940625926693,720575940627077032,1
720575940625926693,720575940626896643,1
720575940625926693,720575940625969640,1
720575940625926693,720575940624884920,1
720575940625926693,720575940624527091,1
720575940625926693,720575940624494373,1
720575940625926693,720575940625740169,1
720575940625926693,720575940625508400,1
720575940625926693,720575940617249629,1
720575940625926693,720575940616964766,1
720575940625926693,720575940616345403,1
720575940625926693,720575940616308597,1
720575940625926693,720575940617293201,1
720575940625926693,720575940617989076,1
720575940625926693,720575940617727435,1
720575940625926693,720575940617456798,1
720575940625926693,720575940616189509,1
720575940625926693,720575940615193100,1
720575940625926693,720575940614981087,1
720575940625926693,720575940614778454,1
720575940625926693,720575940614744991,1
720575940625926693,720575940614742687,1
720575940625926693,720575940614714518,1
720575940625926693,720575940616162373,1
720575940625926693,720575940615975227,1
720575940625926693,720575940615964884,1
720575940625926693,720575940615785228,1
720575940625926693,720575940615346363,1
720575940625926693,720575940620862273,1
720575940625926693,720575940620811073,1
720575940625926693,720575940620682934,1
720575940625926693,720575940620495830,1
720575940625926693,720575940620880333,1
720575940625926693,720575940620996621,1
720575940625926693,720575940621460645,1
720575940625926693,720575940621351876,1
720575940625926693,720575940621290017,1
720575940625926693,720575940621121206,1
720575940625926693,720575940621044701,1
720575940625926693,720575940621019457,1
720575940625926693,720575940619369198,1
720575940625926693,720575940619358257,1
720575940625926693,720575940619336942,1
720575940625926693,720575940618997297,1
720575940625926693,720575940618992449,1
720575940625926693,720575940618548975,1
720575940625926693,720575940618506155,1
720575940625926693,720575940618470383,1
720575940625926693,720575940618226245,1
720575940625926693,720575940620036385,1
720575940625926693,720575940619994759,1
720575940625926693,720575940619744960,1
720575940625926693,720575940619587009,1
720575940622100774,720575940613563187,1
720575940622100774,720575940612778646,1
720575940622100774,720575940612728466,1
720575940619676224,720575940637756349,1
720575940619676224,720575940637540952,1
720575940619676224,720575940637434601,1
720575940619676224,720575940637184078,1
720575940619676224,720575940636159198,1
720575940619676224,720575940637118174,1
720575940619676224,720575940636898281,1
720575940619676224,720575940636551086,1
720575940619676224,720575940636422372,1
720575940619676224,720575940637869028,1
720575940619676224,720575940637970665,1
720575940619676224,720575940639515965,1
720575940619676224,720575940639286606,1
720575940619676224,720575940639116888,1
720575940619676224,720575940639069493,1
720575940619676224,720575940638053865,1
720575940619676224,720575940633215339,1
720575940619676224,720575940635908580,1
720575940619676224,720575940633146007,1
720575940619676224,720575940633075163,1
720575940619676224,720575940633056467,1
720575940619676224,720575940632849069,1
720575940619676224,720575940632805037,1
720575940619676224,720575940632735021,1
720575940619676224,720575940633802009,1
720575940619676224,720575940633813785,1
720575940619676224,720575940635883748,1
720575940619676224,720575940634975851,1
720575940619676224,720575940634942362,1
720575940619676224,720575940634849375,1
720575940619676224,720575940634231999,1
720575940619676224,720575940633996911,1
720575940619676224,720575940633908887,1
720575940620576238,720575940609871253,1
720575940620576238,720575940610823010,1
720575940620576238,720575940610691507,1
720575940620576238,720575940610505621,1
720575940620576238,720575940609970801,1
720575940620576238,720575940609371086,1
720575940620576238,720575940609184210,1
720575940620576238,720575940609153746,1
720575940620576238,720575940607337923,1
720575940620576238,720575940606454108,1
720575940620576238,720575940611686629,1
720575940620576238,720575940612668018,1
720575940620576238,720575940616350011,1
720575940620576238,720575940616044850,1
720575940620576238,720575940615901597,1
720575940620576238,720575940615481489,1
720575940620576238,720575940615196063,1
720575940620576238,720575940614902667,1
720575940620576238,720575940614428722,1
720575940620576238,720575940614115515,1
720575940620576238,720575940613478422,1
720575940620576238,720575940613353538,1
720575940620576238,720575940612725906,1
720575940620576238,720575940606331996,1
720575940619676224,720575940646667828,1
720575940619676224,720575940646308148,1
720575940619676224,720575940644843031,1
720575940619676224,720575940644136983,1
720575940619676224,720575940643281262,1
720575940619676224,720575940643266852,1
720575940619676224,720575940640688592,1
720575940619676224,720575940640634787,1
720575940619676224,720575940640566736,1
720575940620576238,720575940605180337,1
720575940619676224,720575940649691513,1
720575940620576238,720575940604806345,1
720575940620576238,720575940603642982,1
720575940619676224,720575940659536257,1
720575940619676224,720575940659316609,1
720575940619676224,720575940657869953,1
720575940619676224,720575940654606753,1
720575940619676224,720575940654491553,1
720575940619676224,720575940652875169,1
720575940619676224,720575940650260214,1
720575940619676224,720575940628411612,1
720575940619676224,720575940628408055,1
720575940619676224,720575940628394716,1
720575940619676224,720575940628295242,1
720575940619676224,720575940628269628,1
720575940619676224,720575940628217643,1
720575940619676224,720575940628147718,1
720575940619676224,720575940627920071,1
720575940619676224,720575940627854568,1
720575940619676224,720575940627750647,1
720575940619676224,720575940627573659,1
720575940619676224,720575940628724284,1
720575940619676224,720575940629300043,1
720575940619676224,720575940629294636,1
720575940619676224,720575940629259638,1
720575940619676224,720575940629166592,1
720575940619676224,720575940629166587,1
720575940619676224,720575940629088450,1
720575940619676224,720575940629036997,1
720575940619676224,720575940628787962,1
720575940619676224,720575940627561854,1
720575940619676224,720575940627553691,1
720575940619676224,720575940627543695,1
720575940619676224,720575940626758489,1
720575940619676224,720575940626649433,1
720575940619676224,720575940626548234,1
720575940619676224,720575940626547817,1
720575940619676224,720575940626474889,1
720575940619676224,720575940626086244,1
720575940619676224,720575940626081176,1
720575940619676224,720575940626792209,1
720575940619676224,720575940627543624,1
720575940619676224,720575940627230986,1
720575940619676224,720575940626948485,1
720575940619676224,720575940626941446,1
720575940619676224,720575940626864414,1
720575940619676224,720575940631458371,1
720575940619676224,720575940631408199,1
720575940619676224,720575940631336930,1
720575940619676224,720575940629406012,1
720575940619676224,720575940631143383,1
720575940619676224,720575940631089935,1
720575940619676224,720575940631048267,1
720575940619676224,720575940630966840,1
720575940619676224,720575940630906655,1
720575940619676224,720575940631603768,1
720575940619676224,720575940631621689,1
720575940619676224,720575940631624761,1
720575940619676224,720575940632434340,1
720575940619676224,720575940632433828,1
720575940619676224,720575940632364717,1
720575940619676224,720575940632358564,1
720575940619676224,720575940632203823,1
720575940619676224,720575940632197935,1
720575940619676224,720575940632172591,1
720575940619676224,720575940631798888,1
720575940619676224,720575940631777567,1
720575940619676224,720575940630902083,1
720575940619676224,720575940630047080,1
720575940619676224,720575940629978666,1
720575940619676224,720575940629917482,1
720575940619676224,720575940629854764,1
720575940619676224,720575940629804544,1
720575940619676224,720575940629789292,1
720575940619676224,720575940629638211,1
720575940619676224,720575940629633150,1
720575940619676224,720575940629532098,1
720575940619676224,720575940629485354,1
720575940619676224,720575940630026856,1
720575940619676224,720575940630078348,1
720575940619676224,720575940630722757,1
720575940619676224,720575940630560505,1
720575940619676224,720575940630525967,1
720575940619676224,720575940630477305,1
720575940619676224,720575940630219567,1
720575940621216982,720575940629921398,1
720575940621216982,720575940631589689,1
720575940621216982,720575940631453763,1
720575940621216982,720575940631024682,1
720575940621216982,720575940630935570,1
720575940621216982,720575940630853948,1
720575940621216982,720575940630759507,1
720575940621216982,720575940630679895,1
720575940621216982,720575940630496118,1
720575940621216982,720575940629942844,1
720575940621216982,720575940629849196,1
720575940621216982,720575940627834359,1
720575940621216982,720575940629545027,1
720575940621216982,720575940629515306,1
720575940621216982,720575940629477674,1
720575940621216982,720575940629318394,1
720575940621216982,720575940629222759,1
720575940621216982,720575940629127109,1
720575940621216982,720575940628408055,1
720575940621216982,720575940628300529,1
720575940621216982,720575940631801631,1
720575940621216982,720575940632010567,1
720575940621216982,720575940658795137,1
720575940621216982,720575940650260214,1
720575940621216982,720575940644592494,1
720575940621216982,720575940642328736,1
720575940621216982,720575940639218165,1
720575940621216982,720575940638480061,1
720575940621216982,720575940637788494,1
720575940621216982,720575940637404750,1
720575940621216982,720575940636291429,1
720575940621216982,720575940634154140,1
720575940621216982,720575940632510048,1
720575940620576238,720575940616878238,1
720575940621216982,720575940621230430,1
720575940621216982,720575940622928397,1
720575940621216982,720575940622697196,1
720575940621216982,720575940622288152,1
720575940621216982,720575940621873246,1
720575940621216982,720575940621869918,1
720575940621216982,720575940621688926,1
720575940621216982,720575940621560052,1
720575940621216982,720575940621553535,1
720575940621216982,720575940621174704,1
720575940621216982,720575940621023297,1
720575940621216982,720575940620655169,1
720575940621216982,720575940620457904,1
720575940621216982,720575940619155029,1
720575940621216982,720575940617989076,1
720575940621216982,720575940617937181,1
720575940621216982,720575940623003917,1
720575940621216982,720575940623191334,1
720575940621216982,720575940627150090,1
720575940621216982,720575940626562665,1
720575940621216982,720575940626225941,1
720575940621216982,720575940625940456,1
720575940621216982,720575940625753621,1
720575940621216982,720575940625715733,1
720575940621216982,720575940625300254,1
720575940621216982,720575940624711655,1
720575940621216982,720575940624609101,1
720575940621216982,720575940624537836,1
720575940621216982,720575940624487572,1
720575940621216982,720575940624265572,1
720575940621216982,720575940623947500,1
720575940621216982,720575940623546638,1
720575940621216982,720575940623488270,1
720575940621216982,720575940623426633,1
720575940621216982,720575940623413898,1
720575940621900321,720575940604483040,1
720575940621900321,720575940636519598,1
720575940621900321,720575940634296951,1
720575940621900321,720575940632558675,1
720575940621900321,720575940631782712,1
720575940621900321,720575940631603267,1
720575940621900321,720575940630411535,1
720575940621900321,720575940605029250,1
720575940621900321,720575940628788496,1
720575940621900321,720575940628610811,1
720575940621900321,720575940628367836,1
720575940621900321,720575940627210373,1
720575940621900321,720575940636665262,1
720575940621900321,720575940636991856,1
720575940622100774,720575940609184210,1
720575940622100774,720575940608447241,1
720575940622100774,720575940608286556,1
720575940622100774,720575940607993668,1
720575940622100774,720575940605184102,1
720575940622100774,720575940603673120,1
720575940622100774,720575940603084972,1
720575940621900321,720575940654647457,1
720575940621900321,720575940648246649,1
720575940621900321,720575940643404744,1
720575940621900321,720575940642108301,1
720575940621900321,720575940639686232,1
720575940621900321,720575940639158480,1
720575940621900321,720575940638626613,1
720575940621900321,720575940637225798,1
720575940621900321,720575940627158098,1
720575940621900321,720575940627147578,1
720575940621900321,720575940620126076,1
720575940621900321,720575940619876702,1
720575940621900321,720575940619864912,1
720575940621900321,720575940618326292,1
720575940621900321,720575940615289759,1
720575940621900321,720575940614313996,1
720575940621900321,720575940613776543,1
720575940621900321,720575940613460034,1
720575940621900321,720575940612796786,1
720575940621900321,720575940612362663,1
720575940621900321,720575940610952089,1
720575940621900321,720575940610793395,1
720575940621900321,720575940610669786,1
720575940621900321,720575940620223398,1
720575940621900321,720575940620649084,1
720575940621900321,720575940626874097,1
720575940621900321,720575940626803279,1
720575940621900321,720575940626002494,1
720575940621900321,720575940625561374,1
720575940621900321,720575940625507888,1
720575940621900321,720575940625002526,1
720575940621900321,720575940624994941,1
720575940621900321,720575940624574922,1
720575940621900321,720575940624159376,1
720575940621900321,720575940623252164,1
720575940621900321,720575940623030015,1
720575940621900321,720575940623014328,1
720575940621900321,720575940621878021,1
720575940621900321,720575940621594723,1
720575940621900321,720575940621554815,1
720575940621900321,720575940621538431,1
720575940621900321,720575940621129181,1
720575940621900321,720575940620813478,1
720575940621216982,720575940617395412,1
720575940620576238,720575940626251778,1
720575940620576238,720575940626044924,1
720575940620576238,720575940625807108,1
720575940620576238,720575940625665564,1
720575940620576238,720575940625508400,1
720575940620576238,720575940625223690,1
720575940620576238,720575940625126448,1
720575940620576238,720575940624852120,1
720575940620576238,720575940624648067,1
720575940620576238,720575940624158906,1
720575940620576238,720575940623943572,1
720575940620576238,720575940626294090,1
720575940620576238,720575940626474889,1
720575940620576238,720575940628761039,1
720575940620576238,720575940628519020,1
720575940620576238,720575940628188732,1
720575940620576238,720575940628054839,1
720575940620576238,720575940627908624,1
720575940620576238,720575940627307855,1
720575940620576238,720575940627094917,1
720575940620576238,720575940627003547,1
720575940620576238,720575940626906142,1
720575940620576238,720575940626792778,1
720575940620576238,720575940626657808,1
720575940620576238,720575940626622480,1
720575940620576238,720575940623691920,1
720575940620576238,720575940623582904,1
720575940620576238,720575940620746093,1
720575940620576238,720575940620276801,1
720575940620576238,720575940620042375,1
720575940620576238,720575940619937718,1
720575940620576238,720575940619693003,1
720575940620576238,720575940619668212,1
720575940620576238,720575940618992749,1
720575940620576238,720575940618662939,1
720575940620576238,720575940617878080,1
720575940620576238,720575940617771521,1
720575940620576238,720575940620904780,1
720575940620576238,720575940623023544,1
720575940620576238,720575940622965944,1
720575940620576238,720575940622857447,1
720575940620576238,720575940622836455,1
720575940620576238,720575940622641132,1
720575940620576238,720575940622595827,1
720575940620576238,720575940622462472,1
720575940620576238,720575940622217033,1
720575940620576238,720575940622133206,1
720575940620576238,720575940622112636,1
720575940620576238,720575940621882401,1
720575940620576238,720575940621391636,1
720575940620576238,720575940621321001,1
720575940620576238,720575940621250486,1
720575940620576238,720575940629625466,1
720575940621216982,720575940605338290,1
720575940621216982,720575940604999526,1
720575940621216982,720575940604963942,1
720575940621216982,720575940604884396,1
720575940621216982,720575940604630240,1
720575940620576238,720575940646308148,1
720575940620576238,720575940643497632,1
720575940620576238,720575940640758157,1
720575940620576238,720575940639727067,1
720575940621216982,720575940605407846,1
720575940621216982,720575940605550950,1
720575940621216982,720575940606667977,1
720575940621216982,720575940617249629,1
720575940621216982,720575940617036729,1
720575940621216982,720575940616723549,1
720575940621216982,720575940616578646,1
720575940621216982,720575940616440098,1
720575940621216982,720575940616097163,1
720575940621216982,720575940615737531,1
720575940621216982,720575940615219778,1
720575940621216982,720575940614816598,1
720575940621216982,720575940614770847,1
720575940621216982,720575940611936474,1
720575940621216982,720575940609179331,1
720575940620576238,720575940639726555,1
720575940620576238,720575940631573039,1
720575940620576238,720575940631485251,1
720575940620576238,720575940630947395,1
720575940620576238,720575940630923693,1
720575940620576238,720575940630269660,1
720575940620576238,720575940630228271,1
720575940620576238,720575940632932762,1
720575940620576238,720575940633516980,1
720575940620576238,720575940633552820,1
720575940620576238,720575940638531637,1
720575940620576238,720575940637594995,1
720575940620576238,720575940637580659,1
720575940620576238,720575940637320381,1
720575940620576238,720575940634800282,1
720575940620576238,720575940634464869,1
720575940620576238,720575940634001007,1
720575940620576238,720575940633570808,1
720575940631844492,720575940611960872,1
720575940631844492,720575940610773171,1
720575940631844492,720575940605350066,1
720575940631844492,720575940618992449,1
720575940631844492,720575940619695809,1
720575940632107335,720575940609097058,1
720575940632107335,720575940610773171,1
720575940632107335,720575940609944526,1
720575940632107335,720575940609651554,1
720575940632107335,720575940609208530,1
720575940632107335,720575940608657621,1
720575940632107335,720575940608517385,1
720575940632107335,720575940608281180,1
720575940632107335,720575940606496011,1
720575940632107335,720575940605817522,1
720575940632107335,720575940604319078,1
720575940632107335,720575940603747616,1
720575940632107335,720575940610793395,1
720575940632107335,720575940614306814,1
720575940632107335,720575940614240766,1
720575940632107335,720575940614229758,1
720575940632107335,720575940614229415,1
720575940632107335,720575940613727399,1
720575940632107335,720575940613364461,1
720575940632107335,720575940613017059,1
720575940632107335,720575940612846962,1
720575940632107335,720575940612796786,1
720575940632107335,720575940612766102,1
720575940632107335,720575940612747158,1
720575940632107335,720575940612372650,1
720575940632107335,720575940612240918,1
720575940631844492,720575940654647457,1
720575940631844492,720575940649228665,1
720575940631844492,720575940628610811,1
720575940631844492,720575940627230986,1
720575940631844492,720575940626874097,1
720575940631844492,720575940626002494,1
720575940631844492,720575940625317139,1
720575940631844492,720575940625235033,1
720575940631844492,720575940623014328,1
720575940631844492,720575940622428087,1
720575940631844492,720575940621460645,1
720575940631844492,720575940620822593,1
720575940631844492,720575940620577652,1
720575940631844492,720575940627576488,1
720575940631844492,720575940648246649,1
720575940631844492,720575940644472100,1
720575940631844492,720575940639686232,1
720575940631844492,720575940638626613,1
720575940631844492,720575940636665262,1
720575940631844492,720575940631661281,1
720575940631844492,720575940631603267,1
720575940631844492,720575940631549743,1
720575940631844492,720575940631387463,1
720575940631844492,720575940629233145,1
720575940631844492,720575940629036997,1
720575940625926693,720575940627543624,1
720575940630777631,720575940631498819,1
720575940630777631,720575940633932951,1
720575940630777631,720575940632558675,1
720575940630777631,720575940632144813,1
720575940630777631,720575940632098375,1
720575940630777631,720575940631782712,1
720575940630777631,720575940631661281,1
720575940630777631,720575940628071409,1
720575940630777631,720575940630450852,1
720575940630777631,720575940629541187,1
720575940630777631,720575940629260406,1
720575940630777631,720575940629233145,1
720575940630777631,720575940629036997,1
720575940630777631,720575940628800762,1
720575940630777631,720575940628367836,1
720575940630777631,720575940634146808,1
720575940630777631,720575940634800759,1
720575940630777631,720575940658101121,1
720575940630777631,720575940654647457,1
720575940630777631,720575940644472100,1
720575940630777631,720575940642108301,1
720575940630777631,720575940639686232,1
720575940630777631,720575940639158480,1
720575940630777631,720575940636519598,1
720575940630777631,720575940628002822,1
720575940630777631,720575940615289759,1
720575940630777631,720575940620039956,1
720575940630777631,720575940619695809,1
720575940630777631,720575940619651019,1
720575940630777631,720575940619115845,1
720575940630777631,720575940619026241,1
720575940630777631,720575940618992449,1
720575940630777631,720575940618306112,1
720575940630777631,720575940627576488,1
720575940630777631,720575940614313996,1
720575940630777631,720575940614240766,1
720575940630777631,720575940613797295,1
720575940630777631,720575940613776543,1
720575940630777631,720575940613690031,1
720575940630777631,720575940613507946,1
720575940630777631,720575940613041123,1
720575940630777631,720575940620813478,1
720575940630777631,720575940620996621,1
720575940630777631,720575940626874097,1
720575940630777631,720575940626363791,1
720575940630777631,720575940626002494,1
720575940630777631,720575940625002526,1
720575940630777631,720575940624574922,1
720575940630777631,720575940624465900,1
720575940630777631,720575940623965513,1
720575940630777631,720575940623377555,1
720575940630777631,720575940623351443,1
720575940630777631,720575940623014328,1
720575940630777631,720575940622781389,1
720575940630777631,720575940622670835,1
720575940630777631,720575940622350472,1
720575940630777631,720575940621878021,1
720575940630777631,720575940621146294,1
720575940632107335,720575940614551954,1
720575940632107335,720575940614614203,1
720575940638940469,720575940612362663,1
720575940638940469,720575940610773171,1
720575940638940469,720575940606680706,1
720575940633541857,720575940647153796,1
720575940633541857,720575940641079029,1
720575940633541857,720575940635499888,1
720575940633541857,720575940634800759,1
720575940633541857,720575940632388138,1
720575940633541857,720575940631603267,1
720575940633541857,720575940631351619,1
720575940633541857,720575940629260406,1
720575940638940469,720575940614240766,1
720575940638940469,720575940614313996,1
720575940638940469,720575940615289759,1
720575940638940469,720575940617940048,1
720575940638940469,720575940626803279,1
720575940638940469,720575940625625136,1
720575940638940469,720575940624663427,1
720575940638940469,720575940622350472,1
720575940638940469,720575940621878021,1
720575940638940469,720575940621538431,1
720575940638940469,720575940621413158,1
720575940638940469,720575940621146294,1
720575940638940469,720575940620813478,1
720575940638940469,720575940620418774,1
720575940638940469,720575940620126076,1
720575940638940469,720575940620039956,1
720575940638940469,720575940619960926,1
720575940638940469,720575940619115845,1
720575940638940469,720575940617973021,1
720575940633541857,720575940625317139,1
720575940632107335,720575940658101121,1
720575940632107335,720575940644946211,1
720575940633541857,720575940625002526,1
720575940632107335,720575940643404744,1
720575940632107335,720575940642383520,1
720575940632107335,720575940642162573,1
720575940632107335,720575940642108301,1
720575940632107335,720575940641079029,1
720575940633541857,720575940603747616,1
720575940633541857,720575940606783362,1
720575940633541857,720575940622781389,1
720575940633541857,720575940621594723,1
720575940633541857,720575940621538431,1
720575940633541857,720575940621460645,1
720575940633541857,720575940621146294,1
720575940633541857,720575940618671495,1
720575940633541857,720575940616955229,1
720575940633541857,720575940616306210,1
720575940633541857,720575940614240766,1
720575940633541857,720575940613507946,1
720575940633541857,720575940612872173,1
720575940633541857,720575940611960872,1
720575940633541857,720575940609163986,1
720575940638940469,720575940627147578,1
720575940639077283,720575940628367836,1
720575940639077283,720575940628002822,1
720575940639077283,720575940627264082,1
720575940639077283,720575940626855171,1
720575940639077283,720575940626363791,1
720575940639077283,720575940622979475,1
720575940638940469,720575940628002822,1
720575940639077283,720575940622864920,1
720575940639077283,720575940622116428,1
720575940639077283,720575940621878021,1
720575940639077283,720575940620996621,1
720575940639077283,720575940620649084,1
720575940639077283,720575940630067255,1
720575940639077283,720575940630139599,1
720575940639077283,720575940630399995,1
720575940639077283,720575940643501472,1
720575940639077283,720575940643404744,1
720575940639077283,720575940641079029,1
720575940639077283,720575940639278325,1
720575940639077283,720575940638626613,1
720575940639077283,720575940637999950,1
720575940639077283,720575940636560730,1
720575940639077283,720575940633224555,1
720575940639077283,720575940632528671,1
720575940639077283,720575940631782712,1
720575940639077283,720575940631603267,1
720575940639077283,720575940620126076,1
720575940639077283,720575940619695809,1
720575940639077283,720575940605817522,1
720575940639077283,720575940604483040,1
720575940639077283,720575940603747616,1
720575940638940469,720575940648246649,1
720575940638940469,720575940641079029,1
720575940638940469,720575940634006355,1
720575940638940469,720575940631388231,1
720575940638940469,720575940630300613,1
720575940638940469,720575940630067255,1
720575940638940469,720575940629895484,1
720575940639077283,720575940612362663,1
720575940639077283,720575940619115845,1
720575940639077283,720575940618992449,1
720575940639077283,720575940617940304,1
720575940639077283,720575940617857053,1
720575940639077283,720575940614822506,1
720575940639077283,720575940614614203,1
720575940639077283,720575940614313996,1
720575940639077283,720575940614240766,1
720575940639077283,720575940613929670,1
720575940639077283,720575940613776543,1
720575940639077283,720575940613460034,1
720575940639077283,720575940613364461,1
720575940639077283,720575940613041123,1
720575940639077283,720575940612763542,1
720575940639077283,720575940612372650,1
720575940632107335,720575940639986048,1
720575940632107335,720575940621947486,1
720575940632107335,720575940622979475,1
720575940632107335,720575940622781389,1
720575940632107335,720575940622737812,1
720575940632107335,720575940622204157,1
720575940632107335,720575940622135501,1
720575940632107335,720575940622116428,1
720575940632107335,720575940625600048,1
720575940632107335,720575940621802751,1
720575940632107335,720575940621538431,1
720575940632107335,720575940621413670,1
720575940632107335,720575940621129181,1
720575940632107335,720575940621073117,1
720575940632107335,720575940623014328,1
720575940632107335,720575940625354904,1
720575940632107335,720575940625317139,1
720575940632107335,720575940625235033,1
720575940632107335,720575940625002526,1
720575940632107335,720575940624663427,1
720575940632107335,720575940624660313,1
720575940632107335,720575940624642492,1
720575940632107335,720575940624629948,1
720575940632107335,720575940624294072,1
720575940632107335,720575940624086251,1
720575940632107335,720575940623756215,1
720575940632107335,720575940623554748,1
720575940632107335,720575940621023809,1
720575940632107335,720575940620822593,1
720575940632107335,720575940618671495,1
720575940632107335,720575940618592390,1
720575940632107335,720575940618299712,1
720575940632107335,720575940618131505,1
720575940632107335,720575940617940048,1
720575940632107335,720575940617857053,1
720575940632107335,720575940616955229,1
720575940632107335,720575940615798540,1
720575940632107335,720575940615780353,1
720575940632107335,720575940615571601,1
720575940632107335,720575940618873723,1
720575940632107335,720575940620813478,1
720575940632107335,720575940619254448,1
720575940632107335,720575940620495830,1
720575940632107335,720575940620422494,1
720575940632107335,720575940620355009,1
720575940632107335,720575940620230497,1
720575940632107335,720575940620020769,1
720575940632107335,720575940619842580,1
720575940632107335,720575940619651019,1
720575940632107335,720575940619271384,1
720575940632107335,720575940625507888,1
720575940632107335,720575940625667365,1
720575940632107335,720575940639727861,1
720575940632107335,720575940633146475,1
720575940632107335,720575940632725459,1
720575940632107335,720575940632481363,1
720575940632107335,720575940632465945,1
720575940632107335,720575940632388138,1
720575940632107335,720575940632371737,1
720575940632107335,720575940632144813,1
720575940632107335,720575940632098375,1
720575940632107335,720575940631782447,1
720575940632107335,720575940631498819,1
720575940632107335,720575940631447363,1
720575940632107335,720575940631388231,1
720575940632107335,720575940631019468,1
720575940632107335,720575940633932951,1
720575940632107335,720575940639202532,1
720575940632107335,720575940638472006,1
720575940632107335,720575940636640602,1
720575940632107335,720575940636159039,1
720575940632107335,720575940636059226,1
720575940632107335,720575940635883748,1
720575940632107335,720575940634018415,1
720575940632107335,720575940628103806,1
720575940632107335,720575940628071409,1
720575940632107335,720575940627920071,1
720575940632107335,720575940627573659,1
720575940632107335,720575940627245701,1
720575940632107335,720575940627158098,1
720575940632107335,720575940627147578,1
720575940632107335,720575940626904561,1
720575940632107335,720575940626403400,1
720575940632107335,720575940630430495,1
720575940632107335,720575940630411259,1
720575940632107335,720575940630399995,1
720575940632107335,720575940630159939,1
720575940632107335,720575940629895484,1
720575940632107335,720575940629814060,1
720575940632107335,720575940629541187,1
720575940632107335,720575940629504554,1
720575940632107335,720575940629388239,1
720575940632107335,720575940629347791,1
720575940632107335,720575940628800762,1
720575940630777631,720575940612872173,1
720575940630777631,720575940612796786,1
720575940625926693,720575940637316029,1
720575940625926693,720575940637695395,1
720575940625926693,720575940637526750,1
720575940625926693,720575940637508698,1
720575940625926693,720575940636877936,1
720575940625926693,720575940637810239,1
720575940625926693,720575940637835839,1
720575940625926693,720575940638053865,1
720575940625926693,720575940636553306,1
720575940626300444,720575940634146808,1
720575940625926693,720575940634989560,1
720575940625926693,720575940634638990,1
720575940625926693,720575940634000495,1
720575940625926693,720575940633932951,1
720575940625926693,720575940636291429,1
720575940625926693,720575940636159198,1
720575940625926693,720575940636135799,1
720575940625926693,720575940636045175,1
720575940625926693,720575940639100760,1
720575940625926693,720575940650260214,1
720575940625926693,720575940659536257,1
720575940625926693,720575940652837793,1
720575940625926693,720575940646598788,1
720575940626300444,720575940610773714,1
720575940626300444,720575940633034336,1
720575940626300444,720575940632481363,1
720575940626300444,720575940627089930,1
720575940626300444,720575940625937797,1
720575940626300444,720575940625564816,1
720575940626300444,720575940623986469,1
720575940626300444,720575940621947486,1
720575940626300444,720575940618036509,1
720575940626300444,720575940613213151,1
720575940626300444,720575940610793395,1
720575940625926693,720575940645828740,1
720575940625926693,720575940639986048,1
720575940625926693,720575940639881600,1
720575940625926693,720575940639726555,1
720575940625926693,720575940639534451,1
720575940625926693,720575940639417459,1
720575940625926693,720575940639202532,1
720575940625926693,720575940643830126,1
720575940625926693,720575940641866912,1
720575940625926693,720575940641079029,1
720575940625926693,720575940633813785,1
720575940625926693,720575940633802009,1
720575940625926693,720575940629260406,1
720575940625926693,720575940629079707,1
720575940625926693,720575940628895831,1
720575940625926693,720575940629997561,1
720575940625926693,720575940629922166,1
720575940625926693,720575940629854764,1
720575940625926693,720575940629545027,1
720575940625926693,720575940629536894,1
720575940625926693,720575940629504554,1
720575940625926693,720575940629406012,1
720575940625926693,720575940628735275,1
720575940625926693,720575940628056375,1
720575940625926693,720575940627778564,1
720575940625926693,720575940627768567,1
720575940625926693,720575940627552680,1
720575940625926693,720575940628239671,1
720575940625926693,720575940628651792,1
720575940625926693,720575940628519020,1
720575940625926693,720575940628394716,1
720575940625926693,720575940628297627,1
720575940625926693,720575940630026856,1
720575940625926693,720575940630063671,1
720575940625926693,720575940630063676,1
720575940625926693,720575940633569784,1
720575940625926693,720575940632718291,1
720575940625926693,720575940632528671,1
720575940625926693,720575940630751535,1
720575940625926693,720575940630525967,1
720575940625926693,720575940630475513,1
720575940625926693,720575940630250543,1
720575940625926693,720575940630146135,1
720575940625926693,720575940630067816,1
720575940625926693,720575940631062603,1
720575940625926693,720575940630966840,1
720575940626300444,720575940634006355,1
720575940626300444,720575940638561102,1
720575940630777631,720575940612372650,1
720575940628743362,720575940621913897,1
720575940628743362,720575940621413158,1
720575940628743362,720575940621121140,1
720575940628743362,720575940621023809,1
720575940628743362,720575940619896581,1
720575940628743362,720575940619876702,1
720575940628743362,720575940618036509,1
720575940628743362,720575940610669786,1
720575940628743362,720575940617940048,1
720575940628743362,720575940614869387,1
720575940628743362,720575940613738415,1
720575940628743362,720575940612853354,1
720575940628743362,720575940612019570,1
720575940628743362,720575940627553691,1
720575940628743362,720575940627295802,1
720575940628743362,720575940626919409,1
720575940628743362,720575940626825853,1
720575940628743362,720575940626550504,1
720575940628743362,720575940626124743,1
720575940628743362,720575940624989214,1
720575940628743362,720575940624676414,1
720575940628743362,720575940624195559,1
720575940628743362,720575940609921230,1
720575940628708139,720575940623413898,1
720575940628708139,720575940618992449,1
720575940628708139,720575940608286556,1
720575940628708139,720575940605565886,1
720575940628708139,720575940603773798,1
720575940628743362,720575940608517385,1
720575940628609127,720575940621413926,1
720575940627390507,720575940641536397,1
720575940627390507,720575940639218165,1
720575940628708139,720575940623822261,1
720575940628708139,720575940625507888,1
720575940628708139,720575940626843773,1
720575940628743362,720575940605792434,1
720575940628743362,720575940602553568,1
720575940628708139,720575940644843031,1
720575940628708139,720575940639057085,1
720575940628708139,720575940631498819,1
720575940628708139,720575940629765647,1
720575940628708139,720575940629318394,1
720575940628708139,720575940629260406,1
720575940628708139,720575940628807503,1
720575940628708139,720575940628800762,1
720575940628708139,720575940628128079,1
720575940630498811,720575940624974010,1
720575940630498811,720575940630038156,1
720575940630498811,720575940629971191,1
720575940630498811,720575940629942844,1
720575940630498811,720575940626864414,1
720575940630498811,720575940625942458,1
720575940628743362,720575940629328591,1
720575940630498811,720575940624032264,1
720575940630498811,720575940623351443,1
720575940630498811,720575940623203767,1
720575940630498811,720575940622348424,1
720575940630498811,720575940621999044,1
720575940630498811,720575940621987255,1
720575940630498811,720575940621872645,1
720575940630498811,720575940621491696,1
720575940630498811,720575940632357284,1
720575940630498811,720575940632584787,1
720575940630777631,720575940611960872,1
720575940630777631,720575940610952089,1
720575940630777631,720575940610784179,1
720575940630777631,720575940609208530,1
720575940630777631,720575940606892674,1
720575940630777631,720575940606666953,1
720575940630777631,720575940605350066,1
720575940630498811,720575940646602372,1
720575940630498811,720575940645377668,1
720575940630498811,720575940639881600,1
720575940630498811,720575940639069493,1
720575940630498811,720575940638903248,1
720575940630498811,720575940635309304,1
720575940630498811,720575940634858676,1
720575940630498811,720575940634442091,1
720575940630498811,720575940620469742,1
720575940628743362,720575940646609028,1
720575940628743362,720575940636560730,1
720575940628743362,720575940635800431,1
720575940628743362,720575940633466524,1
720575940628743362,720575940631775032,1
720575940628743362,720575940631432403,1
720575940628743362,720575940631237433,1
720575940628743362,720575940630651223,1
720575940628743362,720575940629671491,1
720575940628743362,720575940629541187,1
720575940628743362,720575940629504554,1
720575940628743362,720575940649650041,1
720575940628743362,720575940652784289,1
720575940630498811,720575940619701631,1
720575940630498811,720575940618846001,1
720575940630498811,720575940618190238,1
720575940630498811,720575940617849920,1
720575940630498811,720575940617473748,1
720575940630498811,720575940617079257,1
720575940630498811,720575940614778454,1
720575940630498811,720575940612796786,1
720575940630498811,720575940612266213,1
720575940630498811,720575940610945558,1
720575940630498811,720575940609179331,1
720575940630498811,720575940608393739,1
720575940630498811,720575940607828233,1
720575940630498811,720575940606967730,1
720575940630498811,720575940604860332,1
720575940628743362,720575940659940225,1
720575940627194501,720575940621832542,1
720575940627194501,720575940623315347,1
720575940627194501,720575940623171847,1
720575940627194501,720575940623016644,1
720575940627194501,720575940622972686,1
720575940627194501,720575940622820586,1
720575940627194501,720575940622773784,1
720575940627194501,720575940622549759,1
720575940627194501,720575940621987255,1
720575940627194501,720575940621857313,1
720575940627194501,720575940629730263,1
720575940627194501,720575940621688926,1
720575940627194501,720575940621560052,1
720575940627194501,720575940621552116,1
720575940627194501,720575940621471732,1
720575940627194501,720575940621087408,1
720575940627194501,720575940621023297,1
720575940627194501,720575940621010804,1
720575940627194501,720575940620741485,1
720575940627194501,720575940623542972,1
720575940627194501,720575940623947500,1
720575940627194501,720575940629318394,1
720575940627194501,720575940628807503,1
720575940627194501,720575940628685059,1
720575940627194501,720575940628414567,1
720575940627194501,720575940628163402,1
720575940627194501,720575940627479829,1
720575940627194501,720575940627450385,1
720575940627194501,720575940627164242,1
720575940627194501,720575940626758489,1
720575940627194501,720575940626090340,1
720575940627194501,720575940626075079,1
720575940627194501,720575940625942590,1
720575940627194501,720575940625718696,1
720575940627194501,720575940625454640,1
720575940627194501,720575940624721084,1
720575940627194501,720575940624428019,1
720575940627194501,720575940624293048,1
720575940627194501,720575940620537071,1
720575940627194501,720575940620282758,1
720575940627194501,720575940620273023,1
720575940627194501,720575940612453603,1
720575940627194501,720575940611855729,1
720575940627194501,720575940611748594,1
720575940627194501,720575940611696042,1
720575940627194501,720575940610206387,1
720575940627194501,720575940609935310,1
720575940627194501,720575940608527150,1
720575940627194501,720575940608524483,1
720575940627194501,720575940608456715,1
720575940627194501,720575940608386315,1
720575940627194501,720575940607978820,1
720575940627194501,720575940606963586,1
720575940627194501,720575940606941397,1
720575940627194501,720575940605606274,1
720575940627194501,720575940605171121,1
720575940627194501,720575940604997152,1
720575940627194501,720575940604963942,1
720575940627194501,720575940604935340,1
720575940627194501,720575940612450730,1
720575940627194501,720575940612576254,1
720575940627194501,720575940620176237,1
720575940627194501,720575940612686358,1
720575940627194501,720575940620039589,1
720575940627194501,720575940620007457,1
720575940627194501,720575940619672656,1
720575940627194501,720575940619154891,1
720575940627194501,720575940618746747,1
720575940627194501,720575940618667143,1
720575940627194501,720575940618266747,1
720575940627194501,720575940618190238,1
720575940627194501,720575940617849920,1
720575940627194501,720575940617079257,1
720575940627194501,720575940616911262,1
720575940627194501,720575940615974493,1
720575940627194501,720575940614909579,1
720575940627194501,720575940614887830,1
720575940627194501,720575940614495093,1
720575940627194501,720575940614200426,1
720575940627194501,720575940629849196,1
720575940627390507,720575940635614942,1
720575940627390507,720575940620588653,1
720575940627390507,720575940622669508,1
720575940627390507,720575940621906345,1
720575940627390507,720575940621897249,1
720575940627390507,720575940621017921,1
720575940627390507,720575940620600700,1
720575940627194501,720575940629967756,1
720575940627390507,720575940619673936,1
720575940627390507,720575940616848192,1
720575940627390507,720575940616578646,1
720575940627390507,720575940624157675,1
720575940627390507,720575940632668973,1
720575940627390507,720575940632009356,1
720575940627390507,720575940631448531,1
720575940627390507,720575940630966840,1
720575940627390507,720575940629730263,1
720575940627390507,720575940628306075,1
720575940627390507,720575940626513027,1
720575940627390507,720575940624577613,1
720575940627390507,720575940615447764,1
720575940627390507,720575940614606738,1
720575940627194501,720575940634951007,1
720575940627194501,720575940634858676,1
720575940627194501,720575940634849460,1
720575940627194501,720575940634430103,1
720575940627194501,720575940632735021,1
720575940627194501,720575940632135249,1
720575940627194501,720575940632111780,1
720575940627194501,720575940631686308,1
720575940627194501,720575940631453763,1
720575940627194501,720575940630679895,1
720575940627194501,720575940630414700,1
720575940627194501,720575940630219567,1
720575940627194501,720575940630047080,1
720575940627194501,720575940630038156,1
720575940627194501,720575940634942362,1
720575940627194501,720575940634954164,1
720575940627390507,720575940613797295,1
720575940627194501,720575940636352357,1
720575940627390507,720575940612686358,1
720575940627390507,720575940612090321,1
720575940627390507,720575940611343218,1
720575940627390507,720575940610206387,1
720575940627390507,720575940609132642,1
720575940627390507,720575940608393739,1
720575940627390507,720575940606967730,1
720575940627390507,720575940605597216,1
720575940627390507,720575940605565886,1
720575940627194501,720575940652799649,1
720575940627194501,720575940647739513,1
720575940627194501,720575940641936584,1
720575940627194501,720575940640487669,1
720575940627194501,720575940639118168,1
720575940627194501,720575940639071029,1
720575940627194501,720575940637737021,1
720575940630446329,720575940606666953,1
720575940643542688,720575940624453868,1
720575940643542688,720575940623353013,1
720575940643542688,720575940621913897,1
720575940643542688,720575940621839086,1
720575940643542688,720575940625506704,1
720575940643542688,720575940632210145,1
720575940643542688,720575940629388239,1
720575940643542688,720575940629164283,1
720575940643542688,720575940625834900,1
720575940643542688,720575940625600048,1
720575940643542688,720575940620521754,1
720575940643542688,720575940620410606,1
720575940643542688,720575940612740886,1
720575940643542688,720575940612240918,1
720575940643542688,720575940611098517,1
720575940643542688,720575940610793395,1
720575940643542688,720575940609944526,1
720575940643542688,720575940608148693,1
720575940643542688,720575940605167025,1
720575940636659886,720575940647153796,1
720575940636659886,720575940643547296,1
720575940636659886,720575940642108301,1
720575940636659886,720575940638662352,1
720575940643542688,720575940612766102,1
720575940643542688,720575940612846962,1
720575940643542688,720575940619842580,1
720575940643542688,720575940619271384,1
720575940643542688,720575940618572422,1
720575940643542688,720575940617650481,1
720575940643542688,720575940612853354,1
720575940643542688,720575940615072373,1
720575940643542688,720575940614490018,1
720575940643542688,720575940613737647,1
720575940643542688,720575940634146808,1
720575940649675897,720575940632135249,1
720575940649675897,720575940630751535,1
720575940649675897,720575940630176047,1
720575940649675897,720575940630039547,1
720575940649675897,720575940627550214,1
720575940649675897,720575940626547817,1
720575940649675897,720575940625786899,1
720575940649675897,720575940625754389,1
720575940649675897,720575940625323795,1
720575940649675897,720575940625258506,1
720575940649675897,720575940624593132,1
720575940649675897,720575940624516339,1
720575940649675897,720575940634468463,1
720575940649675897,720575940636839280,1
720575940649675897,720575940636877936,1
720575940604861356,720575940622894349,1
720575940604861356,720575940622800653,1
720575940604861356,720575940620232363,1
720575940604861356,720575940615386324,1
720575940604861356,720575940615346363,1
720575940604861356,720575940612714671,1
720575940604861356,720575940611733997,1
720575940604861356,720575940611210865,1
720575940649675897,720575940640634787,1
720575940649675897,720575940639274574,1
720575940649675897,720575940639218165,1
720575940649675897,720575940616245365,1
720575940649675897,720575940615193100,1
720575940649675897,720575940609226702,1
720575940649675897,720575940606954114,1
720575940649675897,720575940606941397,1
720575940649675897,720575940604860332,1
720575940643542688,720575940653332385,1
720575940643542688,720575940642383520,1
720575940643542688,720575940638995005,1
720575940643542688,720575940637222470,1
720575940643542688,720575940636560730,1
720575940643542688,720575940636059226,1
720575940649675897,720575940620684156,1
720575940649675897,720575940623008440,1
720575940649675897,720575940622855560,1
720575940649675897,720575940622050186,1
720575940649675897,720575940621554968,1
720575940649675897,720575940621322534,1
720575940649675897,720575940617628962,1
720575940649675897,720575940620500417,1
720575940649675897,720575940619994759,1
720575940649675897,720575940618746747,1
720575940649675897,720575940618671751,1
720575940649675897,720575940618266491,1
720575940631758393,720575940646419235,1
720575940631758393,720575940646263331,1
720575940631758393,720575940645858948,1
720575940631758393,720575940645386884,1
720575940631758393,720575940645377668,1
720575940631758393,720575940645269614,1
720575940631758393,720575940645248878,1
720575940631758393,720575940648246649,1
720575940631758393,720575940649012857,1
720575940633832628,720575940607978820,1
720575940633832628,720575940606967730,1
720575940633832628,720575940605792946,1
720575940633832628,720575940605550950,1
720575940633832628,720575940605338290,1
720575940633832628,720575940605171121,1
720575940631758393,720575940659850113,1
720575940631758393,720575940659577217,1
720575940631758393,720575940656078241,1
720575940631758393,720575940654810785,1
720575940631758393,720575940654647457,1
720575940631758393,720575940653339041,1
720575940631758393,720575940649228665,1
720575940631758393,720575940644946211,1
720575940631758393,720575940644838766,1
720575940631758393,720575940639846488,1
720575940631758393,720575940639733211,1
720575940631758393,720575940639727861,1
720575940631758393,720575940639684515,1
720575940631758393,720575940639554675,1
720575940631758393,720575940639118168,1
720575940631758393,720575940639100760,1
720575940631758393,720575940639090997,1
720575940631758393,720575940638995005,1
720575940631758393,720575940640487669,1
720575940631758393,720575940641079029,1
720575940631758393,720575940644592494,1
720575940631758393,720575940644583534,1
720575940631758393,720575940644472100,1
720575940631758393,720575940644423204,1
720575940631758393,720575940641360091,1
720575940631758393,720575940643404744,1
720575940631758393,720575940643063200,1
720575940631758393,720575940642022088,1
720575940633832628,720575940608823509,1
720575940633832628,720575940609179331,1
720575940633832628,720575940631603768,1
720575940636659886,720575940621146294,1
720575940636659886,720575940620822593,1
720575940636659886,720575940620039956,1
720575940636659886,720575940618306112,1
720575940636659886,720575940616821393,1
720575940636659886,720575940613364461,1
720575940636659886,720575940612240918,1
720575940636659886,720575940611111061,1
720575940633832628,720575940632182692,1
720575940636659886,720575940622737812,1
720575940636659886,720575940623008440,1
720575940636659886,720575940627931466,1
720575940636659886,720575940636045175,1
720575940636659886,720575940632182692,1
720575940636659886,720575940631453763,1
720575940636659886,720575940630733137,1
720575940636659886,720575940630399995,1
720575940636659886,720575940623369668,1
720575940636659886,720575940626225173,1
720575940636659886,720575940625781541,1
720575940636659886,720575940625507888,1
720575940636659886,720575940625317139,1
720575940636659886,720575940624837927,1
720575940636659886,720575940624159376,1
720575940636659886,720575940623878327,1
720575940636659886,720575940623822261,1
720575940633832628,720575940632009356,1
720575940633832628,720575940610945558,1
720575940633832628,720575940619336942,1
720575940633832628,720575940619036911,1
720575940633832628,720575940618770230,1
720575940633832628,720575940617036729,1
720575940633832628,720575940616076761,1
720575940633832628,720575940615476667,1
720575940633832628,720575940613782796,1
720575940633832628,720575940612008818,1
720575940633832628,720575940611771029,1
720575940633832628,720575940622594601,1
720575940633832628,720575940629942844,1
720575940633832628,720575940629498306,1
720575940633832628,720575940628215056,1
720575940633832628,720575940627483413,1
720575940633832628,720575940627426837,1
720575940633832628,720575940626669957,1
720575940633832628,720575940626321482,1
720575940633832628,720575940625994728,1
720575940633832628,720575940622972365,1
720575940633832628,720575940625901002,1
720575940633832628,720575940625800741,1
720575940633832628,720575940624711655,1
720575940633832628,720575940622996104,1
720575940604861356,720575940626513171,1
720575940610430254,720575940640566736,1
720575940610430254,720575940639988352,1
720575940610430254,720575940639684515,1
720575940610430254,720575940639022243,1
720575940610430254,720575940638445894,1
720575940610430254,720575940637434601,1
720575940610430254,720575940637190990,1
720575940610430254,720575940637118174,1
720575940610430254,720575940636135799,1
720575940610430254,720575940635465908,1
720575940610430254,720575940635452408,1
720575940610430254,720575940635309304,1
720575940610430254,720575940634235744,1
720575940610430254,720575940632980378,1
720575940610430254,720575940632532255,1
720575940610430254,720575940641536397,1
720575940610430254,720575940642328736,1
720575940610430254,720575940642347936,1
720575940610430254,720575940652837793,1
720575940610430254,720575940649536377,1
720575940610430254,720575940649020025,1
720575940610430254,720575940646263331,1
720575940610430254,720575940646229283,1
720575940604861356,720575940627854568,1
720575940617903643,720575940614327202,1
720575940617903643,720575940613824012,1
720575940617903643,720575940612524030,1
720575940617903643,720575940611310894,1
720575940617903643,720575940610505426,1
720575940617903643,720575940608312533,1
720575940617903643,720575940606968962,1
720575940617903643,720575940606892674,1
720575940617903643,720575940614311842,1
720575940617903643,720575940624562836,1
720575940617903643,720575940623542972,1
720575940617903643,720575940622771082,1
720575940617903643,720575940622621164,1
720575940617903643,720575940620226729,1
720575940617903643,720575940620004129,1
720575940617903643,720575940619036911,1
720575940617903643,720575940618770230,1
720575940617903643,720575940618436672,1
720575940617903643,720575940617293201,1
720575940617903643,720575940616677661,1
720575940610430254,720575940631991879,1
720575940610430254,720575940631756136,1
720575940610430254,720575940631048267,1
720575940606909826,720575940636026089,1
720575940606909826,720575940634661806,1
720575940606909826,720575940634072756,1
720575940606909826,720575940632584787,1
720575940606909826,720575940632111780,1
720575940606909826,720575940631621689,1
720575940606909826,720575940630496118,1
720575940606909826,720575940629823563,1
720575940606909826,720575940627264488,1
720575940606909826,720575940627170898,1
720575940606909826,720575940626820395,1
720575940606909826,720575940626082404,1
720575940606909826,720575940625901002,1
720575940606909826,720575940625715733,1
720575940606909826,720575940625155877,1
720575940606909826,720575940636839280,1
720575940606909826,720575940637169998,1
720575940610430254,720575940630966840,1
720575940606909826,720575940637810239,1
720575940610430254,720575940610945558,1
720575940610430254,720575940610944022,1
720575940610430254,720575940609873358,1
720575940610430254,720575940609694818,1
720575940610430254,720575940609226702,1
720575940610430254,720575940609179331,1
720575940610430254,720575940608820600,1
720575940610430254,720575940607280818,1
720575940610430254,720575940605565886,1
720575940610430254,720575940604997152,1
720575940610430254,720575940604630240,1
720575940610430254,720575940603111392,1
720575940606909826,720575940646034740,1
720575940606909826,720575940639534451,1
720575940606909826,720575940639090997,1
720575940606909826,720575940624830503,1
720575940606909826,720575940624532979,1
720575940606909826,720575940624480148,1
720575940606909826,720575940624465900,1
720575940606909826,720575940615193100,1
720575940606909826,720575940612352423,1
720575940606909826,720575940611450134,1
720575940606909826,720575940609149394,1
720575940606909826,720575940605597216,1
720575940604861356,720575940634914552,1
720575940604861356,720575940631458371,1
720575940604861356,720575940631342476,1
720575940604861356,720575940630219055,1
720575940604861356,720575940629318394,1
720575940606909826,720575940615252786,1
720575940606909826,720575940615386324,1
720575940606909826,720575940622972365,1
720575940606909826,720575940622723683,1
720575940606909826,720575940621924103,1
720575940606909826,720575940621730687,1
720575940606909826,720575940621121206,1
720575940606909826,720575940621023297,1
720575940606909826,720575940620576494,1
720575940606909826,720575940619970586,1
720575940606909826,720575940619672656,1
720575940606909826,720575940619495664,1
720575940606909826,720575940618846001,1
720575940606909826,720575940618671751,1
720575940606909826,720575940617576422,1
720575940606909826,720575940616964766,1
720575940610430254,720575940611855729,1
720575940610430254,720575940611943976,1
720575940610430254,720575940621688926,1
720575940610430254,720575940626948485,1
720575940610430254,720575940626779398,1
720575940610430254,720575940626075079,1
720575940610430254,720575940624494373,1
720575940610430254,720575940624428019,1
720575940610430254,720575940624421148,1
720575940610430254,720575940623822261,1
720575940610430254,720575940623503111,1
720575940610430254,720575940623191334,1
720575940610430254,720575940622981646,1
720575940610430254,720575940622928397,1
720575940610430254,720575940622816234,1
720575940610430254,720575940622694182,1
720575940610430254,720575940622305304,1
720575940610430254,720575940622228812,1
720575940610430254,720575940621973018,1
720575940610430254,720575940627493653,1
720575940610430254,720575940629855596,1
720575940610430254,720575940630935570,1
720575940610430254,720575940630432932,1
720575940610430254,720575940630078348,1
720575940610430254,720575940630038156,1
720575940610430254,720575940629909804,1
720575940610430254,720575940629277687,1
720575940610430254,720575940628120655,1
720575940610430254,720575940628735275,1
720575940610430254,720575940628714358,1
720575940610430254,720575940628447491,1
720575940610430254,720575940628408055,1
720575940610430254,720575940628394716,1
720575940610430254,720575940628304578,1
720575940610430254,720575940628300529,1
720575940610430254,720575940628269391,1
720575940610430254,720575940621832542,1
720575940610430254,720575940621516179,1
720575940610430254,720575940612339370,1
720575940610430254,720575940620883917,1
720575940610430254,720575940617079257,1
720575940610430254,720575940615876294,1
720575940610430254,720575940615539385,1
720575940610430254,720575940615019231,1
720575940610430254,720575940614778454,1
720575940610430254,720575940614770847,1
720575940610430254,720575940614199914,1
720575940610430254,720575940614008785,1
720575940610430254,720575940613987730,1
720575940610430254,720575940613782796,1
720575940610430254,720575940612717202,1
720575940610430254,720575940612607953,1
720575940610430254,720575940612576254,1
720575940610430254,720575940619434887,1
720575940610430254,720575940620741485,1
720575940610430254,720575940620684156,1
720575940610430254,720575940620682934,1
720575940610430254,720575940620235968,1
720575940610430254,720575940620059045,1
720575940610430254,720575940619872372,1
720575940610430254,720575940619834965,1
720575940610430254,720575940619794512,1
720575940610430254,720575940619369198,1
720575940610430254,720575940617766228,1
720575940610430254,720575940619259477,1
720575940610430254,720575940619038061,1
720575940610430254,720575940618905766,1
720575940610430254,720575940618184839,1
720575940610430254,720575940617866048,1
720575940610430254,720575940617849920,1
720575940631758393,720575940623914679,1
720575940631758393,720575940623822261,1
720575940631758393,720575940623810487,1
720575940631758393,720575940623586999,1
720575940631758393,720575940623542972,1
720575940631758393,720575940623503111,1
720575940631758393,720575940623438665,1
720575940631758393,720575940623438571,1
720575940631758393,720575940623403773,1
720575940631758393,720575940623400189,1
720575940631758393,720575940623377555,1
720575940631758393,720575940623890890,1
720575940631758393,720575940623964820,1
720575940631758393,720575940624294072,1
720575940631758393,720575940624293048,1
720575940631758393,720575940624288520,1
720575940631758393,720575940624195559,1
720575940631758393,720575940624158352,1
720575940631758393,720575940624149256,1
720575940631758393,720575940624032264,1
720575940631758393,720575940623985189,1
720575940631758393,720575940623977545,1
720575940631758393,720575940623965513,1
720575940631758393,720575940623353013,1
720575940631758393,720575940623315347,1
720575940631758393,720575940622864920,1
720575940631758393,720575940622844903,1
720575940631758393,720575940622837482,1
720575940631758393,720575940622812003,1
720575940631758393,720575940622768397,1
720575940631758393,720575940622748868,1
720575940631758393,720575940622737812,1
720575940631758393,720575940622698825,1
720575940631758393,720575940622697196,1
720575940631758393,720575940622670835,1
720575940631758393,720575940622669508,1
720575940631758393,720575940622538461,1
720575940631758393,720575940622479880,1
720575940631758393,720575940622451273,1
720575940631758393,720575940623032970,1
720575940631758393,720575940623252164,1
720575940631758393,720575940623203012,1
720575940631758393,720575940623059080,1
720575940631758393,720575940622930957,1
720575940631758393,720575940623010253,1
720575940631758393,720575940623009549,1
720575940631758393,720575940623009416,1
720575940631758393,720575940623008440,1
720575940631758393,720575940622972365,1
720575940631758393,720575940622948872,1
720575940631758393,720575940624302008,1
720575940631758393,720575940624428019,1
720575940631758393,720575940638626613,1
720575940631758393,720575940625765306,1
720575940631758393,720575940625750671,1
720575940631758393,720575940625741455,1
720575940631758393,720575940625690140,1
720575940631758393,720575940625678613,1
720575940631758393,720575940625667365,1
720575940631758393,720575940625604839,1
720575940631758393,720575940625564816,1
720575940631758393,720575940625499153,1
720575940631758393,720575940625766984,1
720575940631758393,720575940624429036,1
720575940631758393,720575940626284157,1
720575940631758393,720575940626252273,1
720575940631758393,720575940626082404,1
720575940631758393,720575940626002494,1
720575940631758393,720575940625942590,1
720575940631758393,720575940625942458,1
720575940631758393,720575940625937797,1
720575940631758393,720575940625843075,1
720575940631758393,720575940625800741,1
720575940631758393,720575940625497488,1
720575940631758393,720575940625486692,1
720575940631758393,720575940624770574,1
720575940631758393,720575940624729528,1
720575940631758393,720575940624721084,1
720575940631758393,720575940624693287,1
720575940631758393,720575940624682426,1
720575940631758393,720575940624676414,1
720575940631758393,720575940624638396,1
720575940631758393,720575940624601236,1
720575940631758393,720575940624593132,1
720575940631758393,720575940624584579,1
720575940631758393,720575940624577613,1
720575940631758393,720575940624563075,1
720575940631758393,720575940624494996,1
720575940631758393,720575940624837927,1
720575940631758393,720575940625323326,1
720575940631758393,720575940625482084,1
720575940631758393,720575940625451920,1
720575940631758393,720575940625372293,1
720575940631758393,720575940625333822,1
720575940631758393,720575940625323795,1
720575940631758393,720575940625317139,1
720575940631758393,720575940625311418,1
720575940631758393,720575940625300254,1
720575940631758393,720575940625292606,1
720575940631758393,720575940625163139,1
720575940631758393,720575940625155877,1
720575940631758393,720575940624994941,1
720575940631758393,720575940624941326,1
720575940631758393,720575940619701631,1
720575940631758393,720575940619695553,1
720575940631758393,720575940619682625,1
720575940631758393,720575940619658433,1
720575940631758393,720575940619556437,1
720575940631758393,720575940619495664,1
720575940631758393,720575940619487414,1
720575940631758393,720575940619382875,1
720575940631758393,720575940619336942,1
720575940631758393,720575940619259477,1
720575940631758393,720575940619254448,1
720575940631758393,720575940622204669,1
720575940631758393,720575940619705983,1
720575940631758393,720575940620153876,1
720575940631758393,720575940620143525,1
720575940631758393,720575940620126076,1
720575940631758393,720575940620079856,1
720575940631758393,720575940620073606,1
720575940631758393,720575940620059045,1
720575940631758393,720575940620055790,1
720575940631758393,720575940620020769,1
720575940631758393,720575940619967879,1
720575940631758393,720575940619960926,1
720575940631758393,720575940619954091,1
720575940631758393,720575940619864912,1
720575940631758393,720575940619778645,1
720575940631758393,720575940619154891,1
720575940631758393,720575940619036911,1
720575940631758393,720575940618299712,1
720575940631758393,720575940618266900,1
720575940631758393,720575940618224709,1
720575940631758393,720575940618198721,1
720575940631758393,720575940618194708,1
720575940631758393,720575940618036509,1
720575940631758393,720575940617989076,1
720575940631758393,720575940617973021,1
720575940631758393,720575940617940048,1
720575940631758393,720575940617908820,1
720575940631758393,720575940617873984,1
720575940631758393,720575940618371777,1
720575940631758393,720575940618394453,1
720575940631758393,720575940618992449,1
720575940631758393,720575940618905766,1
720575940631758393,720575940618873723,1
720575940631758393,720575940618846001,1
720575940631758393,720575940618841910,1
720575940631758393,720575940618667143,1
720575940631758393,720575940618657334,1
720575940631758393,720575940618572422,1
720575940631758393,720575940618517440,1
720575940631758393,720575940618419776,1
720575940631758393,720575940621730687,1
720575940631758393,720575940621688926,1
720575940631758393,720575940621658502,1
720575940631758393,720575940621560052,1
720575940631758393,720575940621554815,1
720575940631758393,720575940621552116,1
720575940631758393,720575940621516179,1
720575940631758393,720575940621462797,1
720575940631758393,720575940621403844,1
720575940631758393,720575940621321412,1
720575940631758393,720575940621230430,1
720575940631758393,720575940621175472,1
720575940631758393,720575940621763767,1
720575940631758393,720575940622204157,1
720575940631758393,720575940622191177,1
720575940631758393,720575940622162505,1
720575940631758393,720575940622078249,1
720575940631758393,720575940622050186,1
720575940631758393,720575940622023262,1
720575940631758393,720575940621892122,1
720575940631758393,720575940621873246,1
720575940631758393,720575940621872645,1
720575940631758393,720575940621869918,1
720575940631758393,720575940621857313,1
720575940631758393,720575940621845018,1
720575940631758393,720575940621832542,1
720575940631758393,720575940621802751,1
720575940631758393,720575940620223398,1
720575940631758393,720575940620577652,1
720575940631758393,720575940620537071,1
720575940631758393,720575940620495830,1
720575940631758393,720575940620469742,1
720575940631758393,720575940620418774,1
720575940631758393,720575940620354241,1
720575940631758393,720575940620310625,1
720575940631758393,720575940620588653,1
720575940631758393,720575940620600700,1
720575940631758393,720575940620936870,1
720575940631758393,720575940621086134,1
720575940631758393,720575940621056577,1
720575940631758393,720575940621023809,1
720575940631758393,720575940621017921,1
720575940631758393,720575940620959256,1
720575940631758393,720575940620947981,1
720575940631758393,720575940620822593,1
720575940631758393,720575940620741485,1
720575940631758393,720575940620684156,1
720575940631758393,720575940620682934,1
720575940631758393,720575940626316802,1
720575940631758393,720575940632123439,1
720575940631758393,720575940632115247,1
720575940631758393,720575940632111780,1
720575940631758393,720575940632098375,1
720575940631758393,720575940632019247,1
720575940631758393,720575940632010567,1
720575940631758393,720575940632003409,1
720575940631758393,720575940631801401,1
720575940631758393,720575940631798888,1
720575940631758393,720575940631782447,1
720575940631758393,720575940631764281,1
720575940631758393,720575940631686308,1
720575940631758393,720575940632358564,1
720575940631758393,720575940632433828,1
720575940631758393,720575940633188459,1
720575940631758393,720575940633146475,1
720575940631758393,720575940633146007,1
720575940631758393,720575940633056467,1
720575940631758393,720575940632980378,1
720575940631758393,720575940632969567,1
720575940631758393,720575940632919265,1
720575940631758393,720575940632617164,1
720575940631758393,720575940632558675,1
720575940631758393,720575940632528671,1
720575940631758393,720575940631667937,1
720575940631758393,720575940630902083,1
720575940631758393,720575940630759507,1
720575940631758393,720575940630675730,1
720575940631758393,720575940630650711,1
720575940631758393,720575940630561484,1
720575940631758393,720575940630471695,1
720575940631758393,720575940630966840,1
720575940631758393,720575940631620921,1
720575940631758393,720575940631589689,1
720575940631758393,720575940631502509,1
720575940631758393,720575940631448531,1
720575940631758393,720575940631447363,1
720575940631758393,720575940631434722,1
720575940631758393,720575940631024911,1
720575940631758393,720575940631406547,1
720575940631758393,720575940631388231,1
720575940631758393,720575940631387463,1
720575940631758393,720575940631342476,1
720575940631758393,720575940631336930,1
720575940631758393,720575940633207962,1
720575940631758393,720575940633301183,1
720575940631758393,720575940636159039,1
720575940631758393,720575940637434601,1
720575940631758393,720575940637407209,1
720575940631758393,720575940637339738,1
720575940631758393,720575940637148486,1
720575940631758393,720575940637050933,1
720575940631758393,720575940636991856,1
720575940631758393,720575940636675817,1
720575940631758393,720575940636665262,1
720575940631758393,720575940636291429,1
720575940631758393,720575940637446622,1
720575940631758393,720575940638561102,1
720575940631758393,720575940638468678,1
720575940631758393,720575940638053865,1
720575940631758393,720575940637970665,1
720575940631758393,720575940637835839,1
720575940631758393,720575940637826623,1
720575940631758393,720575940637756349,1
720575940631758393,720575940637737021,1
720575940631758393,720575940637733702,1
720575940631758393,720575940637726180,1
720575940631758393,720575940637725272,1
720575940631758393,720575940637540952,1
720575940631758393,720575940636143679,1
720575940631758393,720575940636135799,1
720575940631758393,720575940634858676,1
720575940631758393,720575940634849375,1
720575940631758393,720575940634839487,1
720575940631758393,720575940634836671,1
720575940631758393,720575940634661806,1
720575940631758393,720575940634294367,1
720575940631758393,720575940634231999,1
720575940631758393,720575940634072756,1
720575940631758393,720575940634006355,1
720575940631758393,720575940633908887,1
720575940631758393,720575940633773849,1
720575940631758393,720575940633493660,1
720575940631758393,720575940633466524,1
720575940631758393,720575940634914552,1
720575940631758393,720575940634937951,1
720575940631758393,720575940635614942,1
720575940631758393,720575940635953343,1
720575940631758393,720575940635884911,1
720575940631758393,720575940635807087,1
720575940631758393,720575940634942362,1
720575940631758393,720575940635499888,1
720575940631758393,720575940635452408,1
720575940631758393,720575940635386616,1
720575940631758393,720575940634951007,1
720575940631758393,720575940627861736,1
720575940631758393,720575940627854568,1
720575940631758393,720575940627834359,1
720575940631758393,720575940627700484,1
720575940631758393,720575940627576488,1
720575940631758393,720575940627561854,1
720575940631758393,720575940627558662,1
720575940631758393,720575940627553691,1
720575940631758393,720575940627552168,1
720575940631758393,720575940627550214,1
720575940631758393,720575940627543624,1
720575940631758393,720575940627924935,1
720575940631758393,720575940630420985,1
720575940631758393,720575940628374121,1
720575940631758393,720575940628331625,1
720575940631758393,720575940628306075,1
720575940631758393,720575940628304578,1
720575940631758393,720575940628300529,1
720575940631758393,720575940628295242,1
720575940631758393,720575940628269391,1
720575940631758393,720575940628259914,1
720575940631758393,720575940628217643,1
720575940631758393,720575940628215056,1
720575940631758393,720575940628147718,1
720575940631758393,720575940628128079,1
720575940631758393,720575940628103806,1
720575940631758393,720575940628076038,1
720575940631758393,720575940628060934,1
720575940631758393,720575940627964204,1
720575940631758393,720575940627367189,1
720575940631758393,720575940626825853,1
720575940631758393,720575940626782507,1
720575940631758393,720575940626779398,1
720575940631758393,720575940626772357,1
720575940631758393,720575940626649433,1
720575940631758393,720575940626582842,1
720575940631758393,720575940626562665,1
720575940631758393,720575940626547817,1
720575940631758393,720575940626513027,1
720575940631758393,720575940626397565,1
720575940631758393,720575940626364401,1
720575940631758393,720575940626363791,1
720575940631758393,720575940626919409,1
720575940631758393,720575940627158098,1
720575940631758393,720575940627282002,1
720575940631758393,720575940627264488,1
720575940631758393,720575940627264082,1
720575940631758393,720575940627220327,1
720575940631758393,720575940627210373,1
720575940631758393,720575940627205386,1
720575940631758393,720575940627166522,1
720575940631758393,720575940627157008,1
720575940631758393,720575940627147578,1
720575940631758393,720575940627097733,1
720575940631758393,720575940627082261,1
720575940631758393,720575940626953732,1
720575940631758393,720575940626950147,1
720575940631758393,720575940628375255,1
720575940631758393,720575940628394716,1
720575940631758393,720575940629406012,1
720575940631758393,720575940629854764,1
720575940631758393,720575940629849196,1
720575940631758393,720575940629804544,1
720575940631758393,720575940629789292,1
720575940631758393,720575940629788983,1
720575940631758393,720575940629788012,1
720575940631758393,720575940629532098,1
720575940631758393,720575940629504554,1
720575940631758393,720575940629909804,1
720575940631758393,720575940630414700,1
720575940631758393,720575940630411259,1
720575940631758393,720575940630399995,1
720575940631758393,720575940630312785,1
720575940631758393,720575940630300613,1
720575940631758393,720575940630063671,1
720575940631758393,720575940629978666,1
720575940631758393,720575940629971191,1
720575940631758393,720575940629967756,1
720575940631758393,720575940628398295,1
720575940631758393,720575940628714358,1
720575940631758393,720575940628694007,1
720575940631758393,720575940628608272,1
720575940631758393,720575940628590595,1
720575940631758393,720575940628491792,1
720575940631758393,720575940628476716,1
720575940631758393,720575940628471392,1
720575940631758393,720575940628414567,1
720575940631758393,720575940628408055,1
720575940631758393,720575940628735275,1
720575940631758393,720575940628741881,1
720575940631758393,720575940629020794,1
720575940631758393,720575940629332606,1
720575940631758393,720575940629294636,1
720575940631758393,720575940629277687,1
720575940631758393,720575940629271596,1
720575940631758393,720575940629222759,1
720575940631758393,720575940629036997,1
720575940631758393,720575940628999579,1
720575940631758393,720575940628975482,1
720575940631758393,720575940628917980,1
720575940631758393,720575940628807503,1
720575940617903643,720575940624851864,1
720575940617691170,720575940636092393,1
720575940617691170,720575940636069751,1
720575940617691170,720575940635656670,1
720575940617691170,720575940634989560,1
720575940617691170,720575940634939034,1
720575940617691170,720575940634937951,1
720575940617691170,720575940636551086,1
720575940617691170,720575940637846618,1
720575940617691170,720575940636553390,1
720575940617691170,720575940637756349,1
720575940617691170,720575940637725272,1
720575940617691170,720575940637704765,1
720575940617691170,720575940637657189,1
720575940617691170,720575940637580659,1
720575940617691170,720575940637526750,1
720575940617691170,720575940637465054,1
720575940617691170,720575940637169998,1
720575940617691170,720575940637118174,1
720575940617691170,720575940636898281,1
720575940617691170,720575940636553646,1
720575940617691170,720575940634858676,1
720575940617691170,720575940634836671,1
720575940617691170,720575940633402082,1
720575940617691170,720575940633243755,1
720575940617691170,720575940633226603,1
720575940617691170,720575940633188459,1
720575940617691170,720575940633103059,1
720575940617691170,720575940633073760,1
720575940617691170,720575940633040223,1
720575940617691170,720575940632964269,1
720575940617691170,720575940632940442,1
720575940617691170,720575940632927405,1
720575940617691170,720575940632849069,1
720575940617691170,720575940633552820,1
720575940617691170,720575940633569784,1
720575940617691170,720575940634078200,1
720575940617691170,720575940634638990,1
720575940617691170,720575940634468197,1
720575940617691170,720575940634362999,1
720575940617691170,720575940633580024,1
720575940617691170,720575940633911959,1
720575940617691170,720575940633908124,1
720575940617691170,720575940633785369,1
720575940617691170,720575940637849151,1
720575940617691170,720575940644583534,1
720575940617691170,720575940644423204,1
720575940617691170,720575940643769544,1
720575940617691170,720575940643266852,1
720575940617691170,720575940643063200,1
720575940617691170,720575940641866912,1
720575940617691170,720575940645210222,1
720575940617691170,720575940654752417,1
720575940617691170,720575940654491553,1
720575940617691170,720575940650270710,1
720575940617691170,720575940649022841,1
720575940617691170,720575940649020025,1
720575940617691170,720575940647739513,1
720575940617691170,720575940646229283,1
720575940617691170,720575940646034740,1
720575940617691170,720575940645269614,1
720575940617691170,720575940640688592,1
720575940617691170,720575940638903248,1
720575940617691170,720575940638619358,1
720575940617691170,720575940638531637,1
720575940617691170,720575940638480061,1
720575940617691170,720575940638228643,1
720575940617691170,720575940637970665,1
720575940617691170,720575940637954532,1
720575940617691170,720575940637907428,1
720575940617691170,720575940639515965,1
720575940617691170,720575940640634787,1
720575940617691170,720575940640292571,1
720575940617691170,720575940639686488,1
720575940617691170,720575940639588723,1
720575940617691170,720575940639506749,1
720575940617691170,720575940639069493,1
720575940617691170,720575940639409315,1
720575940617691170,720575940639078717,1
720575940617691170,720575940632805037,1
720575940617691170,720575940632668973,1
720575940617691170,720575940629633150,1
720575940617691170,720575940629624702,1
720575940617691170,720575940629563006,1
720575940617691170,720575940629536894,1
720575940617691170,720575940629532098,1
720575940617691170,720575940629522474,1
720575940617691170,720575940629477674,1
720575940617691170,720575940629332606,1
720575940617691170,720575940629271596,1
720575940617691170,720575940629693239,1
720575940617691170,720575940629733314,1
720575940617691170,720575940632617164,1
720575940617691170,720575940630179159,1
720575940617691170,720575940630115388,1
720575940617691170,720575940630114108,1
720575940617691170,720575940630078348,1
720575940617691170,720575940630063676,1
720575940617691170,720575940629978666,1
720575940617691170,720575940629967756,1
720575940617691170,720575940629863737,1
720575940617691170,720575940629855340,1
720575940617691170,720575940629854764,1
720575940617691170,720575940629834796,1
720575940617691170,720575940629202167,1
720575940617691170,720575940629166587,1
720575940617691170,720575940629162693,1
720575940617691170,720575940628491792,1
720575940617691170,720575940628412892,1
720575940617691170,720575940628394716,1
720575940617691170,720575940628375255,1
720575940617691170,720575940628297627,1
720575940617691170,720575940628295242,1
720575940617691170,720575940628291407,1
720575940617691170,720575940628269628,1
720575940617691170,720575940628076038,1
720575940617691170,720575940628060934,1
720575940617691170,720575940628506732,1
720575940617691170,720575940628842839,1
720575940617691170,720575940629133056,1
720575940617691170,720575940629079707,1
720575940617691170,720575940628895831,1
720575940617691170,720575940628826873,1
720575940617691170,720575940628714358,1
720575940617691170,720575940628711631,1
720575940617691170,720575940630219567,1
720575940617691170,720575940630250543,1
720575940617691170,720575940631531055,1
720575940617691170,720575940631801631,1
720575940617691170,720575940631801401,1
720575940617691170,720575940631764281,1
720575940617691170,720575940631678689,1
720575940617691170,720575940631667937,1
720575940617691170,720575940631630561,1
720575940617691170,720575940631627843,1
720575940617691170,720575940631621689,1
720575940617691170,720575940631594809,1
720575940617691170,720575940631589689,1
720575940617691170,720575940631975379,1
720575940617691170,720575940632377375,1
720575940617691170,720575940632585043,1
720575940617691170,720575940632584787,1
720575940617691170,720575940632582807,1
720575940617691170,720575940632552343,1
720575940617691170,720575940632532255,1
720575940617691170,720575940632510048,1
720575940617691170,720575940632434340,1
720575940617691170,720575940632364717,1
720575940617691170,720575940631991879,1
720575940617691170,720575940632358564,1
720575940617691170,720575940632197935,1
720575940617691170,720575940632173103,1
720575940617691170,720575940632115247,1
720575940617691170,720575940632078929,1
720575940617691170,720575940631458371,1
720575940617691170,720575940630764741,1
720575940617691170,720575940630650711,1
720575940617691170,720575940630612620,1
720575940617691170,720575940630573260,1
720575940617691170,720575940630571980,1
720575940617691170,720575940630560505,1
720575940617691170,720575940630555340,1
720575940617691170,720575940630477305,1
720575940617691170,720575940630471695,1
720575940617691170,720575940630456996,1
720575940617691170,720575940630420985,1
720575940617691170,720575940631453922,1
720575940617691170,720575940631434722,1
720575940617691170,720575940631425235,1
720575940617691170,720575940631408610,1
720575940617691170,720575940631088402,1
720575940617691170,720575940631017932,1
720575940617691170,720575940631002386,1
720575940617691170,720575940630969555,1
720575940617691170,720575940630947395,1
720575940617691170,720575940630912512,1
720575940617691170,720575940630906655,1
720575940617691170,720575940630906029,1
720575940617691170,720575940630881989,1
720575940617691170,720575940656078241,1
720575940620812865,720575940639727861,1
720575940620812865,720575940639157968,1
720575940620812865,720575940638561102,1
720575940620812865,720575940637508698,1
720575940620812865,720575940636675817,1
720575940620812865,720575940636640602,1
720575940620812865,720575940634146808,1
720575940620812865,720575940634006355,1
720575940620812865,720575940633932951,1
720575940620812865,720575940633034336,1
720575940620812865,720575940632465945,1
720575940620812865,720575940632371737,1
720575940620812865,720575940639543715,1
720575940620938150,720575940615289759,1
720575940620938150,720575940613690031,1
720575940620938150,720575940613364461,1
720575940620938150,720575940612240918,1
720575940620938150,720575940606666953,1
720575940620812865,720575940659940225,1
720575940620812865,720575940653332385,1
720575940620812865,720575940648205945,1
720575940620812865,720575940646609028,1
720575940620812865,720575940641360091,1
720575940620812865,720575940641355739,1
720575940620812865,720575940631879193,1
720575940620812865,720575940631782712,1
720575940620812865,720575940625834900,1
720575940620812865,720575940625625136,1
720575940620812865,720575940625564816,1
720575940620812865,720575940625476964,1
720575940620812865,720575940625354904,1
720575940620812865,720575940624989214,1
720575940620812865,720575940623986469,1
720575940620812865,720575940623971819,1
720575940620812865,720575940623914679,1
720575940620812865,720575940623756215,1
720575940620812865,720575940626550504,1
720575940620812865,720575940631432403,1
720575940620812865,720575940630139599,1
720575940620812865,720575940629671491,1
720575940620812865,720575940629388239,1
720575940620812865,720575940626803279,1
720575940620812865,720575940628138246,1
720575940620812865,720575940627924935,1
720575940620812865,720575940627295802,1
720575940620812865,720575940627158098,1
720575940620812865,720575940626919409,1
720575940620938150,720575940618306112,1
720575940621082996,720575940626825853,1
720575940621082996,720575940624663427,1
720575940621082996,720575940624660313,1
720575940621082996,720575940624195559,1
720575940621082996,720575940622948872,1
720575940621082996,720575940622864920,1
720575940621082996,720575940622698825,1
720575940621082996,720575940622135501,1
720575940621082996,720575940621913897,1
720575940621082996,720575940621288225,1
720575940621082996,720575940620418774,1
720575940621082996,720575940620230497,1
720575940621082996,720575940627089930,1
720575940621082996,720575940627553691,1
720575940621082996,720575940639202532,1
720575940621082996,720575940639172560,1
720575940621082996,720575940637222470,1
720575940621082996,720575940634006355,1
720575940621082996,720575940633509471,1
720575940621082996,720575940632465945,1
720575940621082996,720575940627573659,1
720575940621082996,720575940631019468,1
720575940621082996,720575940630180935,1
720575940621082996,720575940629319106,1
720575940621082996,720575940629270060,1
720575940621082996,720575940628999579,1
720575940620938150,720575940631782712,1
720575940620938150,720575940628800762,1
720575940620938150,720575940628071409,1
720575940620938150,720575940626363791,1
720575940620938150,720575940626002494,1
720575940620938150,720575940624574922,1
720575940620938150,720575940620996621,1
720575940620938150,720575940632144813,1
720575940620938150,720575940632371040,1
720575940620938150,720575940633224555,1
720575940621082996,720575940610669786,1
720575940621082996,720575940616041913,1
720575940621082996,720575940615768693,1
720575940621082996,720575940615255090,1
720575940621082996,720575940615072373,1
720575940621082996,720575940613017059,1
720575940621082996,720575940612747158,1
720575940621082996,720575940612019570,1
720575940621082996,720575940611204323,1
720575940621082996,720575940610990821,1
720575940621082996,720575940608657621,1
720575940621082996,720575940608517385,1
720575940621082996,720575940603174368,1
720575940620938150,720575940659577217,1
720575940617691170,720575940658795137,1
720575940620488513,720575940626733693,1
720575940620488513,720575940625261834,1
720575940620488513,720575940625163139,1
720575940620488513,720575940624663427,1
720575940620488513,720575940624601236,1
720575940620488513,720575940624453868,1
720575940620488513,720575940624086251,1
720575940620488513,720575940623971819,1
720575940620488513,720575940622979475,1
720575940620488513,720575940621878021,1
720575940620488513,720575940621802751,1
720575940620488513,720575940621413926,1
720575940620488513,720575940621413158,1
720575940620488513,720575940621288225,1
720575940620488513,720575940621129181,1
720575940620488513,720575940626825853,1
720575940620488513,720575940626919409,1
720575940620488513,720575940629765647,1
720575940620488513,720575940629671491,1
720575940620488513,720575940629397079,1
720575940620488513,720575940629319106,1
720575940620488513,720575940628694991,1
720575940620488513,720575940628471392,1
720575940620488513,720575940628257914,1
720575940620488513,720575940627097733,1
720575940620488513,720575940620495830,1
720575940620488513,720575940620418774,1
720575940620488513,720575940620410606,1
720575940620488513,720575940612740886,1
720575940620488513,720575940611837809,1
720575940620488513,720575940611204323,1
720575940620488513,720575940609921230,1
720575940620488513,720575940609220291,1
720575940620488513,720575940609208530,1
720575940620488513,720575940608657621,1
720575940620488513,720575940608655918,1
720575940620488513,720575940608281180,1
720575940620488513,720575940606496011,1
720575940620488513,720575940605817522,1
720575940620488513,720575940605029250,1
720575940620488513,720575940604489649,1
720575940617691170,720575940659536257,1
720575940617691170,720575940659297153,1
720575940620488513,720575940614229159,1
720575940620488513,720575940614229415,1
720575940620488513,720575940614869387,1
720575940620488513,720575940620143525,1
720575940620488513,720575940619960926,1
720575940620488513,720575940619842580,1
720575940620488513,720575940619695809,1
720575940620488513,720575940614890902,1
720575940620488513,720575940617650481,1
720575940620488513,720575940617118016,1
720575940620488513,720575940615975227,1
720575940620488513,720575940615768693,1
720575940620488513,720575940615066335,1
720575940620488513,720575940630300613,1
720575940620488513,720575940630411259,1
720575940620812865,720575940612668834,1
720575940620812865,720575940616955229,1
720575940620812865,720575940616746123,1
720575940620812865,720575940615975227,1
720575940620812865,720575940615785228,1
720575940620812865,720575940615768693,1
720575940620812865,720575940615571601,1
720575940620812865,720575940615066335,1
720575940620812865,720575940614131131,1
720575940620812865,720575940613738415,1
720575940620812865,720575940613460034,1
720575940620812865,720575940613213151,1
720575940620812865,720575940613119459,1
720575940620812865,720575940617650481,1
720575940620812865,720575940617940048,1
720575940620812865,720575940620520513,1
720575940620812865,720575940620495830,1
720575940620812865,720575940620230497,1
720575940620812865,720575940620020257,1
720575940620812865,720575940619535563,1
720575940620812865,720575940618844353,1
720575940620812865,720575940618470383,1
720575940620812865,720575940612853354,1
720575940620812865,720575940611837809,1
720575940620488513,720575940641360091,1
720575940620488513,720575940639543715,1
720575940620488513,720575940639157968,1
720575940620488513,720575940638179699,1
720575940620488513,720575940637726180,1
720575940620488513,720575940636685894,1
720575940620488513,720575940636114239,1
720575940620488513,720575940635953343,1
720575940620488513,720575940635800431,1
720575940620488513,720575940634018415,1
720575940620488513,720575940634006355,1
720575940620488513,720575940632210145,1
720575940620488513,720575940631620921,1
720575940620488513,720575940631237433,1
720575940620488513,720575940642162573,1
720575940620812865,720575940610773171,1
720575940620812865,720575940610669786,1
720575940620812865,720575940609208530,1
720575940620812865,720575940608657621,1
720575940620812865,720575940608655918,1
720575940620812865,720575940604483040,1
720575940620488513,720575940649650041,1
720575940620488513,720575940648205945,1
720575940620488513,720575940645858948,1
720575940620488513,720575940645236078,1
720575940617691170,720575940627964204,1
720575940617903643,720575940625754389,1
720575940617691170,720575940614822742,1
720575940617691170,720575940614813526,1
720575940617691170,720575940614768278,1
720575940617691170,720575940614495138,1
720575940617691170,720575940614348394,1
720575940617691170,720575940614311842,1
720575940617691170,720575940614224490,1
720575940617691170,720575940614186602,1
720575940617691170,720575940614115515,1
720575940617691170,720575940614027059,1
720575940617691170,720575940613977041,1
720575940617691170,720575940614887830,1
720575940617691170,720575940614888854,1
720575940617691170,720575940615728102,1
720575940617691170,720575940615714060,1
720575940617691170,720575940615539385,1
720575940617691170,720575940615507641,1
720575940617691170,720575940615447764,1
720575940617691170,720575940615344315,1
720575940617691170,720575940615270962,1
720575940617691170,720575940615101452,1
720575940617691170,720575940614983274,1
720575940617691170,720575940614925963,1
720575940617691170,720575940613824012,1
720575940617691170,720575940613764364,1
720575940617691170,720575940612587286,1
720575940617691170,720575940612572670,1
720575940617691170,720575940612563454,1
720575940617691170,720575940612524030,1
720575940617691170,720575940612435198,1
720575940617691170,720575940612421290,1
720575940617691170,720575940612352423,1
720575940617691170,720575940612266213,1
720575940617691170,720575940612190693,1
720575940617691170,720575940612009903,1
720575940617691170,720575940611985448,1
720575940617691170,720575940611946482,1
720575940617691170,720575940612647282,1
720575940617691170,720575940612664482,1
720575940617691170,720575940613540767,1
720575940617691170,720575940613383633,1
720575940617691170,720575940613156067,1
720575940617691170,720575940613071587,1
720575940617691170,720575940612729714,1
720575940617691170,720575940612725906,1
720575940617691170,720575940612717202,1
720575940617691170,720575940612690338,1
720575940617691170,720575940615927197,1
720575940617691170,720575940615961684,1
720575940617691170,720575940617941046,1
720575940617691170,720575940617926198,1
720575940617691170,720575940617911360,1
720575940617691170,720575940617908820,1
720575940617691170,720575940617902676,1
720575940617691170,720575940617865280,1
720575940617691170,720575940617811540,1
720575940617691170,720575940617807517,1
720575940617691170,720575940617771521,1
720575940617691170,720575940617734603,1
720575940617691170,720575940617605154,1
720575940617691170,720575940617427713,1
720575940617691170,720575940617937437,1
720575940617691170,720575940618876062,1
720575940617691170,720575940618846001,1
720575940617691170,720575940618765528,1
720575940617691170,720575940618662939,1
720575940617691170,720575940618517440,1
720575940617691170,720575940618497216,1
720575940617691170,720575940618422592,1
720575940617691170,720575940618292939,1
720575940617691170,720575940618245569,1
720575940617691170,720575940618210251,1
720575940617691170,720575940618190238,1
720575940617691170,720575940618148406,1
720575940617691170,720575940617410205,1
720575940617691170,720575940617390036,1
720575940617691170,720575940616723549,1
720575940617691170,720575940616702262,1
720575940617691170,720575940616588608,1
720575940617691170,720575940616578646,1
720575940617691170,720575940616345403,1
720575940617691170,720575940616208965,1
720575940617691170,720575940616821393,1
720575940617691170,720575940617249108,1
720575940617691170,720575940617166749,1
720575940617691170,720575940617090082,1
720575940617691170,720575940616878238,1
720575940617691170,720575940616848192,1
720575940617691170,720575940603688224,1
720575940617691170,720575940603674656,1
720575940617691170,720575940603673120,1
720575940617691170,720575940603050668,1
720575940617691170,720575940602605536,1
720575940618910075,720575940649691513,1
720575940618910075,720575940632465945,1
720575940618910075,720575940627295802,1
720575940617691170,720575940611686809,1
720575940617691170,720575940605541920,1
720575940617691170,720575940605488416,1
720575940617691170,720575940605407846,1
720575940617691170,720575940605290441,1
720575940617691170,720575940605252041,1
720575940617691170,720575940605184102,1
720575940617691170,720575940605083838,1
720575940617691170,720575940604999526,1
720575940617691170,720575940604997152,1
720575940617691170,720575940604963942,1
720575940617691170,720575940604806345,1
720575940617691170,720575940604766153,1
720575940617691170,720575940604478176,1
720575940618910075,720575940623377555,1
720575940618910075,720575940621594723,1
720575940617903643,720575940631256168,1
720575940617903643,720575940630219055,1
720575940617903643,720575940630115388,1
720575940617903643,720575940629917228,1
720575940617903643,720575940629502506,1
720575940617903643,720575940629332606,1
720575940617903643,720575940628491792,1
720575940617903643,720575940628414567,1
720575940617903643,720575940628321539,1
720575940617903643,720575940627493141,1
720575940617903643,720575940627452689,1
720575940617903643,720575940627351751,1
720575940617903643,720575940627194426,1
720575940617903643,720575940626953732,1
720575940617903643,720575940626951171,1
720575940617903643,720575940626786859,1
720575940617903643,720575940626586823,1
720575940617903643,720575940626321482,1
720575940617903643,720575940631603768,1
720575940617903643,720575940631777567,1
720575940617903643,720575940631801401,1
720575940617903643,720575940644710964,1
720575940618910075,720575940621175472,1
720575940618910075,720575940620355009,1
720575940618910075,720575940618572422,1
720575940618910075,720575940617940304,1
720575940618910075,720575940613737647,1
720575940617903643,720575940649020025,1
720575940617903643,720575940646602372,1
720575940617903643,720575940632169007,1
720575940617903643,720575940642021064,1
720575940617903643,720575940639022243,1
720575940617903643,720575940637774426,1
720575940617903643,720575940637407209,1
720575940617903643,720575940636126783,1
720575940617903643,720575940636026089,1
720575940617903643,720575940635696535,1
720575940617903643,720575940634490735,1
720575940617903643,720575940633207962,1
720575940617691170,720575940605664446,1
720575940617691170,720575940609970801,1
720575940617691170,720575940610709106,1
720575940617691170,720575940610691507,1
720575940617691170,720575940610580377,1
720575940617691170,720575940610505621,1
720575940617691170,720575940610417893,1
720575940617691170,720575940610386661,1
720575940617691170,720575940610336610,1
720575940617691170,720575940610175218,1
720575940617691170,720575940610147826,1
720575940617691170,720575940610140378,1
720575940617691170,720575940610029432,1
720575940617691170,720575940610710130,1
720575940617691170,720575940611664281,1
720575940617691170,720575940611343054,1
720575940617691170,720575940611111829,1
720575940617691170,720575940610963734,1
720575940617691170,720575940610946070,1
720575940617691170,720575940610945558,1
720575940617691170,720575940610943897,1
720575940617691170,720575940609979505,1
720575940617691170,720575940609935310,1
720575940617691170,720575940607337155,1
720575940617691170,720575940607310531,1
720575940617691170,720575940606968962,1
720575940617691170,720575940606947714,1
720575940617691170,720575940606892674,1
720575940617691170,720575940606579465,1
720575940617691170,720575940606483467,1
720575940617691170,720575940606399068,1
720575940617691170,720575940606347394,1
720575940617691170,720575940607971908,1
720575940617691170,720575940609153746,1
720575940617691170,720575940608772821,1
720575940617691170,720575940608633134,1
720575940617691170,720575940608621614,1
720575940617691170,720575940608393739,1
720575940617691170,720575940608386315,1
720575940617691170,720575940608328713,1
720575940617691170,720575940608312533,1
720575940617691170,720575940607993668,1
720575940617691170,720575940625223690,1
720575940617691170,720575940625158437,1
720575940617691170,720575940625024125,1
720575940617691170,720575940625023869,1
720575940617691170,720575940625015070,1
720575940617691170,720575940624941326,1
720575940617691170,720575940624884920,1
720575940617691170,720575940624851864,1
720575940617691170,720575940624800188,1
720575940617691170,720575940625290003,1
720575940617691170,720575940625311418,1
720575940617691170,720575940625323326,1
720575940617691170,720575940625702949,1
720575940617691170,720575940625598802,1
720575940617691170,720575940625537822,1
720575940617691170,720575940625508400,1
720575940617691170,720575940625482084,1
720575940617691170,720575940625476708,1
720575940617691170,720575940625454640,1
720575940617691170,720575940625451920,1
720575940617691170,720575940625399077,1
720575940617691170,720575940625333822,1
720575940617691170,720575940624770574,1
720575940617691170,720575940624754983,1
720575940617691170,720575940624158650,1
720575940617691170,720575940624125626,1
720575940617691170,720575940623973961,1
720575940617691170,720575940623810487,1
720575940617691170,720575940624288520,1
720575940617691170,720575940624721084,1
720575940617691170,720575940624693287,1
720575940617691170,720575940624648067,1
720575940617691170,720575940624647299,1
720575940617691170,720575940624638396,1
720575940617691170,720575940624597788,1
720575940617691170,720575940624532979,1
720575940617691170,720575940624494996,1
720575940617691170,720575940624428019,1
720575940617691170,720575940624375088,1
720575940617691170,720575940625718696,1
720575940617691170,720575940625720341,1
720575940617691170,720575940626782507,1
720575940617691170,720575940627220327,1
720575940617691170,720575940627194426,1
720575940617691170,720575940627094917,1
720575940617691170,720575940627016859,1
720575940617691170,720575940627003547,1
720575940617691170,720575940626911262,1
720575940617691170,720575940626828574,1
720575940617691170,720575940626792209,1
720575940617691170,720575940627263162,1
720575940617691170,720575940627307855,1
720575940617691170,720575940627615400,1
720575940617691170,720575940627851008,1
720575940617691170,720575940627834359,1
720575940617691170,720575940627782148,1
720575940617691170,720575940627741562,1
720575940617691170,720575940627621626,1
720575940617691170,720575940627561854,1
720575940617691170,720575940627336209,1
720575940617691170,720575940627483413,1
720575940617691170,720575940625765306,1
720575940617691170,720575940626702232,1
720575940617691170,720575940626089980,1
720575940617691170,720575940626075079,1
720575940617691170,720575940625995251,1
720575940617691170,720575940625969640,1
720575940617691170,720575940625939801,1
720575940617691170,720575940625843075,1
720575940617691170,720575940625768073,1
720575940617691170,720575940626547817,1
720575940617691170,720575940626694479,1
720575940617691170,720575940626663440,1
720575940617691170,720575940626582842,1
720575940617691170,720575940626562665,1
720575940617691170,720575940626548234,1
720575940617691170,720575940626535434,1
720575940617691170,720575940626343665,1
720575940617691170,720575940626510211,1
720575940617691170,720575940626496275,1
720575940617691170,720575940626464901,1
720575940617691170,720575940626353905,1
720575940617691170,720575940618980299,1
720575940617691170,720575940620811073,1
720575940617691170,720575940620746093,1
720575940617691170,720575940620713129,1
720575940617691170,720575940620686761,1
720575940617691170,720575940620608238,1
720575940617691170,720575940620603245,1
720575940617691170,720575940620460108,1
720575940617691170,720575940620442817,1
720575940617691170,720575940620434671,1
720575940617691170,720575940620411841,1
720575940617691170,720575940620403649,1
720575940617691170,720575940620363691,1
720575940617691170,720575940620344837,1
720575940617691170,720575940620333958,1
720575940617691170,720575940620303040,1
720575940617691170,720575940620273023,1
720575940617691170,720575940620827713,1
720575940617691170,720575940621415885,1
720575940617691170,720575940621382852,1
720575940617691170,720575940621322534,1
720575940617691170,720575940621321412,1
720575940617691170,720575940621230430,1
720575940617691170,720575940621225910,1
720575940617691170,720575940621094527,1
720575940617691170,720575940621086134,1
720575940617691170,720575940621017921,1
720575940617691170,720575940620998424,1
720575940617691170,720575940620959256,1
720575940617691170,720575940620955149,1
720575940617691170,720575940620831949,1
720575940617691170,720575940620272832,1
720575940617691170,720575940620272064,1
720575940617691170,720575940620210857,1
720575940617691170,720575940619430326,1
720575940617691170,720575940619414132,1
720575940617691170,720575940619404214,1
720575940617691170,720575940619305808,1
720575940617691170,720575940619090529,1
720575940617691170,720575940618997297,1
720575940617691170,720575940618989421,1
720575940617691170,720575940619668053,1
720575940617691170,720575940619967879,1
720575940617691170,720575940620187305,1
720575940617691170,720575940620179821,1
720575940617691170,720575940620176237,1
720575940617691170,720575940620172397,1
720575940617691170,720575940620153876,1
720575940617691170,720575940620073606,1
720575940617691170,720575940620059045,1
720575940617691170,720575940619802539,1
720575940617691170,720575940619781620,1
720575940617691170,720575940619744960,1
720575940617691170,720575940619705983,1
720575940617691170,720575940621491696,1
720575940617691170,720575940622694182,1
720575940617691170,720575940623009416,1
720575940617691170,720575940622999944,1
720575940617691170,720575940622981902,1
720575940617691170,720575940622976973,1
720575940617691170,720575940622972686,1
720575940617691170,720575940622930957,1
720575940617691170,720575940622857447,1
720575940617691170,720575940622837482,1
720575940617691170,720575940622821325,1
720575940617691170,720575940622815684,1
720575940617691170,720575940622727572,1
720575940617691170,720575940622723683,1
720575940617691170,720575940623059080,1
720575940617691170,720575940623067942,1
720575940617691170,720575940623413898,1
720575940617691170,720575940623691920,1
720575940617691170,720575940623546638,1
720575940617691170,720575940623542972,1
720575940617691170,720575940623488270,1
720575940617691170,720575940623400189,1
720575940617691170,720575940623386506,1
720575940617691170,720575940623203767,1
720575940617691170,720575940621507475,1
720575940617691170,720575940621922398,1
720575940617691170,720575940621873246,1
720575940617691170,720575940621872645,1
720575940617691170,720575940621786807,1
720575940617691170,720575940621770010,1
720575940617691170,720575940621709132,1
720575940617691170,720575940621680133,1
720575940617691170,720575940621574026,1
720575940617691170,720575940621561226,1
720575940617691170,720575940621560052,1
720575940617691170,720575940621529980,1
720575940617691170,720575940621948810,1
720575940617691170,720575940622462472,1
720575940617691170,720575940622461149,1
720575940617691170,720575940622412838,1
720575940617691170,720575940622402311,1
720575940617691170,720575940622288152,1
720575940617691170,720575940621983777,1
720575940617691170,720575940622228812,1
720575940617691170,720575940622216009,1
720575940617691170,720575940622133206,1
720575940617691170,720575940622096589,1
720575940631758393,720575940617865280,1
720575940631758393,720575940617856340,1
720575940622338269,720575940605290441,1
720575940620423533,720575940636092393,1
720575940620423533,720575940634989560,1
720575940620423533,720575940633215339,1
720575940620423533,720575940632929178,1
720575940620423533,720575940632835810,1
720575940620423533,720575940631017932,1
720575940620423533,720575940630775891,1
720575940620423533,720575940635656670,1
720575940620423533,720575940636224142,1
720575940620423533,720575940644479267,1
720575940620423533,720575940644413732,1
720575940620423533,720575940639726555,1
720575940620423533,720575940639688611,1
720575940620423533,720575940637869028,1
720575940620423533,720575940637184078,1
720575940620423533,720575940630687827,1
720575940620423533,720575940630269660,1
720575940620423533,720575940630228271,1
720575940620423533,720575940627016859,1
720575940620423533,720575940626930947,1
720575940620423533,720575940626792778,1
720575940620423533,720575940626474889,1
720575940620423533,720575940626353905,1
720575940620423533,720575940626194716,1
720575940620423533,720575940625969640,1
720575940620423533,720575940625665564,1
720575940620423533,720575940625560189,1
720575940620423533,720575940630222895,1
720575940620423533,720575940630026856,1
720575940620423533,720575940629638211,1
720575940620423533,720575940629625466,1
720575940620423533,720575940627585028,1
720575940620423533,720575940628365783,1
720575940620423533,720575940628309186,1
720575940620423533,720575940628209212,1
720575940620423533,720575940627741562,1
720575940620423533,720575940644837655,1
720575940622944403,720575940623369668,1
720575940622944403,720575940614822506,1
720575940622944403,720575940613507946,1
720575940622944403,720575940611960872,1
720575940622944403,720575940610952089,1
720575940622944403,720575940609163986,1
720575940622944403,720575940606680706,1
720575940622944403,720575940604319078,1
720575940620497217,720575940648246649,1
720575940620423533,720575940646290979,1
720575940622944403,720575940622350472,1
720575940622944403,720575940622116428,1
720575940622944403,720575940622075274,1
720575940622944403,720575940621460645,1
720575940622944403,720575940620422494,1
720575940622944403,720575940619695809,1
720575940622944403,720575940619115845,1
720575940622944403,720575940618671495,1
720575940622944403,720575940618657334,1
720575940622944403,720575940618326292,1
720575940622944403,720575940618299712,1
720575940622944403,720575940616955229,1
720575940620497217,720575940620577652,1
720575940620497217,720575940620410606,1
720575940620497217,720575940620223398,1
720575940620497217,720575940618992449,1
720575940620497217,720575940617937181,1
720575940620497217,720575940617079257,1
720575940620497217,720575940616105302,1
720575940620497217,720575940614606738,1
720575940620497217,720575940613041123,1
720575940620497217,720575940611098517,1
720575940620497217,720575940610710130,1
720575940620497217,720575940609163986,1
720575940620423533,720575940659536257,1
720575940620423533,720575940646308148,1
720575940620497217,720575940621730687,1
720575940620497217,720575940622116428,1
720575940620497217,720575940629020794,1
720575940620497217,720575940635309304,1
720575940620497217,720575940633932951,1
720575940620497217,720575940633146475,1
720575940620497217,720575940632371040,1
720575940620497217,720575940631731620,1
720575940620497217,720575940630399995,1
720575940620497217,720575940628800762,1
720575940620497217,720575940622773784,1
720575940620497217,720575940628471392,1
720575940620497217,720575940627931466,1
720575940620497217,720575940627210373,1
720575940620423533,720575940625376841,1
720575940620423533,720575940625329029,1
720575940620423533,720575940625290003,1
720575940620423533,720575940612339810,1
720575940620423533,720575940611802330,1
720575940620423533,720575940610946730,1
720575940620423533,720575940610691507,1
720575940620423533,720575940610676403,1
720575940620423533,720575940610358501,1
720575940620423533,720575940610347929,1
720575940620423533,720575940610336610,1
720575940620423533,720575940609941653,1
720575940620423533,720575940609684946,1
720575940620423533,720575940608447241,1
720575940620423533,720575940608433476,1
720575940620423533,720575940625171289,1
720575940620423533,720575940612572670,1
720575940620423533,720575940616052625,1
720575940620423533,720575940615897245,1
720575940620423533,720575940615651014,1
720575940620423533,720575940614925963,1
720575940620423533,720575940614902667,1
720575940620423533,720575940614121147,1
720575940620423533,720575940613434178,1
720575940620423533,720575940613353538,1
720575940620423533,720575940612767126,1
720575940620423533,720575940608191836,1
720575940620423533,720575940606968450,1
720575940620341931,720575940636551086,1
720575940620341931,720575940635908580,1
720575940620341931,720575940634849460,1
720575940620341931,720575940634231999,1
720575940620341931,720575940634154140,1
720575940620341931,720575940633188459,1
720575940620341931,720575940632728476,1
720575940620341931,720575940632552343,1
720575940620341931,720575940632510048,1
720575940620341931,720575940632019247,1
720575940620341931,720575940631686308,1
720575940620341931,720575940631048267,1
720575940620341931,720575940630650711,1
720575940620341931,720575940630471695,1
720575940620341931,720575940630351903,1
720575940620341931,720575940630039547,1
720575940620341931,720575940629855340,1
720575940620341931,720575940629823563,1
720575940620341931,720575940637540952,1
720575940620341931,720575940637804260,1
720575940620341931,720575940637954532,1
720575940620341931,720575940652703393,1
720575940620423533,720575940606902741,1
720575940620341931,720575940650260214,1
720575940620341931,720575940646419235,1
720575940620341931,720575940645248878,1
720575940620341931,720575940643281262,1
720575940620341931,720575940642347936,1
720575940620341931,720575940639116888,1
720575940620423533,720575940617238457,1
720575940620423533,720575940622398728,1
720575940620423533,720575940622276365,1
720575940620423533,720575940622217033,1
720575940620423533,720575940622133206,1
720575940620423533,720575940622003316,1
720575940620423533,720575940621983777,1
720575940620423533,720575940621948810,1
720575940620423533,720575940621925417,1
720575940620423533,720575940621922398,1
720575940620423533,720575940621786295,1
720575940620423533,720575940622673703,1
720575940620423533,720575940622965944,1
720575940620423533,720575940623943572,1
720575940620423533,720575940624601731,1
720575940620423533,720575940624492802,1
720575940620423533,720575940624396524,1
720575940620423533,720575940624125114,1
720575940620423533,720575940623973961,1
720575940620423533,720575940623356493,1
720575940620423533,720575940621700190,1
720575940620423533,720575940619060321,1
720575940620423533,720575940619055969,1
720575940620423533,720575940619054027,1
720575940620423533,720575940618779118,1
720575940620423533,720575940618544623,1
720575940620423533,720575940618526912,1
720575940620423533,720575940618226085,1
720575940620423533,720575940618203783,1
720575940620423533,720575940617926198,1
720575940620423533,720575940617902676,1
720575940620423533,720575940617605154,1
720575940620423533,720575940619404982,1
720575940620423533,720575940619587009,1
720575940620423533,720575940621376196,1
720575940620423533,720575940621189637,1
720575940620423533,720575940621005044,1
720575940620423533,720575940620955149,1
720575940620423533,720575940620464204,1
720575940620423533,720575940620210857,1
720575940620423533,720575940620124028,1
720575940620423533,720575940619781620,1
720575940620423533,720575940619693003,1
720575940622944403,720575940622670835,1
720575940623082665,720575940619414132,1
720575940623082665,720575940619404982,1
720575940623082665,720575940619271384,1
720575940623082665,720575940618980299,1
720575940623082665,720575940618876062,1
720575940623082665,720575940618873723,1
720575940623082665,720575940618779118,1
720575940623082665,720575940618544623,1
720575940623082665,720575940618470383,1
720575940623082665,720575940619430326,1
720575940623082665,720575940620465996,1
720575940623082665,720575940620333958,1
720575940623082665,720575940620211622,1
720575940623082665,720575940620210857,1
720575940623082665,720575940620172397,1
720575940623082665,720575940620143525,1
720575940623082665,720575940620124028,1
720575940623082665,720575940620109191,1
720575940623082665,720575940620042375,1
720575940623082665,720575940620020257,1
720575940623082665,720575940619863174,1
720575940623082665,720575940619684688,1
720575940623082665,720575940619668212,1
720575940623082665,720575940618419776,1
720575940623082665,720575940618341952,1
720575940623082665,720575940617093533,1
720575940623082665,720575940617021441,1
720575940623082665,720575940616887966,1
720575940623082665,720575940616860318,1
720575940623082665,720575940616746123,1
720575940623082665,720575940616350011,1
720575940623082665,720575940616345403,1
720575940623082665,720575940616052625,1
720575940623082665,720575940615975227,1
720575940623082665,720575940615896989,1
720575940623082665,720575940618299712,1
720575940623082665,720575940617973021,1
720575940623082665,720575940617911360,1
720575940623082665,720575940617814429,1
720575940623082665,720575940617750173,1
720575940623082665,720575940617708747,1
720575940623082665,720575940617650722,1
720575940623082665,720575940617650481,1
720575940623082665,720575940617516760,1
720575940623082665,720575940617238457,1
720575940622944403,720575940624994941,1
720575940623082665,720575940623030015,1
720575940623082665,720575940622888205,1
720575940623082665,720575940622864920,1
720575940623082665,720575940622861971,1
720575940623082665,720575940622803850,1
720575940623082665,720575940622673703,1
720575940623082665,720575940622565887,1
720575940623082665,720575940622428087,1
720575940623082665,720575940622402311,1
720575940623082665,720575940622276365,1
720575940623082665,720575940622249949,1
720575940623082665,720575940622222921,1
720575940623082665,720575940622216009,1
720575940623082665,720575940623032970,1
720575940623082665,720575940620495830,1
720575940623082665,720575940623914679,1
720575940623082665,720575940623691920,1
720575940623082665,720575940623521806,1
720575940623082665,720575940623441387,1
720575940623082665,720575940623377555,1
720575940623082665,720575940623369668,1
720575940623082665,720575940623244180,1
720575940623082665,720575940623166471,1
720575940623082665,720575940623165737,1
720575940623082665,720575940621389764,1
720575940623082665,720575940621288225,1
720575940623082665,720575940621189637,1
720575940623082665,720575940621121140,1
720575940623082665,720575940621073117,1
720575940623082665,720575940621005044,1
720575940623082665,720575940620998424,1
720575940623082665,720575940620932684,1
720575940623082665,720575940620816961,1
720575940623082665,720575940620746093,1
720575940623082665,720575940620700769,1
720575940623082665,720575940620572125,1
720575940623082665,720575940621413158,1
720575940623082665,720575940621415885,1
720575940623082665,720575940621882401,1
720575940623082665,720575940622005025,1
720575940623082665,720575940621951453,1
720575940623082665,720575940621947486,1
720575940623082665,720575940621925417,1
720575940623082665,720575940621922398,1
720575940623082665,720575940621913897,1
720575940623082665,720575940621885191,1
720575940623082665,720575940621606755,1
720575940623082665,720575940621567472,1
720575940623082665,720575940621541514,1
720575940623082665,720575940615832577,1
720575940623082665,720575940615798540,1
720575940623082665,720575940606902741,1
720575940623082665,720575940606892162,1
720575940623082665,720575940606891221,1
720575940623082665,720575940606698697,1
720575940623082665,720575940606549961,1
720575940623082665,720575940606454108,1
720575940623082665,720575940606331996,1
720575940623082665,720575940605541920,1
720575940623082665,720575940605362610,1
720575940623082665,720575940605167025,1
720575940623082665,720575940604806345,1
720575940623082665,720575940607310531,1
720575940623082665,720575940615768693,1
720575940623082665,720575940607337155,1
720575940623082665,720575940609371086,1
720575940623082665,720575940609163986,1
720575940623082665,720575940609097058,1
720575940623082665,720575940608806776,1
720575940623082665,720575940608517385,1
720575940623082665,720575940608505795,1
720575940623082665,720575940608281180,1
720575940623082665,720575940608145877,1
720575940623082665,720575940607715420,1
720575940623082665,720575940607351747,1
720575940623082665,720575940607337923,1
720575940623082665,720575940604766153,1
720575940622944403,720575940631782712,1
720575940622944403,720575940631351619,1
720575940622944403,720575940630430495,1
720575940622944403,720575940630067255,1
720575940622944403,720575940629788983,1
720575940622944403,720575940629233145,1
720575940622944403,720575940629036997,1
720575940622944403,720575940628367836,1
720575940622944403,720575940628312049,1
720575940622944403,720575940627210373,1
720575940622944403,720575940627147578,1
720575940622944403,720575940626803279,1
720575940622944403,720575940625561374,1
720575940622944403,720575940632371040,1
720575940622944403,720575940642022088,1
720575940623082665,720575940603721248,1
720575940623082665,720575940603688224,1
720575940622944403,720575940647153796,1
720575940622944403,720575940632388138,1
720575940622944403,720575940636114239,1
720575940622944403,720575940635499888,1
720575940622944403,720575940633224555,1
720575940623082665,720575940609940373,1
720575940623082665,720575940609999217,1
720575940623082665,720575940610137050,1
720575940623082665,720575940613248479,1
720575940623082665,720575940614132667,1
720575940623082665,720575940614115515,1
720575940623082665,720575940613941042,1
720575940623082665,720575940613929670,1
720575940623082665,720575940613764364,1
720575940623082665,720575940613684906,1
720575940623082665,720575940613501855,1
720575940623082665,720575940613478422,1
720575940623082665,720575940613421890,1
720575940623082665,720575940613386050,1
720575940623082665,720575940613353538,1
720575940623082665,720575940614229415,1
720575940623082665,720575940615651014,1
720575940623082665,720575940615456985,1
720575940623082665,720575940615196063,1
720575940623082665,720575940615134918,1
720575940623082665,720575940615072373,1
720575940623082665,720575940614925963,1
720575940623082665,720575940614869387,1
720575940623082665,720575940613258975,1
720575940623082665,720575940613156067,1
720575940623082665,720575940611098517,1
720575940623082665,720575940610963734,1
720575940623082665,720575940610946730,1
720575940623082665,720575940610773714,1
720575940623082665,720575940610691507,1
720575940623082665,720575940610690162,1
720575940623082665,720575940610505621,1
720575940623082665,720575940610358501,1
720575940623082665,720575940611802330,1
720575940623082665,720575940611837809,1
720575940623082665,720575940612872173,1
720575940623082665,720575940612778646,1
720575940623082665,720575940612767126,1
720575940623082665,720575940612765846,1
720575940623082665,720575940612725906,1
720575940623082665,720575940612668018,1
720575940623082665,720575940612606673,1
720575940623082665,720575940612337203,1
720575940623082665,720575940612091601,1
720575940623082665,720575940611988008,1
720575940620341931,720575940629788012,1
720575940620341931,720575940629502506,1
720575940620341931,720575940629020794,1
720575940620341931,720575940628787962,1
720575940619917248,720575940632652077,1
720575940619917248,720575940632584787,1
720575940619917248,720575940631603267,1
720575940619917248,720575940631549743,1
720575940619917248,720575940631498819,1
720575940619917248,720575940631387463,1
720575940619917248,720575940630432932,1
720575940619917248,720575940630399995,1
720575940619917248,720575940629849196,1
720575940619917248,720575940629765647,1
720575940619917248,720575940633224555,1
720575940619917248,720575940618326292,1
720575940619917248,720575940644472100,1
720575940619917248,720575940643404744,1
720575940619917248,720575940642108301,1
720575940619917248,720575940639158480,1
720575940619917248,720575940638626613,1
720575940619917248,720575940637225798,1
720575940619917248,720575940637148486,1
720575940619917248,720575940636675817,1
720575940619917248,720575940636114239,1
720575940619917248,720575940629347791,1
720575940619917248,720575940629260406,1
720575940619917248,720575940629164283,1
720575940619917248,720575940623252164,1
720575940619917248,720575940623014328,1
720575940619917248,720575940622781389,1
720575940619917248,720575940620577652,1
720575940619917248,720575940620422494,1
720575940619917248,720575940620223398,1
720575940619917248,720575940620126076,1
720575940619917248,720575940618992449,1
720575940619917248,720575940618691742,1
720575940619917248,720575940618667143,1
720575940619917248,720575940623351443,1
720575940619917248,720575940623369668,1
720575940619917248,720575940623554748,1
720575940619917248,720575940627576488,1
720575940619917248,720575940628788496,1
720575940619917248,720575940628608272,1
720575940619917248,720575940628404188,1
720575940619917248,720575940628312049,1
720575940619917248,720575940628002822,1
720575940619917248,720575940627264082,1
720575940619917248,720575940626874097,1
720575940619917248,720575940626363791,1
720575940619917248,720575940625561374,1
720575940619917248,720575940625507888,1
720575940619917248,720575940624563075,1
720575940620341931,720575940618765528,1
720575940620341931,720575940622820586,1
720575940620341931,720575940622771082,1
720575940620341931,720575940622096589,1
720575940620341931,720575940622023262,1
720575940620341931,720575940621944583,1
720575940620341931,720575940621869918,1
720575940620341931,720575940621864965,1
720575940620341931,720575940621581802,1
720575940620341931,720575940621560052,1
720575940620341931,720575940621296639,1
720575940620341931,720575940620936870,1
720575940620341931,720575940620537071,1
720575940620341931,720575940620469742,1
720575940620341931,720575940620344837,1
720575940620341931,720575940620282758,1
720575940620341931,720575940620272832,1
720575940620341931,720575940620055790,1
720575940620341931,720575940622972686,1
720575940620341931,720575940622976973,1
720575940620341931,720575940625156901,1
720575940620341931,720575940628687259,1
720575940620341931,720575940628120655,1
720575940620341931,720575940626779398,1
720575940620341931,720575940626430339,1
720575940620341931,720575940625476708,1
720575940620341931,720575940623059080,1
720575940620341931,720575940624638396,1
720575940620341931,720575940624577613,1
720575940620341931,720575940623890890,1
720575940620341931,720575940623488270,1
720575940620341931,720575940623438571,1
720575940620341931,720575940619895329,1
720575940620341931,720575940618627207,1
720575940620341931,720575940618182981,1
720575940620341931,720575940614447922,1
720575940620341931,720575940613987635,1
720575940620341931,720575940613383633,1
720575940620341931,720575940612714671,1
720575940620341931,720575940612587286,1
720575940620341931,720575940611210865,1
720575940620341931,720575940611001061,1
720575940620341931,720575940610907490,1
720575940620341931,720575940608176514,1
720575940620341931,720575940607984651,1
720575940620341931,720575940606893186,1
720575940620341931,720575940606399068,1
720575940620341931,720575940606341250,1
720575940620341931,720575940614495093,1
720575940620341931,720575940614606738,1
720575940620341931,720575940617201113,1
720575940620341931,720575940617963480,1
720575940620341931,720575940617845076,1
720575940620341931,720575940617473748,1
720575940620341931,720575940617390036,1
720575940620341931,720575940614768278,1
720575940620341931,720575940616913822,1
720575940620341931,720575940616911262,1
720575940620341931,720575940615507641,1
720575940620341931,720575940615263903,1
720575940620341931,720575940615243020,1
720575940620341931,720575940615019231,1
720575940619917248,720575940618394453,1
720575940619917248,720575940618131505,1
720575940619301185,720575940627245701,1
720575940619301185,720575940626919409,1
720575940619301185,720575940626403400,1
720575940619301185,720575940625667365,1
720575940619301185,720575940625600048,1
720575940619301185,720575940624663427,1
720575940619301185,720575940624453868,1
720575940619301185,720575940623165737,1
720575940619301185,720575940622732493,1
720575940619301185,720575940628257914,1
720575940619301185,720575940634018415,1
720575940619301185,720575940632465945,1
720575940619301185,720575940632229788,1
720575940619301185,720575940631694137,1
720575940619301185,720575940631620921,1
720575940619301185,720575940631447363,1
720575940619301185,720575940631035154,1
720575940619301185,720575940630868525,1
720575940619301185,720575940630722757,1
720575940619301185,720575940630651223,1
720575940619301185,720575940630139599,1
720575940619301185,720575940628694991,1
720575940619301185,720575940628331625,1
720575940619301185,720575940622428087,1
720575940619301185,720575940610669786,1
720575940619301185,720575940608505795,1
720575940619301185,720575940607330499,1
720575940619301185,720575940605792434,1
720575940619301185,720575940612606673,1
720575940619301185,720575940612758934,1
720575940619301185,720575940613735948,1
720575940619301185,720575940620418774,1
720575940619301185,720575940619896581,1
720575940619301185,720575940619682625,1
720575940619301185,720575940617514726,1
720575940619301185,720575940616222438,1
720575940619301185,720575940615571601,1
720575940619301185,720575940615066335,1
720575940619301185,720575940614490018,1
720575940619301185,720575940614313996,1
720575940619301185,720575940636059226,1
720575940619301185,720575940636136567,1
720575940619917248,720575940604319078,1
720575940619506993,720575940643501472,1
720575940619506993,720575940641079029,1
720575940619506993,720575940636045175,1
720575940619506993,720575940634296951,1
720575940619506993,720575940632725459,1
720575940619506993,720575940630868525,1
720575940619506993,720575940629895484,1
720575940619917248,720575940606680706,1
720575940619917248,720575940606783362,1
720575940619917248,720575940615289759,1
720575940619917248,720575940613929670,1
720575940619917248,720575940613797295,1
720575940619917248,720575940612872173,1
720575940619917248,720575940612362663,1
720575940619917248,720575940609163986,1
720575940619506993,720575940629671491,1
720575940619506993,720575940627700484,1
720575940619301185,720575940636159039,1
720575940619506993,720575940614131131,1
720575940619506993,720575940612740886,1
720575940619506993,720575940611098517,1
720575940619506993,720575940608655918,1
720575940619506993,720575940608505795,1
720575940619506993,720575940608281180,1
720575940619506993,720575940608148693,1
720575940619506993,720575940603747616,1
720575940619301185,720575940652784289,1
720575940619301185,720575940649650041,1
720575940619301185,720575940646609028,1
720575940619301185,720575940642162573,1
720575940619301185,720575940639543715,1
720575940619301185,720575940637055797,1
720575940619506993,720575940614229758,1
720575940619506993,720575940614614203,1
720575940619506993,720575940614869387,1
720575940619506993,720575940624601236,1
720575940619506993,720575940622737812,1
720575940619506993,720575940622204157,1
720575940619506993,720575940616041913,1
720575940619506993,720575940621413926,1
720575940619506993,720575940621413158,1
720575940619506993,720575940620813478,1
720575940619506993,720575940620649084,1
720575940619506993,720575940620410606,1
720575940619506993,720575940619876702,1
720575940619506993,720575940619535563,1
720575940623082665,720575940623965513,1
720575940623082665,720575940623971819,1
720575940630536441,720575940628304578,1
720575940630536441,720575940626316802,1
720575940630536441,720575940624593132,1
720575940630536441,720575940624494996,1
720575940630536441,720575940624428019,1
720575940630536441,720575940623981385,1
720575940630536441,720575940623890890,1
720575940630536441,720575940623358645,1
720575940630536441,720575940621477402,1
720575940630536441,720575940644583534,1
720575940630536441,720575940629971191,1
720575940630536441,720575940642347936,1
720575940630536441,720575940640688592,1
720575940630536441,720575940637954532,1
720575940630536441,720575940637826623,1
720575940630536441,720575940634430103,1
720575940630536441,720575940633186771,1
720575940630536441,720575940631801631,1
720575940630536441,720575940621334980,1
720575940630536441,720575940621322534,1
720575940630536441,720575940621087408,1
720575940630536441,720575940613071587,1
720575940630536441,720575940610946070,1
720575940630536441,720575940608768213,1
720575940630536441,720575940608386315,1
720575940630536441,720575940603111392,1
720575940630166267,720575940645236078,1
720575940630166267,720575940638561102,1
720575940630166267,720575940637508698,1
720575940630536441,720575940615386324,1
720575940630536441,720575940615764422,1
720575940630536441,720575940618627207,1
720575940630536441,720575940621044701,1
720575940630536441,720575940620607982,1
720575940630536441,720575940620469742,1
720575940630536441,720575940620153876,1
720575940630536441,720575940619778645,1
720575940630536441,720575940618394453,1
720575940630536441,720575940618337985,1
720575940630536441,720575940617395412,1
720575940630868271,720575940630250543,1
720575940630868271,720575940629625466,1
720575940630868271,720575940629236242,1
720575940630868271,720575940628711631,1
720575940630868271,720575940628309186,1
720575940630868271,720575940627986220,1
720575940630868271,720575940627908624,1
720575940630868271,720575940627741562,1
720575940630868271,720575940627615400,1
720575940630868271,720575940627016859,1
720575940630868271,720575940626663440,1
720575940630868271,720575940626651288,1
720575940630868271,720575940626274822,1
720575940630868271,720575940626043454,1
720575940630868271,720575940625642340,1
720575940630868271,720575940625560189,1
720575940630868271,720575940625328915,1
720575940630868271,720575940625290003,1
720575940630868271,720575940625171289,1
720575940630868271,720575940624704002,1
720575940630868271,720575940629792620,1
720575940630868271,720575940630269660,1
720575940630536441,720575940652799649,1
720575940630868271,720575940630436603,1
720575940630868271,720575940641889952,1
720575940630868271,720575940639726555,1
720575940630868271,720575940638975285,1
720575940630868271,720575940637695395,1
720575940630868271,720575940637657189,1
720575940630868271,720575940637580659,1
720575940630868271,720575940637320381,1
720575940630868271,720575940636677190,1
720575940630868271,720575940636146409,1
720575940630868271,720575940633570808,1
720575940630868271,720575940633516980,1
720575940630868271,720575940633103059,1
720575940630868271,720575940633074015,1
720575940630868271,720575940632951266,1
720575940630868271,720575940632929178,1
720575940630868271,720575940632804543,1
720575940630868271,720575940632718291,1
720575940630868271,720575940631875097,1
720575940630868271,720575940631759161,1
720575940630868271,720575940630906029,1
720575940630868271,720575940630764741,1
720575940630868271,720575940624647299,1
720575940630868271,720575940624492802,1
720575940630868271,720575940623166471,1
720575940630868271,720575940617878080,1
720575940630868271,720575940617612578,1
720575940630868271,720575940617093533,1
720575940630868271,720575940617090082,1
720575940630868271,720575940616044850,1
720575940630868271,720575940615901597,1
720575940630868271,720575940615125307,1
720575940630868271,720575940614925963,1
720575940630868271,720575940614899851,1
720575940630868271,720575940614803286,1
720575940630868271,720575940614490018,1
720575940630868271,720575940614010419,1
720575940630868271,720575940613421890,1
720575940630868271,720575940612924522,1
720575940630868271,720575940611987240,1
720575940630868271,720575940609405646,1
720575940630868271,720575940607337923,1
720575940630868271,720575940606902741,1
720575940630868271,720575940605997257,1
720575940630868271,720575940605451552,1
720575940630868271,720575940602605536,1
720575940630868271,720575940618544623,1
720575940630868271,720575940618980299,1
720575940630868271,720575940619041133,1
720575940630868271,720575940621321001,1
720575940630868271,720575940622217033,1
720575940630868271,720575940621885191,1
720575940630868271,720575940621829813,1
720575940630868271,720575940621590250,1
720575940630868271,720575940621518218,1
720575940630868271,720575940621382852,1
720575940630868271,720575940619054027,1
720575940630868271,720575940620931750,1
720575940630868271,720575940620303040,1
720575940630868271,720575940620041125,1
720575940630868271,720575940619974689,1
720575940630868271,720575940619802539,1
720575940630868271,720575940619731392,1
720575940630868271,720575940619693003,1
720575940630868271,720575940619682625,1
720575940630868271,720575940619156565,1
720575940630076887,720575940626786859,1
720575940630076887,720575940626729515,1
720575940630076887,720575940626394609,1
720575940630076887,720575940626321482,1
720575940630076887,720575940625598802,1
720575940630076887,720575940624830503,1
720575940630076887,720575940624302008,1
720575940630076887,720575940623888461,1
720575940630076887,720575940623328231,1
720575940630076887,720575940622890509,1
720575940630076887,720575940622812003,1
720575940630076887,720575940622621164,1
720575940630076887,720575940622461149,1
720575940630076887,720575940627452689,1
720575940630076887,720575940632839085,1
720575940630076887,720575940631662049,1
720575940630076887,720575940631453763,1
720575940630076887,720575940630312785,1
720575940630076887,720575940630063676,1
720575940630076887,720575940629967756,1
720575940630076887,720575940629951292,1
720575940630076887,720575940629949751,1
720575940630076887,720575940629332606,1
720575940630076887,720575940628975482,1
720575940630076887,720575940628321539,1
720575940630076887,720575940627479829,1
720575940630076887,720575940622348424,1
720575940630076887,720575940622294808,1
720575940630076887,720575940622204669,1
720575940630076887,720575940622067113,1
720575940630076887,720575940612339370,1
720575940630076887,720575940611682739,1
720575940630076887,720575940611310894,1
720575940630076887,720575940611001061,1
720575940630076887,720575940610353381,1
720575940630076887,720575940609950869,1
720575940630076887,720575940609935310,1
720575940630076887,720575940609132642,1
720575940630076887,720575940608768213,1
720575940630076887,720575940607763467,1
720575940630076887,720575940606892674,1
720575940630076887,720575940606477660,1
720575940630076887,720575940604999526,1
720575940630076887,720575940603045804,1
720575940630076887,720575940602564320,1
720575940630076887,720575940614778454,1
720575940630076887,720575940615544249,1
720575940630076887,720575940619813637,1
720575940630076887,720575940621924103,1
720575940630076887,720575940621730687,1
720575940630076887,720575940621163636,1
720575940630076887,720575940620883917,1
720575940630076887,720575940620226729,1
720575940630076887,720575940619994759,1
720575940630076887,720575940619305808,1
720575940630076887,720575940615569723,1
720575940630076887,720575940618905766,1
720575940630076887,720575940618765528,1
720575940630076887,720575940618266900,1
720575940630076887,720575940618184839,1
720575940630076887,720575940617866048,1
720575940630076887,720575940617293268,1
720575940630076887,720575940616885298,1
720575940630076887,720575940616440098,1
720575940630076887,720575940632969567,1
720575940630076887,720575940633785369,1
720575940630166267,720575940625564816,1
720575940630166267,720575940625354904,1
720575940630166267,720575940624663427,1
720575940630166267,720575940623971819,1
720575940630166267,720575940623244180,1
720575940630166267,720575940623203012,1
720575940630166267,720575940622948872,1
720575940630166267,720575940621413926,1
720575940630166267,720575940620649084,1
720575940630166267,720575940620495830,1
720575940630166267,720575940620230497,1
720575940630166267,720575940625834900,1
720575940630166267,720575940629671491,1
720575940630166267,720575940631879193,1
720575940630166267,720575940631447363,1
720575940630166267,720575940631432403,1
720575940630166267,720575940631399978,1
720575940630166267,720575940630430495,1
720575940630166267,720575940627245701,1
720575940630166267,720575940626124743,1
720575940630166267,720575940620039956,1
720575940630076887,720575940634661806,1
720575940630076887,720575940648276089,1
720575940630076887,720575940639988352,1
720575940630076887,720575940638445894,1
720575940630076887,720575940637970665,1
720575940630076887,720575940637849151,1
720575940630076887,720575940637725272,1
720575940630076887,720575940637689688,1
720575940630076887,720575940637540952,1
720575940630076887,720575940636513882,1
720575940630076887,720575940636430437,1
720575940630076887,720575940636291429,1
720575940630076887,720575940636126783,1
720575940630076887,720575940634849460,1
720575940630076887,720575940654810785,1
720575940630166267,720575940618183559,1
720575940630166267,720575940617940304,1
720575940630166267,720575940616616075,1
720575940630166267,720575940615255090,1
720575940630166267,720575940615072373,1
720575940630166267,720575940614890902,1
720575940630166267,720575940613954769,1
720575940630166267,720575940613258975,1
720575940630166267,720575940611453107,1
720575940630166267,720575940609944526,1
720575940630166267,720575940609143672,1
720575940630166267,720575940608517385,1
720575940630868271,720575940645828740,1
720575940630868271,720575940652822945,1
720575940631758393,720575940614240766,1
720575940631758393,720575940614200426,1
720575940631758393,720575940614008785,1
720575940631758393,720575940613987730,1
720575940631758393,720575940613987635,1
720575940631758393,720575940613954769,1
720575940631758393,720575940613867682,1
720575940631758393,720575940613864498,1
720575940631758393,720575940613797295,1
720575940631758393,720575940613782796,1
720575940631758393,720575940613776543,1
720575940631758393,720575940613774334,1
720575940631758393,720575940613727399,1
720575940631758393,720575940613507946,1
720575940631758393,720575940614313996,1
720575940631758393,720575940614318482,1
720575940631758393,720575940614822742,1
720575940631758393,720575940614822506,1
720575940631758393,720575940614816598,1
720575940631758393,720575940614811222,1
720575940631758393,720575940614742687,1
720575940631758393,720575940614614203,1
720575940631758393,720575940614486690,1
720575940631758393,720575940614447922,1
720575940631758393,720575940614418118,1
720575940631758393,720575940614348394,1
720575940631758393,720575940613403458,1
720575940631758393,720575940613383633,1
720575940631758393,720575940613364461,1
720575940631758393,720575940611748594,1
720575940631758393,720575940611697066,1
720575940631758393,720575940611686809,1
720575940631758393,720575940611611378,1
720575940631758393,720575940611532949,1
720575940631758393,720575940611310894,1
720575940631758393,720575940611204323,1
720575940631758393,720575940611111061,1
720575940631758393,720575940611110468,1
720575940631758393,720575940613188319,1
720575940631758393,720575940613017059,1
720575940631758393,720575940612853354,1
720575940631758393,720575940612717202,1
720575940631758393,720575940612690338,1
720575940631758393,720575940612590754,1
720575940631758393,720575940612421290,1
720575940631758393,720575940612372650,1
720575940631758393,720575940612240918,1
720575940631758393,720575940612190693,1
720575940631758393,720575940614887830,1
720575940631758393,720575940614888854,1
720575940631758393,720575940616911262,1
720575940631758393,720575940616910310,1
720575940631758393,720575940616859259,1
720575940631758393,720575940616821393,1
720575940631758393,720575940616723549,1
720575940631758393,720575940616702262,1
720575940631758393,720575940616677661,1
720575940631758393,720575940616616075,1
720575940631758393,720575940616964766,1
720575940631758393,720575940617845076,1
720575940631758393,720575940617834560,1
720575940631758393,720575940617807517,1
720575940631758393,720575940617766228,1
720575940631758393,720575940617576422,1
720575940631758393,720575940617474629,1
720575940631758393,720575940617452689,1
720575940631758393,720575940617410205,1
720575940631758393,720575940617390036,1
720575940631758393,720575940617201113,1
720575940631758393,720575940617166749,1
720575940631758393,720575940616578646,1
720575940631758393,720575940614909579,1
720575940631758393,720575940615798540,1
720575940631758393,720575940615780353,1
720575940631758393,720575940615737531,1
720575940631758393,720575940615571601,1
720575940631758393,720575940615544249,1
720575940631758393,720575940615539385,1
720575940631758393,720575940615447764,1
720575940631758393,720575940615386324,1
720575940631758393,720575940615346363,1
720575940631758393,720575940615147788,1
720575940631758393,720575940614981087,1
720575940631758393,720575940615816754,1
720575940631758393,720575940616162373,1
720575940631758393,720575940616440098,1
720575940631758393,720575940616189509,1
720575940631758393,720575940616087323,1
720575940631758393,720575940615961684,1
720575940631758393,720575940615931293,1
720575940631758393,720575940615927197,1
720575940631758393,720575940611001061,1
720575940631758393,720575940610960994,1
720575940631222841,720575940630063415,1
720575940631222841,720575940629788012,1
720575940631222841,720575940629294636,1
720575940631222841,720575940628215056,1
720575940631222841,720575940627426837,1
720575940631222841,720575940627264488,1
720575940631222841,720575940626843773,1
720575940631222841,720575940626772357,1
720575940631222841,720575940626321482,1
720575940631222841,720575940625780648,1
720575940631222841,720575940625678613,1
720575940631222841,720575940625604839,1
720575940631222841,720575940624711655,1
720575940631222841,720575940624516339,1
720575940631222841,720575940624421148,1
720575940631222841,720575940623947500,1
720575940631222841,720575940629922166,1
720575940631758393,720575940610952089,1
720575940631222841,720575940650260214,1
720575940631222841,720575940637540952,1
720575940631222841,720575940637465054,1
720575940631222841,720575940637118174,1
720575940631222841,720575940636877936,1
720575940631222841,720575940636026089,1
720575940631222841,720575940635696535,1
720575940631222841,720575940635614942,1
720575940631222841,720575940634154140,1
720575940631222841,720575940632849069,1
720575940631222841,720575940632434340,1
720575940631222841,720575940632357284,1
720575940631222841,720575940631048267,1
720575940631222841,720575940630966840,1
720575940631222841,720575940623102396,1
720575940631222841,720575940615927197,1
720575940631222841,720575940615544249,1
720575940631222841,720575940614778454,1
720575940631222841,720575940614606738,1
720575940631222841,720575940611111061,1
720575940631222841,720575940610944022,1
720575940631222841,720575940610353381,1
720575940631222841,720575940616076761,1
720575940631222841,720575940620273023,1
720575940631222841,720575940622972686,1
720575940631222841,720575940622023262,1
720575940631222841,720575940621553535,1
720575940631222841,720575940621290017,1
720575940631222841,720575940620936870,1
720575940631222841,720575940620686761,1
720575940631222841,720575940617293201,1
720575940631222841,720575940620004129,1
720575940631222841,720575940619866657,1
720575940631222841,720575940617963480,1
720575940631758393,720575940602564320,1
720575940631758393,720575940603174368,1
720575940631758393,720575940609133102,1
720575940631758393,720575940609132642,1
720575940631758393,720575940608823509,1
720575940631758393,720575940608801749,1
720575940631758393,720575940608768213,1
720575940631758393,720575940608662485,1
720575940631758393,720575940608657621,1
720575940631758393,720575940608655918,1
720575940631758393,720575940608281180,1
720575940631758393,720575940607348931,1
720575940631758393,720575940609220291,1
720575940631758393,720575940610945558,1
720575940631758393,720575940610907490,1
720575940631758393,720575940610906521,1
720575940631758393,720575940610793395,1
720575940631758393,720575940610784179,1
720575940631758393,720575940610669786,1
720575940631758393,720575940610191795,1
720575940631758393,720575940609950869,1
720575940631758393,720575940609921230,1
720575940631758393,720575940609651554,1
720575940631758393,720575940607330499,1
720575940631758393,720575940606968962,1
720575940631758393,720575940606967730,1
720575940631758393,720575940605407846,1
720575940631758393,720575940605184102,1
720575940631758393,720575940605171121,1
720575940631758393,720575940604963942,1
720575940631758393,720575940604935340,1
720575940631758393,720575940604478176,1
720575940631758393,720575940604319078,1
720575940631758393,720575940603773798,1
720575940631758393,720575940603747616,1
720575940631758393,720575940605452064,1
720575940631758393,720575940605488416,1
720575940631758393,720575940605550950,1
720575940631758393,720575940606680706,1
720575940631758393,720575940606954114,1
720575940631758393,720575940606947714,1
720575940631758393,720575940606941397,1
720575940631758393,720575940606515292,1
720575940631758393,720575940606399068,1
720575940631758393,720575940606341250,1
720575940623082665,720575940623973961,1
720575940623082665,720575940635033701,1
720575940623082665,720575940634989560,1
720575940623082665,720575940634920543,1
720575940623082665,720575940634664674,1
720575940623082665,720575940634514533,1
720575940623082665,720575940634464869,1
720575940623082665,720575940634351200,1
720575940623082665,720575940634347360,1
720575940623082665,720575940634296951,1
720575940623082665,720575940634018415,1
720575940623082665,720575940634012015,1
720575940623082665,720575940634006355,1
720575940623082665,720575940635016048,1
720575940623082665,720575940637594995,1
720575940623082665,720575940637508698,1
720575940623082665,720575940637320381,1
720575940623082665,720575940637316029,1
720575940623082665,720575940637222470,1
720575940623082665,720575940636553390,1
720575940623082665,720575940636375653,1
720575940623082665,720575940636159039,1
720575940623082665,720575940636114239,1
720575940623082665,720575940636069751,1
720575940623082665,720575940636059226,1
720575940623082665,720575940635807087,1
720575940623082665,720575940633932951,1
720575940623082665,720575940633813785,1
720575940623082665,720575940632371737,1
720575940623082665,720575940632371040,1
720575940623082665,720575940632164269,1
720575940623082665,720575940632068383,1
720575940623082665,720575940631975379,1
720575940623082665,720575940631967575,1
720575940623082665,720575940631879193,1
720575940623082665,720575940631782712,1
720575940623082665,720575940631620921,1
720575940623082665,720575940631485251,1
720575940623082665,720575940632437331,1
720575940623082665,720575940632582807,1
720575940623082665,720575940633043295,1
720575940623082665,720575940633565154,1
720575940623082665,720575940633551028,1
720575940623082665,720575940633466524,1
720575940623082665,720575940633301183,1
720575940623082665,720575940633226603,1
720575940623082665,720575940633093483,1
720575940623082665,720575940633040223,1
720575940623082665,720575940633004383,1
720575940623082665,720575940632964269,1
720575940623082665,720575940632932762,1
720575940623082665,720575940632929690,1
720575940623082665,720575940632804543,1
720575940623082665,720575940637707069,1
720575940623082665,720575940637999950,1
720575940629564286,720575940637584755,1
720575940623082665,720575940659765121,1
720575940623082665,720575940654752417,1
720575940623082665,720575940652809377,1
720575940623082665,720575940651816950,1
720575940623082665,720575940648205945,1
720575940623082665,720575940640758157,1
720575940623082665,720575940639986048,1
720575940623082665,720575940639749109,1
720575940623082665,720575940639543715,1
720575940623082665,720575940639202532,1
720575940623082665,720575940639078717,1
720575940623082665,720575940638995005,1
720575940623082665,720575940638531637,1
720575940623082665,720575940641079029,1
720575940623082665,720575940644413732,1
720575940623082665,720575940647153796,1
720575940623082665,720575940646290979,1
720575940623082665,720575940645759523,1
720575940623082665,720575940644837655,1
720575940623082665,720575940644609134,1
720575940623082665,720575940641360091,1
720575940623082665,720575940643504288,1
720575940623082665,720575940643404744,1
720575940623082665,720575940642948887,1
720575940623082665,720575940642338464,1
720575940623082665,720575940641866912,1
720575940623082665,720575940631425235,1
720575940623082665,720575940626510211,1
720575940623082665,720575940626474889,1
720575940623082665,720575940626403400,1
720575940623082665,720575940626277382,1
720575940623082665,720575940626274822,1
720575940623082665,720575940626253318,1
720575940623082665,720575940626044924,1
720575940623082665,720575940625937797,1
720575940623082665,720575940625864964,1
720575940623082665,720575940625768073,1
720575940623082665,720575940625702949,1
720575940623082665,720575940625692816,1
720575940623082665,720575940625667365,1
720575940623082665,720575940626550504,1
720575940623082665,720575940627085578,1
720575940623082665,720575940627020933,1
720575940623082665,720575940626975899,1
720575940623082665,720575940626901278,1
720575940623082665,720575940626792778,1
720575940623082665,720575940626694479,1
720575940623082665,720575940626657808,1
720575940623082665,720575940626651288,1
720575940623082665,720575940626646544,1
720575940623082665,720575940626560857,1
720575940623082665,720575940625642340,1
720575940623082665,720575940625625136,1
720575940623082665,720575940624676414,1
720575940623082665,720575940624629948,1
720575940623082665,720575940624626563,1
720575940623082665,720575940624601236,1
720575940623082665,720575940624492802,1
720575940623082665,720575940624327196,1
720575940623082665,720575940624158650,1
720575940623082665,720575940624125114,1
720575940623082665,720575940624107706,1
720575940623082665,720575940624852120,1
720575940623082665,720575940625507888,1
720575940623082665,720575940625506704,1
720575940623082665,720575940625500304,1
720575940623082665,720575940625476964,1
720575940623082665,720575940625318163,1
720575940623082665,720575940625290003,1
720575940623082665,720575940625223690,1
720575940623082665,720575940625171289,1
720575940623082665,720575940625126448,1
720575940623082665,720575940625024125,1
720575940623082665,720575940625015070,1
720575940623082665,720575940630025788,1
720575940623082665,720575940629895484,1
720575940623082665,720575940629863737,1
720575940623082665,720575940629814060,1
720575940623082665,720575940629788983,1
720575940623082665,720575940629671491,1
720575940623082665,720575940629638211,1
720575940623082665,720575940629507706,1
720575940623082665,720575940629485354,1
720575940623082665,720575940629388239,1
720575940623082665,720575940630775891,1
720575940623082665,720575940631035154,1
720575940623082665,720575940631019468,1
720575940623082665,720575940631017932,1
720575940623082665,720575940630969555,1
720575940623082665,720575940630949187,1
720575940623082665,720575940630947395,1
720575940623082665,720575940630878253,1
720575940623082665,720575940630612620,1
720575940623082665,720575940630573260,1
720575940623082665,720575940630547916,1
720575940623082665,720575940630443791,1
720575940623082665,720575940630419364,1
720575940623082665,720575940630332753,1
720575940623082665,720575940629270060,1
720575940623082665,720575940629211666,1
720575940623082665,720575940628297627,1
720575940623082665,720575940628012332,1
720575940623082665,720575940627986220,1
720575940623082665,720575940627851008,1
720575940623082665,720575940627768567,1
720575940623082665,720575940627621626,1
720575940623082665,720575940627587078,1
720575940623082665,720575940627585028,1
720575940623082665,720575940627573659,1
720575940623082665,720575940627553691,1
720575940623082665,720575940627552680,1
720575940623082665,720575940627263162,1
720575940623082665,720575940627243623,1
720575940623082665,720575940628365783,1
720575940623082665,720575940628773113,1
720575940623082665,720575940629202167,1
720575940623082665,720575940629140071,1
720575940623082665,720575940629010331,1
720575940623082665,720575940628895831,1
720575940623082665,720575940628842839,1
720575940623082665,720575940628761039,1
720575940623082665,720575940628612112,1
720575940623082665,720575940628610811,1
720575940623082665,720575940628574715,1
720575940623082665,720575940628531308,1
720575940623082665,720575940628471392,1
720575940628836412,720575940632357284,1
720575940628836412,720575940630902083,1
720575940628836412,720575940630679895,1
720575940628836412,720575940630560505,1
720575940628836412,720575940630477305,1
720575940628836412,720575940630475513,1
720575940628836412,720575940630115388,1
720575940628836412,720575940630063676,1
720575940628836412,720575940630063415,1
720575940628836412,720575940630039547,1
720575940628836412,720575940629839863,1
720575940628836412,720575940629824828,1
720575940628836412,720575940629644666,1
720575940628836412,720575940629632894,1
720575940628836412,720575940629532098,1
720575940628836412,720575940629162693,1
720575940628836412,720575940632434340,1
720575940628836412,720575940633123609,1
720575940628996455,720575940610823010,1
720575940628996455,720575940608447241,1
720575940628996455,720575940608191836,1
720575940628996455,720575940606579465,1
720575940628996455,720575940604806345,1
720575940628836412,720575940653339041,1
720575940628836412,720575940647739513,1
720575940628836412,720575940639069493,1
720575940628836412,720575940638445894,1
720575940628836412,720575940637954532,1
720575940628836412,720575940637810239,1
720575940628836412,720575940637339738,1
720575940628836412,720575940636291429,1
720575940628836412,720575940634858676,1
720575940628836412,720575940634342007,1
720575940628836412,720575940634078200,1
720575940628836412,720575940628836345,1
720575940628836412,720575940627595848,1
720575940628836412,720575940627480853,1
720575940628836412,720575940622768266,1
720575940628836412,720575940622023262,1
720575940628836412,720575940621471732,1
720575940628836412,720575940621334980,1
720575940628836412,720575940621321412,1
720575940628836412,720575940621056577,1
720575940628836412,720575940620713129,1
720575940628836412,720575940620272832,1
720575940628836412,720575940620007457,1
720575940628836412,720575940619872372,1
720575940628836412,720575940618746747,1
720575940628836412,720575940618266900,1
720575940628836412,720575940617989076,1
720575940628836412,720575940617811540,1
720575940628836412,720575940617473748,1
720575940628836412,720575940622844903,1
720575940628836412,720575940622981646,1
720575940628836412,720575940622999944,1
720575940628836412,720575940627164242,1
720575940628836412,720575940626772357,1
720575940628836412,720575940626586823,1
720575940628836412,720575940626536714,1
720575940628836412,720575940626513027,1
720575940628836412,720575940626225941,1
720575940628836412,720575940625942590,1
720575940628836412,720575940625940456,1
720575940628836412,720575940625753621,1
720575940628836412,720575940625486692,1
720575940628836412,720575940625454640,1
720575940628836412,720575940624597788,1
720575940628836412,720575940624593132,1
720575940628836412,720575940623890890,1
720575940628836412,720575940623369412,1
720575940628996455,720575940615196063,1
720575940629564286,720575940617293268,1
720575940629564286,720575940622886925,1
720575940629564286,720575940622812003,1
720575940629564286,720575940621987255,1
720575940629564286,720575940621866861,1
720575940629564286,720575940621845018,1
720575940629564286,720575940621504269,1
720575940629564286,720575940621146956,1
720575940629564286,720575940621094527,1
720575940629564286,720575940617672139,1
720575940629564286,720575940617576422,1
720575940629564286,720575940624375088,1
720575940629564286,720575940624593132,1
720575940629564286,720575940624974010,1
720575940629564286,720575940636551086,1
720575940629564286,720575940635908580,1
720575940629564286,720575940635884911,1
720575940629564286,720575940632135249,1
720575940629564286,720575940631764281,1
720575940629564286,720575940630912512,1
720575940629564286,720575940630218552,1
720575940629564286,720575940630146135,1
720575940629564286,720575940629942844,1
720575940629564286,720575940628687259,1
720575940629564286,720575940628002348,1
720575940629564286,720575940627687940,1
720575940629564286,720575940617436305,1
720575940628996455,720575940615671494,1
720575940629564286,720575940617036729,1
720575940628996455,720575940628826873,1
720575940628996455,720575940625328915,1
720575940628996455,720575940622412838,1
720575940628996455,720575940621925417,1
720575940628996455,720575940620700769,1
720575940628996455,720575940619937718,1
720575940628996455,720575940619897734,1
720575940628996455,720575940619684688,1
720575940628996455,720575940618662939,1
720575940628996455,720575940617750173,1
720575940628996455,720575940630222895,1
720575940628996455,720575940630331244,1
720575940628996455,720575940630573260,1
720575940629564286,720575940616578646,1
720575940629564286,720575940616076761,1
720575940629564286,720575940614770847,1
720575940629564286,720575940613774334,1
720575940629564286,720575940612647282,1
720575940629564286,720575940612524030,1
720575940629564286,720575940611532949,1
720575940629564286,720575940610945558,1
720575940628996455,720575940630775891,1
720575940629564286,720575940608383243,1
720575940629564286,720575940607348931,1
720575940629564286,720575940605252041,1
720575940628996455,720575940643769544,1
720575940628996455,720575940640758157,1
720575940628836412,720575940617079257,1
720575940624661031,720575940622003316,1
720575940624661031,720575940621770010,1
720575940624661031,720575940620700769,1
720575940624661031,720575940619897734,1
720575940624661031,720575940619684688,1
720575940628836412,720575940616911262,1
720575940624661031,720575940622412838,1
720575940624661031,720575940625023869,1
720575940624661031,720575940624584835,1
720575940624661031,720575940606698697,1
720575940624661031,720575940606579465,1
720575940624661031,720575940605627057,1
720575940624661031,720575940605180337,1
720575940624661031,720575940616860318,1
720575940624661031,720575940617771521,1
720575940624661031,720575940617478427,1
720575940624661031,720575940615270962,1
720575940624661031,720575940637754019,1
720575940628836412,720575940603045804,1
720575940628836412,720575940612421290,1
720575940628836412,720575940615927197,1
720575940628836412,720575940615447764,1
720575940628836412,720575940615219778,1
720575940628836412,720575940614768278,1
720575940628836412,720575940614606738,1
720575940628836412,720575940613864498,1
720575940628836412,720575940613713704,1
720575940628836412,720575940612490723,1
720575940628836412,720575940605197745,1
720575940628836412,720575940611697066,1
720575940628836412,720575940611532949,1
720575940628836412,720575940608386315,1
720575940628836412,720575940608345867,1
720575940628836412,720575940608286556,1
720575940628836412,720575940607828233,1
720575940628836412,720575940606941397,1
720575940628836412,720575940605407846,1
720575940624661031,720575940634969701,1
720575940624661031,720575940634514533,1
720575940624661031,720575940629319106,1
720575940624661031,720575940628514156,1
720575940624661031,720575940628188732,1
720575940624661031,720575940628121287,1
720575940624661031,720575940628045318,1
720575940624661031,720575940627085578,1
720575940624661031,720575940634351200,1
720575940624661031,720575940633040223,1
720575940624661031,720575940632437331,1
720575940624661031,720575940631485251,1
720575940624661031,720575940630923693,1
720575940624661031,720575940630331244,1
720575940622338269,720575940605184102,1
720575940622338269,720575940605551718,1
720575940644747828,720575940615193100,1
720575940644747828,720575940614983274,1
720575940644747828,720575940614887830,1
720575940644747828,720575940614606738,1
720575940644747828,720575940612770418,1
720575940644747828,720575940612690338,1
720575940644747828,720575940612590754,1
720575940644747828,720575940611748594,1
720575940644747828,720575940610709106,1
720575940644747828,720575940610206387,1
720575940644747828,720575940608662485,1
720575940644747828,720575940608386315,1
720575940644747828,720575940616821393,1
720575940644747828,720575940616911262,1
720575940644747828,720575940621887270,1
720575940644747828,720575940621581802,1
720575940644747828,720575940621174704,1
720575940644747828,720575940621094527,1
720575940644747828,720575940620537071,1
720575940644747828,720575940620176237,1
720575940644747828,720575940619828359,1
720575940644747828,720575940619487414,1
720575940644747828,720575940618997297,1
720575940644747828,720575940617989076,1
720575940644747828,720575940617474629,1
720575940644747828,720575940617166749,1
720575940644747828,720575940607930716,1
720575940644747828,720575940607763467,1
720575940644747828,720575940606963586,1
720575940640770957,720575940627450385,1
720575940640770957,720575940623171847,1
720575940640770957,720575940622930957,1
720575940644747828,720575940606954114,1
720575940644747828,720575940605551718,1
720575940644747828,720575940603045804,1
720575940640770957,720575940645248878,1
720575940640770957,720575940644423204,1
720575940640770957,720575940640566736,1
720575940640770957,720575940633123609,1
720575940640770957,720575940632197935,1
720575940644747828,720575940622263510,1
720575940644747828,720575940622542517,1
720575940644747828,720575940638925877,1
720575940644747828,720575940637756349,1
720575940644747828,720575940637407209,1
720575940644747828,720575940636553646,1
720575940644747828,720575940635309304,1
720575940644747828,720575940633560545,1
720575940644747828,720575940633402082,1
720575940644747828,720575940633056467,1
720575940644747828,720575940632584787,1
720575940644747828,720575940632536780,1
720575940644747828,720575940632197935,1
720575940644747828,720575940632115247,1
720575940644747828,720575940632111780,1
720575940644747828,720575940632019247,1
720575940644747828,720575940632010567,1
720575940644747828,720575940631868999,1
720575940644747828,720575940631827527,1
720575940644747828,720575940637970665,1
720575940644747828,720575940622894349,1
720575940648330105,720575940610669786,1
720575940648330105,720575940609143672,1
720575940648330105,720575940608505795,1
720575940648330105,720575940606783362,1
720575940648330105,720575940605817522,1
720575940648330105,720575940605350066,1
720575940648330105,720575940602553568,1
720575940644747828,720575940653339041,1
720575940644747828,720575940646667828,1
720575940644747828,720575940631777567,1
720575940644747828,720575940631754527,1
720575940644747828,720575940631731620,1
720575940644747828,720575940631667937,1
720575940644747828,720575940627282002,1
720575940644747828,720575940627155589,1
720575940644747828,720575940625942590,1
720575940644747828,720575940625715733,1
720575940644747828,720575940625690140,1
720575940644747828,720575940625678613,1
720575940644747828,720575940625331006,1
720575940644747828,720575940625300254,1
720575940644747828,720575940624851864,1
720575940644747828,720575940624516339,1
720575940644747828,720575940624375088,1
720575940644747828,720575940623403773,1
720575940644747828,720575940623328231,1
720575940644747828,720575940627367189,1
720575940644747828,720575940627493141,1
720575940644747828,720575940628175363,1
720575940644747828,720575940630063415,1
720575940644747828,720575940631453763,1
720575940644747828,720575940630759507,1
720575940644747828,720575940630598395,1
720575940644747828,720575940630176047,1
720575940644747828,720575940630114108,1
720575940644747828,720575940629532098,1
720575940644747828,720575940628300529,1
720575940644747828,720575940629515306,1
720575940644747828,720575940628836345,1
720575940644747828,720575940628787962,1
720575940644747828,720575940628725455,1
720575940644747828,720575940628394716,1
720575940640770957,720575940621553535,1
720575940640770957,720575940621357147,1
720575940637391582,720575940614327202,1
720575940637391582,720575940613782796,1
720575940637391582,720575940613774334,1
720575940637391582,720575940612575230,1
720575940637391582,720575940611733997,1
720575940637391582,720575940611696042,1
720575940637391582,720575940610907490,1
720575940637391582,720575940607763467,1
720575940637391582,720575940606967682,1
720575940637391582,720575940605000550,1
720575940637391582,720575940604963942,1
720575940637391582,720575940604478176,1
720575940634640023,720575940659850113,1
720575940634640023,720575940644805143,1
720575940634640023,720575940644592494,1
720575940634640023,720575940639554675,1
720575940637391582,720575940614282238,1
720575940637391582,720575940614714518,1
720575940637391582,720575940622812808,1
720575940637391582,720575940622348424,1
720575940637391582,720575940621999044,1
720575940637391582,720575940621944583,1
720575940637391582,720575940621924103,1
720575940637391582,720575940621897249,1
720575940637391582,720575940621845018,1
720575940637391582,720575940621553535,1
720575940637391582,720575940621174704,1
720575940637391582,720575940620684156,1
720575940637391582,720575940620425310,1
720575940637391582,720575940620274497,1
720575940637391582,720575940619954091,1
720575940637391582,720575940619705983,1
720575940637391582,720575940619658433,1
720575940637391582,720575940616097163,1
720575940637391582,720575940615447764,1
720575940637391582,720575940615323990,1
720575940634640023,720575940636422372,1
720575940634640023,720575940610906521,1
720575940634640023,720575940605196465,1
720575940631576903,720575940650260214,1
720575940631576903,720575940642347936,1
720575940631576903,720575940640634787,1
720575940631576903,720575940640566736,1
720575940631576903,720575940639988352,1
720575940631576903,720575940639116888,1
720575940631576903,720575940638445894,1
720575940634640023,720575940617473051,1
720575940634640023,720575940620226729,1
720575940634640023,720575940630759507,1
720575940634640023,720575940629633150,1
720575940634640023,720575940629020794,1
720575940634640023,720575940625655464,1
720575940634640023,720575940623546638,1
720575940634640023,720575940622891277,1
720575940634640023,720575940622669508,1
720575940634640023,720575940621864965,1
720575940634640023,720575940621044701,1
720575940637391582,720575940622891277,1
720575940637391582,720575940637164260,1
720575940640770957,720575940607280306,1
720575940640770957,720575940605196465,1
720575940637391582,720575940658795137,1
720575940637391582,720575940646598788,1
720575940637391582,720575940645248878,1
720575940637391582,720575940640566736,1
720575940637391582,720575940639116888,1
720575940637391582,720575940637725272,1
720575940640770957,720575940614742687,1
720575940640770957,720575940620682934,1
720575940640770957,720575940620274497,1
720575940640770957,720575940619673936,1
720575940640770957,720575940617390036,1
720575940640770957,720575940616189509,1
720575940640770957,720575940615544249,1
720575940637391582,720575940637446622,1
720575940637391582,720575940636877936,1
720575940637391582,720575940622926472,1
720575940637391582,720575940628076038,1
720575940637391582,720575940628060934,1
720575940637391582,720575940627045636,1
720575940637391582,720575940626729515,1
720575940637391582,720575940626688893,1
720575940637391582,720575940626562665,1
720575940637391582,720575940626284157,1
720575940637391582,720575940626225941,1
720575940637391582,720575940625715733,1
720575940637391582,720575940624941326,1
720575940637391582,720575940624577613,1
720575940637391582,720575940624032264,1
720575940637391582,720575940623946988,1
720575940637391582,720575940623315347,1
720575940637391582,720575940623171847,1
720575940637391582,720575940623102396,1
720575940637391582,720575940623010253,1
720575940637391582,720575940628304578,1
720575940637391582,720575940628714358,1
720575940637391582,720575940636551086,1
720575940637391582,720575940636135543,1
720575940637391582,720575940635884911,1
720575940637391582,720575940635614942,1
720575940637391582,720575940633212779,1
720575940637391582,720575940633210475,1
720575940637391582,720575940631801401,1
720575940637391582,720575940629166592,1
720575940637391582,720575940630471695,1
720575940637391582,720575940630420985,1
720575940637391582,720575940630360377,1
720575940637391582,720575940630269404,1
720575940637391582,720575940629978666,1
720575940637391582,720575940629632894,1
720575940637391582,720575940629536894,1
720575940637391582,720575940629477674,1
720575940637391582,720575940629300043,1
720575940648330105,720575940611837809,1
720575940658674049,720575940624271716,1
720575940658674049,720575940623009416,1
720575940658674049,720575940622669508,1
720575940658674049,720575940621897249,1
720575940658674049,720575940621892122,1
720575940658674049,720575940621871484,1
720575940658674049,720575940621845018,1
720575940658674049,720575940621810871,1
720575940658674049,720575940621809246,1
720575940658674049,720575940621529980,1
720575940658674049,720575940621357147,1
720575940658674049,720575940620576494,1
720575940658674049,720575940619866657,1
720575940658674049,720575940618770230,1
720575940658674049,720575940618266747,1
720575940658674049,720575940623358645,1
720575940658674049,720575940630759507,1
720575940658674049,720575940624597788,1
720575940658674049,720575940629942844,1
720575940658674049,720575940629300043,1
720575940658674049,720575940628836345,1
720575940658674049,720575940628217643,1
720575940658674049,720575940628215056,1
720575940658674049,720575940627854568,1
720575940658674049,720575940626953732,1
720575940658674049,720575940626702232,1
720575940658674049,720575940626669957,1
720575940658674049,720575940626394609,1
720575940658674049,720575940626242054,1
720575940658674049,720575940626090340,1
720575940658674049,720575940625780648,1
720575940658674049,720575940625721866,1
720575940658674049,720575940617963480,1
720575940658674049,720575940617811540,1
720575940658674049,720575940617176413,1
720575940658674049,720575940606954114,1
720575940658674049,720575940605550950,1
720575940658674049,720575940604997152,1
720575940658674049,720575940604884396,1
720575940654661281,720575940657869953,1
720575940654661281,720575940652837793,1
720575940654661281,720575940647739513,1
720575940654661281,720575940646697780,1
720575940654661281,720575940644136983,1
720575940654661281,720575940639846488,1
720575940654661281,720575940637733702,1
720575940654661281,720575940637407209,1
720575940654661281,720575940636135543,1
720575940654661281,720575940636126783,1
720575940658674049,720575940613774334,1
720575940658674049,720575940617036729,1
720575940658674049,720575940616885298,1
720575940658674049,720575940616109398,1
720575940658674049,720575940615243020,1
720575940658674049,720575940615019231,1
720575940658674049,720575940614813526,1
720575940658674049,720575940614811222,1
720575940658674049,720575940613797295,1
720575940658674049,720575940612590754,1
720575940658674049,720575940612450730,1
720575940658674049,720575940612178418,1
720575940658674049,720575940612151538,1
720575940658674049,720575940611682739,1
720575940658674049,720575940610709106,1
720575940658674049,720575940609132642,1
720575940658674049,720575940631662049,1
720575940605280201,720575940624884920,1
720575940605280201,720575940624638396,1
720575940605280201,720575940624032264,1
720575940605280201,720575940623543303,1
720575940605280201,720575940623403773,1
720575940605280201,720575940622981902,1
720575940605280201,720575940622928397,1
720575940605280201,720575940622748868,1
720575940605280201,720575940622451273,1
720575940605280201,720575940621892829,1
720575940605280201,720575940621888169,1
720575940605280201,720575940621471732,1
720575940605280201,720575940621044701,1
720575940605280201,720575940621019457,1
720575940605280201,720575940620862273,1
720575940605280201,720575940625292606,1
720575940658674049,720575940631798888,1
720575940605280201,720575940625741455,1
720575940605280201,720575940632077127,1
720575940605280201,720575940631458371,1
720575940605280201,720575940630620747,1
720575940605280201,720575940630219567,1
720575940605280201,720575940629789292,1
720575940605280201,720575940628983963,1
720575940605280201,720575940628375255,1
720575940605280201,720575940628350211,1
720575940605280201,720575940628076038,1
720575940605280201,720575940628060934,1
720575940605280201,720575940627493653,1
720575940605280201,720575940627282002,1
720575940605280201,720575940627220327,1
720575940605280201,720575940627205386,1
720575940605280201,720575940626828574,1
720575940605280201,720575940625765306,1
720575940605280201,720575940625753621,1
720575940605280201,720575940620551901,1
720575940605280201,720575940620442817,1
720575940658674049,720575940652342006,1
720575940658674049,720575940644838766,1
720575940658674049,720575940644759319,1
720575940658674049,720575940639903696,1
720575940658674049,720575940639684515,1
720575940658674049,720575940638925877,1
720575940658674049,720575940637714264,1
720575940658674049,720575940637689688,1
720575940658674049,720575940636636486,1
720575940658674049,720575940636135799,1
720575940658674049,720575940634294367,1
720575940658674049,720575940633908887,1
720575940658674049,720575940633300927,1
720575940658674049,720575940633210475,1
720575940658674049,720575940632839085,1
720575940658674049,720575940631827527,1
720575940658674049,720575940659316609,1
720575940605280201,720575940602564320,1
720575940605280201,720575940617166749,1
720575940605280201,720575940620012321,1
720575940605280201,720575940619978266,1
720575940605280201,720575940619895329,1
720575940605280201,720575940614495138,1
720575940605280201,720575940613188319,1
720575940605280201,720575940611936474,1
720575940605280201,720575940611129571,1
720575940648330105,720575940627210373,1
720575940648330105,720575940627157008,1
720575940648330105,720575940626834762,1
720575940648330105,720575940626403400,1
720575940648330105,720575940626226690,1
720575940648330105,720575940625937797,1
720575940648330105,720575940625834900,1
720575940648330105,720575940625667365,1
720575940648330105,720575940625625136,1
720575940648330105,720575940625561374,1
720575940648330105,720575940623030015,1
720575940648330105,720575940623014328,1
720575940648330105,720575940622979475,1
720575940648330105,720575940627158098,1
720575940654661281,720575940633188459,1
720575940648330105,720575940630399995,1
720575940648330105,720575940630300613,1
720575940648330105,720575940630067255,1
720575940648330105,720575940629328591,1
720575940648330105,720575940629270060,1
720575940648330105,720575940629233145,1
720575940648330105,720575940629164283,1
720575940648330105,720575940628800762,1
720575940648330105,720575940628651792,1
720575940648330105,720575940628608272,1
720575940648330105,720575940628476716,1
720575940648330105,720575940621947486,1
720575940648330105,720575940616306210,1
720575940648330105,720575940616041913,1
720575940648330105,720575940615764422,1
720575940648330105,720575940614869387,1
720575940648330105,720575940614614203,1
720575940648330105,720575940614240766,1
720575940648330105,720575940614229415,1
720575940648330105,720575940614131131,1
720575940648330105,720575940613929670,1
720575940648330105,720575940613797295,1
720575940648330105,720575940613776543,1
720575940648330105,720575940613738415,1
720575940648330105,720575940613727399,1
720575940648330105,720575940613507946,1
720575940648330105,720575940612240918,1
720575940648330105,720575940617514726,1
720575940648330105,720575940617940048,1
720575940648330105,720575940620495830,1
720575940648330105,720575940621802751,1
720575940648330105,720575940621413158,1
720575940648330105,720575940621129181,1
720575940648330105,720575940621023809,1
720575940648330105,720575940620932684,1
720575940648330105,720575940620577652,1
720575940648330105,720575940618299712,1
720575940648330105,720575940620355009,1
720575940648330105,720575940620020769,1
720575940648330105,720575940618739621,1
720575940648330105,720575940618691742,1
720575940648330105,720575940618657334,1
720575940648330105,720575940618572422,1
720575940648330105,720575940631143383,1
720575940648330105,720575940631432403,1
720575940654661281,720575940615243020,1
720575940654661281,720575940621845018,1
720575940654661281,720575940621146956,1
720575940654661281,720575940621023041,1
720575940654661281,720575940620393643,1
720575940654661281,720575940619813637,1
720575940654661281,720575940619769008,1
720575940654661281,720575940617963480,1
720575940654661281,720575940617873984,1
720575940654661281,720575940617766228,1
720575940654661281,720575940615608123,1
720575940654661281,720575940622096589,1
720575940654661281,720575940628175363,1
720575940654661281,720575940630906655,1
720575940654661281,720575940630115388,1
720575940654661281,720575940628975482,1
720575940654661281,720575940623426633,1
720575940654661281,720575940627493653,1
720575940654661281,720575940626397565,1
720575940654661281,720575940626252273,1
720575940654661281,720575940624516339,1
720575940654661281,720575940615569723,1
720575940648330105,720575940632229788,1
720575940648330105,720575940639686232,1
720575940648330105,720575940637999950,1
720575940648330105,720575940637508698,1
720575940648330105,720575940637316029,1
720575940648330105,720575940637225798,1
720575940648330105,720575940636991856,1
720575940648330105,720575940636675817,1
720575940648330105,720575940636136567,1
720575940648330105,720575940636059226,1
720575940648330105,720575940636045175,1
720575940648330105,720575940634146808,1
720575940648330105,720575940634006355,1
720575940648330105,720575940633301183,1
720575940648330105,720575940633034336,1
720575940648330105,720575940632652077,1
720575940648330105,720575940639727861,1
720575940648330105,720575940641079029,1
720575940654661281,720575940608662485,1
720575940654661281,720575940613383633,1
720575940654661281,720575940612717202,1
720575940654661281,720575940612151538,1
720575940654661281,720575940611682739,1
720575940648330105,720575940643830126,1
720575940654661281,720575940605424416,1
720575940654661281,720575940605197745,1
720575940654661281,720575940604008672,1
720575940648330105,720575940649691513,1
720575940648330105,720575940649650041,1
720575940648330105,720575940644946211,1
720575940631576903,720575940637964521,1
720575940631576903,720575940637804260,1
720575940631576903,720575940637190990,1
720575940625931266,720575940620020769,1
720575940625931266,720575940620020257,1
720575940625931266,720575940619864912,1
720575940625931266,720575940619682625,1
720575940625931266,720575940618592390,1
720575940625931266,720575940618470383,1
720575940625931266,720575940618183559,1
720575940625931266,720575940617118016,1
720575940625931266,720575940617077405,1
720575940625931266,720575940616746123,1
720575940625931266,720575940616616075,1
720575940625931266,720575940616222438,1
720575940625931266,720575940615571601,1
720575940625931266,720575940620230497,1
720575940625931266,720575940620410606,1
720575940625931266,720575940623986469,1
720575940625931266,720575940620418774,1
720575940625931266,720575940623203012,1
720575940625931266,720575940623165737,1
720575940625931266,720575940622864920,1
720575940625931266,720575940622737812,1
720575940625931266,720575940622732493,1
720575940625931266,720575940622698825,1
720575940625931266,720575940621947486,1
720575940625931266,720575940621413926,1
720575940625931266,720575940621413158,1
720575940625931266,720575940621121140,1
720575940625931266,720575940620923980,1
720575940625931266,720575940620495830,1
720575940625931266,720575940614890902,1
720575940625931266,720575940614229415,1
720575940625931266,720575940613954769,1
720575940624317419,720575940643830126,1
720575940624317419,720575940641355739,1
720575940624317419,720575940639986048,1
720575940624317419,720575940639172560,1
720575940624317419,720575940639157968,1
720575940624317419,720575940638472006,1
720575940624317419,720575940638179699,1
720575940624317419,720575940637316029,1
720575940624317419,720575940636685894,1
720575940624317419,720575940636159039,1
720575940624317419,720575940635953343,1
720575940624317419,720575940635883748,1
720575940624317419,720575940634018415,1
720575940624317419,720575940634006355,1
720575940624317419,720575940649650041,1
720575940624317419,720575940653332385,1
720575940625931266,720575940608655918,1
720575940625931266,720575940612766102,1
720575940625931266,720575940612747158,1
720575940625931266,720575940609944526,1
720575940625931266,720575940609921230,1
720575940625931266,720575940609097058,1
720575940625931266,720575940608517385,1
720575940625931266,720575940603174368,1
720575940625931266,720575940602553568,1
720575940625931266,720575940623252164,1
720575940625931266,720575940624195559,1
720575940631576903,720575940636551086,1
720575940625931266,720575940643830126,1
720575940625931266,720575940641355739,1
720575940625931266,720575940639727861,1
720575940625931266,720575940638995005,1
720575940625931266,720575940638472006,1
720575940625931266,720575940637726180,1
720575940625931266,720575940637055797,1
720575940625931266,720575940636159039,1
720575940625931266,720575940636136567,1
720575940625931266,720575940635953343,1
720575940625931266,720575940635800431,1
720575940625931266,720575940634006355,1
720575940625931266,720575940633802009,1
720575940625931266,720575940633565154,1
720575940625931266,720575940633466524,1
720575940625931266,720575940645386884,1
720575940626071482,720575940626464901,1
720575940626071482,720575940619060321,1
720575940626071482,720575940618548975,1
720575940626071482,720575940615651014,1
720575940625931266,720575940649650041,1
720575940625931266,720575940632481363,1
720575940625931266,720575940628138246,1
720575940625931266,720575940627924935,1
720575940625931266,720575940626919409,1
720575940625931266,720575940626550504,1
720575940625931266,720575940625834900,1
720575940625931266,720575940625740169,1
720575940625931266,720575940625564816,1
720575940625931266,720575940625499153,1
720575940625931266,720575940625264659,1
720575940625931266,720575940624642492,1
720575940625931266,720575940624601236,1
720575940625931266,720575940624294072,1
720575940625931266,720575940628651792,1
720575940625931266,720575940631447363,1
720575940625931266,720575940631432403,1
720575940625931266,720575940631237433,1
720575940625931266,720575940630561484,1
720575940625931266,720575940630180935,1
720575940625931266,720575940630139599,1
720575940625931266,720575940629814060,1
720575940625931266,720575940629397079,1
720575940625931266,720575940629319106,1
720575940625931266,720575940629270060,1
720575940625931266,720575940629010331,1
720575940624317419,720575940633466524,1
720575940624317419,720575940633034336,1
720575940624317419,720575940612740886,1
720575940624317419,720575940611837809,1
720575940624317419,720575940611453107,1
720575940624317419,720575940611204323,1
720575940624317419,720575940610990821,1
720575940624317419,720575940610793395,1
720575940624317419,720575940610669786,1
720575940624317419,720575940609921230,1
720575940624317419,720575940608657621,1
720575940624317419,720575940608505795,1
720575940624317419,720575940608281180,1
720575940624317419,720575940604489649,1
720575940624317419,720575940612758934,1
720575940624317419,720575940612853354,1
720575940624317419,720575940617857053,1
720575940624317419,720575940617650481,1
720575940624317419,720575940614890902,1
720575940624317419,720575940614551954,1
720575940624317419,720575940614229758,1
720575940624317419,720575940613954769,1
720575940624317419,720575940613738415,1
720575940623979593,720575940619960926,1
720575940623979593,720575940619651019,1
720575940623979593,720575940619597761,1
720575940623979593,720575940609163986,1
720575940621462512,720575940649012857,1
720575940621462512,720575940644805143,1
720575940621462512,720575940639116888,1
720575940621462512,720575940637737021,1
720575940621462512,720575940637407209,1
720575940621462512,720575940636246446,1
720575940621462512,720575940634967962,1
720575940621462512,720575940634442091,1
720575940623979593,720575940620039956,1
720575940623979593,720575940620862273,1
720575940623979593,720575940639881600,1
720575940623979593,720575940631603267,1
720575940623979593,720575940630733137,1
720575940623979593,720575940629318394,1
720575940623979593,720575940624421148,1
720575940623979593,720575940622348424,1
720575940624317419,720575940617940048,1
720575940624317419,720575940618470383,1
720575940624317419,720575940624663427,1
720575940624317419,720575940628138246,1
720575940624317419,720575940627553691,1
720575940624317419,720575940627147578,1
720575940624317419,720575940626904561,1
720575940624317419,720575940626834762,1
720575940624317419,720575940626825853,1
720575940624317419,720575940626733693,1
720575940624317419,720575940626226690,1
720575940624317419,720575940626225173,1
720575940624317419,720575940625667365,1
720575940624317419,720575940625564816,1
720575940624317419,720575940625264659,1
720575940624317419,720575940628999579,1
720575940624317419,720575940631388231,1
720575940624317419,720575940632481363,1
720575940624317419,720575940632229788,1
720575940624317419,720575940631782447,1
720575940624317419,720575940631432403,1
720575940624317419,720575940631019468,1
720575940624317419,720575940629973753,1
720575940624317419,720575940629895484,1
720575940624317419,720575940629671235,1
720575940624317419,720575940629541187,1
720575940624317419,720575940618592390,1
720575940624317419,720575940624629948,1
720575940624317419,720575940621413926,1
720575940624317419,720575940621288225,1
720575940624317419,720575940621175472,1
720575940624317419,720575940619842580,1
720575940624317419,720575940619682625,1
720575940624317419,720575940619651019,1
720575940624317419,720575940619271384,1
720575940624317419,720575940618739621,1
720575940624317419,720575940621913897,1
720575940624317419,720575940624601236,1
720575940624317419,720575940624195559,1
720575940624317419,720575940624149256,1
720575940624317419,720575940623971819,1
720575940624317419,720575940623914679,1
720575940624317419,720575940623203012,1
720575940624317419,720575940622204157,1
720575940624317419,720575940623165737,1
720575940624317419,720575940622979475,1
720575940624317419,720575940622948872,1
720575940624317419,720575940622864920,1
720575940624317419,720575940622768397,1
720575940624317419,720575940622737812,1
720575940624317419,720575940622698825,1
720575940626071482,720575940629863737,1
720575940631017258,720575940637211462,1
720575940631017258,720575940636224142,1
720575940631017258,720575940631975379,1
720575940631017258,720575940630456996,1
720575940631017258,720575940630332753,1
720575940631017258,720575940630222895,1
720575940631017258,720575940629485354,1
720575940631017258,720575940629166587,1
720575940631017258,720575940629140071,1
720575940631017258,720575940628309186,1
720575940631017258,720575940628297627,1
720575940631017258,720575940628209212,1
720575940631017258,720575940637320381,1
720575940631017258,720575940637580659,1
720575940631576903,720575940612266213,1
720575940631576903,720575940612008818,1
720575940631576903,720575940608345867,1
720575940631576903,720575940607984651,1
720575940631576903,720575940606963586,1
720575940631576903,720575940606621362,1
720575940631576903,720575940605290441,1
720575940631576903,720575940605184102,1
720575940631017258,720575940659536257,1
720575940631017258,720575940652822945,1
720575940631017258,720575940639688611,1
720575940631017258,720575940639078717,1
720575940631017258,720575940638975285,1
720575940631017258,720575940628121287,1
720575940631017258,720575940628012332,1
720575940631017258,720575940627016859,1
720575940631017258,720575940620272064,1
720575940631017258,720575940620124028,1
720575940631017258,720575940619974689,1
720575940631017258,720575940618980299,1
720575940631017258,720575940618547280,1
720575940631017258,720575940617650722,1
720575940631017258,720575940617612578,1
720575940631017258,720575940615344315,1
720575940631017258,720575940615125307,1
720575940631017258,720575940614428722,1
720575940631017258,720575940612664482,1
720575940631017258,720575940611660714,1
720575940631017258,720575940611586453,1
720575940631017258,720575940609940373,1
720575940631017258,720575940620465996,1
720575940631017258,720575940625318163,1
720575940631017258,720575940627003547,1
720575940631017258,720575940626911262,1
720575940631017258,720575940626343665,1
720575940631017258,720575940626251778,1
720575940631017258,720575940626194716,1
720575940631017258,720575940625560189,1
720575940631017258,720575940620746093,1
720575940631017258,720575940622565887,1
720575940631017258,720575940621518218,1
720575940631017258,720575940620880333,1
720575940631576903,720575940614224490,1
720575940631576903,720575940622981902,1
720575940631576903,720575940626316802,1
720575940631576903,720575940626242054,1
720575940631576903,720575940625942458,1
720575940631576903,720575940624494996,1
720575940631576903,720575940624487572,1
720575940631576903,720575940624428019,1
720575940631576903,720575940623947500,1
720575940631576903,720575940623679495,1
720575940631576903,720575940623400445,1
720575940631576903,720575940623315347,1
720575940631576903,720575940623102396,1
720575940631576903,720575940626430339,1
720575940631576903,720575940626688893,1
720575940631576903,720575940627220327,1
720575940631576903,720575940630351903,1
720575940631576903,720575940636430437,1
720575940631576903,720575940635884911,1
720575940631576903,720575940634231999,1
720575940631576903,720575940632077127,1
720575940631576903,720575940630560505,1
720575940631576903,720575940630420985,1
720575940631576903,720575940630115388,1
720575940631576903,720575940627264488,1
720575940631576903,720575940630063676,1
720575940631576903,720575940629922166,1
720575940631576903,720575940628724284,1
720575940631576903,720575940628306075,1
720575940631576903,720575940627861736,1
720575940631576903,720575940627367189,1
720575940631576903,720575940614283006,1
720575940631576903,720575940622542517,1
720575940631576903,720575940619038061,1
720575940631576903,720575940619028289,1
720575940631576903,720575940618667143,1
720575940631576903,720575940618337985,1
720575940631576903,720575940618224709,1
720575940631576903,720575940617989076,1
720575940631576903,720575940617866048,1
720575940631576903,720575940617849920,1
720575940631576903,720575940617769217,1
720575940631576903,720575940617034753,1
720575940631576903,720575940616964766,1
720575940631576903,720575940615569723,1
720575940631576903,720575940614811222,1
720575940631576903,720575940614486690,1
720575940631576903,720575940619305808,1
720575940631576903,720575940619434887,1
720575940631576903,720575940620936870,1
720575940631576903,720575940622538461,1
720575940631576903,720575940622348424,1
720575940631576903,720575940622294808,1
720575940631576903,720575940622162505,1
720575940631576903,720575940621552116,1
720575940631576903,720575940621529980,1
720575940631576903,720575940621174704,1
720575940631576903,720575940621071203,1
720575940631576903,720575940620655169,1
720575940631576903,720575940620425310,1
720575940631576903,720575940620226729,1
720575940631576903,720575940620059045,1
720575940631576903,720575940619834965,1
720575940631576903,720575940619705983,1
720575940631017258,720575940609184210,1
720575940626135122,720575940623351443,1
720575940626135122,720575940623252164,1
720575940626135122,720575940623014328,1
720575940626135122,720575940622670835,1
720575940626135122,720575940622428087,1
720575940626135122,720575940621594723,1
720575940626135122,720575940621554815,1
720575940626135122,720575940621538431,1
720575940626135122,720575940621146294,1
720575940626135122,720575940620996621,1
720575940626135122,720575940623965513,1
720575940626135122,720575940630067255,1
720575940626135122,720575940629036997,1
720575940626135122,720575940628312049,1
720575940626135122,720575940628002822,1
720575940626135122,720575940627576488,1
720575940626135122,720575940627230986,1
720575940626135122,720575940627210373,1
720575940626135122,720575940627158098,1
720575940626135122,720575940626874097,1
720575940626135122,720575940626855171,1
720575940626135122,720575940625843075,1
720575940626135122,720575940625625136,1
720575940626135122,720575940625561374,1
720575940626135122,720575940625507888,1
720575940626135122,720575940625235033,1
720575940626135122,720575940625002526,1
720575940626135122,720575940624994941,1
720575940626135122,720575940620039956,1
720575940626135122,720575940619651019,1
720575940626135122,720575940610952089,1
720575940626135122,720575940610773171,1
720575940626135122,720575940606892674,1
720575940626135122,720575940606680706,1
720575940626135122,720575940604483040,1
720575940626135122,720575940603773798,1
720575940626135122,720575940603747616,1
720575940626135122,720575940612372650,1
720575940626135122,720575940612853354,1
720575940626135122,720575940618299712,1
720575940626135122,720575940616955229,1
720575940626135122,720575940616306210,1
720575940626135122,720575940615764422,1
720575940626135122,720575940615289759,1
720575940626135122,720575940613507946,1
720575940626135122,720575940614822506,1
720575940626135122,720575940614313996,1
720575940626135122,720575940614240766,1
720575940626135122,720575940614131131,1
720575940626135122,720575940613797295,1
720575940626135122,720575940613690031,1
720575940626135122,720575940631143383,1
720575940626135122,720575940631387463,1
720575940626135122,720575940631502509,1
720575940630794703,720575940630399995,1
720575940630794703,720575940629978666,1
720575940630794703,720575940629541187,1
720575940630794703,720575940627854568,1
720575940630794703,720575940627568646,1
720575940630794703,720575940626803279,1
720575940630794703,720575940625507888,1
720575940630794703,720575940625323795,1
720575940630794703,720575940624421148,1
720575940630794703,720575940621924103,1
720575940630794703,720575940621919428,1
720575940630794703,720575940630733137,1
720575940630794703,720575940632849069,1
720575940631017258,720575940605627057,1
720575940631017258,720575940604934572,1
720575940631017258,720575940604630496,1
720575940631017258,720575940603673120,1
720575940631017258,720575940602605536,1
720575940630794703,720575940654647457,1
720575940630794703,720575940648246649,1
720575940630794703,720575940633186771,1
720575940630794703,720575940639158480,1
720575940630794703,720575940636519598,1
720575940630794703,720575940633224555,1
720575940630794703,720575940621594723,1
720575940626135122,720575940631603267,1
720575940626135122,720575940639686232,1
720575940626135122,720575940639158480,1
720575940626135122,720575940638662352,1
720575940626135122,720575940637999950,1
720575940626135122,720575940637225798,1
720575940626135122,720575940632388138,1
720575940626135122,720575940632371040,1
720575940626135122,720575940632144813,1
720575940626135122,720575940631661281,1
720575940626135122,720575940641079029,1
720575940626135122,720575940642108301,1
720575940626135122,720575940644472100,1
720575940630794703,720575940616109398,1
720575940630794703,720575940619036911,1
720575940630794703,720575940618844353,1
720575940630794703,720575940618184839,1
720575940630794703,720575940617386708,1
720575940630794703,720575940616306210,1
720575940630794703,720575940615101452,1
720575940630794703,720575940610375726,1
720575940630794703,720575940608644654,1
720575940630794703,720575940606967730,1
720575940630794703,720575940606947714,1
720575940630794703,720575940605252041,1
720575940605280201,720575940632434340,1
720575940605280201,720575940632849069,1
720575940622701808,720575940614010419,1
720575940622701808,720575940613799436,1
720575940622701808,720575940613353538,1
720575940622701808,720575940613156067,1
720575940622701808,720575940611045700,1
720575940622701808,720575940610505621,1
720575940622701808,720575940615481489,1
720575940622701808,720575940616547648,1
720575940622701808,720575940620109191,1
720575940622701808,720575940619630207,1
720575940622701808,720575940619587009,1
720575940622701808,720575940618662939,1
720575940622701808,720575940618506155,1
720575940622701808,720575940618210251,1
720575940622701808,720575940617926198,1
720575940622701808,720575940617514726,1
720575940622701808,720575940610386661,1
720575940621861637,720575940633103059,1
720575940621861637,720575940633004383,1
720575940621861637,720575940632583831,1
720575940621861637,720575940632366623,1
720575940621861637,720575940632164269,1
720575940621861637,720575940631975379,1
720575940621861637,720575940631485251,1
720575940621861637,720575940631387463,1
720575940621861637,720575940630949187,1
720575940621861637,720575940630923693,1
720575940621861637,720575940630650711,1
720575940621861637,720575940630525967,1
720575940621861637,720575940630425119,1
720575940621861637,720575940630413087,1
720575940621861637,720575940633813785,1
720575940621861637,720575940660047489,1
720575940621861637,720575940649022841,1
720575940621861637,720575940638531637,1
720575940621861637,720575940636168414,1
720575940621861637,720575940635659486,1
720575940621861637,720575940634977893,1
720575940621861637,720575940634969701,1
720575940622701808,720575940620272064,1
720575940622701808,720575940620413355,1
720575940622701808,720575940634800282,1
720575940622701808,720575940634351200,1
720575940622701808,720575940632932506,1
720575940622701808,720575940632585043,1
720575940622701808,720575940632473440,1
720575940622701808,720575940632437331,1
720575940622701808,720575940631835673,1
720575940622701808,720575940631485251,1
720575940622701808,720575940631177035,1
720575940622701808,720575940630525967,1
720575940622701808,720575940630425119,1
720575940622701808,720575940630222895,1
720575940622701808,720575940620572125,1
720575940622701808,720575940646682932,1
720575940622701808,720575940644609134,1
720575940622701808,720575940643266852,1
720575940622701808,720575940641866912,1
720575940622701808,720575940639078717,1
720575940622701808,720575940637707069,1
720575940622701808,720575940637695395,1
720575940622701808,720575940637211462,1
720575940622701808,720575940636069751,1
720575940622701808,720575940630025788,1
720575940622701808,720575940629863737,1
720575940622701808,720575940629671235,1
720575940622701808,720575940624648067,1
720575940622701808,720575940622938637,1
720575940622701808,720575940621924615,1
720575940622701808,720575940621606755,1
720575940622701808,720575940621518218,1
720575940622701808,720575940621376196,1
720575940622701808,720575940621250486,1
720575940622701808,720575940621178206,1
720575940622701808,720575940620904780,1
720575940622701808,720575940620831949,1
720575940622701808,720575940624704002,1
720575940622701808,720575940625560189,1
720575940622701808,720575940628045318,1
720575940622701808,720575940629638211,1
720575940622701808,720575940629259638,1
720575940622701808,720575940629133056,1
720575940622701808,720575940628885591,1
720575940622701808,720575940628612112,1
720575940622701808,720575940627987756,1
720575940622701808,720575940625665564,1
720575940622701808,720575940627849463,1
720575940622701808,720575940627243623,1
720575940622701808,720575940627097361,1
720575940622701808,720575940626362696,1
720575940621861637,720575940629917482,1
720575940621861637,720575940629259638,1
720575940619402576,720575940631764281,1
720575940619402576,720575940631754527,1
720575940619402576,720575940631453763,1
720575940619402576,720575940630675730,1
720575940619402576,720575940630296913,1
720575940619402576,720575940629949751,1
720575940619402576,720575940629855596,1
720575940619402576,720575940629849196,1
720575940619402576,720575940629515306,1
720575940619402576,720575940629127109,1
720575940619402576,720575940628975482,1
720575940619402576,720575940628725455,1
720575940619402576,720575940628714358,1
720575940619402576,720575940628304578,1
720575940619402576,720575940631798888,1
720575940619402576,720575940632019247,1
720575940619402576,720575940637849151,1
720575940619402576,720575940637714264,1
720575940619402576,720575940637689688,1
720575940619402576,720575940637404750,1
720575940619402576,720575940637169998,1
720575940619402576,720575940636551086,1
720575940619402576,720575940636356836,1
720575940619402576,720575940635498871,1
720575940619402576,720575940635386616,1
720575940619402576,720575940634849460,1
720575940619402576,720575940634294367,1
720575940619402576,720575940634231999,1
720575940619402576,720575940633996911,1
720575940619402576,720575940633908887,1
720575940619402576,720575940633785369,1
720575940619402576,720575940632434340,1
720575940619402576,720575940628269391,1
720575940619402576,720575940627834359,1
720575940619402576,720575940627450385,1
720575940619402576,720575940623016644,1
720575940619402576,720575940622930957,1
720575940619402576,720575940622855560,1
720575940619402576,720575940622837482,1
720575940619402576,720575940622800653,1
720575940619402576,720575940622768266,1
720575940619402576,720575940622078249,1
720575940619402576,720575940621857313,1
720575940619402576,720575940621845018,1
720575940619402576,720575940621810871,1
720575940619402576,720575940621574026,1
720575940619402576,720575940621560052,1
720575940619402576,720575940621146956,1
720575940619402576,720575940621044701,1
720575940619402576,720575940620600700,1
720575940619402576,720575940623102396,1
720575940619402576,720575940623328231,1
720575940619402576,720575940625900900,1
720575940619402576,720575940627282002,1
720575940619402576,720575940627081994,1
720575940619402576,720575940627028773,1
720575940619402576,720575940626991771,1
720575940619402576,720575940626820395,1
720575940619402576,720575940626782507,1
720575940619402576,720575940626772357,1
720575940619402576,720575940625753621,1
720575940619402576,720575940625721866,1
720575940619402576,720575940625663674,1
720575940619402576,720575940625331006,1
720575940619402576,720575940625323795,1
720575940619402576,720575940624682426,1
720575940619402576,720575940624494373,1
720575940619402576,720575940624096039,1
720575940619402576,720575940638925877,1
720575940621861637,720575940622836455,1
720575940621861637,720575940622815684,1
720575940621861637,720575940622412838,1
720575940621861637,720575940621376196,1
720575940621861637,720575940621189637,1
720575940621861637,720575940620880333,1
720575940621861637,720575940620351838,1
720575940621861637,720575940620036385,1
720575940621861637,720575940619652555,1
720575940621861637,720575940619444139,1
720575940621861637,720575940619404214,1
720575940621861637,720575940622965944,1
720575940621861637,720575940623015694,1
720575940621861637,720575940628761039,1
720575940621861637,720575940627626244,1
720575940621861637,720575940627069203,1
720575940621861637,720575940626911262,1
720575940621861637,720575940625720341,1
720575940621861637,720575940625508400,1
720575940621861637,720575940625343640,1
720575940621861637,720575940624800188,1
720575940621861637,720575940623973961,1
720575940621861637,720575940619060321,1
720575940621861637,720575940618758178,1
720575940619402576,720575940639069493,1
720575940621861637,720575940610823010,1
720575940621861637,720575940610691507,1
720575940621861637,720575940608447241,1
720575940621861637,720575940607993668,1
720575940621861637,720575940606579465,1
720575940619402576,720575940652875169,1
720575940619402576,720575940644805143,1
720575940619402576,720575940641936584,1
720575940619402576,720575940640646864,1
720575940619402576,720575940639684515,1
720575940621861637,720575940611586453,1
720575940621861637,720575940616860318,1
720575940621861637,720575940618544623,1
720575940621861637,720575940618182535,1
720575940621861637,720575940617941046,1
720575940621861637,720575940617902676,1
720575940621861637,720575940611664281,1
720575940621861637,720575940615964884,1
720575940621861637,720575940613977041,1
720575940622701808,720575940647714425,1
720575940622701808,720575940648235641,1
720575940629579836,720575940623582904,1
720575940629579836,720575940623356493,1
720575940629579836,720575940622857447,1
720575940629579836,720575940622133206,1
720575940629579836,720575940622005025,1
720575940629579836,720575940621920452,1
720575940629579836,720575940621829813,1
720575940629579836,720575940621590250,1
720575940629579836,720575940621389764,1
720575940629579836,720575940621382852,1
720575940629579836,720575940621359142,1
720575940629579836,720575940624014077,1
720575940629579836,720575940626044924,1
720575940629579836,720575940625692816,1
720575940629579836,720575940625642340,1
720575940629579836,720575940625508400,1
720575940629579836,720575940624647299,1
720575940629579836,720575940624572052,1
720575940629579836,720575940624158906,1
720575940629579836,720575940624125114,1
720575940629579836,720575940621090659,1
720575940629579836,720575940617893461,1
720575940629579836,720575940617650722,1
720575940629579836,720575940617238457,1
720575940629579836,720575940617090082,1
720575940629579836,720575940616887966,1
720575940629579836,720575940616044850,1
720575940629579836,720575940615456985,1
720575940629579836,720575940615136059,1
720575940629579836,720575940614925963,1
720575940629579836,720575940614902667,1
720575940629579836,720575940614772383,1
720575940629579836,720575940618258742,1
720575940629579836,720575940619435399,1
720575940629579836,720575940620578269,1
720575940629579836,720575940620464204,1
720575940629579836,720575940619974689,1
720575940629579836,720575940619147349,1
720575940629579836,720575940619055969,1
720575940629579836,720575940618758178,1
720575940629579836,720575940618586459,1
720575940629579836,720575940618544623,1
720575940629579836,720575940633075163,1
720575940629579836,720575940637869028,1
720575940629579836,720575940637704765,1
720575940629579836,720575940636605530,1
720575940629579836,720575940636553390,1
720575940629579836,720575940636146409,1
720575940629579836,720575940636069751,1
720575940629579836,720575940635016048,1
720575940629579836,720575940634464869,1
720575940629579836,720575940634362999,1
720575940629579836,720575940634012015,1
720575940629579836,720575940634000495,1
720575940629579836,720575940633989999,1
720575940629579836,720575940633813785,1
720575940629579836,720575940645390468,1
720575940630446329,720575940604483040,1
720575940630446329,720575940603747616,1
720575940629579836,720575940659297153,1
720575940629579836,720575940651816950,1
720575940629579836,720575940648235641,1
720575940629579836,720575940645759523,1
720575940629579836,720575940644837655,1
720575940629579836,720575940644413732,1
720575940629579836,720575940643769544,1
720575940629579836,720575940643504288,1
720575940629579836,720575940641889952,1
720575940629579836,720575940639749109,1
720575940629579836,720575940639727067,1
720575940629579836,720575940632964269,1
720575940629579836,720575940632940442,1
720575940629579836,720575940628359895,1
720575940629579836,720575940628309186,1
720575940629579836,720575940627908624,1
720575940629579836,720575940627768567,1
720575940629579836,720575940627263162,1
720575940629579836,720575940626794027,1
720575940629579836,720575940629133056,1
720575940629579836,720575940629417728,1
720575940629579836,720575940630969555,1
720575940629579836,720575940632068383,1
720575940629579836,720575940631875097,1
720575940629579836,720575940631485251,1
720575940629579836,720575940631284012,1
720575940629579836,720575940630780755,1
720575940629579836,720575940630613835,1
720575940629579836,720575940630250543,1
720575940629579836,720575940630026600,1
720575940629579836,720575940613941042,1
720575940622701808,720575940652311030,1
720575940627644584,720575940623369412,1
720575940627644584,720575940622981646,1
720575940627644584,720575940622972686,1
720575940627644584,720575940622844903,1
720575940627644584,720575940622451273,1
720575940627644584,720575940622050186,1
720575940627644584,720575940621999044,1
720575940627644584,720575940621897249,1
720575940627644584,720575940621864965,1
720575940627644584,720575940621504269,1
720575940627644584,720575940621207216,1
720575940627644584,720575940621162416,1
720575940627644584,720575940620686761,1
720575940627644584,720575940620232363,1
720575940627644584,720575940620041125,1
720575940627644584,720575940619994759,1
720575940627644584,720575940619672656,1
720575940627644584,720575940619487414,1
720575940627644584,720575940623009416,1
720575940627644584,720575940623810487,1
720575940627644584,720575940624302008,1
720575940627644584,720575940627561854,1
720575940627644584,720575940627493653,1
720575940627644584,720575940627426837,1
720575940627644584,720575940627264488,1
720575940627644584,720575940626991771,1
720575940627644584,720575940626820395,1
720575940627644584,720575940626547817,1
720575940627644584,720575940626225941,1
720575940627644584,720575940625843075,1
720575940627644584,720575940625780648,1
720575940627644584,720575940625721866,1
720575940627644584,720575940625482084,1
720575940627644584,720575940624537836,1
720575940627644584,720575940624524234,1
720575940627644584,720575940624494373,1
720575940627644584,720575940624429036,1
720575940627644584,720575940619434887,1
720575940627644584,720575940619155029,1
720575940627644584,720575940612740466,1
720575940627644584,720575940612453603,1
720575940627644584,720575940611943976,1
720575940627644584,720575940609950869,1
720575940627644584,720575940608631342,1
720575940627644584,720575940608386315,1
720575940627644584,720575940607930716,1
720575940627644584,720575940606892674,1
720575940627644584,720575940605488416,1
720575940627644584,720575940605338290,1
720575940627644584,720575940605184102,1
720575940622701808,720575940659536257,1
720575940627644584,720575940619154891,1
720575940627644584,720575940618746747,1
720575940627644584,720575940618201620,1
720575940627644584,720575940617856340,1
720575940627644584,720575940617834560,1
720575940627644584,720575940617807517,1
720575940627644584,720575940617034753,1
720575940627644584,720575940616911262,1
720575940627644584,720575940616105302,1
720575940627644584,720575940615927197,1
720575940627644584,720575940615356347,1
720575940627644584,720575940614845802,1
720575940627644584,720575940614778454,1
720575940627644584,720575940614486690,1
720575940627644584,720575940627585286,1
720575940627644584,720575940627861736,1
720575940627644584,720575940628002348,1
720575940627644584,720575940637725272,1
720575940629579836,720575940607337155,1
720575940629579836,720575940606892162,1
720575940629579836,720575940606454108,1
720575940629579836,720575940606452681,1
720575940629579836,720575940605362610,1
720575940629579836,720575940603674656,1
720575940629579836,720575940603642982,1
720575940627644584,720575940659850113,1
720575940627644584,720575940639684515,1
720575940627644584,720575940639588723,1
720575940627644584,720575940638445894,1
720575940627644584,720575940637964521,1
720575940629579836,720575940608621614,1
720575940629579836,720575940608662574,1
720575940629579836,720575940611987240,1
720575940629579836,720575940613593503,1
720575940629579836,720575940613248479,1
720575940629579836,720575940612896106,1
720575940629579836,720575940612725906,1
720575940629579836,720575940612668018,1
720575940629579836,720575940611660714,1
720575940629579836,720575940611586453,1
720575940629579836,720575940610690162,1
720575940629579836,720575940610386661,1
720575940627644584,720575940637733702,1
720575940627644584,720575940637404750,1
720575940627644584,720575940628300529,1
720575940627644584,720575940630675730,1
720575940627644584,720575940630218552,1
720575940627644584,720575940630114108,1
720575940627644584,720575940630038156,1
720575940627644584,720575940629855340,1
720575940627644584,720575940629730263,1
720575940627644584,720575940629632894,1
720575940627644584,720575940629536894,1
720575940627644584,720575940629477674,1
720575940627644584,720575940628415079,1
720575940627644584,720575940628321539,1
720575940627644584,720575940631453763,1
720575940627644584,720575940631624761,1
720575940627644584,720575940637050933,1
720575940627644584,720575940636839280,1
720575940627644584,720575940636356836,1
720575940627644584,720575940636135799,1
720575940627644584,720575940635213998,1
720575940627644584,720575940634235744,1
720575940627644584,720575940634231999,1
720575940627644584,720575940633785369,1
720575940627644584,720575940633210475,1
720575940627644584,720575940632927405,1
720575940627644584,720575940632676409,1
720575940627644584,720575940632364717,1
720575940627644584,720575940632357984,1
720575940627644584,720575940632197935,1
720575940619402576,720575940620500417,1
720575940605280201,720575940633207962,1
720575940608071435,720575940627452689,1
720575940608071435,720575940626948485,1
720575940608071435,720575940626548234,1
720575940608071435,720575940626316802,1
720575940608071435,720575940626252273,1
720575940608071435,720575940625900900,1
720575940608071435,720575940625663674,1
720575940608071435,720575940625451920,1
720575940608071435,720575940625156901,1
720575940608071435,720575940624974010,1
720575940608071435,720575940624577613,1
720575940608071435,720575940624527091,1
720575940608071435,720575940624465900,1
720575940608071435,720575940624288520,1
720575940608071435,720575940627450385,1
720575940608071435,720575940627550214,1
720575940608071435,720575940631667937,1
720575940608071435,720575940627912492,1
720575940608071435,720575940630751535,1
720575940608071435,720575940630679895,1
720575940608071435,720575940630109756,1
720575940608071435,720575940629978666,1
720575940608071435,720575940629942844,1
720575940608071435,720575940629855596,1
720575940608071435,720575940629477674,1
720575940608071435,720575940628491792,1
720575940608071435,720575940628411612,1
720575940608071435,720575940628408055,1
720575940608071435,720575940628375255,1
720575940608071435,720575940628353244,1
720575940608071435,720575940628060934,1
720575940608071435,720575940627964204,1
720575940608071435,720575940623203767,1
720575940608071435,720575940619970586,1
720575940608071435,720575940619723088,1
720575940608071435,720575940618997297,1
720575940608071435,720575940617452689,1
720575940608071435,720575940617438865,1
720575940608071435,720575940617390036,1
720575940608071435,720575940617034753,1
720575940608071435,720575940616910310,1
720575940608071435,720575940616095517,1
720575940608071435,720575940615737531,1
720575940608071435,720575940620004129,1
720575940608071435,720575940620153876,1
720575940608071435,720575940620310625,1
720575940608071435,720575940622050186,1
720575940608071435,720575940623102396,1
720575940608071435,720575940623010253,1
720575940608071435,720575940623009549,1
720575940608071435,720575940622890509,1
720575940608071435,720575940622294808,1
720575940608071435,720575940622163197,1
720575940608071435,720575940621973018,1
720575940608071435,720575940621680133,1
720575940608071435,720575940621560052,1
720575940608071435,720575940621504269,1
720575940608071435,720575940621334980,1
720575940608071435,720575940621322534,1
720575940608071435,720575940620600700,1
720575940608071435,720575940620457904,1
720575940608071435,720575940631589689,1
720575940608186498,720575940626526218,1
720575940608186498,720575940626305679,1
720575940608186498,720575940625223690,1
720575940608186498,720575940624852120,1
720575940608186498,720575940623973961,1
720575940608186498,720575940622836455,1
720575940608186498,720575940622061803,1
720575940608186498,720575940621925417,1
720575940608186498,720575940621389764,1
720575940608186498,720575940620746093,1
720575940608186498,720575940620210857,1
720575940608186498,720575940626560857,1
720575940608186498,720575940626906142,1
720575940608186498,720575940632582807,1
720575940608186498,720575940632473440,1
720575940608186498,720575940631553164,1
720575940608186498,720575940630949187,1
720575940608186498,720575940630780755,1
720575940608186498,720575940630269660,1
720575940608186498,720575940628060983,1
720575940608186498,720575940619897734,1
720575940608186498,720575940618544623,1
720575940608071435,720575940650260214,1
720575940608071435,720575940646419235,1
720575940608071435,720575940643281262,1
720575940608071435,720575940643063200,1
720575940608071435,720575940640688592,1
720575940608071435,720575940640688336,1
720575940608071435,720575940638228643,1
720575940608071435,720575940637949161,1
720575940608071435,720575940637737021,1
720575940608071435,720575940636364133,1
720575940608071435,720575940636246446,1
720575940608071435,720575940636143679,1
720575940608071435,720575940635309304,1
720575940608071435,720575940633123609,1
720575940608071435,720575940632358564,1
720575940608071435,720575940632077127,1
720575940608186498,720575940616860318,1
720575940608186498,720575940616675638,1
720575940608186498,720575940615696070,1
720575940608186498,720575940608191836,1
720575940608186498,720575940612924522,1
720575940608186498,720575940611586453,1
720575940607287561,720575940618739621,1
720575940607287561,720575940618183559,1
720575940607287561,720575940618036509,1
720575940607287561,720575940617973021,1
720575940607287561,720575940616616075,1
720575940607287561,720575940616041913,1
720575940607287561,720575940615965140,1
720575940607287561,720575940615768693,1
720575940607287561,720575940615571601,1
720575940607287561,720575940614551954,1
720575940607287561,720575940619271384,1
720575940607287561,720575940620355009,1
720575940608071435,720575940614495093,1
720575940607287561,720575940623244180,1
720575940607287561,720575940623165737,1
720575940607287561,720575940623032970,1
720575940607287561,720575940622864920,1
720575940607287561,720575940622204157,1
720575940607287561,720575940622135501,1
720575940607287561,720575940621413926,1
720575940607287561,720575940621073117,1
720575940607287561,720575940620923980,1
720575940607287561,720575940620822593,1
720575940607287561,720575940620520513,1
720575940607287561,720575940613258975,1
720575940607287561,720575940613119459,1
720575940607287561,720575940612758934,1
720575940607287561,720575940612606673,1
720575940605280201,720575940658795137,1
720575940605280201,720575940640566736,1
720575940605280201,720575940639988352,1
720575940605280201,720575940639686488,1
720575940605280201,720575940637190990,1
720575940605280201,720575940637118174,1
720575940605280201,720575940636356836,1
720575940605280201,720575940636291429,1
720575940605280201,720575940635614942,1
720575940605280201,720575940634235744,1
720575940607287561,720575940604489649,1
720575940607287561,720575940612240918,1
720575940607287561,720575940612019570,1
720575940607287561,720575940611837809,1
720575940607287561,720575940611769059,1
720575940607287561,720575940611453107,1
720575940607287561,720575940611110468,1
720575940607287561,720575940610669786,1
720575940607287561,720575940609944526,1
720575940607287561,720575940609220291,1
720575940607287561,720575940609097058,1
720575940607287561,720575940607330499,1
720575940607287561,720575940623914679,1
720575940607287561,720575940632481363,1
720575940607287561,720575940644946211,1
720575940607287561,720575940643501472,1
720575940607287561,720575940642383520,1
720575940607287561,720575940641355739,1
720575940607287561,720575940639727861,1
720575940607287561,720575940639172560,1
720575940607287561,720575940638995005,1
720575940607287561,720575940638561102,1
720575940607287561,720575940636136567,1
720575940607287561,720575940634006355,1
720575940607287561,720575940633509471,1
720575940607287561,720575940633301183,1
720575940607287561,720575940633224555,1
720575940607287561,720575940633034336,1
720575940607287561,720575940645236078,1
720575940607287561,720575940649691513,1
720575940608071435,720575940614348394,1
720575940608071435,720575940614327202,1
720575940608071435,720575940613713704,1
720575940608071435,720575940613383633,1
720575940608071435,720575940612590754,1
720575940608071435,720575940610960994,1
720575940607287561,720575940653332385,1
720575940608071435,720575940608527150,1
720575940608071435,720575940607280306,1
720575940608071435,720575940606893186,1
720575940608071435,720575940605407846,1
720575940608071435,720575940604963942,1
720575940608071435,720575940603719712,1
720575940607287561,720575940632725459,1
720575940607287561,720575940632465945,1
720575940607287561,720575940623986469,1
720575940607287561,720575940632098375,1
720575940607287561,720575940627573659,1
720575940607287561,720575940627295802,1
720575940607287561,720575940627089930,1
720575940607287561,720575940626904561,1
720575940607287561,720575940626226690,1
720575940607287561,720575940625937797,1
720575940607287561,720575940625564816,1
720575940607287561,720575940625499153,1
720575940607287561,720575940625261834,1
720575940607287561,720575940627920071,1
720575940607287561,720575940627924935,1
720575940607287561,720575940628138246,1
720575940607287561,720575940630868525,1
720575940607287561,720575940631879193,1
720575940607287561,720575940631694137,1
720575940607287561,720575940631447363,1
720575940607287561,720575940631399978,1
720575940607287561,720575940631035154,1
720575940607287561,720575940630651223,1
720575940607287561,720575940630159939,1
720575940607287561,720575940629814060,1
720575940607287561,720575940629541187,1
720575940607287561,720575940629504554,1
720575940607287561,720575940629388239,1
720575940607287561,720575940629270060,1
720575940607287561,720575940629010331,1
720575940607287561,720575940628590595,1
720575940608186498,720575940632929178,1
720575940608186498,720575940633103059,1
720575940608186498,720575940633226603,1
720575940617145561,720575940628447491,1
720575940617145561,720575940628350211,1
720575940617145561,720575940627854568,1
720575940617145561,720575940627480853,1
720575940617145561,720575940627452689,1
720575940617145561,720575940626792209,1
720575940617145561,720575940626702232,1
720575940617145561,720575940626535434,1
720575940617145561,720575940626086244,1
720575940617145561,720575940625741455,1
720575940617145561,720575940624941326,1
720575940617145561,720575940624288520,1
720575940617145561,720575940623171847,1
720575940617145561,720575940622972686,1
720575940617145561,720575940628411612,1
720575940616682838,720575940637055797,1
720575940617242841,720575940612524030,1
720575940617242841,720575940611579541,1
720575940617242841,720575940608345867,1
720575940617242841,720575940608312533,1
720575940617242841,720575940608286556,1
720575940617242841,720575940607280818,1
720575940617242841,720575940606967730,1
720575940617145561,720575940638903248,1
720575940617145561,720575940636769343,1
720575940617145561,720575940635614942,1
720575940617145561,720575940632552343,1
720575940617145561,720575940631589689,1
720575940617145561,720575940622812808,1
720575940617145561,720575940622162505,1
720575940617145561,720575940621892829,1
720575940617145561,720575940621809246,1
720575940617145561,720575940605606274,1
720575940617145561,720575940605290441,1
720575940616682838,720575940652784289,1
720575940616682838,720575940645236078,1
720575940616682838,720575940643501472,1
720575940616682838,720575940639986048,1
720575940616682838,720575940639172560,1
720575940616682838,720575940637726180,1
720575940616682838,720575940637508698,1
720575940617145561,720575940610945558,1
720575940617145561,720575940611682739,1
720575940617145561,720575940611936474,1
720575940617145561,720575940618905766,1
720575940617145561,720575940621403844,1
720575940617145561,720575940621322534,1
720575940617145561,720575940620310625,1
720575940617145561,720575940620055790,1
720575940617145561,720575940619872372,1
720575940617145561,720575940617034753,1
720575940617145561,720575940616821393,1
720575940617145561,720575940615931293,1
720575940617145561,720575940615783837,1
720575940617145561,720575940612453603,1
720575940617242841,720575940613797295,1
720575940619402576,720575940615373398,1
720575940619402576,720575940615263903,1
720575940619402576,720575940614606738,1
720575940619402576,720575940614495093,1
720575940619402576,720575940614418118,1
720575940619402576,720575940613867682,1
720575940619402576,720575940612384665,1
720575940619402576,720575940612178418,1
720575940619402576,720575940612090321,1
720575940619402576,720575940610960994,1
720575940619402576,720575940609873358,1
720575940619402576,720575940606892674,1
720575940619402576,720575940605252041,1
720575940619402576,720575940615507641,1
720575940619402576,720575940615544249,1
720575940619402576,720575940615876294,1
720575940619402576,720575940617963480,1
720575940619402576,720575940619672656,1
720575940619402576,720575940619597761,1
720575940619402576,720575940619028289,1
720575940619402576,720575940618671751,1
720575940619402576,720575940618266900,1
720575940619402576,720575940618266747,1
720575940619402576,720575940617908820,1
720575940619402576,720575940617855133,1
720575940619402576,720575940617672139,1
720575940619402576,720575940617166749,1
720575940619402576,720575940617034753,1
720575940619402576,720575940603045804,1
720575940617242841,720575940644607854,1
720575940617242841,720575940625646876,1
720575940617242841,720575940625156901,1
720575940617242841,720575940624682426,1
720575940617242841,720575940622748868,1
720575940617242841,720575940621906345,1
720575940617242841,720575940621554968,1
720575940617242841,720575940621334980,1
720575940617242841,720575940620959256,1
720575940617242841,720575940620354241,1
720575940617242841,720575940619795883,1
720575940617242841,720575940619259477,1
720575940617242841,720575940617452689,1
720575940617242841,720575940626364401,1
720575940617242841,720575940639100760,1
720575940617242841,720575940637539647,1
720575940617242841,720575940634661806,1
720575940617242841,720575940634342007,1
720575940617242841,720575940632839085,1
720575940617242841,720575940632676409,1
720575940617242841,720575940631764281,1
720575940617242841,720575940631627843,1
720575940617242841,720575940627480853,1
720575940617242841,720575940631002386,1
720575940617242841,720575940630109756,1
720575940617242841,720575940629477674,1
720575940617242841,720575940629166592,1
720575940617242841,720575940628447491,1
720575940616682838,720575940636685894,1
720575940616682838,720575940610990821,1
720575940616682838,720575940610773714,1
720575940616682838,720575940609921230,1
720575940616682838,720575940609208530,1
720575940616682838,720575940609097058,1
720575940616682838,720575940608655918,1
720575940616682838,720575940605167025,1
720575940616682838,720575940603174368,1
720575940616682838,720575940611110468,1
720575940616682838,720575940636560730,1
720575940616682838,720575940618036509,1
720575940616682838,720575940617973021,1
720575940616682838,720575940617940048,1
720575940616682838,720575940617077405,1
720575940616682838,720575940616746123,1
720575940616682838,720575940615785228,1
720575940616682838,720575940615780353,1
720575940616682838,720575940615571601,1
720575940616682838,720575940615255090,1
720575940616682838,720575940614862230,1
720575940616682838,720575940614229159,1
720575940616682838,720575940612766102,1
720575940616682838,720575940612758934,1
720575940608186498,720575940646290979,1
720575940608186498,720575940634969701,1
720575940608186498,720575940634920543,1
720575940616682838,720575940618419776,1
720575940616682838,720575940625600048,1
720575940616682838,720575940629973753,1
720575940616682838,720575940629671491,1
720575940616682838,720575940629504554,1
720575940616682838,720575940629388239,1
720575940616682838,720575940629010331,1
720575940616682838,720575940628331625,1
720575940616682838,720575940628257914,1
720575940616682838,720575940627295802,1
720575940616682838,720575940626919409,1
720575940616682838,720575940626901278,1
720575940616682838,720575940626825853,1
720575940616682838,720575940626403400,1
720575940616682838,720575940625937797,1
720575940616682838,720575940630651223,1
720575940616682838,720575940632481363,1
720575940616682838,720575940636059226,1
720575940616682838,720575940635153294,1
720575940616682838,720575940634018415,1
720575940616682838,720575940633466524,1
720575940616682838,720575940632465945,1
720575940616682838,720575940632229788,1
720575940616682838,720575940631879193,1
720575940616682838,720575940631775032,1
720575940616682838,720575940631620921,1
720575940616682838,720575940631447363,1
720575940616682838,720575940631035154,1
720575940616682838,720575940625499153,1
720575940616682838,720575940621863006,1
720575940616682838,720575940621288225,1
720575940616682838,720575940621121140,1
720575940616682838,720575940621023809,1
720575940616682838,720575940620923980,1
720575940616682838,720575940620822593,1
720575940616682838,720575940619842580,1
720575940616682838,720575940619682625,1
720575940616682838,720575940618873723,1
720575940616682838,720575940621947486,1
720575940616682838,720575940621951453,1
720575940616682838,720575940623914679,1
720575940616682838,720575940625476964,1
720575940616682838,720575940625163139,1
720575940616682838,720575940624453868,1
720575940616682838,720575940622135501,1
720575940616682838,720575940623203012,1
720575940616682838,720575940623030015,1
720575940616682838,720575940622948872,1
720575940616682838,720575940622732493,1
720575940621462512,720575940633146007,1
720575940633515490,720575940621863006,1
720575940633515490,720575940621288225,1
720575940633515490,720575940621121140,1
720575940633515490,720575940620355009,1
720575940633515490,720575940618739621,1
720575940633515490,720575940618592390,1
720575940633515490,720575940618470383,1
720575940633515490,720575940618183559,1
720575940633515490,720575940617940048,1
720575940633515490,720575940616616075,1
720575940633515490,720575940615975227,1
720575940633515490,720575940615798540,1
720575940633515490,720575940615768693,1
720575940633515490,720575940614890902,1
720575940633515490,720575940613735948,1
720575940633515490,720575940613017059,1
720575940633515490,720575940612758934,1
720575940633515490,720575940612240918,1
720575940633515490,720575940611837809,1
720575940633515490,720575940610990821,1
720575940633515490,720575940621802751,1
720575940633515490,720575940628103806,1
720575940633515490,720575940627157008,1
720575940633515490,720575940626919409,1
720575940633515490,720575940626550504,1
720575940633515490,720575940626124743,1
720575940633515490,720575940625834900,1
720575940633515490,720575940625354904,1
720575940633515490,720575940624663427,1
720575940633515490,720575940624601236,1
720575940633515490,720575940624453868,1
720575940633515490,720575940623203012,1
720575940633515490,720575940622732493,1
720575940633515490,720575940622698825,1
720575940633515490,720575940610793395,1
720575940633142498,720575940630675730,1
720575940633142498,720575940630269404,1
720575940633142498,720575940629545027,1
720575940633142498,720575940629166592,1
720575940633142498,720575940628215056,1
720575940633142498,720575940627164242,1
720575940633142498,720575940625753621,1
720575940633142498,720575940625598802,1
720575940633142498,720575940625155877,1
720575940633142498,720575940624032264,1
720575940633142498,720575940623426633,1
720575940633142498,720575940623010253,1
720575940633142498,720575940622890509,1
720575940633142498,720575940622050186,1
720575940633142498,720575940621810871,1
720575940633142498,720575940631002386,1
720575940633142498,720575940631667937,1
720575940633142498,720575940631991879,1
720575940633142498,720575940635696535,1
720575940633515490,720575940605792434,1
720575940633142498,720575940646034740,1
720575940633142498,720575940639733211,1
720575940633142498,720575940639218165,1
720575940633142498,720575940639118168,1
720575940633142498,720575940636430437,1
720575940633142498,720575940635614942,1
720575940633142498,720575940635110286,1
720575940633142498,720575940634942362,1
720575940633142498,720575940633996911,1
720575940633142498,720575940633773849,1
720575940633142498,720575940633560545,1
720575940633142498,720575940632182692,1
720575940633142498,720575940632135249,1
720575940633142498,720575940632111780,1
720575940633515490,720575940627700484,1
720575940633515490,720575940628257914,1
720575940634475119,720575940626586823,1
720575940634475119,720575940625343546,1
720575940634475119,720575940625156901,1
720575940634475119,720575940624609101,1
720575940634475119,720575940624465900,1
720575940634475119,720575940623426633,1
720575940634475119,720575940623191334,1
720575940634475119,720575940622305304,1
720575940634475119,720575940622013564,1
720575940634475119,720575940621872645,1
720575940634475119,720575940621121206,1
720575940634475119,720575940620686761,1
720575940634475119,720575940619769008,1
720575940634475119,720575940618657950,1
720575940634475119,720575940618422592,1
720575940634475119,720575940617293268,1
720575940634475119,720575940617201113,1
720575940634475119,720575940627687940,1
720575940634475119,720575940652837793,1
720575940634475119,720575940637407209,1
720575940634475119,720575940636636486,1
720575940634475119,720575940631624761,1
720575940634475119,720575940631577569,1
720575940634475119,720575940630312785,1
720575940634475119,720575940630251576,1
720575940634475119,720575940629804544,1
720575940634475119,720575940628415079,1
720575940634475119,720575940628128079,1
720575940634475119,720575940616076761,1
720575940634475119,720575940615544249,1
720575940634475119,720575940614816598,1
720575940634475119,720575940613774334,1
720575940633515490,720575940633565154,1
720575940633515490,720575940632481363,1
720575940633515490,720575940631879193,1
720575940633515490,720575940631775032,1
720575940633515490,720575940631432403,1
720575940633515490,720575940630430495,1
720575940633515490,720575940630300613,1
720575940633515490,720575940630180935,1
720575940633515490,720575940629541187,1
720575940633515490,720575940629504554,1
720575940633515490,720575940629347791,1
720575940633515490,720575940635499888,1
720575940633515490,720575940635800431,1
720575940633515490,720575940635807087,1
720575940634475119,720575940605338290,1
720575940634475119,720575940613773890,1
720575940634475119,720575940612450730,1
720575940634475119,720575940612352423,1
720575940634475119,720575940612023983,1
720575940634475119,720575940610709106,1
720575940634475119,720575940605550950,1
720575940633515490,720575940652784289,1
720575940633515490,720575940649650041,1
720575940633515490,720575940641355739,1
720575940633515490,720575940639278325,1
720575940633515490,720575940639172560,1
720575940633515490,720575940639157968,1
720575940633515490,720575940637508698,1
720575940633515490,720575940637222470,1
720575940633142498,720575940621809246,1
720575940633142498,720575940620607982,1
720575940630996684,720575940613213151,1
720575940630996684,720575940612740886,1
720575940630996684,720575940612606673,1
720575940630996684,720575940611769059,1
720575940630996684,720575940609097058,1
720575940630996684,720575940609066030,1
720575940630996684,720575940608655918,1
720575940630996684,720575940607330499,1
720575940630996684,720575940605167025,1
720575940630996684,720575940604489649,1
720575940630996684,720575940614306814,1
720575940633142498,720575940620059045,1
720575940630996684,720575940614890902,1
720575940630996684,720575940621121140,1
720575940630996684,720575940620495830,1
720575940630996684,720575940618873723,1
720575940630996684,720575940618739621,1
720575940630996684,720575940617118016,1
720575940630996684,720575940616616075,1
720575940630996684,720575940615975227,1
720575940630996684,720575940615571601,1
720575940630996684,720575940615255090,1
720575940630996684,720575940602553568,1
720575940630318951,720575940658101121,1
720575940630318951,720575940652784289,1
720575940630318951,720575940630651223,1
720575940630318951,720575940630561484,1
720575940630318951,720575940630411259,1
720575940630318951,720575940630300613,1
720575940630318951,720575940630180935,1
720575940630318951,720575940629814060,1
720575940630318951,720575940629270060,1
720575940630318951,720575940628694991,1
720575940630318951,720575940628651792,1
720575940630318951,720575940628404188,1
720575940630318951,720575940627920071,1
720575940630318951,720575940627700484,1
720575940630318951,720575940627573659,1
720575940630318951,720575940627097733,1
720575940630318951,720575940627082261,1
720575940630318951,720575940626901278,1
720575940630318951,720575940626733693,1
720575940630318951,720575940630722757,1
720575940630318951,720575940630868525,1
720575940630318951,720575940631035154,1
720575940630318951,720575940636685894,1
720575940630318951,720575940639727861,1
720575940630318951,720575940639157968,1
720575940630318951,720575940637999950,1
720575940630318951,720575940637726180,1
720575940630318951,720575940637222470,1
720575940630318951,720575940637055797,1
720575940630318951,720575940636991856,1
720575940630318951,720575940631388231,1
720575940630318951,720575940633932951,1
720575940630318951,720575940633466524,1
720575940630318951,720575940632652077,1
720575940630318951,720575940632558675,1
720575940630318951,720575940631620921,1
720575940630318951,720575940631432403,1
720575940630996684,720575940621288225,1
720575940630996684,720575940621413158,1
720575940630996684,720575940621413926,1
720575940633142498,720575940608456715,1
720575940633142498,720575940608345867,1
720575940633142498,720575940605452064,1
720575940630996684,720575940648205945,1
720575940630996684,720575940641360091,1
720575940630996684,720575940638472006,1
720575940630996684,720575940637726180,1
720575940630996684,720575940636059226,1
720575940630996684,720575940633802009,1
720575940630996684,720575940633034336,1
720575940630996684,720575940631432403,1
720575940630996684,720575940631035154,1
720575940633142498,720575940610505426,1
720575940633142498,720575940610710130,1
720575940633142498,720575940610907490,1
720575940633142498,720575940616859259,1
720575940633142498,720575940620055790,1
720575940633142498,720575940619954091,1
720575940633142498,720575940618849841,1
720575940633142498,720575940618245569,1
720575940633142498,720575940618198721,1
720575940633142498,720575940617410205,1
720575940633142498,720575940617034753,1
720575940633142498,720575940616911262,1
720575940633142498,720575940610960994,1
720575940633142498,720575940615961684,1
720575940633142498,720575940615714060,1
720575940633142498,720575940612575230,1
720575940633142498,720575940612339370,1
720575940633142498,720575940612008818,1
720575940633142498,720575940611855729,1
720575940630996684,720575940629814060,1
720575940630996684,720575940621802751,1
720575940630996684,720575940625354904,1
720575940630996684,720575940624642492,1
720575940630996684,720575940624453868,1
720575940630996684,720575940624195559,1
720575940630996684,720575940623986469,1
720575940630996684,720575940623165737,1
720575940630996684,720575940623032970,1
720575940630996684,720575940621951453,1
720575940630996684,720575940621839086,1
720575940630996684,720575940625499153,1
720575940630996684,720575940625564816,1
720575940630996684,720575940629504554,1
720575940630996684,720575940628999579,1
720575940630996684,720575940627924935,1
720575940630996684,720575940627245701,1
720575940630996684,720575940627082261,1
720575940630996684,720575940626904561,1
720575940630996684,720575940626733693,1
720575940630996684,720575940626226690,1
720575940634652523,720575940612758934,1
720575940634652523,720575940615785228,1
720575940637109214,720575940628773113,1
720575940637109214,720575940628538679,1
720575940637109214,720575940628331625,1
720575940637109214,720575940627987756,1
720575940637109214,720575940627775938,1
720575940637109214,720575940627085578,1
720575940637109214,720575940626911262,1
720575940637109214,720575940625508400,1
720575940637109214,720575940625058173,1
720575940637109214,720575940623973961,1
720575940637109214,720575940623441387,1
720575940637109214,720575940622412838,1
720575940637109214,720575940622276365,1
720575940637109214,720575940629211666,1
720575940637928164,720575940609184210,1
720575940637928164,720575940607054770,1
720575940637928164,720575940604806345,1
720575940637109214,720575940660047489,1
720575940637109214,720575940644413732,1
720575940637109214,720575940633226603,1
720575940637109214,720575940632835810,1
720575940637109214,720575940630947395,1
720575940637109214,720575940629388239,1
720575940637109214,720575940629365804,1
720575940637109214,720575940621786295,1
720575940636461710,720575940659577217,1
720575940636461710,720575940644472100,1
720575940636461710,720575940643404744,1
720575940636461710,720575940642383520,1
720575940636461710,720575940642108301,1
720575940636461710,720575940642022088,1
720575940636461710,720575940636675817,1
720575940636461710,720575940636114239,1
720575940637109214,720575940605036418,1
720575940637109214,720575940605627057,1
720575940637109214,720575940608191836,1
720575940637109214,720575940621376196,1
720575940637109214,720575940620276801,1
720575940637109214,720575940619937718,1
720575940637109214,720575940619404214,1
720575940637109214,720575940615125307,1
720575940637109214,720575940608433476,1
720575940637109214,720575940614925963,1
720575940637109214,720575940614027059,1
720575940637109214,720575940610691507,1
720575940637109214,720575940610386661,1
720575940637109214,720575940609634571,1
720575940637928164,720575940608433476,1
720575940634652523,720575940617605154,1
720575940639684696,720575940615907997,1
720575940637928164,720575940652809377,1
720575940637928164,720575940645210222,1
720575940637928164,720575940637211462,1
720575940637928164,720575940636168414,1
720575940637928164,720575940633551028,1
720575940637928164,720575940633226603,1
720575940639684696,720575940617845076,1
720575940639684696,720575940619970586,1
720575940637928164,720575940609634571,1
720575940639684696,720575940620272832,1
720575940641509595,720575940604806345,1
720575940641509595,720575940603673120,1
720575940641509595,720575940603084972,1
720575940639684696,720575940631453763,1
720575940639684696,720575940630296913,1
720575940639684696,720575940628694007,1
720575940639684696,720575940628217643,1
720575940639684696,720575940627595848,1
720575940637928164,720575940632964269,1
720575940637928164,720575940632804543,1
720575940637928164,720575940620746093,1
720575940637928164,720575940620700769,1
720575940637928164,720575940620042375,1
720575940637928164,720575940618586459,1
720575940637928164,720575940618182535,1
720575940637928164,720575940617650722,1
720575940637928164,720575940617456798,1
720575940637928164,720575940616860318,1
720575940637928164,720575940616675638,1
720575940637928164,720575940616208965,1
720575940637928164,720575940615896989,1
720575940637928164,720575940615832577,1
720575940637928164,720575940615671494,1
720575940637928164,720575940615651014,1
720575940637928164,720575940614861974,1
720575940637928164,720575940610140378,1
720575940637928164,720575940621606755,1
720575940637928164,720575940630923693,1
720575940637928164,720575940630222895,1
720575940637928164,720575940628188732,1
720575940637928164,720575940627585028,1
720575940637928164,720575940627552680,1
720575940637928164,720575940626794027,1
720575940637928164,720575940626651288,1
720575940637928164,720575940621922398,1
720575940637928164,720575940626251778,1
720575940637928164,720575940626212625,1
720575940637928164,720575940625318163,1
720575940637928164,720575940624125114,1
720575940636461710,720575940634296951,1
720575940636309093,720575940620073606,1
720575940636309093,720575940617856340,1
720575940636309093,720575940616859259,1
720575940636309093,720575940616821393,1
720575940636309093,720575940616723549,1
720575940636309093,720575940616245365,1
720575940636309093,720575940615323990,1
720575940636309093,720575940614981087,1
720575940636309093,720575940613864498,1
720575940636309093,720575940613358658,1
720575940636309093,720575940612453603,1
720575940636309093,720575940610907490,1
720575940636309093,720575940606967730,1
720575940636309093,720575940606954114,1
720575940636309093,720575940620176237,1
720575940636309093,720575940628447491,1
720575940636309093,720575940627493653,1
720575940636309093,720575940626284157,1
720575940636309093,720575940626111175,1
720575940636309093,720575940625331006,1
720575940636309093,720575940624941326,1
720575940636309093,720575940623985189,1
720575940636309093,720575940622999944,1
720575940636309093,720575940622928397,1
720575940636309093,720575940622694182,1
720575940636309093,720575940622594601,1
720575940636309093,720575940621864965,1
720575940636309093,720575940621357147,1
720575940636309093,720575940621019457,1
720575940636309093,720575940620682662,1
720575940636309093,720575940620232363,1
720575940636309093,720575940605606274,1
720575940636309093,720575940605488416,1
720575940635789431,720575940644413732,1
720575940635789431,720575940609941653,1
720575940635789431,720575940604630496,1
720575940634652523,720575940637320381,1
720575940634652523,720575940635953343,1
720575940634652523,720575940632804543,1
720575940634652523,720575940628885591,1
720575940634652523,720575940626403400,1
720575940634652523,720575940625740169,1
720575940634652523,720575940625692816,1
720575940634652523,720575940622864920,1
720575940634652523,720575940621541514,1
720575940634652523,720575940620351838,1
720575940634652523,720575940620042375,1
720575940635789431,720575940627626244,1
720575940635789431,720575940637320381,1
720575940635789431,720575940636605530,1
720575940635789431,720575940632652077,1
720575940635789431,720575940630025788,1
720575940635789431,720575940629917482,1
720575940635789431,720575940626792778,1
720575940635789431,720575940618497216,1
720575940635789431,720575940624392220,1
720575940635789431,720575940623521806,1
720575940636309093,720575940629020794,1
720575940636461710,720575940624574922,1
720575940636461710,720575940624149256,1
720575940636461710,720575940624086251,1
720575940636461710,720575940623965513,1
720575940636461710,720575940623351443,1
720575940636461710,720575940622428087,1
720575940636461710,720575940621878021,1
720575940636461710,720575940621460645,1
720575940636461710,720575940621413670,1
720575940636461710,720575940621146294,1
720575940636461710,720575940621129181,1
720575940636461710,720575940621073117,1
720575940636461710,720575940625507888,1
720575940636461710,720575940625600048,1
720575940636461710,720575940631661281,1
720575940636461710,720575940631498819,1
720575940636461710,720575940630399995,1
720575940636461710,720575940629347791,1
720575940636461710,720575940628788496,1
720575940636461710,720575940628608272,1
720575940636461710,720575940625781541,1
720575940636461710,720575940628002822,1
720575940636461710,720575940627576488,1
720575940636461710,720575940627264082,1
720575940636461710,720575940627230986,1
720575940636461710,720575940626002494,1
720575940636461710,720575940620422494,1
720575940636461710,720575940620126076,1
720575940636309093,720575940629318394,1
720575940636309093,720575940639286606,1
720575940636309093,720575940639069493,1
720575940636309093,720575940639057085,1
720575940636309093,720575940636898281,1
720575940636309093,720575940635498871,1
720575940636309093,720575940634878047,1
720575940636309093,720575940632203823,1
720575940636309093,720575940632182692,1
720575940636309093,720575940631531055,1
720575940636309093,720575940631048267,1
720575940636309093,720575940631002386,1
720575940636309093,720575940630477305,1
720575940636309093,720575940630414700,1
720575940636309093,720575940630269404,1
720575940636309093,720575940629782091,1
720575940636309093,720575940649536377,1
720575940636461710,720575940616955229,1
720575940636461710,720575940616222438,1
720575940636461710,720575940613119459,1
720575940636461710,720575940612872173,1
720575940636461710,720575940612763542,1
720575940636461710,720575940612740886,1
720575940630318951,720575940626124743,1
720575940630318951,720575940625937797,1
720575940623398524,720575940616964766,1
720575940623398524,720575940616109398,1
720575940623398524,720575940615907997,1
720575940623398524,720575940614981087,1
720575940623398524,720575940614768278,1
720575940623398524,720575940614037811,1
720575940623398524,720575940613864498,1
720575940623398524,720575940612421290,1
720575940623398524,720575940612339370,1
720575940623398524,720575940612266213,1
720575940623398524,720575940612190693,1
720575940623398524,720575940611450134,1
720575940623398524,720575940621906345,1
720575940623398524,720575940617386708,1
720575940623398524,720575940621680133,1
720575940623398524,720575940621553535,1
720575940623398524,720575940621019457,1
720575940623398524,720575940620500417,1
720575940623398524,720575940620282758,1
720575940623398524,720575940620041125,1
720575940623398524,720575940620007457,1
720575940623398524,720575940619723088,1
720575940623398524,720575940619705983,1
720575940623398524,720575940618657950,1
720575940623398524,720575940618422592,1
720575940623398524,720575940618148406,1
720575940623398524,720575940617937437,1
720575940623398524,720575940617937181,1
720575940623398524,720575940608524483,1
720575940623398524,720575940608386315,1
720575940622495092,720575940634836671,1
720575940622495092,720575940634235744,1
720575940622495092,720575940632668973,1
720575940622495092,720575940632433828,1
720575940622495092,720575940631621689,1
720575940622495092,720575940631351619,1
720575940622495092,720575940628725455,1
720575940622495092,720575940628697982,1
720575940622495092,720575940627166522,1
720575940622495092,720575940626669957,1
720575940622495092,720575940626548234,1
720575940622495092,720575940634951007,1
720575940622495092,720575940635628766,1
720575940622495092,720575940636246446,1
720575940623398524,720575940604630240,1
720575940623398524,720575940607978820,1
720575940623398524,720575940607280818,1
720575940623398524,720575940605407846,1
720575940623398524,720575940605338290,1
720575940623398524,720575940604999526,1
720575940623398524,720575940604935340,1
720575940622495092,720575940646419235,1
720575940622495092,720575940646229283,1
720575940622495092,720575940646034740,1
720575940622495092,720575940639534451,1
720575940622495092,720575940637949161,1
720575940622495092,720575940637737021,1
720575940623398524,720575940621892829,1
720575940623398524,720575940622050186,1
720575940624406986,720575940610773714,1
720575940624406986,720575940609921230,1
720575940623398524,720575940639022243,1
720575940623398524,720575940638903248,1
720575940623398524,720575940636135543,1
720575940623398524,720575940635110286,1
720575940623398524,720575940634878047,1
720575940623398524,720575940633146007,1
720575940623398524,720575940632077127,1
720575940623398524,720575940622302488,1
720575940624406986,720575940618739621,1
720575940624406986,720575940618592390,1
720575940624406986,720575940618183559,1
720575940624406986,720575940617650481,1
720575940624406986,720575940617118016,1
720575940624406986,720575940615975227,1
720575940624406986,720575940615785228,1
720575940624406986,720575940615780353,1
720575940624406986,720575940615768693,1
720575940624406986,720575940615255090,1
720575940624406986,720575940614551954,1
720575940624406986,720575940613213151,1
720575940624406986,720575940612019570,1
720575940623398524,720575940630868013,1
720575940623398524,720575940624693287,1
720575940623398524,720575940624593132,1
720575940623398524,720575940623946988,1
720575940623398524,720575940623503111,1
720575940623398524,720575940622981646,1
720575940623398524,720575940622944461,1
720575940623398524,720575940622844003,1
720575940623398524,720575940622773784,1
720575940623398524,720575940622549759,1
720575940623398524,720575940622538461,1
720575940623398524,720575940624859032,1
720575940623398524,720575940625311418,1
720575940623398524,720575940625323795,1
720575940623398524,720575940628225852,1
720575940623398524,720575940630420985,1
720575940623398524,720575940630360377,1
720575940623398524,720575940629942844,1
720575940623398524,720575940629277687,1
720575940623398524,720575940628868943,1
720575940623398524,720575940628714358,1
720575940623398524,720575940628447491,1
720575940623398524,720575940628120655,1
720575940623398524,720575940627205386,1
720575940623398524,720575940627155589,1
720575940623398524,720575940626536714,1
720575940623398524,720575940625655464,1
720575940623398524,720575940625646876,1
720575940622495092,720575940624940814,1
720575940622495092,720575940624693287,1
720575940622338269,720575940623946988,1
720575940622338269,720575940623679495,1
720575940622338269,720575940623426633,1
720575940622338269,720575940623400445,1
720575940622338269,720575940623009416,1
720575940622338269,720575940622928397,1
720575940622338269,720575940622926472,1
720575940622338269,720575940622886925,1
720575940622338269,720575940622694182,1
720575940622338269,720575940622538461,1
720575940622338269,720575940621832542,1
720575940622338269,720575940621709132,1
720575940622338269,720575940621658502,1
720575940622338269,720575940621648008,1
720575940622338269,720575940621552116,1
720575940622338269,720575940621174704,1
720575940622338269,720575940621162416,1
720575940622338269,720575940624375088,1
720575940622338269,720575940624494373,1
720575940622338269,720575940629222759,1
720575940622338269,720575940629020794,1
720575940622338269,720575940628868943,1
720575940622338269,720575940628697982,1
720575940622338269,720575940628414567,1
720575940622338269,720575940627558662,1
720575940622338269,720575940627479829,1
720575940622338269,720575940627164242,1
720575940622338269,720575940626364401,1
720575940622338269,720575940620741485,1
720575940622338269,720575940620442817,1
720575940622338269,720575940612590754,1
720575940622338269,720575940612587286,1
720575940622338269,720575940612384665,1
720575940622338269,720575940612352423,1
720575940622338269,720575940611733997,1
720575940622338269,720575940611696042,1
720575940622338269,720575940611532949,1
720575940622338269,720575940610191795,1
720575940622338269,720575940609149394,1
720575940622338269,720575940608820600,1
720575940622338269,720575940608527150,1
720575940622338269,720575940607763467,1
720575940622338269,720575940606893186,1
720575940622338269,720575940606621362,1
720575940622338269,720575940612717202,1
720575940622338269,720575940613797295,1
720575940622338269,720575940614036019,1
720575940622338269,720575940620012321,1
720575940622338269,720575940619834965,1
720575940622338269,720575940619778645,1
720575940622338269,720575940618846001,1
720575940622338269,720575940618266747,1
720575940622338269,720575940614327202,1
720575940622338269,720575940617201113,1
720575940622338269,720575940616109398,1
720575940622338269,720575940616097163,1
720575940622338269,720575940615539385,1
720575940622338269,720575940615252786,1
720575940622338269,720575940614811222,1
720575940622495092,720575940619668053,1
720575940622495092,720575940618765528,1
720575940622495092,720575940615569723,1
720575940622495092,720575940615101452,1
720575940622495092,720575940611936474,1
720575940622495092,720575940610907490,1
720575940622495092,720575940610743282,1
720575940622495092,720575940609935310,1
720575940622495092,720575940608386315,1
720575940622495092,720575940606399068,1
720575940622495092,720575940605452064,1
720575940622495092,720575940604935340,1
720575940622495092,720575940604884396,1
720575940622495092,720575940619701631,1
720575940622495092,720575940619795883,1
720575940622495092,720575940622837482,1
720575940622495092,720575940624532979,1
720575940622495092,720575940624527091,1
720575940622495092,720575940622930957,1
720575940622495092,720575940622812003,1
720575940622495092,720575940622670835,1
720575940622495092,720575940621924103,1
720575940622495092,720575940621873246,1
720575940622495092,720575940620603245,1
720575940622495092,720575940620537071,1
720575940622495092,720575940620469742,1
720575940622338269,720575940646419235,1
720575940622338269,720575940644423204,1
720575940622338269,720575940630078348,1
720575940622338269,720575940643063200,1
720575940622338269,720575940632735021,1
720575940622338269,720575940632532255,1
720575940622338269,720575940632111780,1
720575940622338269,720575940631777567,1
720575940622338269,720575940631756136,1
720575940622338269,720575940631406547,1
720575940622338269,720575940630296913,1
720575940622338269,720575940633123609,1
720575940622338269,720575940633560545,1
720575940622338269,720575940634154140,1
720575940622338269,720575940637970665,1
720575940622338269,720575940641362907,1
720575940622338269,720575940640688336,1
720575940622338269,720575940640634787,1
720575940622338269,720575940639846488,1
720575940622338269,720575940639733211,1
720575940622338269,720575940639593587,1
720575940622338269,720575940639090997,1
720575940622338269,720575940634442091,1
720575940622338269,720575940637835839,1
720575940622338269,720575940637725272,1
720575940622338269,720575940635884911,1
720575940622338269,720575940634937951,1
720575940622338269,720575940634878047,1
720575940624406986,720575940619842580,1
720575940624406986,720575940620020769,1
720575940627741799,720575940614862230,1
720575940627741799,720575940611204323,1
720575940627741799,720575940609651554,1
720575940627741799,720575940609220291,1
720575940627741799,720575940608657621,1
720575940627741799,720575940617514726,1
720575940627741799,720575940617650481,1
720575940627110931,720575940627931466,1
720575940627741799,720575940617973021,1
720575940627741799,720575940624453868,1
720575940627741799,720575940623878327,1
720575940627741799,720575940622698825,1
720575940627741799,720575940621175472,1
720575940627741799,720575940621121140,1
720575940627741799,720575940620143525,1
720575940627741799,720575940620039956,1
720575940627741799,720575940620020257,1
720575940627741799,720575940618419776,1
720575940627741799,720575940608505795,1
720575940627741799,720575940605817522,1
720575940627110931,720575940631801401,1
720575940627110931,720575940631754527,1
720575940627110931,720575940630751535,1
720575940627110931,720575940630560505,1
720575940627110931,720575940630063676,1
720575940627110931,720575940629917228,1
720575940627110931,720575940629855340,1
720575940627110931,720575940629502506,1
720575940627110931,720575940629477674,1
720575940627110931,720575940629166592,1
720575940627110931,720575940628697982,1
720575940627110931,720575940628447491,1
720575940627110931,720575940628394716,1
720575940627110931,720575940628375255,1
720575940627110931,720575940628350211,1
720575940627110931,720575940628175363,1
720575940627110931,720575940632010567,1
720575940627110931,720575940632357984,1
720575940627110931,720575940632552343,1
720575940627110931,720575940637434601,1
720575940627741799,720575940603174368,1
720575940627110931,720575940646419235,1
720575940627110931,720575940643063200,1
720575940627110931,720575940639417459,1
720575940627110931,720575940637788494,1
720575940627110931,720575940637740989,1
720575940627110931,720575940637689688,1
720575940627110931,720575940636839280,1
720575940627110931,720575940632919265,1
720575940627110931,720575940635386616,1
720575940627110931,720575940634967962,1
720575940627110931,720575940634937951,1
720575940627110931,720575940634342007,1
720575940627110931,720575940633188459,1
720575940627741799,720575940625937797,1
720575940630318951,720575940619842580,1
720575940630318951,720575940619682625,1
720575940630318951,720575940619651019,1
720575940630318951,720575940618873723,1
720575940630318951,720575940618572422,1
720575940630318951,720575940618419776,1
720575940630318951,720575940618183559,1
720575940630318951,720575940617650481,1
720575940630318951,720575940616041913,1
720575940630318951,720575940614890902,1
720575940630318951,720575940614229415,1
720575940630318951,720575940613213151,1
720575940630318951,720575940612853354,1
720575940630318951,720575940612846962,1
720575940630318951,720575940612758934,1
720575940630318951,720575940611453107,1
720575940630318951,720575940611204323,1
720575940630318951,720575940619876702,1
720575940630318951,720575940620020257,1
720575940630318951,720575940620143525,1
720575940630318951,720575940623252164,1
720575940630318951,720575940625740169,1
720575940630318951,720575940625476964,1
720575940630318951,720575940625354904,1
720575940630318951,720575940625163139,1
720575940630318951,720575940624629948,1
720575940630318951,720575940624601236,1
720575940630318951,720575940624294072,1
720575940630318951,720575940623756215,1
720575940630318951,720575940622979475,1
720575940630318951,720575940622768397,1
720575940630318951,720575940622732493,1
720575940630318951,720575940621919428,1
720575940630318951,720575940621878021,1
720575940630318951,720575940621863006,1
720575940630318951,720575940621023809,1
720575940630318951,720575940610990821,1
720575940630318951,720575940609651554,1
720575940627741799,720575940634018415,1
720575940627741799,720575940632558675,1
720575940627741799,720575940632229788,1
720575940627741799,720575940631879193,1
720575940627741799,720575940631775032,1
720575940627741799,720575940627245701,1
720575940627741799,720575940636136567,1
720575940627741799,720575940649691513,1
720575940630318951,720575940609220291,1
720575940630318951,720575940608517385,1
720575940630318951,720575940605817522,1
720575940627741799,720575940658101121,1
720575940627741799,720575940636640602,1
720575940627741799,720575940643497632,1
720575940627741799,720575940639278325,1
720575940627741799,720575940638053865,1
720575940627110931,720575940627550214,1
720575940624406986,720575940652784289,1
720575940624406986,720575940641360091,1
720575940624406986,720575940637055797,1
720575940624406986,720575940636136567,1
720575940627110931,720575940627170898,1
720575940625343550,720575940617845076,1
720575940625343550,720575940617176413,1
720575940625343550,720575940615386324,1
720575940625343550,720575940613987730,1
720575940625343550,720575940608015627,1
720575940624406986,720575940636059226,1
720575940624406986,720575940632229788,1
720575940624406986,720575940626904561,1
720575940624406986,720575940626313546,1
720575940624406986,720575940625937797,1
720575940624406986,720575940625264659,1
720575940624406986,720575940624676414,1
720575940624406986,720575940623554748,1
720575940624406986,720575940623244180,1
720575940624406986,720575940623165737,1
720575940624406986,720575940623032970,1
720575940624406986,720575940621913897,1
720575940624406986,720575940621863006,1
720575940624406986,720575940620521754,1
720575940624406986,720575940627082261,1
720575940624406986,720575940627245701,1
720575940624406986,720575940631620921,1
720575940624406986,720575940631447363,1
720575940624406986,720575940631035154,1
720575940624406986,720575940631019468,1
720575940624406986,720575940630651223,1
720575940624406986,720575940629671491,1
720575940624406986,720575940628404188,1
720575940624406986,720575940627924935,1
720575940625343550,720575940620176237,1
720575940627110931,720575940621357147,1
720575940627110931,720575940621023041,1
720575940627110931,720575940620936870,1
720575940627110931,720575940620811073,1
720575940627110931,720575940620741485,1
720575940627110931,720575940620500417,1
720575940627110931,720575940620205951,1
720575940627110931,720575940620039589,1
720575940627110931,720575940619794512,1
720575940627110931,720575940619556437,1
720575940627110931,720575940619382875,1
720575940627110931,720575940618776833,1
720575940627110931,720575940617856340,1
720575940627110931,720575940625718696,1
720575940627110931,720575940627018383,1
720575940627110931,720575940626786859,1
720575940627110931,720575940626729515,1
720575940627110931,720575940626535434,1
720575940627110931,720575940626316802,1
720575940627110931,720575940626242054,1
720575940627110931,720575940626090340,1
720575940627110931,720575940625940456,1
720575940627110931,720575940625604839,1
720575940627110931,720575940625598802,1
720575940627110931,720575940625537822,1
720575940627110931,720575940625532689,1
720575940627110931,720575940625476708,1
720575940627110931,720575940624158352,1
720575940627110931,720575940622981902,1
720575940627110931,720575940622451273,1
720575940627110931,720575940615783837,1
720575940625343550,720575940622926472,1
720575940627110931,720575940615476667,1
720575940625343550,720575940633188459,1
720575940625343550,720575940632358564,1
720575940625343550,720575940630759507,1
720575940625343550,720575940628295242,1
720575940625343550,720575940626779398,1
720575940625343550,720575940624428019,1
720575940627110931,720575940615101452,1
720575940627110931,720575940614813526,1
720575940627110931,720575940614283006,1
720575940627110931,720575940614224490,1
720575940627110931,720575940611001061,1
720575940627110931,720575940610945558,1
720575940627110931,720575940608768213,1
720575940627110931,720575940608383243,1
720575940627110931,720575940607348931,1
720575940627110931,720575940606399068,1
720575940627110931,720575940605000550,1
720575940627110931,720575940604630240,1
720575940625343550,720575940646598788,1
720575940641509595,720575940606892162,1
720575940641509595,720575940610175218,1
720575940641509595,720575940610210034,1
720575940616312949,720575940629319106,1
720575940616312949,720575940628471392,1
720575940616312949,720575940628404188,1
720575940616312949,720575940628257914,1
720575940616312949,720575940626901278,1
720575940616312949,720575940626825853,1
720575940616312949,720575940626403400,1
720575940616312949,720575940625937797,1
720575940616312949,720575940625163139,1
720575940616312949,720575940630159939,1
720575940616312949,720575940635883748,1
720575940616312949,720575940633034336,1
720575940616312949,720575940632725459,1
720575940616312949,720575940632558675,1
720575940616312949,720575940632229788,1
720575940616312949,720575940632210145,1
720575940616312949,720575940631447363,1
720575940616312949,720575940631019468,1
720575940616312949,720575940624629948,1
720575940616312949,720575940624453868,1
720575940616312949,720575940624294072,1
720575940616312949,720575940620520513,1
720575940616312949,720575940620495830,1
720575940616312949,720575940620418774,1
720575940616312949,720575940620355009,1
720575940616312949,720575940620020257,1
720575940616312949,720575940619842580,1
720575940616312949,720575940619651019,1
720575940616312949,720575940618739621,1
720575940616312949,720575940618592390,1
720575940616312949,720575940618419776,1
720575940616312949,720575940620932684,1
720575940616312949,720575940623377555,1
720575940616312949,720575940623353013,1
720575940616312949,720575940623244180,1
720575940616312949,720575940623032970,1
720575940616312949,720575940622768397,1
720575940616312949,720575940622732493,1
720575940616312949,720575940621073117,1
720575940616312949,720575940622135501,1
720575940616312949,720575940621802751,1
720575940616312949,720575940621413926,1
720575940616312949,720575940621288225,1
720575940616312949,720575940621175472,1
720575940616312949,720575940621121140,1
720575940616312949,720575940635499888,1
720575940613338152,720575940626657808,1
720575940616643924,720575940639515965,1
720575940616643924,720575940638903248,1
720575940616643924,720575940637737021,1
720575940616643924,720575940637407209,1
720575940616643924,720575940637050933,1
720575940616643924,720575940636551086,1
720575940616643924,720575940634878047,1
720575940616643924,720575940632735021,1
720575940616643924,720575940631624761,1
720575940616643924,720575940630351903,1
720575940616643924,720575940629624702,1
720575940616643924,720575940629294636,1
720575940616643924,720575940628697982,1
720575940616643924,720575940639022243,1
720575940616643924,720575940639537213,1
720575940616312949,720575940636136567,1
720575940616643924,720575940639686488,1
720575940619823536,720575940613987635,1
720575940619823536,720575940612714671,1
720575940619823536,720575940611748594,1
720575940619823536,720575940611733997,1
720575940619823536,720575940610944022,1
720575940619823536,720575940610406776,1
720575940619823536,720575940609950869,1
720575940619823536,720575940609169762,1
720575940619823536,720575940608644654,1
720575940619823536,720575940606968962,1
720575940619823536,720575940606963586,1
720575940619823536,720575940606947714,1
720575940619823536,720575940605407846,1
720575940619823536,720575940605196465,1
720575940616643924,720575940654810785,1
720575940616643924,720575940642347936,1
720575940616643924,720575940628398295,1
720575940616643924,720575940626702232,1
720575940616643924,720575940626700889,1
720575940616643924,720575940612754582,1
720575940616643924,720575940609226702,1
720575940616312949,720575940659940225,1
720575940616312949,720575940652784289,1
720575940616312949,720575940645236078,1
720575940616312949,720575940642162573,1
720575940616312949,720575940639986048,1
720575940616312949,720575940639278325,1
720575940616312949,720575940639157968,1
720575940616312949,720575940638561102,1
720575940616312949,720575940638472006,1
720575940616312949,720575940638179699,1
720575940616312949,720575940638053865,1
720575940616312949,720575940637999950,1
720575940616312949,720575940637726180,1
720575940616312949,720575940637222470,1
720575940616312949,720575940636685894,1
720575940616643924,720575940614318482,1
720575940616643924,720575940614888854,1
720575940616643924,720575940622972686,1
720575940616643924,720575940626252273,1
720575940616643924,720575940623171847,1
720575940616643924,720575940622549759,1
720575940616643924,720575940615931293,1
720575940616643924,720575940621017921,1
720575940616643924,720575940620741485,1
720575940616643924,720575940619036911,1
720575940616643924,720575940616885298,1
720575940616643924,720575940616702262,1
720575940616312949,720575940617940048,1
720575940616312949,720575940617857053,1
720575940613338152,720575940640883931,1
720575940613338152,720575940640276955,1
720575940613338152,720575940637907428,1
720575940613338152,720575940637869028,1
720575940613338152,720575940637773117,1
720575940613338152,720575940637657189,1
720575940613338152,720575940637277117,1
720575940613338152,720575940636168414,1
720575940613338152,720575940644479267,1
720575940613338152,720575940645759523,1
720575940616312949,720575940617514726,1
720575940613338152,720575940645828740,1
720575940613647007,720575940615193100,1
720575940613647007,720575940614224490,1
720575940613647007,720575940612647282,1
720575940613647007,720575940612524030,1
720575940613647007,720575940612178418,1
720575940613647007,720575940611748594,1
720575940613647007,720575940610907490,1
720575940613647007,720575940605171121,1
720575940613338152,720575940633908124,1
720575940613338152,720575940633552820,1
720575940613338152,720575940633551540,1
720575940613338152,720575940629201423,1
720575940613338152,720575940628895831,1
720575940613338152,720575940628830551,1
720575940613338152,720575940628773113,1
720575940613338152,720575940628291407,1
720575940613338152,720575940628269628,1
720575940613338152,720575940628209212,1
720575940613338152,720575940628054839,1
720575940613338152,720575940627987756,1
720575940613338152,720575940627768567,1
720575940613338152,720575940627552680,1
720575940613338152,720575940627097361,1
720575940613338152,720575940629485354,1
720575940613338152,720575940630026856,1
720575940613338152,720575940633312482,1
720575940613338152,720575940633040223,1
720575940613338152,720575940632932506,1
720575940613338152,720575940632233628,1
720575940613338152,720575940632164269,1
720575940613338152,720575940631998023,1
720575940613338152,720575940631017932,1
720575940613338152,720575940630067816,1
720575940613338152,720575940630687827,1
720575940613338152,720575940630537676,1
720575940613338152,720575940630525967,1
720575940613338152,720575940630456996,1
720575940613338152,720575940630443791,1
720575940613338152,720575940630415268,1
720575940613338152,720575940630265952,1
720575940613338152,720575940630228271,1
720575940613647007,720575940618190238,1
720575940613647007,720575940619519909,1
720575940616312949,720575940610793395,1
720575940616312949,720575940610669786,1
720575940616312949,720575940608655918,1
720575940616312949,720575940605792434,1
720575940616312949,720575940605029250,1
720575940616312949,720575940602553568,1
720575940613647007,720575940652342006,1
720575940616312949,720575940611769059,1
720575940616312949,720575940617118016,1
720575940616312949,720575940616616075,1
720575940616312949,720575940615975227,1
720575940616312949,720575940615768693,1
720575940616312949,720575940614862230,1
720575940616312949,720575940614229758,1
720575940616312949,720575940613738415,1
720575940616312949,720575940613258975,1
720575940616312949,720575940612853354,1
720575940613647007,720575940640688592,1
720575940613647007,720575940619795883,1
720575940613647007,720575940625323795,1
720575940613647007,720575940625311418,1
720575940613647007,720575940623947500,1
720575940613647007,720575940623890890,1
720575940613647007,720575940623543303,1
720575940613647007,720575940622855560,1
720575940613647007,720575940622621164,1
720575940613647007,720575940621888169,1
720575940613647007,720575940621334980,1
720575940613647007,720575940621017921,1
720575940613647007,720575940620811073,1
720575940613647007,720575940620713129,1
720575940613647007,720575940620272832,1
720575940613647007,720575940626536714,1
720575940613647007,720575940626792209,1
720575940613647007,720575940627045636,1
720575940613647007,720575940637407209,1
720575940613647007,720575940636769343,1
720575940613647007,720575940635803876,1
720575940613647007,720575940633188459,1
720575940613647007,720575940631801401,1
720575940613647007,720575940627493653,1
720575940613647007,720575940630477305,1
720575940613647007,720575940629921398,1
720575940613647007,720575940628836345,1
720575940619823536,720575940614200426,1
720575940619823536,720575940614207850,1
720575940619823536,720575940614418118,1
720575940621085622,720575940630560505,1
720575940621085622,720575940630360377,1
720575940621085622,720575940629271596,1
720575940621085622,720575940628225852,1
720575940621085622,720575940628215056,1
720575940621085622,720575940627595848,1
720575940621085622,720575940627479829,1
720575940621085622,720575940627045636,1
720575940621085622,720575940626950147,1
720575940621085622,720575940626792209,1
720575940621085622,720575940626772357,1
720575940621085622,720575940626640158,1
720575940621085622,720575940626430339,1
720575940621085622,720575940610191795,1
720575940621085622,720575940638903248,1
720575940621085622,720575940636551086,1
720575940621085622,720575940636356836,1
720575940621085622,720575940636242039,1
720575940621085622,720575940634235744,1
720575940621085622,720575940633773849,1
720575940621085622,720575940633207962,1
720575940621085622,720575940632919265,1
720575940621085622,720575940631801631,1
720575940621085622,720575940631798888,1
720575940621085622,720575940631731620,1
720575940621085622,720575940631256168,1
720575940621085622,720575940630868013,1
720575940621085622,720575940625766984,1
720575940621085622,720575940625754389,1
720575940621085622,720575940625721866,1
720575940621085622,720575940625663674,1
720575940621085622,720575940619994759,1
720575940621085622,720575940618997297,1
720575940621085622,720575940618776833,1
720575940621085622,720575940618266900,1
720575940621085622,720575940617034753,1
720575940621085622,720575940615838662,1
720575940621085622,720575940615263903,1
720575940621085622,720575940614813526,1
720575940621085622,720575940614714518,1
720575940621085622,720575940614318482,1
720575940621085622,720575940614008785,1
720575940621085622,720575940613188319,1
720575940621085622,720575940612714671,1
720575940621085622,720575940612339370,1
720575940621085622,720575940612008818,1
720575940621085622,720575940620153876,1
720575940621085622,720575940620176237,1
720575940621085622,720575940625454640,1
720575940621085622,720575940625372293,1
720575940621085622,720575940625266057,1
720575940621085622,720575940625258506,1
720575940621085622,720575940624265572,1
720575940621085622,720575940623546638,1
720575940621085622,720575940623426633,1
720575940621085622,720575940623009549,1
720575940621085622,720575940620551901,1
720575940621085622,720575940622228812,1
720575940621085622,720575940622013564,1
720575940621085622,720575940621944583,1
720575940621085622,720575940621553535,1
720575940621085622,720575940621023297,1
720575940621085622,720575940620713129,1
720575940621085622,720575940643063200,1
720575940621284446,720575940605036418,1
720575940621284446,720575940642338464,1
720575940621462512,720575940620500417,1
720575940621462512,720575940620226729,1
720575940621462512,720575940620073606,1
720575940621462512,720575940619967879,1
720575940621462512,720575940619778645,1
720575940621462512,720575940619259477,1
720575940621462512,720575940618436672,1
720575940621462512,720575940617937437,1
720575940621462512,720575940614207850,1
720575940621462512,720575940613071587,1
720575940621462512,720575940612717202,1
720575940621462512,720575940612020008,1
720575940621462512,720575940620607982,1
720575940621462512,720575940621174704,1
720575940621462512,720575940621491696,1
720575940621462512,720575940629020794,1
720575940621462512,720575940628687259,1
720575940621462512,720575940627543624,1
720575940621462512,720575940627493653,1
720575940621462512,720575940627493141,1
720575940621462512,720575940627426837,1
720575940621462512,720575940623947500,1
720575940621462512,720575940623822261,1
720575940621462512,720575940623400189,1
720575940621462512,720575940623102396,1
720575940621462512,720575940623016644,1
720575940621462512,720575940622768266,1
720575940621462512,720575940622078249,1
720575940621462512,720575940605000550,1
720575940621284446,720575940641866912,1
720575940621284446,720575940622857447,1
720575940621284446,720575940621837601,1
720575940621284446,720575940621382852,1
720575940621284446,720575940621090659,1
720575940621284446,720575940619444139,1
720575940621284446,720575940619041133,1
720575940621284446,720575940618876062,1
720575940621284446,720575940618396399,1
720575940621284446,720575940618210251,1
720575940621284446,720575940617516760,1
720575940621284446,720575940617238457,1
720575940621284446,720575940615728102,1
720575940621284446,720575940613799436,1
720575940621284446,720575940610946730,1
720575940621284446,720575940610470130,1
720575940621284446,720575940610175218,1
720575940621284446,720575940610137050,1
720575940621284446,720575940608433476,1
720575940621284446,720575940623978789,1
720575940621284446,720575940624114494,1
720575940621284446,720575940624158650,1
720575940621284446,720575940628269628,1
720575940621284446,720575940637695395,1
720575940621284446,720575940633243755,1
720575940621284446,720575940632068383,1
720575940621284446,720575940630452388,1
720575940621284446,720575940629133056,1
720575940621284446,720575940628842839,1
720575940621284446,720575940628830551,1
720575940621284446,720575940628711631,1
720575940621284446,720575940628121287,1
720575940621284446,720575940624327196,1
720575940621284446,720575940627552680,1
720575940621284446,720575940627003547,1
720575940621284446,720575940625864964,1
720575940621284446,720575940625732496,1
720575940621284446,720575940625058173,1
720575940621284446,720575940624492802,1
720575940621085622,720575940610505426,1
720575940621085622,720575940609694818,1
720575940619823536,720575940614544034,1
720575940619823536,720575940632434340,1
720575940619823536,720575940632197935,1
720575940619823536,720575940631777567,1
720575940619823536,720575940631621689,1
720575940619823536,720575940631589689,1
720575940619823536,720575940631406547,1
720575940619823536,720575940631256168,1
720575940619823536,720575940630475513,1
720575940619823536,720575940629921654,1
720575940619823536,720575940629671235,1
720575940619823536,720575940629633150,1
720575940619823536,720575940629477674,1
720575940619823536,720575940629318394,1
720575940619823536,720575940629277687,1
720575940619823536,720575940629166592,1
720575940619823536,720575940627561854,1
720575940619823536,720575940627558662,1
720575940619823536,720575940632552343,1
720575940621085622,720575940609169762,1
720575940620922790,720575940612372650,1
720575940620922790,720575940610952089,1
720575940620922790,720575940610773171,1
720575940620922790,720575940606783362,1
720575940619823536,720575940645377668,1
720575940619823536,720575940640688336,1
720575940619823536,720575940639903696,1
720575940619823536,720575940637446622,1
720575940619823536,720575940637050933,1
720575940619823536,720575940636242039,1
720575940619823536,720575940635110286,1
720575940619823536,720575940634849460,1
720575940619823536,720575940627077032,1
720575940619823536,720575940626513171,1
720575940619823536,720575940626513027,1
720575940619823536,720575940621491696,1
720575940619823536,720575940621322534,1
720575940619823536,720575940621121206,1
720575940619823536,720575940620576494,1
720575940619823536,720575940620073606,1
720575940619823536,720575940620059045,1
720575940619823536,720575940619556437,1
720575940619823536,720575940618148406,1
720575940619823536,720575940617856340,1
720575940619823536,720575940617628962,1
720575940619823536,720575940617474629,1
720575940619823536,720575940617438865,1
720575940619823536,720575940617079257,1
720575940619823536,720575940616910310,1
720575940619823536,720575940615507641,1
720575940619823536,720575940615263903,1
720575940619823536,720575940621680133,1
720575940619823536,720575940621763767,1
720575940619823536,720575940621791356,1
720575940619823536,720575940623947500,1
720575940619823536,720575940626075079,1
720575940619823536,720575940625780648,1
720575940619823536,720575940625741455,1
720575940619823536,720575940625497488,1
720575940619823536,720575940624770574,1
720575940619823536,720575940624711655,1
720575940619823536,720575940624597228,1
720575940619823536,720575940624265572,1
720575940619823536,720575940624032264,1
720575940619823536,720575940623914954,1
720575940619823536,720575940621873246,1
720575940619823536,720575940623543303,1
720575940619823536,720575940623488270,1
720575940619823536,720575940623400445,1
720575940619823536,720575940622981902,1
720575940619823536,720575940622844903,1
720575940619823536,720575940621892829,1
720575940620922790,720575940612796786,1
720575940620922790,720575940613507946,1
720575940620922790,720575940631782712,1
720575940620922790,720575940631603267,1
720575940620922790,720575940631498819,1
720575940620922790,720575940631351619,1
720575940620922790,720575940631143383,1
720575940620922790,720575940630300613,1
720575940620922790,720575940630067255,1
720575940620922790,720575940629788983,1
720575940620922790,720575940628476716,1
720575940620922790,720575940627576488,1
720575940620922790,720575940632371737,1
720575940620922790,720575940632528671,1
720575940621085622,720575940608524483,1
720575940621085622,720575940606399068,1
720575940621085622,720575940605338290,1
720575940620922790,720575940658101121,1
720575940620922790,720575940644472100,1
720575940620922790,720575940642108301,1
720575940620922790,720575940638662352,1
720575940620922790,720575940638626613,1
720575940620922790,720575940638053865,1
720575940620922790,720575940636675817,1
720575940620922790,720575940627230986,1
720575940620922790,720575940627097733,1
720575940620922790,720575940613776543,1
720575940620922790,720575940620577652,1
720575940620922790,720575940619651019,1
720575940620922790,720575940618992449,1
720575940620922790,720575940618844353,1
720575940620922790,720575940618671495,1
720575940620922790,720575940618394453,1
720575940620922790,720575940618306112,1
720575940620922790,720575940618299712,1
720575940620922790,720575940617876048,1
720575940620922790,720575940614822506,1
720575940620922790,720575940620649084,1
720575940620922790,720575940620822593,1
720575940620922790,720575940626803279,1
720575940620922790,720575940625561374,1
720575940620922790,720575940625002526,1
720575940620922790,720575940624563075,1
720575940620922790,720575940623014328,1
720575940620922790,720575940622350472,1
720575940620922790,720575940622075274,1
720575940620922790,720575940621538431,1
720575940641509595,720575940610946730,1
720575940611918578,720575940615147788,1
720575940611918578,720575940614811222,1
720575940611918578,720575940614524127,1
720575940611918578,720575940614318482,1
720575940611918578,720575940613188319,1
720575940611918578,720575940612009903,1
720575940611918578,720575940610743282,1
720575940611918578,720575940608527150,1
720575940611918578,720575940608345867,1
720575940611918578,720575940606892674,1
720575940611918578,720575940605551718,1
720575940608442633,720575940649691513,1
720575940608442633,720575940639543715,1
720575940608442633,720575940639157968,1
720575940611918578,720575940615507641,1
720575940611918578,720575940616677661,1
720575940611918578,720575940623008440,1
720575940611918578,720575940617034753,1
720575940611918578,720575940622812808,1
720575940611918578,720575940622162505,1
720575940611918578,720575940621906345,1
720575940611918578,720575940621872645,1
720575940611918578,720575940621044701,1
720575940611918578,720575940620741485,1
720575940611918578,720575940620059045,1
720575940611918578,720575940619695553,1
720575940611918578,720575940618671751,1
720575940611918578,720575940618657950,1
720575940611918578,720575940618224709,1
720575940611918578,720575940617452689,1
720575940611918578,720575940617427713,1
720575940608442633,720575940634146808,1
720575940608442633,720575940631775032,1
720575940608442633,720575940622204157,1
720575940608442633,720575940621802751,1
720575940608442633,720575940619271384,1
720575940608442633,720575940618036509,1
720575940608442633,720575940617940304,1
720575940608442633,720575940616746123,1
720575940608442633,720575940616041913,1
720575940608442633,720575940615072373,1
720575940608442633,720575940610793395,1
720575940608442633,720575940622768397,1
720575940608442633,720575940623203012,1
720575940608442633,720575940628103806,1
720575940608442633,720575940630159939,1
720575940608442633,720575940629504554,1
720575940608442633,720575940628404188,1
720575940608442633,720575940627264082,1
720575940608442633,720575940623914679,1
720575940608442633,720575940626904561,1
720575940608442633,720575940626825853,1
720575940608442633,720575940626550504,1
720575940608442633,720575940626124743,1
720575940608442633,720575940625564816,1
720575940608442633,720575940625506704,1
720575940611918578,720575940622944461,1
720575940613338152,720575940626362696,1
720575940612643954,720575940620520513,1
720575940612643954,720575940620020257,1
720575940612643954,720575940619535563,1
720575940612643954,720575940618873723,1
720575940612643954,720575940618592390,1
720575940612643954,720575940615780353,1
720575940612643954,720575940615571601,1
720575940612643954,720575940614551954,1
720575940612643954,720575940614490018,1
720575940612643954,720575940614306814,1
720575940612643954,720575940612853354,1
720575940612643954,720575940620495830,1
720575940612643954,720575940620521754,1
720575940611918578,720575940623981385,1
720575940612643954,720575940625564816,1
720575940612643954,720575940625264659,1
720575940612643954,720575940624663427,1
720575940612643954,720575940624601236,1
720575940612643954,720575940623756215,1
720575940612643954,720575940623554748,1
720575940612643954,720575940622737812,1
720575940612643954,720575940621947486,1
720575940612643954,720575940621878021,1
720575940612643954,720575940621413670,1
720575940612643954,720575940621288225,1
720575940612643954,720575940612766102,1
720575940612643954,720575940612758934,1
720575940612643954,720575940612740886,1
720575940611918578,720575940631801631,1
720575940611918578,720575940631754527,1
720575940611918578,720575940630759507,1
720575940611918578,720575940630312785,1
720575940611918578,720575940630115388,1
720575940611918578,720575940629855596,1
720575940611918578,720575940629507450,1
720575940611918578,720575940628787962,1
720575940611918578,720575940628295242,1
720575940611918578,720575940627077032,1
720575940611918578,720575940626991771,1
720575940611918578,720575940626220830,1
720575940611918578,720575940625942458,1
720575940611918578,720575940625724072,1
720575940611918578,720575940625663674,1
720575940611918578,720575940625292606,1
720575940611918578,720575940624429036,1
720575940611918578,720575940632169007,1
720575940611918578,720575940644843031,1
720575940611918578,720575940644423204,1
720575940611918578,720575940633996911,1
720575940611918578,720575940643547296,1
720575940611918578,720575940641084405,1
720575940611918578,720575940640634787,1
720575940611918578,720575940639988352,1
720575940611918578,720575940637465054,1
720575940611918578,720575940637339738,1
720575940611918578,720575940636143679,1
720575940608442633,720575940609208530,1
720575940608442633,720575940608655918,1
720575940643950190,720575940607280818,1
720575940643950190,720575940606399068,1
720575940643950190,720575940605664446,1
720575940643950190,720575940604999526,1
720575940641509595,720575940644609134,1
720575940641509595,720575940641355739,1
720575940641509595,720575940637320381,1
720575940641509595,720575940637315418,1
720575940641509595,720575940637277117,1
720575940641509595,720575940637211462,1
720575940641509595,720575940636685894,1
720575940641509595,720575940636553306,1
720575940641509595,720575940632804543,1
720575940641509595,720575940631575599,1
720575940643950190,720575940609873358,1
720575940643950190,720575940610944022,1
720575940643950190,720575940611001061,1
720575940643950190,720575940618667143,1
720575940643950190,720575940618339777,1
720575940643950190,720575940618266491,1
720575940643950190,720575940617766228,1
720575940643950190,720575940617452689,1
720575940643950190,720575940617438865,1
720575940643950190,720575940617436305,1
720575940643950190,720575940616859259,1
720575940643950190,720575940616569227,1
720575940643950190,720575940616162373,1
720575940643950190,720575940616095517,1
720575940643950190,720575940614983274,1
720575940643950190,720575940614318482,1
720575940643950190,720575940614224490,1
720575940643950190,720575940614200426,1
720575940643950190,720575940614199914,1
720575940641509595,720575940631216682,1
720575940641509595,720575940630443791,1
720575940641509595,720575940630436603,1
720575940641509595,720575940621922398,1
720575940641509595,720575940620572125,1
720575940641509595,720575940620179821,1
720575940641509595,720575940620124028,1
720575940641509595,720575940619147349,1
720575940641509595,720575940618544623,1
720575940641509595,720575940617514726,1
720575940641509595,720575940615975227,1
720575940641509595,720575940615901597,1
720575940641509595,720575940615270962,1
720575940641509595,720575940614862230,1
720575940641509595,720575940614010419,1
720575940641509595,720575940612337203,1
720575940641509595,720575940626251778,1
720575940641509595,720575940630415268,1
720575940641509595,720575940630413087,1
720575940641509595,720575940630025788,1
720575940641509595,720575940629166587,1
720575940641509595,720575940626464901,1
720575940641509595,720575940626362696,1
720575940641509595,720575940626212625,1
720575940641509595,720575940623978789,1
720575940641509595,720575940624648067,1
720575940641509595,720575940624107706,1
720575940641509595,720575940624060208,1
720575940641509595,720575940624054675,1
720575940641509595,720575940624014077,1
720575940643950190,720575940619967879,1
720575940643950190,720575940620059045,1
720575940643950190,720575940634839988,1
720575940643950190,720575940634154140,1
720575940643950190,720575940633911959,1
720575940643950190,720575940632728476,1
720575940643950190,720575940632115247,1
720575940643950190,720575940631868999,1
720575940643950190,720575940631842956,1
720575940643950190,720575940631756136,1
720575940643950190,720575940631406547,1
720575940643950190,720575940630868013,1
720575940643950190,720575940630679895,1
720575940643950190,720575940630675730,1
720575940643950190,720575940630620747,1
720575940643950190,720575940630598395,1
720575940643950190,720575940630078348,1
720575940643950190,720575940629978666,1
720575940643950190,720575940629921654,1
720575940643950190,720575940629789292,1
720575940643950190,720575940635498871,1
720575940643950190,720575940635614942,1
720575940643950190,720575940639684515,1
720575940608442633,720575940602553568,1
720575940643950190,720575940658795137,1
720575940643950190,720575940650260214,1
720575940643950190,720575940649012857,1
720575940643950190,720575940647739513,1
720575940643950190,720575940644592494,1
720575940643950190,720575940639846488,1
720575940643950190,720575940639733211,1
720575940643950190,720575940639593587,1
720575940643950190,720575940636242039,1
720575940643950190,720575940639258613,1
720575940643950190,720575940639071029,1
720575940643950190,720575940637746520,1
720575940643950190,720575940637725272,1
720575940643950190,720575940637446622,1
720575940643950190,720575940637404750,1
720575940643950190,720575940636291429,1
720575940643950190,720575940629271596,1
720575940643950190,720575940629088450,1
720575940643950190,720575940620176237,1
720575940643950190,720575940628975482,1
720575940643950190,720575940623542972,1
720575940643950190,720575940623400189,1
720575940643950190,720575940623328231,1
720575940643950190,720575940623171847,1
720575940643950190,720575940622976973,1
720575940643950190,720575940622928397,1
720575940643950190,720575940622771082,1
720575940643950190,720575940622694182,1
720575940643950190,720575940622228812,1
720575940643950190,720575940622013564,1
720575940643950190,720575940621516179,1
720575940643950190,720575940621491696,1
720575940643950190,720575940621471732,1
720575940643950190,720575940621322534,1
720575940643950190,720575940621121206,1
720575940643950190,720575940621087408,1
720575940643950190,720575940620828912,1
720575940643950190,720575940620682662,1
720575940643950190,720575940620603245,1
720575940643950190,720575940624302008,1
720575940643950190,720575940626535434,1
720575940643950190,720575940628491792,1
720575940643950190,720575940628398295,1
720575940643950190,720575940628375255,1
720575940643950190,720575940628201259,1
720575940643950190,720575940627493653,1
720575940643950190,720575940626364401,1
720575940643950190,720575940624494373,1
720575940643950190,720575940625942590,1
720575940643950190,720575940625780648,1
720575940643950190,720575940625532689,1
720575940643950190,720575940625331006,1
720575940643950190,720575940624941326,1
720575940643950190,720575940624584579,1
720575940643950190,720575940624494996,1
720575940612643954,720575940626226690,1
720575940612643954,720575940626403400,1
720575940612755618,720575940639057085,1
720575940612755618,720575940637949161,1
720575940612755618,720575940637756349,1
720575940612755618,720575940637714264,1
720575940612755618,720575940637446622,1
720575940612755618,720575940637169998,1
720575940612755618,720575940636513882,1
720575940612755618,720575940634468463,1
720575940612755618,720575940634235744,1
720575940612755618,720575940632735021,1
720575940612755618,720575940632358564,1
720575940612755618,720575940632077127,1
720575940612755618,720575940631686308,1
720575940612755618,720575940631625272,1
720575940612755618,720575940631624761,1
720575940612755618,720575940631336930,1
720575940612755618,720575940639069493,1
720575940612755618,720575940622594601,1
720575940612755618,720575940639593587,1
720575940613338152,720575940608662574,1
720575940613338152,720575940608633134,1
720575940613338152,720575940607981636,1
720575940613338152,720575940606864341,1
720575940613338152,720575940606483723,1
720575940613338152,720575940605627057,1
720575940613338152,720575940605180337,1
720575940613338152,720575940604806345,1
720575940612755618,720575940650260214,1
720575940612755618,720575940647739513,1
720575940612755618,720575940644805143,1
720575940612755618,720575940644710964,1
720575940612755618,720575940643547296,1
720575940612755618,720575940639903696,1
720575940612755618,720575940630935570,1
720575940612755618,720575940630039547,1
720575940612755618,720575940625532689,1
720575940612755618,720575940625476708,1
720575940612755618,720575940625454640,1
720575940612755618,720575940624941326,1
720575940612755618,720575940624465900,1
720575940612755618,720575940623985189,1
720575940612755618,720575940623977545,1
720575940612755618,720575940623105023,1
720575940612755618,720575940623067942,1
720575940612755618,720575940623010253,1
720575940612755618,720575940623008440,1
720575940612755618,720575940622981902,1
720575940612755618,720575940622976973,1
720575940612755618,720575940622844003,1
720575940612755618,720575940622800653,1
720575940612755618,720575940622773784,1
720575940612755618,720575940625786899,1
720575940612755618,720575940626702232,1
720575940612755618,720575940628412892,1
720575940612755618,720575940629951292,1
720575940612755618,720575940629836087,1
720575940612755618,720575940629693239,1
720575940612755618,720575940628983963,1
720575940612755618,720575940628447491,1
720575940612755618,720575940628415079,1
720575940612755618,720575940628350211,1
720575940612755618,720575940626820395,1
720575940612755618,720575940628269391,1
720575940612755618,720575940628120655,1
720575940612755618,720575940627479829,1
720575940612755618,720575940627450385,1
720575940612755618,720575940627426837,1
720575940613338152,720575940609979505,1
720575940613338152,720575940610347929,1
720575940613338152,720575940610386661,1
720575940613338152,720575940622861971,1
720575940613338152,720575940622637804,1
720575940613338152,720575940622133206,1
720575940613338152,720575940622005025,1
720575940613338152,720575940621321001,1
720575940613338152,720575940621174192,1
720575940613338152,720575940620816961,1
720575940613338152,720575940620685436,1
720575940613338152,720575940620356800,1
720575940613338152,720575940620354849,1
720575940613338152,720575940623356493,1
720575940613338152,720575940623978789,1
720575940613338152,720575940624054675,1
720575940613338152,720575940626212625,1
720575940613338152,720575940625837060,1
720575940613338152,720575940625508400,1
720575940613338152,720575940624112058,1
720575940613338152,720575940625171289,1
720575940613338152,720575940625023869,1
720575940613338152,720575940624852120,1
720575940613338152,720575940624158650,1
720575940613338152,720575940624125114,1
720575940613338152,720575940620058236,1
720575940613338152,720575940619977566,1
720575940613338152,720575940616589888,1
720575940613338152,720575940615896989,1
720575940613338152,720575940615728102,1
720575940613338152,720575940614744991,1
720575940613338152,720575940613799436,1
720575940613338152,720575940613540767,1
720575940613338152,720575940613284063,1
720575940613338152,720575940612091601,1
720575940613338152,720575940611664281,1
720575940613338152,720575940611586453,1
720575940613338152,720575940617021441,1
720575940613338152,720575940617516760,1
720575940613338152,720575940619808756,1
720575940613338152,720575940619693003,1
720575940613338152,720575940619668212,1
720575940613338152,720575940619630207,1
720575940613338152,720575940619404982,1
720575940613338152,720575940619041133,1
720575940613338152,720575940617605154,1
720575940613338152,720575940618894246,1
720575940613338152,720575940618779118,1
720575940613338152,720575940618359745,1
720575940613338152,720575940617878080,1
720575940613338152,720575940617708747,1
720575940613338152,720575940617650722,1
720575940612755618,720575940622669508,1
720575940612755618,720575940621892829,1
720575940612643954,720575940627245701,1
720575940610181496,720575940622302488,1
720575940610181496,720575940620603245,1
720575940610181496,720575940620457904,1
720575940610181496,720575940620012321,1
720575940610181496,720575940619866657,1
720575940610181496,720575940618339777,1
720575940610181496,720575940618015773,1
720575940610181496,720575940617473748,1
720575940610181496,720575940622305304,1
720575940612755618,720575940621872645,1
720575940610181496,720575940622348424,1
720575940610181496,720575940626779398,1
720575940610181496,720575940625901002,1
720575940610181496,720575940625311418,1
720575940610181496,720575940623946988,1
720575940610181496,720575940623016644,1
720575940610181496,720575940622768266,1
720575940610181496,720575940616245365,1
720575940610181496,720575940615243020,1
720575940610181496,720575940614845802,1
720575940612643954,720575940636991856,1
720575940612643954,720575940635953343,1
720575940612643954,720575940635033701,1
720575940612643954,720575940634006355,1
720575940612643954,720575940632210145,1
720575940612643954,720575940631879193,1
720575940612643954,720575940630159939,1
720575940612643954,720575940629164283,1
720575940612643954,720575940628404188,1
720575940612643954,720575940627920071,1
720575940612643954,720575940627573659,1
720575940612643954,720575940637508698,1
720575940612643954,720575940637726180,1
720575940610181496,720575940614544034,1
720575940610181496,720575940611771029,1
720575940610181496,720575940611210865,1
720575940612643954,720575940639157968,1
720575940610181496,720575940610029432,1
720575940610181496,720575940606893186,1
720575940612643954,720575940643404744,1
720575940612643954,720575940642162573,1
720575940610181496,720575940627282002,1
720575940610181496,720575940627483413,1
720575940612755618,720575940618905766,1
720575940612755618,720575940618746747,1
720575940612755618,720575940618245569,1
720575940612755618,720575940618015773,1
720575940612755618,720575940617390036,1
720575940612755618,720575940616588608,1
720575940612755618,720575940616569227,1
720575940612755618,720575940616105302,1
720575940612755618,720575940615544249,1
720575940612755618,720575940615476667,1
720575940612755618,720575940615373398,1
720575940612755618,720575940615356347,1
720575940612755618,720575940615323990,1
720575940612755618,720575940614778454,1
720575940612755618,720575940614447922,1
720575940612755618,720575940618994880,1
720575940612755618,720575940619036911,1
720575940612755618,720575940619038061,1
720575940612755618,720575940620576494,1
720575940612755618,720575940621810871,1
720575940612755618,720575940621763767,1
720575940612755618,720575940621581802,1
720575940612755618,720575940621516179,1
720575940612755618,720575940621504269,1
720575940612755618,720575940619154891,1
720575940612755618,720575940620226729,1
720575940612755618,720575940619995418,1
720575940612755618,720575940619828359,1
720575940612755618,720575940619769008,1
720575940612755618,720575940619723088,1
720575940612755618,720575940619701631,1
720575940612755618,720575940619658433,1
720575940612755618,720575940619434887,1
720575940612755618,720575940613797295,1
720575940612755618,720575940613358658,1
720575940610181496,720575940632849069,1
720575940610181496,720575940632123439,1
720575940610181496,720575940630109756,1
720575940610181496,720575940629515306,1
720575940610181496,720575940629332606,1
720575940610181496,720575940628076038,1
720575940610181496,720575940635803876,1
720575940610181496,720575940635884143,1
720575940612755618,720575940607763467,1
720575940612755618,720575940612450730,1
720575940612755618,720575940611748594,1
720575940612755618,720575940611733997,1
720575940612755618,720575940611310894,1
720575940612755618,720575940609694818,1
720575940612755618,720575940609169762,1
720575940612755618,720575940608662485,1
720575940610181496,720575940636636486,1
720575940612755618,720575940606621362,1
720575940612755618,720575940605792946,1
720575940612755618,720575940605550950,1
720575940612755618,720575940605407846,1
720575940612755618,720575940604999526,1
720575940612755618,720575940604997152,1
720575940612755618,720575940603045804,1
720575940610181496,720575940650260214,1
720575940610181496,720575940644583534,1
720575940625615248,720575940631835673,1
