pre,post,weight
720575940644413732,720575940621861637,18
720575940606902741,720575940618943389,16
720575940606698697,720575940621861637,15
720575940633552820,720575940618943389,14
720575940613353538,720575940618943389,13
720575940612668018,720575940618943389,13
720575940620333958,720575940621861637,12
720575940619897734,720575940621861637,12
720575940612728466,720575940618943389,11
720575940625023869,720575940618943389,11
720575940609104579,720575940618943389,11
720575940630331244,720575940621861637,11
720575940648235641,720575940618943389,11
720575940627230986,720575940631758393,11
720575940620465996,720575940618943389,10
720575940622784611,720575940618943389,10
720575940628826873,720575940621861637,10
720575940628071409,720575940631758393,10
720575940620126076,720575940631758393,10
720575940606892674,720575940617242841,10
720575940629638211,720575940618943389,10
720575940625560189,720575940618943389,10
720575940632437331,720575940644146724,10
720575940626362696,720575940618943389,10
720575940639158480,720575940631758393,10
720575940607804939,720575940618943389,10
720575940621518218,720575940618943389,10
720575940628045318,720575940621861637,10
720575940618226245,720575940618943389,10
720575940608447241,720575940618943389,10
720575940627085578,720575940621861637,10
720575940660047489,720575940618943389,10
720575940625318163,720575940618943389,10
720575940637580659,720575940618943389,9
720575940609184210,720575940618943389,9
720575940632388138,720575940631758393,9
720575940642010056,720575940618943389,9
720575940619054027,720575940618943389,9
720575940646290979,720575940618943389,9
720575940619781620,720575940618943389,9
720575940619974689,720575940618943389,9
720575940608433476,720575940618943389,9
720575940614132667,720575940618943389,9
720575940610336610,720575940618943389,9
720575940652809377,720575940618943389,9
720575940621005044,720575940618943389,9
720575940630775891,720575940644146724,9
720575940639684515,720575940658674049,9
720575940607054770,720575940621861637,9
720575940632929178,720575940618943389,9
720575940628054839,720575940618943389,9
720575940617708747,720575940618943389,9
720575940626212625,720575940618943389,9
720575940609163986,720575940630446329,9
720575940621762330,720575940621861637,9
720575940630026856,720575940618943389,9
720575940633103059,720575940624661031,9
720575940607715420,720575940618943389,8
720575940628121287,720575940618943389,8
720575940631399978,720575940632107335,8
720575940626792778,720575940618943389,8
720575940618547280,720575940618943389,8
720575940606331996,720575940618943389,8
720575940618341952,720575940621861637,8
720575940606892674,720575940608071435,8
720575940606892674,720575940617691170,8
720575940617612578,720575940618943389,8
720575940625718696,720575940617691170,8
720575940621359142,720575940617691170,8
720575940631575599,720575940618943389,8
720575940612765846,720575940618943389,8
720575940630443791,720575940618943389,8
720575940612765846,720575940644146724,8
720575940617478427,720575940621861637,8
720575940621567472,720575940618943389,8
720575940632068383,720575940618943389,8
720575940638531637,720575940618943389,8
720575940616306210,720575940631758393,8
720575940628269628,720575940618943389,8
720575940628012332,720575940618943389,8
720575940622003316,720575940621861637,8
720575940621606755,720575940621861637,8
720575940638975285,720575940618943389,8
720575940654647457,720575940619917248,8
720575940618980299,720575940618943389,8
720575940628612112,720575940624661031,8
720575940643769544,720575940624661031,8
720575940621475085,720575940608186498,8
720575940627626244,720575940621861637,8
720575940618497216,720575940618943389,8
720575940625692816,720575940618943389,8
720575940649022841,720575940644146724,8
720575940630025788,720575940618943389,8
720575940609371086,720575940621861637,8
720575940626294090,720575940618943389,8
720575940619668212,720575940618943389,8
720575940622803850,720575940618943389,8
720575940637320381,720575940618943389,7
720575940622815684,720575940618943389,7
720575940625015070,720575940618943389,7
720575940637320381,720575940617691170,7
720575940628002822,720575940632107335,7
720575940648246649,720575940631758393,7
720575940608145877,720575940618943389,7
720575940612362663,720575940631758393,7
720575940626305028,720575940624661031,7
720575940626044924,720575940618943389,7
720575940620931750,720575940623082665,7
720575940622965944,720575940618943389,7
720575940621922398,720575940618943389,7
720575940630452388,720575940617691170,7
720575940642022088,720575940632344290,7
720575940618662939,720575940621861637,7
720575940626930947,720575940618943389,7
720575940620413355,720575940618943389,7
720575940628800762,720575940622950605,7
720575940603673120,720575940618943389,7
720575940627244699,720575940618943389,7
720575940630573260,720575940618943389,7
720575940631399978,720575940623082665,7
720575940637148486,720575940631758393,7
720575940630571980,720575940606196098,7
720575940637999950,720575940631758393,7
720575940623691920,720575940618943389,7
720575940628885591,720575940618943389,7
720575940622061803,720575940618943389,7
720575940605167025,720575940632107335,7
720575940614854294,720575940618943389,7
720575940610946070,720575940617691170,7
720575940612337203,720575940617691170,7
720575940648995705,720575940644146724,7
720575940645759523,720575940623082665,7
720575940613507946,720575940632107335,7
720575940622003316,720575940624661031,7
720575940624107706,720575940618943389,7
720575940629211666,720575940618943389,7
720575940629259638,720575940618943389,7
720575940629259638,720575940621861637,7
720575940631661281,720575940631758393,7
720575940631485251,720575940614629799,7
720575940620904780,720575940618943389,7
720575940621925417,720575940621861637,7
720575940634989560,720575940618943389,7
720575940626496275,720575940618943389,7
720575940659536257,720575940621861637,7
720575940619665023,720575940618943389,7
720575940632353499,720575940617691170,7
720575940621554815,720575940631758393,7
720575940617771521,720575940621861637,7
720575940618548975,720575940618943389,7
720575940618306112,720575940632344290,7
720575940615125307,720575940618943389,7
720575940621554815,720575940632107335,7
720575940636364133,720575940617691170,7
720575940618334145,720575940618943389,7
720575940634351200,720575940623082665,7
720575940632366623,720575940621861637,7
720575940624107755,720575940621861637,7
720575940631351619,720575940636659886,7
720575940603751782,720575940618943389,7
720575940626676120,720575940618943389,7
720575940630413087,720575940618943389,7
720575940614803286,720575940618943389,7
720575940617902676,720575940618943389,7
720575940641355739,720575940632107335,7
720575940644413732,720575940618943389,7
720575940622784611,720575940617691170,7
720575940625768073,720575940617691170,7
720575940621920452,720575940618943389,7
720575940623521806,720575940618943389,7
720575940606579465,720575940618943389,7
720575940630881989,720575940617691170,7
720575940612767126,720575940621861637,7
720575940622412838,720575940624661031,7
720575940634664674,720575940618943389,7
720575940620042375,720575940618943389,7
720575940610505621,720575940618943389,7
720575940619444139,720575940624859725,7
720575940622412838,720575940621861637,7
720575940654647457,720575940630446329,7
720575940632528671,720575940631758393,7
720575940633215339,720575940618943389,7
720575940612728466,720575940617691170,7
720575940606680706,720575940620497217,7
720575940624574922,720575940619917248,7
720575940619077217,720575940621861637,7
720575940618306112,720575940619917248,7
720575940630547916,720575940618943389,7
720575940630947395,720575940618943389,7
720575940624800188,720575940617691170,7
720575940625507888,720575940631758393,7
720575940631143383,720575940631758393,7
720575940605627057,720575940618943389,7
720575940641866912,720575940618943389,7
720575940636605530,720575940618943389,7
720575940626194716,720575940618943389,6
720575940623973961,720575940621861637,6
720575940626855171,720575940631758393,6
720575940618992449,720575940620922790,6
720575940658101121,720575940631758393,6
720575940615897501,720575940618943389,6
720575940625720341,720575940618943389,6
720575940618182535,720575940618943389,6
720575940621228894,720575940618943389,6
720575940607337155,720575940618943389,6
720575940632585043,720575940618943389,6
720575940628476716,720575940632107335,6
720575940639506749,720575940617691170,6
720575940627986220,720575940618943389,6
720575940614313996,720575940619917248,6
720575940628514156,720575940621861637,6
720575940650270710,720575940618943389,6
720575940639684515,720575940617903643,6
720575940634514533,720575940621861637,6
720575940616044850,720575940618943389,6
720575940626305679,720575940644146724,6
720575940626305679,720575940618943389,6
720575940609371086,720575940614629799,6
720575940631485251,720575940628996455,6
720575940606968450,720575940618943389,6
720575940609163986,720575940620922790,6
720575940632473440,720575940617691170,6
720575940629498306,720575940617691170,6
720575940606483723,720575940618943389,6
720575940636159039,720575940623082665,6
720575940609163986,720575940631758393,6
720575940637704765,720575940618943389,6
720575940613478422,720575940618943389,6
720575940619802539,720575940618943389,6
720575940623369668,720575940631758393,6
720575940613434178,720575940638163940,6
720575940613434178,720575940618943389,6
720575940623369668,720575940619917248,6
720575940630222895,720575940618943389,6
720575940626792778,720575940644146724,6
720575940630332753,720575940618943389,6
720575940613690031,720575940631758393,6
720575940619054027,720575940644146724,6
720575940612778646,720575940617691170,6
720575940614811222,720575940617691170,6
720575940615651014,720575940618943389,6
720575940617238457,720575940618943389,6
720575940643266852,720575940618943389,6
720575940625765306,720575940617691170,6
720575940630687827,720575940618943389,6
720575940649649529,720575940618943389,6
720575940618299712,720575940632107335,6
720575940618299712,720575940632344290,6
720575940629485354,720575940618943389,6
720575940628800762,720575940631758393,6
720575940625500304,720575940618943389,6
720575940628800762,720575940630446329,6
720575940626874097,720575940632107335,6
720575940626651288,720575940618943389,6
720575940631967575,720575940621861637,6
720575940632528671,720575940632107335,6
720575940618036509,720575940631758393,6
720575940614822506,720575940631758393,6
720575940615481489,720575940618943389,6
720575940625570334,720575940617691170,6
720575940619254448,720575940632107335,6
720575940631498819,720575940631758393,6
720575940615270962,720575940618943389,6
720575940631351619,720575940631758393,6
720575940614229415,720575940631758393,6
720575940630139599,720575940619506993,6
720575940644747572,720575940618943389,6
720575940608281180,720575940631758393,6
720575940616878238,720575940617691170,6
720575940615401433,720575940618943389,6
720575940629792620,720575940617691170,6
720575940605036418,720575940618943389,6
720575940628788496,720575940619917248,6
720575940610386661,720575940617691170,6
720575940644609134,720575940618943389,6
720575940630780755,720575940624859725,6
720575940621178206,720575940618943389,6
720575940630436603,720575940618943389,6
720575940632144813,720575940620922790,6
720575940636519598,720575940619917248,6
720575940639727067,720575940629579836,6
720575940608655918,720575940607511900,6
720575940619404982,720575940618943389,6
720575940629765647,720575940632107335,6
720575940624054675,720575940618943389,6
720575940606454108,720575940618943389,6
720575940619630207,720575940623082665,6
720575940610952089,720575940632107335,6
720575940627851008,720575940618943389,6
720575940604934572,720575940618943389,6
720575940613776543,720575940632107335,6
720575940627332100,720575940617691170,6
720575940629259638,720575940624661031,6
720575940635153294,720575940632107335,6
720575940630775891,720575940621861637,6
720575940638975285,720575940621861637,6
720575940634638734,720575940618943389,6
720575940620700769,720575940621861637,6
720575940619938998,720575940618943389,6
720575940622565887,720575940618943389,6
720575940636677190,720575940618943389,6
720575940633074015,720575940618943389,6
720575940627587078,720575940618943389,6
720575940616887966,720575940618943389,6
720575940637225798,720575940632344290,6
720575940645828740,720575940618943389,6
720575940626343665,720575940617691170,6
720575940620892877,720575940618943389,6
720575940633551028,720575940618943389,6
720575940630456996,720575940618943389,6
720575940625156901,720575940617691170,6
720575940622075274,720575940632344290,6
720575940623978789,720575940618943389,6
720575940624453868,720575940623082665,6
720575940623014328,720575940632344290,6
720575940611802330,720575940618943389,6
720575940625561374,720575940631758393,6
720575940627987756,720575940618943389,6
720575940644554606,720575940623082665,6
720575940644554606,720575940618943389,6
720575940644479267,720575940618943389,6
720575940613727399,720575940631758393,6
720575940605362610,720575940644146724,6
720575940614862230,720575940632107335,6
720575940633226603,720575940618943389,6
720575940622217033,720575940618943389,6
720575940629507706,720575940644146724,6
720575940618306112,720575940632107335,6
720575940612362663,720575940630794703,6
720575940618844353,720575940632107335,6
720575940605817522,720575940632107335,6
720575940622836455,720575940618943389,6
720575940625171289,720575940618943389,6
720575940620051580,720575940618943389,6
720575940624704002,720575940618943389,5
720575940628999579,720575940616682838,5
720575940624327196,720575940653360289,5
720575940606864341,720575940617691170,5
720575940642108301,720575940631758393,5
720575940604806345,720575940618943389,5
720575940620041125,720575940617691170,5
720575940626676120,720575940635356316,5
720575940629140071,720575940618943389,5
720575940628999579,720575940624317419,5
720575940630146135,720575940617691170,5
720575940620685436,720575940618943389,5
720575940622003316,720575940618943389,5
720575940615481489,720575940624859725,5
720575940621606755,720575940644146724,5
720575940621250486,720575940621861637,5
720575940627264488,720575940617691170,5
720575940621606755,720575940624661031,5
720575940606680706,720575940631758393,5
720575940625328915,720575940621861637,5
720575940612763542,720575940632107335,5
720575940626953732,720575940630691159,5
720575940630775891,720575940628996455,5
720575940633886765,720575940618943389,5
720575940632371040,720575940631758393,5
720575940635153294,720575940631758393,5
720575940606680706,720575940630446329,5
720575940621606755,720575940618943389,5
720575940617650722,720575940613338152,5
720575940624647299,720575940618943389,5
720575940613776543,720575940631758393,5
720575940615728102,720575940618943389,5
720575940605083838,720575940617691170,5
720575940619078592,720575940618943389,5
720575940620124028,720575940618943389,5
720575940617926198,720575940618943389,5
720575940631967575,720575940617691170,5
720575940621700190,720575940629579836,5
720575940614744991,720575940617691170,5
720575940610946730,720575940617691170,5
720575940633226603,720575940621861637,5
720575940632951266,720575940635356316,5
720575940637580659,720575940644146724,5
720575940630385403,720575940618943389,5
720575940633785369,720575940608071435,5
720575940630411535,720575940631758393,5
720575940619090529,720575940624859725,5
720575940619090529,720575940618943389,5
720575940622402311,720575940618943389,5
720575940622402311,720575940617691170,5
720575940638053865,720575940631758393,5
720575940613383633,720575940617691170,5
720575940624676414,720575940631758393,5
720575940621321001,720575940617691170,5
720575940622222921,720575940618943389,5
720575940646682932,720575940618943389,5
720575940630764741,720575940618943389,5
720575940613434178,720575940617691170,5
720575940610140378,720575940618943389,5
720575940622228812,720575940617691170,5
720575940631453763,720575940617691170,5
720575940626363791,720575940631758393,5
720575940608505795,720575940619506993,5
720575940626742866,720575940618943389,5
720575940619695553,720575940617691170,5
720575940608191836,720575940621861637,5
720575940608191836,720575940618943389,5
720575940628531308,720575940618943389,5
720575940634920543,720575940618943389,5
720575940627778564,720575940618943389,5
720575940630879533,720575940618943389,5
720575940622781389,720575940632107335,5
720575940626694479,720575940617691170,5
720575940634362999,720575940618943389,5
720575940620959256,720575940617691170,5
720575940626919409,720575940623082665,5
720575940626803279,720575940619917248,5
720575940621359142,720575940618943389,5
720575940617516760,720575940618943389,5
720575940624676414,720575940616682838,5
720575940631975379,720575940618943389,5
720575940620998424,720575940618943389,5
720575940620577652,720575940632107335,5
720575940608774776,720575940618943389,5
720575940622103275,720575940617691170,5
720575940620713129,720575940617691170,5
720575940639727067,720575940617691170,5
720575940625126448,720575940624661031,5
720575940632144813,720575940630446329,5
720575940630651223,720575940632107335,5
720575940632528671,720575940632344290,5
720575940625720341,720575940624661031,5
720575940649650041,720575940632107335,5
720575940625163139,720575940623082665,5
720575940617321243,720575940625926693,5
720575940632725459,720575940623082665,5
720575940610147826,720575940618943389,5
720575940659536257,720575940618943389,5
720575940624800188,720575940618943389,5
720575940636519598,720575940631758393,5
720575940631620921,720575940621082996,5
720575940606892162,720575940618943389,5
720575940624989214,720575940616682838,5
720575940617456798,720575940617691170,5
720575940620407628,720575940617691170,5
720575940628367836,720575940619917248,5
720575940630547916,720575940623082665,5
720575940635016048,720575940618943389,5
720575940652809377,720575940613338152,5
720575940625507888,720575940632344290,5
720575940624596355,720575940617691170,5
720575940612896106,720575940618943389,5
720575940626621498,720575940617691170,5
720575940615897245,720575940618943389,5
720575940625323326,720575940617691170,5
720575940654752417,720575940618943389,5
720575940630425119,720575940621861637,5
720575940633908124,720575940618943389,5
720575940617924432,720575940618943389,5
720575940631678689,720575940618943389,5
720575940631678689,720575940617691170,5
720575940618691742,720575940631758393,5
720575940626896643,720575940620922790,5
720575940628533356,720575940608186498,5
720575940631336930,720575940631758393,5
720575940625002526,720575940632107335,5
720575940626510211,720575940618943389,5
720575940625781541,720575940636659886,5
720575940625781541,720575940631758393,5
720575940612796786,720575940631758393,5
720575940613460034,720575940619506993,5
720575940621839086,720575940623082665,5
720575940620996621,720575940632107335,5
720575940611802330,720575940617691170,5
720575940625665564,720575940618943389,5
720575940613041123,720575940630446329,5
720575940610773714,720575940608442633,5
720575940636675817,720575940646288419,5
720575940628002822,720575940630498811,5
720575940639686232,720575940630446329,5
720575940635659486,720575940618943389,5
720575940629725711,720575940617691170,5
720575940626874097,720575940620922790,5
720575940607030281,720575940617691170,5
720575940631237433,720575940619506993,5
720575940634977893,720575940618943389,5
720575940609153746,720575940618943389,5
720575940611660714,720575940618943389,5
720575940628711631,720575940617691170,5
720575940606483467,720575940618943389,5
720575940611660714,720575940635356316,5
720575940613797295,720575940632107335,5
720575940623582904,720575940618943389,5
720575940629319106,720575940618943389,5
720575940617866048,720575940617691170,5
720575940609371086,720575940618943389,5
720575940621121140,720575940632107335,5
720575940621770010,720575940614629799,5
720575940614428722,720575940617691170,5
720575940620109191,720575940618943389,5
720575940610358501,720575940618943389,5
720575940630063671,720575940617691170,5
720575940624107755,720575940618943389,5
720575940632366623,720575940618943389,5
720575940633103059,720575940644146724,5
720575940620434671,720575940618943389,5
720575940633103059,720575940621861637,5
720575940644472100,720575940619917248,5
720575940652837793,720575940631758393,5
720575940622075274,720575940623979593,5
720575940619960926,720575940636659886,5
720575940644413732,720575940614629799,5
720575940630300613,720575940631758393,5
720575940622633203,720575940618943389,5
720575940621413158,720575940631758393,5
720575940618544623,720575940617691170,5
720575940613593503,720575940618943389,5
720575940613540767,720575940618943389,5
720575940629917482,720575940618943389,5
720575940625732496,720575940618943389,5
720575940618526912,720575940620423533,5
720575940617478427,720575940618943389,5
720575940603773798,720575940620922790,5
720575940620274497,720575940617691170,5
720575940629814060,720575940623082665,5
720575940618292939,720575940618943389,5
720575940603773798,720575940631758393,5
720575940633146475,720575940632107335,5
720575940639506749,720575940618943389,5
720575940628309186,720575940635356316,5
720575940614313996,720575940632107335,5
720575940604489649,720575940631758393,5
720575940615136059,720575940618943389,5
720575940618992449,720575940619917248,5
720575940633140887,720575940618943389,5
720575940620578269,720575940618943389,5
720575940631782712,720575940631758393,5
720575940619026241,720575940631844492,5
720575940606666953,720575940632344290,5
720575940610690162,720575940618943389,5
720575940629765647,720575940631758393,5
720575940626657808,720575940618943389,5
720575940614899851,720575940618943389,5
720575940620403649,720575940618943389,5
720575940617941046,720575940618943389,5
720575940637754019,720575940617691170,5
720575940605180337,720575940618943389,5
720575940608621614,720575940618943389,5
720575940621090659,720575940618943389,5
720575940631801401,720575940617691170,5
720575940616588683,720575940617691170,5
720575940625317139,720575940632107335,5
720575940636665262,720575940631758393,5
720575940613563187,720575940617691170,5
720575940627097361,720575940618943389,5
720575940629036997,720575940632344290,5
720575940625939801,720575940618943389,5
720575940619060321,720575940618943389,5
720575940629108094,720575940617691170,5
720575940625158437,720575940618943389,5
720575940612337203,720575940618943389,5
720575940619435399,720575940618943389,5
720575940625290003,720575940618943389,5
720575940612924522,720575940629579836,5
720575940647714425,720575940618943389,5
720575940648995705,720575940623082665,5
720575940629365804,720575940618943389,5
720575940648995705,720575940618943389,5
720575940625290003,720575940624859725,5
720575940628514156,720575940614629799,5
720575940630026600,720575940613338152,5
720575940639684515,720575940642603464,5
720575940639684515,720575940608071435,5
720575940630878253,720575940618943389,5
720575940638472006,720575940631758393,5
720575940627089930,720575940631758393,5
720575940620351838,720575940618943389,5
720575940622595827,720575940620423533,5
720575940628514156,720575940618943389,5
720575940639684515,720575940621085622,5
720575940609941653,720575940644146724,5
720575940603747616,720575940636659886,5
720575940612240918,720575940631758393,5
720575940603747616,720575940619917248,5
720575940603747616,720575940632107335,5
720575940645390468,720575940618943389,5
720575940617750173,720575940618943389,5
720575940621023809,720575940646288419,5
720575940633073760,720575940618943389,5
720575940621541514,720575940617691170,5
720575940620276801,720575940617691170,5
720575940625508400,720575940617691170,5
720575940605036418,720575940617691170,5
720575940624601236,720575940631758393,5
720575940609163986,720575940620497217,5
720575940609163986,720575940632107335,5
720575940630450852,720575940631758393,5
720575940629515306,720575940631758393,5
720575940633093483,720575940617691170,5
720575940628404188,720575940623082665,5
720575940618203783,720575940618943389,5
720575940621023809,720575940636461710,5
720575940611664281,720575940618943389,5
720575940635150990,720575940617691170,5
720575940628045318,720575940614629799,5
720575940616589888,720575940623082665,5
720575940630906029,720575940617691170,5
720575940606452681,720575940650745977,5
720575940635656670,720575940650745977,5
720575940625377688,720575940618943389,5
720575940618258742,720575940618943389,5
720575940626834762,720575940619506993,5
720575940637526750,720575940618943389,5
720575940620746093,720575940618943389,5
720575940624648067,720575940618943389,5
720575940617166749,720575940617691170,5
720575940627573659,720575940631758393,5
720575940633552820,720575940621861637,5
720575940628188732,720575940618943389,5
720575940626226690,720575940631758393,5
720575940628695414,720575940618943389,5
720575940612362663,720575940632107335,5
720575940640905205,720575940617691170,5
720575940628694991,720575940623082665,5
720575940618844353,720575940630446329,5
720575940624660313,720575940623082665,5
720575940631549743,720575940631758393,5
720575940607993668,720575940618943389,5
720575940631879193,720575940623082665,5
720575940618341952,720575940624661031,5
720575940621561226,720575940617691170,4
720575940609143672,720575940632107335,4
720575940618210251,720575940634953079,4
720575940637773117,720575940618943389,4
720575940619742656,720575940618943389,4
720575940615894173,720575940629579836,4
720575940625942458,720575940630691159,4
720575940605036418,720575940620576238,4
720575940636447630,720575940618943389,4
720575940622191177,720575940617691170,4
720575940620333958,720575940618943389,4
720575940626547817,720575940621216982,4
720575940630078348,720575940617691170,4
720575940620126076,720575940636659886,4
720575940636991856,720575940619506993,4
720575940620333958,720575940644146724,4
720575940611946482,720575940617691170,4
720575940618184839,720575940639358579,4
720575940629725711,720575940631198776,4
720575940608148693,720575940632107335,4
720575940629166587,720575940617691170,4
720575940637225798,720575940630446329,4
720575940617878080,720575940618943389,4
720575940626779398,720575940617691170,4
720575940626779398,720575940608071435,4
720575940637225798,720575940636659886,4
720575940606680706,720575940632107335,4
720575940621892122,720575940617691170,4
720575940633043295,720575940617691170,4
720575940629417728,720575940618943389,4
720575940626277382,720575940618943389,4
720575940624574922,720575940620922790,4
720575940624574922,720575940620497217,4
720575940617650722,720575940618943389,4
720575940617650722,720575940617691170,4
720575940620235968,720575940617691170,4
720575940621925417,720575940618943389,4
720575940619713200,720575940617691170,4
720575940613532831,720575940618943389,4
720575940621648008,720575940631758393,4
720575940618526912,720575940618943389,4
720575940624125114,720575940618943389,4
720575940632583831,720575940618943389,4
720575940608772821,720575940618943389,4
720575940625261834,720575940616312949,4
720575940614428722,720575940618943389,4
720575940654647457,720575940632344290,4
720575940613954769,720575940632107335,4
720575940623171847,720575940617691170,4
720575940620403649,720575940606196098,4
720575940626651288,720575940617691170,4
720575940632164269,720575940634953079,4
720575940635541623,720575940617691170,4
720575940619713200,720575940623082665,4
720575940622112636,720575940617691170,4
720575940620058236,720575940624859725,4
720575940612339810,720575940629579836,4
720575940627741562,720575940617691170,4
720575940632144813,720575940622950605,4
720575940631620921,720575940608442633,4
720575940621786295,720575940617691170,4
720575940638561102,720575940623082665,4
720575940624800188,720575940621861637,4
720575940613738415,720575940623082665,4
720575940628312049,720575940636659886,4
720575940613738415,720575940626455326,4
720575940628312049,720575940631758393,4
720575940634000495,720575940618943389,4
720575940607971908,720575940618943389,4
720575940632144813,720575940631758393,4
720575940617771521,720575940618943389,4
720575940612240918,720575940623082665,4
720575940625497488,720575940621216982,4
720575940617855133,720575940619402576,4
720575940623351443,720575940620922790,4
720575940618306112,720575940631758393,4
720575940636519598,720575940620497217,4
720575940636560730,720575940632107335,4
720575940626251778,720575940617691170,4
720575940629335115,720575940618943389,4
720575940611960872,720575940620922790,4
720575940621700190,720575940618943389,4
720575940616964766,720575940617691170,4
720575940620124028,720575940613338152,4
720575940631017932,720575940613338152,4
720575940631017932,720575940618943389,4
720575940628887887,720575940617691170,4
720575940627700484,720575940607287561,4
720575940627700484,720575940608442633,4
720575940617940048,720575940608442633,4
720575940614306814,720575940631758393,4
720575940622595827,720575940617691170,4
720575940631967575,720575940618943389,4
720575940614890902,720575940607511900,4
720575940615816754,720575940617691170,4
720575940640292571,720575940634953079,4
720575940625600048,720575940631758393,4
720575940604630496,720575940618943389,4
720575940610210034,720575940618943389,4
720575940613272799,720575940618943389,4
720575940619055969,720575940618943389,4
720575940624989214,720575940623082665,4
720575940637148486,720575940623082665,4
720575940636135543,720575940617145561,4
720575940625560189,720575940610523746,4
720575940626226690,720575940632107335,4
720575940624396524,720575940618943389,4
720575940624989214,720575940625931266,4
720575940630456996,720575940617691170,4
720575940612740886,720575940630794703,4
720575940630456996,720575940623082665,4
720575940629973753,720575940632107335,4
720575940629973753,720575940623082665,4
720575940622673703,720575940617691170,4
720575940633466524,720575940616312949,4
720575940620816961,720575940617691170,4
720575940604630496,720575940617691170,4
720575940625163139,720575940616682838,4
720575940612740886,720575940623082665,4
720575940630269404,720575940627644584,4
720575940615728102,720575940617691170,4
720575940612372650,720575940632107335,4
720575940614311842,720575940617691170,4
720575940624663427,720575940631758393,4
720575940643769544,720575940628996455,4
720575940611686809,720575940617691170,4
720575940646290979,720575940639358579,4
720575940639686232,720575940632107335,4
720575940618339777,720575940617691170,4
720575940611960872,720575940630446329,4
720575940609066030,720575940632107335,4
720575940621225910,720575940618943389,4
720575940626089980,720575940618943389,4
720575940625937797,720575940631758393,4
720575940625354904,720575940631758393,4
720575940632437331,720575940621861637,4
720575940621225910,720575940635356316,4
720575940652822945,720575940617691170,4
720575940652822945,720575940650745977,4
720575940608550409,720575940618943389,4
720575940637526750,720575940626878460,4
720575940619652555,720575940624859725,4
720575940623691920,720575940620576238,4
720575940624599939,720575940618943389,4
720575940605507249,720575940617691170,4
720575940627908624,720575940617691170,4
720575940609651554,720575940632107335,4
720575940624014077,720575940617691170,4
720575940616955229,720575940632107335,4
720575940610386661,720575940613338152,4
720575940608386315,720575940617691170,4
720575940605507249,720575940618943389,4
720575940624626563,720575940617691170,4
720575940626586823,720575940654661281,4
720575940644609134,720575940614293485,4
720575940615671494,720575940618943389,4
720575940627085578,720575940617691170,4
720575940649022841,720575940621861637,4
720575940649022841,720575940628996455,4
720575940629532098,720575940631758393,4
720575940624107755,720575940624661031,4
720575940621863006,720575940631758393,4
720575940621121140,720575940608442633,4
720575940627085578,720575940618943389,4
720575940617982800,720575940629579836,4
720575940618572422,720575940646288419,4
720575940617982800,720575940618943389,4
720575940636114239,720575940631758393,4
720575940619864912,720575940623082665,4
720575940614229758,720575940623082665,4
720575940641889952,720575940617691170,4
720575940609163986,720575940619917248,4
720575940614229758,720575940632107335,4
720575940612728466,720575940624661031,4
720575940611001061,720575940617691170,4
720575940634235744,720575940631758393,4
720575940618572422,720575940632107335,4
720575940623973961,720575940644146724,4
720575940632528671,720575940630446329,4
720575940623973961,720575940618943389,4
720575940629270060,720575940631758393,4
720575940632510048,720575940617691170,4
720575940622075274,720575940631758393,4
720575940606496011,720575940631758393,4
720575940631408610,720575940618943389,4
720575940617090082,720575940618943389,4
720575940619808756,720575940618943389,4
720575940644472100,720575940631758393,4
720575940619808756,720575940635356316,4
720575940607010825,720575940631576903,4
720575940606483723,720575940635356316,4
720575940637508698,720575940616682838,4
720575940637190990,720575940617691170,4
720575940619842580,720575940616312949,4
720575940619723088,720575940631758393,4
720575940606483723,720575940623082665,4
720575940627776450,720575940617691170,4
720575940615134918,720575940635356316,4
720575940616887966,720575940650745977,4
720575940648995705,720575940635356316,4
720575940619672656,720575940637390302,4
720575940631603267,720575940630446329,4
720575940631603267,720575940632107335,4
720575940623965513,720575940632344290,4
720575940621391636,720575940618943389,4
720575940623554748,720575940632107335,4
720575940612924522,720575940618943389,4
720575940626864414,720575940612623474,4
720575940618657334,720575940632107335,4
720575940610952089,720575940632344290,4
720575940629202167,720575940618943389,4
720575940610952089,720575940631758393,4
720575940646646148,720575940618943389,4
720575940627295802,720575940631758393,4
720575940617734603,720575940618943389,4
720575940607337155,720575940631198776,4
720575940621228894,720575940617691170,4
720575940630651223,720575940631758393,4
720575940627158098,720575940646288419,4
720575940620474582,720575940624859725,4
720575940622204157,720575940616682838,4
720575940613954769,720575940636461710,4
720575940641889952,720575940618943389,4
720575940622932809,720575940635356316,4
720575940632164269,720575940618943389,4
720575940610580377,720575940621861637,4
720575940611704813,720575940635356316,4
720575940619682625,720575940607287561,4
720575940630067816,720575940631198776,4
720575940624994941,720575940619917248,4
720575940622888205,720575940624859725,4
720575940622335112,720575940623082665,4
720575940628842839,720575940618943389,4
720575940626621498,720575940618943389,4
720575940603674656,720575940618943389,4
720575940618849841,720575940636309093,4
720575940623015694,720575940622701808,4
720575940608662574,720575940620423533,4
720575940608662574,720575940618943389,4
720575940622670835,720575940619917248,4
720575940629036997,720575940631758393,4
720575940614148283,720575940617691170,4
720575940621924615,720575940635356316,4
720575940621882401,720575940618943389,4
720575940619156565,720575940617691170,4
720575940627003547,720575940618943389,4
720575940630525967,720575940618943389,4
720575940633570808,720575940617691170,4
720575940619430326,720575940623082665,4
720575940630537676,720575940618943389,4
720575940619430326,720575940618943389,4
720575940619430326,720575940617691170,4
720575940620282758,720575940617691170,4
720575940610336610,720575940617691170,4
720575940633312482,720575940617691170,4
720575940630419364,720575940623082665,4
720575940630555340,720575940618943389,4
720575940637846618,720575940638163940,4
720575940629328591,720575940631758393,4
720575940631782712,720575940632107335,4
720575940626657808,720575940617691170,4
720575940620020257,720575940623082665,4
720575940609871253,720575940617691170,4
720575940614313996,720575940632344290,4
720575940630180935,720575940616312949,4
720575940616588683,720575940624859725,4
720575940628975482,720575940617691170,4
720575940622398728,720575940618943389,4
720575940619147349,720575940617691170,4
720575940630180935,720575940631758393,4
720575940615696070,720575940618943389,4
720575940614313996,720575940620922790,4
720575940628071409,720575940632344290,4
720575940615571601,720575940632107335,4
720575940637869028,720575940618943389,4
720575940623488270,720575940617691170,4
720575940628012332,720575940629579836,4
720575940621538431,720575940631758393,4
720575940618841910,720575940617691170,4
720575940621321412,720575940647165828,4
720575940618470383,720575940624317419,4
720575940621178206,720575940613338152,4
720575940626194716,720575940629579836,4
720575940620143525,720575940631758393,4
720575940618544623,720575940618943389,4
720575940614240766,720575940631758393,4
720575940625584688,720575940635356316,4
720575940625692816,720575940617691170,4
720575940629917482,720575940635356316,4
720575940609921230,720575940623082665,4
720575940616860318,720575940608186498,4
720575940609921230,720575940625931266,4
720575940618497216,720575940617691170,4
720575940625584688,720575940618943389,4
720575940638179699,720575940631758393,4
720575940615783837,720575940617691170,4
720575940627621626,720575940620576238,4
720575940617876048,720575940631758393,4
720575940610823010,720575940606196098,4
720575940626646544,720575940617691170,4
720575940608633134,720575940626878460,4
720575940608633134,720575940639358579,4
720575940621359142,720575940650745977,4
720575940610029432,720575940617691170,4
720575940625300254,720575940617691170,4
720575940619802539,720575940624859725,4
720575940659765121,720575940618943389,4
720575940619026241,720575940631758393,4
720575940621590250,720575940617691170,4
720575940629789292,720575940617691170,4
720575940614900886,720575940617691170,4
720575940631019468,720575940631758393,4
720575940642162573,720575940623082665,4
720575940638662352,720575940632107335,4
720575940617876048,720575940630446329,4
720575940639684515,720575940631576903,4
720575940639684515,720575940634475119,4
720575940606892674,720575940658674049,4
720575940621829813,720575940618943389,4
720575940619077217,720575940618943389,4
720575940613684906,720575940617691170,4
720575940621376196,720575940622701808,4
720575940631835673,720575940618943389,4
720575940621359142,720575940620576238,4
720575940629133056,720575940618943389,4
720575940617516760,720575940617691170,4
720575940617516760,720575940621284446,4
720575940622145277,720575940621900321,4
720575940639688611,720575940618943389,4
720575940627263162,720575940613338152,4
720575940639684515,720575940630076887,4
720575940615768693,720575940623082665,4
720575940628788496,720575940620922790,4
720575940628056375,720575940617691170,4
720575940620931750,720575940618943389,4
720575940619026241,720575940619917248,4
720575940618894246,720575940618943389,4
720575940621885191,720575940623082665,4
720575940618894246,720575940624859725,4
720575940630947395,720575940617691170,4
720575940613684906,720575940618943389,4
720575940621351876,720575940618943389,4
720575940621885191,720575940618943389,4
720575940618671495,720575940620938150,4
720575940618671495,720575940632344290,4
720575940608148693,720575940631758393,4
720575940620932684,720575940631758393,4
720575940636665262,720575940632107335,4
720575940607351747,720575940617691170,4
720575940631019468,720575940625931266,4
720575940616308597,720575940618943389,4
720575940610676403,720575940617691170,4
720575940627021128,720575940618943389,4
720575940617937181,720575940617691170,4
720575940625328915,720575940618943389,4
720575940625328915,720575940638163940,4
720575940625864964,720575940639358579,4
720575940629788983,720575940632344290,4
720575940624060208,720575940635356316,4
720575940628120655,720575940617691170,4
720575940613797295,720575940608071435,4
720575940613797295,720575940617242841,4
720575940628002822,720575940646288419,4
720575940618394453,720575940620497217,4
720575940649228665,720575940630777631,4
720575940612435454,720575940617691170,4
720575940627775938,720575940618943389,4
720575940613797295,720575940621085622,4
720575940628800762,720575940632344290,4
720575940613434178,720575940608186498,4
720575940624114494,720575940618943389,4
720575940621791356,720575940617691170,4
720575940636665262,720575940620922790,4
720575940627210373,720575940631758393,4
720575940622428087,720575940632107335,4
720575940605792434,720575940630166267,4
720575940606783362,720575940636659886,4
720575940631432403,720575940630166267,4
720575940631432403,720575940632107335,4
720575940638480061,720575940617691170,4
720575940617649969,720575940618943389,4
720575940630222895,720575940617691170,4
720575940622428087,720575940632344290,4
720575940609940373,720575940618943389,4
720575940617021441,720575940618943389,4
720575940626792778,720575940620423533,4
720575940624195559,720575940632107335,4
720575940626896643,720575940631758393,4
720575940659314817,720575940644146724,4
720575940625002526,720575940619917248,4
720575940609684946,720575940617691170,4
720575940632495052,720575940617691170,4
720575940623244180,720575940632107335,4
720575940618691742,720575940632107335,4
720575940617529318,720575940618943389,4
720575940634117216,720575940618943389,4
720575940622350472,720575940632107335,4
720575940628359895,720575940618943389,4
720575940629260406,720575940631758393,4
720575940626081176,720575940617691170,4
720575940627097733,720575940621900321,4
720575940617249108,720575940617691170,4
720575940607310531,720575940617691170,4
720575940631502509,720575940632107335,4
720575940625781541,720575940646288419,4
720575940619444139,720575940617691170,4
720575940603084972,720575940631198776,4
720575940631502509,720575940631758393,4
720575940612796786,720575940630446329,4
720575940628533356,720575940617691170,4
720575940631759161,720575940626878460,4
720575940625317139,720575940631758393,4
720575940638626613,720575940620497217,4
720575940625317139,720575940636659886,4
720575940626043454,720575940614629799,4
720575940629260406,720575940623082665,4
720575940644554606,720575940644146724,4
720575940626253318,720575940618943389,4
720575940625317139,720575940630446329,4
720575940610505621,720575940617691170,4
720575940622857447,720575940618943389,4
720575940618691742,720575940630446329,4
720575940616878238,720575940635356316,4
720575940617529318,720575940629579836,4
720575940636488878,720575940618943389,4
720575940630411259,720575940616682838,4
720575940630411259,720575940632107335,4
720575940636553390,720575940623082665,4
720575940629541187,720575940626455326,4
720575940636553390,720575940618943389,4
720575940629260406,720575940619917248,4
720575940628367836,720575940630446329,4
720575940614887830,720575940617691170,4
720575940606892674,720575940630076887,4
720575940626212625,720575940617691170,4
720575940618131505,720575940631758393,4
720575940645386884,720575940632107335,4
720575940624112058,720575940623082665,4
720575940624637884,720575940617691170,4
720575940630475513,720575940631758393,4
720575940618182535,720575940617691170,4
720575940626353905,720575940635356316,4
720575940626305028,720575940628996455,4
720575940624392220,720575940618943389,4
720575940618341952,720575940618943389,4
720575940618341952,720575940614629799,4
720575940633552820,720575940617691170,4
720575940639078717,720575940631017258,4
720575940608328713,720575940617691170,4
720575940612664482,720575940617691170,4
720575940617077405,720575940623082665,4
720575940620393643,720575940617691170,4
720575940622781389,720575940626135122,4
720575940628138246,720575940623082665,4
720575940622781389,720575940631758393,4
720575940618341952,720575940628996455,4
720575940622276365,720575940618943389,4
720575940627230986,720575940630446329,4
720575940630331244,720575940631198776,4
720575940612872173,720575940633541857,4
720575940612872173,720575940632344290,4
720575940617902676,720575940629579836,4
720575940603174368,720575940623082665,4
720575940621288225,720575940623082665,4
720575940637733702,720575940617691170,4
720575940616589888,720575940618943389,4
720575940611987240,720575940623082665,4
720575940625561374,720575940628708139,4
720575940637465054,720575940617691170,4
720575940612796786,720575940632107335,4
720575940612872173,720575940632107335,4
720575940615714060,720575940617691170,4
720575940617176413,720575940621216982,4
720575940612796786,720575940632344290,4
720575940627097733,720575940631758393,4
720575940628538679,720575940618943389,4
720575940626510211,720575940623082665,4
720575940634018415,720575940623082665,4
720575940621073117,720575940646288419,4
720575940621507475,720575940623082665,4
720575940614869387,720575940626455326,4
720575940604483040,720575940631758393,4
720575940627585028,720575940618943389,4
720575940605000550,720575940617691170,4
720575940659297153,720575940634953079,4
720575940628608272,720575940620497217,4
720575940620685436,720575940635356316,4
720575940616306210,720575940636659886,4
720575940627585028,720575940620423533,4
720575940612725906,720575940638163940,4
720575940614861974,720575940631198776,4
720575940612778646,720575940618943389,4
720575940644843031,720575940617691170,4
720575940628830551,720575940618943389,4
720575940621553535,720575940617691170,4
720575940624563075,720575940631758393,4
720575940622102763,720575940624859725,4
720575940618586459,720575940618943389,4
720575940622641132,720575940617691170,4
720575940618992749,720575940629579836,4
720575940632068383,720575940617691170,4
720575940626975899,720575940624859725,4
720575940627185767,720575940650745977,4
720575940626668304,720575940635356316,4
720575940627185767,720575940623082665,4
720575940627185767,720575940618943389,4
720575940639588723,720575940631758393,4
720575940618592390,720575940626455326,4
720575940634800759,720575940631758393,4
720575940639727861,720575940632107335,4
720575940632388138,720575940619917248,4
720575940639727861,720575940631758393,4
720575940615785228,720575940619506993,4
720575940630722757,720575940619506993,4
720575940615785228,720575940631758393,4
720575940616052625,720575940618943389,4
720575940606452681,720575940618943389,4
720575940611664281,720575940617691170,4
720575940614772383,720575940618943389,4
720575940622999944,720575940617691170,4
720575940634800759,720575940619917248,4
720575940619863174,720575940618943389,4
720575940630722757,720575940608442633,4
720575940615072373,720575940623082665,4
720575940613041123,720575940620497217,4
720575940606864341,720575940618943389,4
720575940624754983,720575940618943389,4
720575940624704002,720575940650745977,4
720575940626676120,720575940630868271,4
720575940625837060,720575940618943389,4
720575940639022243,720575940617691170,4
720575940639684515,720575940605280201,4
720575940639684515,720575940605113376,4
720575940630139599,720575940632107335,4
720575940630219055,720575940617691170,4
720575940618306112,720575940620497217,4
720575940625995251,720575940618943389,4
720575940622595827,720575940618943389,4
720575940620956173,720575940618943389,4
720575940628269628,720575940625615248,4
720575940618992449,720575940630446329,4
720575940631387463,720575940620922790,4
720575940618873723,720575940608442633,4
720575940648246649,720575940632344290,4
720575940634969701,720575940624661031,4
720575940622821325,720575940629579836,4
720575940648246649,720575940620497217,4
720575940618992449,720575940631758393,4
720575940610793395,720575940631758393,4
720575940629804857,720575940618943389,4
720575940634001007,720575940634953079,4
720575940620223398,720575940620922790,4
720575940626772357,720575940608071435,4
720575940628608272,720575940632107335,4
720575940628476716,720575940631758393,4
720575940627585028,720575940621861637,4
720575940621507475,720575940620423533,4
720575940625024125,720575940618943389,4
720575940646308148,720575940618943389,4
720575940624704002,720575940617691170,4
720575940630537676,720575940613338152,4
720575940617071321,720575940638163940,4
720575940631630561,720575940618943389,4
720575940621189637,720575940618943389,4
720575940626124743,720575940616682838,4
720575940634464869,720575940618943389,4
720575940629834796,720575940618943389,4
720575940619535563,720575940616682838,4
720575940621146294,720575940620497217,4
720575940630411535,720575940619917248,4
720575940630411535,720575940632344290,4
720575940626124743,720575940616312949,4
720575940624532979,720575940617691170,4
720575940619155029,720575940617691170,4
720575940624676414,720575940632107335,4
720575940608806776,720575940618943389,4
720575940610676403,720575940618943389,4
720575940627849463,720575940618943389,4
720575940608505795,720575940631758393,4
720575940610773171,720575940632107335,4
720575940627553691,720575940646288419,4
720575940628121287,720575940635356316,4
720575940621873246,720575940617691170,4
720575940631388231,720575940608442633,4
720575940605452064,720575940617691170,4
720575940614902667,720575940629579836,4
720575940633093483,720575940623082665,4
720575940611686629,720575940618943389,4
720575940612524030,720575940630691159,4
720575940626363791,720575940632107335,4
720575940620973848,720575940618943389,4
720575940627621626,720575940644146724,4
720575940618544367,720575940618943389,4
720575940620973848,720575940617691170,4
720575940608191836,720575940614629799,4
720575940635628766,720575940631758393,4
720575940627568646,720575940631758393,4
720575940623166471,720575940623082665,4
720575940625807108,720575940618943389,4
720575940614902667,720575940618943389,4
720575940633093483,720575940620423533,4
720575940624232974,720575940618943389,4
720575940631880217,720575940618943389,4
720575940619404982,720575940623082665,4
720575940610784179,720575940632107335,4
720575940642022088,720575940619917248,4
720575940620422494,720575940632107335,4
720575940620422494,720575940631758393,4
720575940618226085,720575940618943389,4
720575940618203783,720575940650745977,4
720575940628651792,720575940631758393,4
720575940618299712,720575940626135122,4
720575940619781620,720575940644146724,4
720575940620996621,720575940619917248,4
720575940618203783,720575940620576238,4
720575940618299712,720575940620922790,4
720575940618299712,720575940631758393,4
720575940626548234,720575940631758393,4
720575940620036385,720575940618943389,4
720575940630228271,720575940618943389,4
720575940611988008,720575940618943389,4
720575940619404214,720575940613338152,4
720575940615289759,720575940620497217,4
720575940621922398,720575940635356316,4
720575940635656670,720575940618943389,4
720575940608662485,720575940617691170,4
720575940630425119,720575940618943389,4
720575940608633134,720575940618943389,4
720575940618396399,720575940618943389,4
720575940623543303,720575940623398524,4
720575940606549961,720575940629579836,4
720575940631434722,720575940617691170,4
720575940626622480,720575940634953079,4
720575940639158480,720575940619917248,4
720575940622103275,720575940618943389,4
720575940626803279,720575940636659886,4
720575940645210222,720575940618943389,4
720575940631573039,720575940618943389,4
720575940631661281,720575940646288419,4
720575940620272064,720575940617691170,4
720575940606483467,720575940617691170,4
720575940622217033,720575940626878460,4
720575940614869387,720575940631758393,4
720575940620955149,720575940618943389,4
720575940622402311,720575940623082665,4
720575940637714264,720575940631758393,4
720575940619404214,720575940618943389,4
720575940630025788,720575940623082665,4
720575940631661281,720575940630777631,4
720575940639726555,720575940618943389,4
720575940620577652,720575940631758393,4
720575940617474629,720575940608071435,4
720575940619336942,720575940617691170,3
720575940611111829,720575940642733216,3
720575940625625136,720575940636659886,3
720575940629079707,720575940613338152,3
720575940626941446,720575940617691170,3
720575940629201423,720575940620423533,3
720575940602553568,720575940632107335,3
720575940630176047,720575940631758393,3
720575940603084972,720575940618943389,3
720575940625625136,720575940632107335,3
720575940628002822,720575940619917248,3
720575940623203012,720575940616312949,3
720575940618394453,720575940632107335,3
720575940618394453,720575940631758393,3
720575940620996621,720575940631758393,3
720575940623203012,720575940623082665,3
720575940628002822,720575940621900321,3
720575940610823010,720575940608186498,3
720575940613119459,720575940632107335,3
720575940613119459,720575940631758393,3
720575940623203012,720575940631758393,3
720575940617876048,720575940620922790,3
720575940617249629,720575940608071435,3
720575940645386884,720575940623082665,3
720575940628433511,720575940617691170,3
720575940623946988,720575940617691170,3
720575940645386884,720575940646288419,3
720575940612362663,720575940619917248,3
720575940632229788,720575940625931266,3
720575940632229788,720575940628743362,3
720575940638662352,720575940632344290,3
720575940623369668,720575940620922790,3
720575940618671495,720575940632107335,3
720575940634969701,720575940644146724,3
720575940623369668,720575940623979593,3
720575940618671495,720575940646288419,3
720575940631237433,720575940608442633,3
720575940649228665,720575940631758393,3
720575940610823010,720575940623082665,3
720575940623369668,720575940646288419,3
720575940640688592,720575940617691170,3
720575940618671495,720575940619917248,3
720575940628415079,720575940617691170,3
720575940618667143,720575940617691170,3
720575940613248479,720575940624859725,3
720575940622821325,720575940617691170,3
720575940650270710,720575940634953079,3
720575940621913897,720575940623082665,3
720575940630411259,720575940619506993,3
720575940624574922,720575940636659886,3
720575940631827527,720575940617691170,3
720575940626896643,720575940619917248,3
720575940627307855,720575940617691170,3
720575940636430437,720575940631443304,3
720575940628297627,720575940626878460,3
720575940631678689,720575940613338152,3
720575940613353538,720575940617691170,3
720575940610137050,720575940634953079,3
720575940624392220,720575940635356316,3
720575940610175218,720575940618943389,3
720575940611769059,720575940616682838,3
720575940618844353,720575940620922790,3
720575940618326292,720575940631758393,3
720575940626550504,720575940631758393,3
720575940620607982,720575940612857878,3
720575940639078717,720575940618943389,3
720575940610175218,720575940623082665,3
720575940618844353,720575940632344290,3
720575940610175218,720575940634953079,3
720575940612362663,720575940621900321,3
720575940619864912,720575940648330105,3
720575940614229758,720575940631758393,3
720575940635033701,720575940616682838,3
720575940630180935,720575940626455326,3
720575940621017921,720575940631758393,3
720575940633034336,720575940632107335,3
720575940630450852,720575940632107335,3
720575940615780353,720575940631758393,3
720575940646646148,720575940620576238,3
720575940630399995,720575940623082665,3
720575940617973021,720575940608442633,3
720575940617973021,720575940631758393,3
720575940635033701,720575940623082665,3
720575940617973021,720575940624317419,3
720575940617973021,720575940623082665,3
720575940626321482,720575940631758393,3
720575940621175472,720575940607511900,3
720575940621056577,720575940617691170,3
720575940628788496,720575940632344290,3
720575940646606724,720575940618943389,3
720575940640758157,720575940618943389,3
720575940620578269,720575940629579836,3
720575940628788496,720575940646288419,3
720575940628788496,720575940632107335,3
720575940659765121,720575940635356316,3
720575940631782712,720575940619917248,3
720575940628788496,720575940626135122,3
720575940646606724,720575940650745977,3
720575940622894349,720575940631758393,3
720575940626657808,720575940626878460,3
720575940648246649,720575940620922790,3
720575940613248479,720575940618943389,3
720575940634969701,720575940614629799,3
720575940648246649,720575940619917248,3
720575940648246649,720575940622944403,3
720575940648246649,720575940630446329,3
720575940631782447,720575940608442633,3
720575940604860332,720575940617691170,3
720575940627615400,720575940620576238,3
720575940627615400,720575940623082665,3
720575940614524127,720575940627644584,3
720575940627615400,720575940626878460,3
720575940606331996,720575940625615248,3
720575940634969701,720575940628996455,3
720575940654752417,720575940617691170,3
720575940623776437,720575940644146724,3
720575940619055969,720575940617691170,3
720575940619055969,720575940631198776,3
720575940623965513,720575940619917248,3
720575940619722576,720575940631758393,3
720575940639056061,720575940647165828,3
720575940631603267,720575940631758393,3
720575940631782447,720575940631758393,3
720575940619055969,720575940629579836,3
720575940610167987,720575940623082665,3
720575940619731392,720575940620576238,3
720575940621471732,720575940617691170,3
720575940621413670,720575940636659886,3
720575940637849151,720575940617691170,3
720575940617893461,720575940618943389,3
720575940621529215,720575940608071435,3
720575940622886925,720575940631758393,3
720575940629693239,720575940622338269,3
720575940636059226,720575940624406986,3
720575940636059226,720575940623082665,3
720575940621919428,720575940619506993,3
720575940613383633,720575940631758393,3
720575940628121287,720575940623082665,3
720575940626363791,720575940619917248,3
720575940621389764,720575940631198776,3
720575940610773171,720575940631758393,3
720575940620822593,720575940608442633,3
720575940631388231,720575940619506993,3
720575940629240079,720575940650745977,3
720575940634890175,720575940621861637,3
720575940608505795,720575940626455326,3
720575940627553691,720575940619506993,3
720575940619404982,720575940617691170,3
720575940620822593,720575940636659886,3
720575940628394716,720575940617691170,3
720575940619495664,720575940617691170,3
720575940632532255,720575940617691170,3
720575940630222895,720575940620576238,3
720575940611586453,720575940621284446,3
720575940624884920,720575940630691159,3
720575940636422372,720575940617691170,3
720575940614486690,720575940617691170,3
720575940634942362,720575940617691170,3
720575940630853948,720575940654661281,3
720575940629855596,720575940617691170,3
720575940620464204,720575940613338152,3
720575940633565154,720575940621082996,3
720575940610773171,720575940632344290,3
720575940620464204,720575940618943389,3
720575940612664482,720575940629579836,3
720575940631432403,720575940623082665,3
720575940629507706,720575940624661031,3
720575940610140378,720575940617691170,3
720575940620039589,720575940617691170,3
720575940634296951,720575940608442633,3
720575940632077127,720575940617691170,3
720575940620356800,720575940629579836,3
720575940642383520,720575940632107335,3
720575940627185767,720575940634953079,3
720575940633570808,720575940630868271,3
720575940629625466,720575940618943389,3
720575940626668304,720575940618943389,3
720575940630228271,720575940629579836,3
720575940618592390,720575940616312949,3
720575940615289759,720575940631758393,3
720575940615289759,720575940623979593,3
720575940615344315,720575940618943389,3
720575940620998424,720575940622701808,3
720575940610140378,720575940650745977,3
720575940619895329,720575940617691170,3
720575940622836455,720575940614629799,3
720575940630537676,720575940624859725,3
720575940614121147,720575940613338152,3
720575940610140378,720575940621861637,3
720575940614900886,720575940618943389,3
720575940632465945,720575940623082665,3
720575940642162573,720575940616682838,3
720575940630537676,720575940638163940,3
720575940630537676,720575940644146724,3
720575940622836455,720575940608186498,3
720575940645236078,720575940616682838,3
720575940615964884,720575940618943389,3
720575940619435399,720575940634953079,3
720575940620880333,720575940641509595,3
720575940620880333,720575940635356316,3
720575940637594995,720575940635356316,3
720575940615289759,720575940630446329,3
720575940627185767,720575940613338152,3
720575940626363791,720575940630498811,3
720575940617077405,720575940621082996,3
720575940612664482,720575940618943389,3
720575940637594995,720575940618943389,3
720575940618341952,720575940608186498,3
720575940626363791,720575940630446329,3
720575940634006355,720575940628743362,3
720575940620356800,720575940623082665,3
720575940618548975,720575940629579836,3
720575940618592390,720575940619506993,3
720575940621086134,720575940623398524,3
720575940621086134,720575940631758393,3
720575940622771082,720575940617691170,3
720575940627185767,720575940617691170,3
720575940627282002,720575940628836412,3
720575940631627843,720575940631222841,3
720575940615289759,720575940619917248,3
720575940626975899,720575940626878460,3
720575940621086134,720575940617691170,3
720575940605552742,720575940622338269,3
720575940618419776,720575940623082665,3
720575940611586453,720575940618943389,3
720575940628412892,720575940617691170,3
720575940632433828,720575940617691170,3
720575940610906521,720575940617145561,3
720575940613434178,720575940635356316,3
720575940613434178,720575940644146724,3
720575940617021441,720575940617691170,3
720575940605552742,720575940605113376,3
720575940633493660,720575940608071435,3
720575940614742687,720575940617691170,3
720575940648235641,720575940635356316,3
720575940611586453,720575940623082665,3
720575940610347929,720575940618943389,3
720575940626792778,720575940624661031,3
720575940607310531,720575940641509595,3
720575940607310531,720575940644146724,3
720575940628215056,720575940617691170,3
720575940617021441,720575940623082665,3
720575940630764741,720575940650745977,3
720575940646229283,720575940617691170,3
720575940630026856,720575940638163940,3
720575940619078592,720575940644146724,3
720575940622768266,720575940617691170,3
720575940624524234,720575940617691170,3
720575940621700190,720575940623082665,3
720575940631017932,720575940617691170,3
720575940622288152,720575940646582836,3
720575940622288152,720575940622950605,3
720575940622288152,720575940617691170,3
720575940621581802,720575940617691170,3
720575940617249108,720575940610430254,3
720575940608524483,720575940639358579,3
720575940659577217,720575940632107335,3
720575940607310531,720575940618943389,3
720575940643063200,720575940617691170,3
720575940619028289,720575940617691170,3
720575940620521754,720575940631758393,3
720575940625343640,720575940618943389,3
720575940608806776,720575940624859725,3
720575940608806776,720575940617691170,3
720575940610691507,720575940618943389,3
720575940632676409,720575940617691170,3
720575940609634571,720575940631198776,3
720575940621321001,720575940623082665,3
720575940628295242,720575940617691170,3
720575940609208530,720575940616312949,3
720575940623252164,720575940632107335,3
720575940617908820,720575940631758393,3
720575940618876062,720575940634953079,3
720575940630598395,720575940617691170,3
720575940625343640,720575940617691170,3
720575940621321001,720575940624859725,3
720575940618182981,720575940617691170,3
720575940609208530,720575940623082665,3
720575940621919428,720575940636461710,3
720575940620079856,720575940617691170,3
720575940626669957,720575940617691170,3
720575940622781389,720575940636659886,3
720575940622781389,720575940632344290,3
720575940622781389,720575940620922790,3
720575940622781389,720575940630446329,3
720575940617238457,720575940635356316,3
720575940631553164,720575940618943389,3
720575940618131505,720575940632344290,3
720575940648235641,720575940617691170,3
720575940622864920,720575940631758393,3
720575940622864920,720575940616682838,3
720575940608433476,720575940617691170,3
720575940622864920,720575940623082665,3
720575940622864920,720575940624317419,3
720575940611985448,720575940618943389,3
720575940622864920,720575940626455326,3
720575940613864498,720575940631758393,3
720575940622781389,720575940619917248,3
720575940634664674,720575940631198776,3
720575940636135543,720575940617691170,3
720575940626277382,720575940620423533,3
720575940624112058,720575940618943389,3
720575940611985448,720575940634953079,3
720575940625054589,720575940617691170,3
720575940620880333,720575940617691170,3
720575940610960994,720575940631443304,3
720575940628367836,720575940632344290,3
720575940609153746,720575940614293485,3
720575940633521588,720575940613338152,3
720575940633521588,720575940617691170,3
720575940624465900,720575940630076887,3
720575940618210251,720575940618943389,3
720575940609979505,720575940617691170,3
720575940605451552,720575940617691170,3
720575940606483723,720575940613338152,3
720575940627776450,720575940624859725,3
720575940625532689,720575940617691170,3
720575940624465900,720575940617903643,3
720575940625768073,720575940635356316,3
720575940630881989,720575940618943389,3
720575940629201423,720575940618943389,3
720575940619668212,720575940620576238,3
720575940632929690,720575940623082665,3
720575940623438665,720575940622338269,3
720575940629079707,720575940618943389,3
720575940630026600,720575940618943389,3
720575940630026600,720575940625615248,3
720575940624572052,720575940617691170,3
720575940617941046,720575940617691170,3
720575940632929690,720575940618943389,3
720575940644837655,720575940623082665,3
720575940637754019,720575940618943389,3
720575940614251670,720575940617691170,3
720575940628239671,720575940650745977,3
720575940620354241,720575940631758393,3
720575940630780755,720575940623082665,3
720575940607715420,720575940624859725,3
720575940625994728,720575940654661281,3
720575940607715420,720575940617691170,3
720575940608621614,720575940644146724,3
720575940628239671,720575940620576238,3
720575940609979505,720575940634953079,3
720575940619090785,720575940618943389,3
720575940615894173,720575940623082665,3
720575940605997257,720575940618943389,3
720575940617071321,720575940623082665,3
720575940607054770,720575940628996455,3
720575940617071321,720575940626878460,3
720575940607054770,720575940618943389,3
720575940639684515,720575940612755618,3
720575940630881989,720575940640747864,3
720575940626251778,720575940613338152,3
720575940626251778,720575940618943389,3
720575940603773798,720575940632107335,3
720575940603773798,720575940631844492,3
720575940628367836,720575940631758393,3
720575940614008785,720575940617691170,3
720575940628367836,720575940621900321,3
720575940606892674,720575940631222841,3
720575940630176047,720575940617691170,3
720575940628514156,720575940650745977,3
720575940617576422,720575940637390302,3
720575940622821325,720575940644146724,3
720575940613248479,720575940635356316,3
720575940606892674,720575940642603464,3
720575940606892674,720575940632344290,3
720575940606892674,720575940621085622,3
720575940625290003,720575940617691170,3
720575940614027059,720575940618943389,3
720575940629335115,720575940617691170,3
720575940624396524,720575940623082665,3
720575940632098375,720575940646288419,3
720575940626911262,720575940644146724,3
720575940610210034,720575940617691170,3
720575940621762330,720575940614629799,3
720575940613272799,720575940617691170,3
720575940625768073,720575940618943389,3
720575940619358257,720575940639358579,3
720575940613272799,720575940623082665,3
720575940643404744,720575940619917248,3
720575940621762330,720575940640747864,3
720575940621762330,720575940618943389,3
720575940614027059,720575940625615248,3
720575940633226603,720575940614629799,3
720575940612766102,720575940631758393,3
720575940617650722,720575940631198776,3
720575940620607982,720575940617691170,3
720575940620862273,720575940617691170,3
720575940611111061,720575940617691170,3
720575940622857447,720575940617691170,3
720575940625560189,720575940621861637,3
720575940623351443,720575940620497217,3
720575940626474889,720575940625615248,3
720575940623351443,720575940628708139,3
720575940625261834,720575940619506993,3
720575940622654444,720575940617691170,3
720575940609066030,720575940623082665,3
720575940637055797,720575940616312949,3
720575940611960872,720575940631758393,3
720575940611960872,720575940619917248,3
720575940639116888,720575940631758393,3
720575940611660714,720575940608186498,3
720575940606483467,720575940629579836,3
720575940620955149,720575940623082665,3
720575940643769544,720575940644146724,3
720575940643769544,720575940621861637,3
720575940622637548,720575940618943389,3
720575940630413087,720575940622100774,3
720575940624629948,720575940628743362,3
720575940631351619,720575940632107335,3
720575940627452689,720575940617691170,3
720575940618184839,720575940617691170,3
720575940627480853,720575940617145561,3
720575940630413087,720575940617691170,3
720575940609066030,720575940631758393,3
720575940611960872,720575940632344290,3
720575940643497632,720575940616312949,3
720575940613929670,720575940608442633,3
720575940643497632,720575940620812865,3
720575940621920452,720575940630868271,3
720575940605792434,720575940608442633,3
720575940631019468,720575940630318951,3
720575940631775032,720575940623082665,3
720575940622836455,720575940644146724,3
720575940645236078,720575940621082996,3
720575940621920452,720575940625615248,3
720575940621920452,720575940624859725,3
720575940629507706,720575940638163940,3
720575940627782148,720575940624859725,3
720575940627782148,720575940625615248,3
720575940629507706,720575940614629799,3
720575940632465945,720575940616312949,3
720575940606579465,720575940620576238,3
720575940605792434,720575940616312949,3
720575940605000550,720575940636309093,3
720575940625900900,720575940621216982,3
720575940647153796,720575940631758393,3
720575940627244699,720575940624859725,3
720575940620272064,720575940618943389,3
720575940620955149,720575940617691170,3
720575940642338464,720575940618943389,3
720575940606783362,720575940630794703,3
720575940622412838,720575940644146724,3
720575940632465945,720575940621082996,3
720575940606783362,720575940632107335,3
720575940608517385,720575940632107335,3
720575940627094917,720575940620423533,3
720575940614148283,720575940622701808,3
720575940628842839,720575940623082665,3
720575940621882401,720575940623082665,3
720575940614148283,720575940618943389,3
720575940633075163,720575940618943389,3
720575940603674656,720575940624859725,3
720575940613681458,720575940635356316,3
720575940622727572,720575940624859725,3
720575940609970801,720575940618943389,3
720575940651816950,720575940618943389,3
720575940628239671,720575940624859725,3
720575940629997561,720575940618943389,3
720575940626316802,720575940632344290,3
720575940630250543,720575940618943389,3
720575940632510048,720575940608071435,3
720575940621176670,720575940650745977,3
720575940627986220,720575940617691170,3
720575940632010567,720575940631758393,3
720575940626621498,720575940624859725,3
720575940603674656,720575940620576238,3
720575940630547916,720575940620576238,3
720575940632210145,720575940616312949,3
720575940634347360,720575940617691170,3
720575940634347360,720575940618943389,3
720575940634347360,720575940620423533,3
720575940614428722,720575940624661031,3
720575940635807087,720575940632107335,3
720575940632210145,720575940623082665,3
720575940628060166,720575940623082665,3
720575940630413087,720575940631017258,3
720575940609066030,720575940626455326,3
720575940623351443,720575940636659886,3
720575940609066030,720575940621082996,3
720575940637055797,720575940631758393,3
720575940628060166,720575940613338152,3
720575940624158906,720575940635356316,3
720575940625261834,720575940632107335,3
720575940634664674,720575940621861637,3
720575940624158906,720575940618943389,3
720575940641079029,720575940631758393,3
720575940625754389,720575940617691170,3
720575940613929670,720575940631758393,3
720575940614229415,720575940624317419,3
720575940622637548,720575940631198776,3
720575940617478427,720575940628996455,3
720575940630471695,720575940617691170,3
720575940623351443,720575940632344290,3
720575940628404188,720575940631758393,3
720575940617937437,720575940617691170,3
720575940634800282,720575940618943389,3
720575940634800282,720575940625615248,3
720575940616675638,720575940613338152,3
720575940620413355,720575940617691170,3
720575940628651792,720575940630318951,3
720575940615356347,720575940631758393,3
720575940623914679,720575940631758393,3
720575940613042403,720575940617691170,3
720575940612924522,720575940623082665,3
720575940620036385,720575940638163940,3
720575940617873984,720575940617691170,3
720575940615134918,720575940631198776,3
720575940624859032,720575940631758393,3
720575940610907490,720575940617691170,3
720575940617878080,720575940629579836,3
720575940621983777,720575940617691170,3
720575940629166587,720575940618943389,3
720575940629166587,720575940625615248,3
720575940626089980,720575940623082665,3
720575940637225798,720575940620922790,3
720575940634878047,720575940617691170,3
720575940617865280,720575940617691170,3
720575940629108094,720575940612623474,3
720575940627332100,720575940618943389,3
720575940633224555,720575940631758393,3
720575940622263510,720575940617691170,3
720575940629108094,720575940634655851,3
720575940611704813,720575940650745977,3
720575940621878021,720575940626455326,3
720575940619060321,720575940626878460,3
720575940633224555,720575940630446329,3
720575940633224555,720575940630498811,3
720575940633224555,720575940630794703,3
720575940604483040,720575940636659886,3
720575940645390468,720575940629579836,3
720575940629504554,720575940632107335,3
720575940633312482,720575940644146724,3
720575940618337300,720575940618943389,3
720575940618526912,720575940631198776,3
720575940622538461,720575940623398524,3
720575940645390468,720575940613338152,3
720575940614869387,720575940619506993,3
720575940640756621,720575940618943389,3
720575940624125114,720575940617691170,3
720575940621948810,720575940631198776,3
720575940640756621,720575940629579836,3
720575940613532831,720575940623082665,3
720575940638619358,720575940617691170,3
720575940627264082,720575940646288419,3
720575940627264082,720575940619917248,3
720575940638619358,720575940623082665,3
720575940618337300,720575940653360289,3
720575940627552680,720575940618943389,3
720575940617492805,720575940639358579,3
720575940621594723,720575940630498811,3
720575940604483040,720575940632107335,3
720575940613507946,720575940630794703,3
720575940613507946,720575940620922790,3
720575940613507946,720575940636659886,3
720575940644583534,720575940617691170,3
720575940616887966,720575940617691170,3
720575940636224142,720575940618943389,3
720575940627043666,720575940617691170,3
720575940636224142,720575940617691170,3
720575940647714425,720575940650745977,3
720575940629365804,720575940620576238,3
720575940621594723,720575940631758393,3
720575940629504554,720575940623082665,3
720575940625318163,720575940634953079,3
720575940613507946,720575940620497217,3
720575940630430495,720575940619506993,3
720575940617750173,720575940644146724,3
720575940621594723,720575940620922790,3
720575940630430495,720575940626455326,3
720575940626733693,720575940631758393,3
720575940629541187,720575940631758393,3
720575940628365783,720575940621861637,3
720575940636553390,720575940629579836,3
720575940631408199,720575940623082665,3
720575940631621689,720575940617242841,3
720575940620410606,720575940631758393,3
720575940605541920,720575940618943389,3
720575940605541920,720575940617691170,3
720575940636769343,720575940620341931,3
720575940628365783,720575940626878460,3
720575940620410606,720575940632107335,3
720575940624302008,720575940617691170,3
720575940640905205,720575940618943389,3
720575940619684688,720575940618943389,3
720575940627987756,720575940621861637,3
720575940632078929,720575940618943389,3
720575940632078929,720575940617691170,3
720575940636519598,720575940620922790,3
720575940623014328,720575940620497217,3
720575940629233145,720575940632107335,3
720575940629233145,720575940622944403,3
720575940617771521,720575940628996455,3
720575940637211462,720575940618943389,3
720575940628312049,720575940631844492,3
720575940629541187,720575940619506993,3
720575940619684688,720575940623082665,3
720575940628188732,720575940617691170,3
720575940629765647,720575940628708139,3
720575940610690162,720575940617691170,3
720575940606902741,720575940630868271,3
720575940612019570,720575940631758393,3
720575940620754529,720575940617691170,3
720575940618657334,720575940636659886,3
720575940616616075,720575940632107335,3
720575940618657334,720575940630777631,3
720575940617734603,720575940617691170,3
720575940644554606,720575940617691170,3
720575940620410606,720575940646288419,3
720575940643501472,720575940632107335,3
720575940621869918,720575940617691170,3
720575940646034740,720575940617691170,3
720575940616848192,720575940631758393,3
720575940611704813,720575940617691170,3
720575940633224555,720575940632344290,3
720575940631425235,720575940618943389,3
720575940618306112,720575940620922790,3
720575940632144813,720575940620497217,3
720575940632144813,720575940619917248,3
720575940609405646,720575940617691170,3
720575940609405646,720575940630868271,3
720575940623014328,720575940631758393,3
720575940638561102,720575940632107335,3
720575940638561102,720575940624317419,3
720575940632144813,720575940632344290,3
720575940633569784,720575940617691170,3
720575940637225798,720575940632107335,3
720575940626906142,720575940618943389,3
720575940617878080,720575940623082665,3
720575940637225798,720575940628708139,3
720575940635499888,720575940631758393,3
720575940633569784,720575940618943389,3
720575940605167025,720575940630166267,3
720575940621983777,720575940618943389,3
720575940609405646,720575940618943389,3
720575940618359745,720575940618943389,3
720575940618359745,720575940623082665,3
720575940621878021,720575940636461710,3
720575940633093483,720575940634953079,3
720575940631842956,720575940631758393,3
720575940618779118,720575940623082665,3
720575940605550950,720575940654661281,3
720575940624232974,720575940617691170,3
720575940627243623,720575940617691170,3
720575940614902667,720575940617691170,3
720575940633093483,720575940618943389,3
720575940627243623,720575940623082665,3
720575940628610811,720575940630446329,3
720575940628610811,720575940631758393,3
720575940621590250,720575940650745977,3
720575940627210373,720575940630446329,3
720575940610669786,720575940632107335,3
720575940620932684,720575940632107335,3
720575940620036385,720575940617691170,3
720575940617940048,720575940619506993,3
720575940614606738,720575940620497217,3
720575940638531637,720575940635356316,3
720575940627920071,720575940621082996,3
720575940627920071,720575940628743362,3
720575940603673120,720575940617691170,3
720575940607351747,720575940638163940,3
720575940623023544,720575940617691170,3
720575940612606673,720575940623082665,3
720575940636146409,720575940618943389,3
720575940631678689,720575940620423533,3
720575940621541514,720575940623082665,3
720575940620465996,720575940617691170,3
720575940630420985,720575940617691170,3
720575940615544249,720575940630691159,3
720575940620276801,720575940625615248,3
720575940605036418,720575940639358579,3
720575940611579541,720575940617691170,3
720575940630525967,720575940621861637,3
720575940621541514,720575940639358579,3
720575940633188459,720575940617691170,3
720575940630571980,720575940617691170,3
720575940615965140,720575940623082665,3
720575940614115515,720575940635356316,3
720575940630571980,720575940618943389,3
720575940638531637,720575940617691170,3
720575940622595827,720575940650745977,3
720575940637148486,720575940646288419,3
720575940614306814,720575940623082665,3
720575940624682426,720575940617691170,3
720575940637595507,720575940618943389,3
720575940637907428,720575940624859725,3
720575940613764364,720575940624859725,3
720575940617529318,720575940635356316,3
720575940622861971,720575940618943389,3
720575940629500542,720575940617691170,3
720575940614744991,720575940613338152,3
720575940616672822,720575940618943389,3
720575940605997513,720575940618943389,3
720575940617814429,720575940617691170,3
720575940629839863,720575940617691170,3
720575940616672822,720575940638163940,3
720575940637907428,720575940618943389,3
720575940614010419,720575940618943389,3
720575940637184078,720575940618943389,3
720575940611987240,720575940639358579,3
720575940621023809,720575940631758393,3
720575940616672822,720575940606196098,3
720575940629500542,720575940622701808,3
720575940630912512,720575940617691170,3
720575940616578646,720575940644747828,3
720575940633073760,720575940623082665,3
720575940623943572,720575940618943389,3
720575940619404214,720575940638163940,3
720575940614010419,720575940629579836,3
720575940610669786,720575940624317419,3
720575940623023544,720575940626878460,3
720575940620932684,720575940623082665,3
720575940623023544,720575940638163940,3
720575940625329029,720575940618943389,3
720575940639593587,720575940617691170,3
720575940617293268,720575940631758393,3
720575940638626613,720575940619917248,3
720575940610505621,720575940621861637,3
720575940629474090,720575940620576238,3
720575940638626613,720575940621900321,3
720575940611110468,720575940625931266,3
720575940638626613,720575940632107335,3
720575940633908887,720575940610430254,3
720575940628761039,720575940635356316,3
720575940610505621,720575940650745977,3
720575940612747158,720575940612643954,3
720575940622965944,720575940617691170,3
720575940609941653,720575940618943389,3
720575940626464901,720575940650745977,3
720575940612240918,720575940632107335,3
720575940622061803,720575940617691170,3
720575940622061803,720575940613338152,3
720575940622461149,720575940617691170,3
720575940631991879,720575940617691170,3
720575940603111392,720575940621462512,3
720575940619041133,720575940618943389,3
720575940621786295,720575940618943389,3
720575940626464901,720575940624859725,3
720575940627003547,720575940639358579,3
720575940627908624,720575940644146724,3
720575940627621626,720575940618943389,3
720575940631177035,720575940613338152,3
720575940630906029,720575940634953079,3
720575940635150990,720575940618943389,3
720575940628152838,720575940618943389,3
720575940610470130,720575940635356316,3
720575940612668018,720575940610523746,3
720575940626834762,720575940631758393,3
720575940620746093,720575940608186498,3
720575940620746093,720575940617691170,3
720575940628152838,720575940621861637,3
720575940626834762,720575940632107335,3
720575940612668018,720575940625615248,3
720575940611450134,720575940617691170,3
720575940627908624,720575940629579836,3
720575940618371777,720575940627644584,3
720575940626834762,720575940607287561,3
720575940610470130,720575940618943389,3
720575940627003547,720575940631017258,3
720575940610743282,720575940631758393,3
720575940626651288,720575940637928164,3
720575940624648067,720575940626878460,3
720575940619041133,720575940621284446,3
720575940617769217,720575940617691170,3
720575940610709106,720575940617691170,3
720575940634000495,720575940630868271,3
720575940634000495,720575940635356316,3
720575940621322534,720575940617691170,3
720575940622135501,720575940616682838,3
720575940634000495,720575940617691170,3
720575940636640602,720575940632107335,3
720575940627908624,720575940618943389,3
720575940613478422,720575940617691170,3
720575940626640158,720575940631758393,3
720575940625667365,720575940623082665,3
720575940609944526,720575940616312949,3
720575940609944526,720575940621082996,3
720575940615193100,720575940631758393,3
720575940625667365,720575940632107335,3
720575940625058173,720575940629579836,3
720575940618258742,720575940623082665,3
720575940625766984,720575940631758393,3
720575940624626563,720575940623082665,3
720575940620276801,720575940621861637,3
720575940605036418,720575940625615248,3
720575940621541514,720575940618943389,3
720575940629236242,720575940631198776,3
720575940611936474,720575940617691170,3
720575940621475085,720575940617691170,3
720575940629236242,720575940623082665,3
720575940630525967,720575940620423533,3
720575940621475085,720575940620423533,3
720575940619652555,720575940618943389,3
720575940635150990,720575940625615248,3
720575940630906029,720575940623082665,3
720575940628408055,720575940642733216,3
720575940627621626,720575940623082665,3
720575940620179821,720575940613338152,3
720575940623890890,720575940631758393,3
720575940627573659,720575940632107335,3
720575940624852120,720575940617691170,3
720575940625377688,720575940617691170,3
720575940625058173,720575940617691170,3
720575940635656670,720575940624859725,3
720575940611664281,720575940620423533,3
720575940626226690,720575940619506993,3
720575940627573659,720575940623082665,3
720575940614490018,720575940623082665,3
720575940625506704,720575940631758393,3
720575940608145877,720575940617691170,3
720575940614490018,720575940624406986,3
720575940621538431,720575940626135122,3
720575940624149256,720575940630794703,3
720575940628071409,720575940630777631,3
720575940630269660,720575940618943389,3
720575940624149256,720575940631758393,3
720575940639202532,720575940632107335,3
720575940620004129,720575940617691170,3
720575940634638734,720575940624859725,3
720575940618470383,720575940623082665,3
720575940623441387,720575940610523746,3
720575940618547280,720575940622100774,3
720575940621178206,720575940617691170,3
720575940630436603,720575940617691170,3
720575940625507888,720575940630446329,3
720575940621178206,720575940650745977,3
720575940625507888,720575940619917248,3
720575940623985189,720575940617691170,3
720575940624770574,720575940617691170,3
720575940641889952,720575940623082665,3
720575940639727067,720575940618943389,3
720575940625126448,720575940618943389,3
720575940652809377,720575940625615248,3
720575940612178418,720575940619676224,3
720575940621203376,720575940618943389,3
720575940622075274,720575940648330105,3
720575940630300613,720575940632107335,3
720575940608447241,720575940635356316,3
720575940622075274,720575940632107335,3
720575940648205945,720575940616682838,3
720575940648205945,720575940612643954,3
720575940606496011,720575940632107335,3
720575940616345403,720575940606196098,3
720575940623546638,720575940612857878,3
720575940619693003,720575940618943389,3
720575940625834900,720575940619506993,3
720575940623377555,720575940632107335,3
720575940627924935,720575940631758393,3
720575940652837793,720575940612857878,3
720575940636114239,720575940646288419,3
720575940622075274,720575940618910075,3
720575940623978789,720575940617691170,3
720575940617982800,720575940617691170,3
720575940624453868,720575940607511900,3
720575940619960926,720575940631758393,3
720575940644413732,720575940624661031,3
720575940648205945,720575940631758393,3
720575940623978789,720575940622701808,3
720575940625834900,720575940632107335,3
720575940615838662,720575940617691170,3
720575940629388239,720575940607287561,3
720575940631624673,720575940629579836,3
720575940630969555,720575940650745977,3
720575940627147578,720575940632344290,3
720575940627147578,720575940636461710,3
720575940632940442,720575940618943389,3
720575940615975227,720575940616312949,3
720575940634342007,720575940608071435,3
720575940616350011,720575940618943389,3
720575940629388239,720575940623082665,3
720575940629388239,720575940624317419,3
720575940630969555,720575940629579836,3
720575940625399077,720575940617691170,3
720575940644479267,720575940617691170,3
720575940630419364,720575940617691170,3
720575940634638734,720575940635356316,3
720575940634638734,720575940650745977,3
720575940621023041,720575940617691170,3
720575940630969555,720575940618943389,3
720575940634640014,720575940618943389,3
720575940622816234,720575940612857878,3
720575940634640014,720575940624859725,3
720575940630419364,720575940650745977,3
720575940613501855,720575940635356316,3
720575940633004383,720575940650745977,3
720575940620422494,720575940636659886,3
720575940602605536,720575940650745977,3
720575940637316029,720575940646288419,3
720575940620422494,720575940632344290,3
720575940620422494,720575940646288419,3
720575940610784179,720575940631758393,3
720575940620422494,720575940620497217,3
720575940602605536,720575940635356316,3
720575940610784179,720575940639077283,3
720575940624537836,720575940627644584,3
720575940637316029,720575940619506993,3
720575940625476964,720575940608442633,3
720575940617650481,720575940628743362,3
720575940633004383,720575940618943389,3
720575940605362610,720575940618943389,3
720575940642022088,720575940631758393,3
720575940642022088,720575940626135122,3
720575940627568646,720575940617691170,3
720575940642022088,720575940620922790,3
720575940642022088,720575940646288419,3
720575940642948887,720575940624859725,3
720575940642948887,720575940618943389,3
720575940613727399,720575940607287561,3
720575940620682662,720575940617691170,3
720575940639515965,720575940617691170,3
720575940637707069,720575940650745977,3
720575940613727399,720575940608442633,3
720575940616208965,720575940634953079,3
720575940631502509,720575940621900321,3
720575940631502509,720575940622950605,3
720575940630561484,720575940618943389,3
720575940625561374,720575940619917248,3
720575940618758178,720575940618943389,3
720575940613017059,720575940625931266,3
720575940628538679,720575940650745977,3
720575940606954114,720575940617691170,3
720575940613460034,720575940646288419,3
720575940617849920,720575940617691170,3
720575940625781541,720575940630794703,3
720575940613017059,720575940616312949,3
720575940618758178,720575940613338152,3
720575940628538679,720575940617691170,3
720575940621839086,720575940643542688,3
720575940613727399,720575940646288419,3
720575940602605536,720575940618943389,3
720575940642948887,720575940650745977,3
720575940621839086,720575940632107335,3
720575940634012015,720575940618943389,3
720575940618994880,720575940612857878,3
720575940612853354,720575940626455326,3
720575940625561374,720575940632107335,3
720575940625561374,720575940632344290,3
720575940612796786,720575940619917248,3
720575940643830126,720575940631758393,3
720575940618758178,720575940638163940,3
720575940630759507,720575940631576903,3
720575940616746123,720575940631758393,3
720575940627016859,720575940618943389,3
720575940632932762,720575940620576238,3
720575940623822261,720575940617691170,3
720575940620831949,720575940618943389,3
720575940626646544,720575940618943389,3
720575940628054839,720575940623082665,3
720575940633813785,720575940630868271,3
720575940627016859,720575940623082665,3
720575940633813785,720575940618943389,3
720575940627834359,720575940617691170,3
720575940619630207,720575940617691170,3
720575940623822261,720575940636659886,3
720575940614614203,720575940631758393,3
720575940615876294,720575940631758393,3
720575940619630207,720575940626878460,3
720575940604008672,720575940631758393,3
720575940631998023,720575940626878460,3
720575940619115845,720575940631758393,3
720575940636675817,720575940619917248,3
720575940619115845,720575940632344290,3
720575940612767126,720575940637672425,3
720575940620649084,720575940631758393,3
720575940615072373,720575940616682838,3
720575940629804544,720575940617145561,3
720575940642948887,720575940639358579,3
720575940632371737,720575940630446329,3
720575940624837927,720575940617691170,3
720575940612767126,720575940608186498,3
720575940632371737,720575940621900321,3
720575940632371737,720575940631758393,3
720575940632371737,720575940619917248,3
720575940613041123,720575940632107335,3
720575940629804544,720575940622338269,3
720575940636675817,720575940630446329,3
720575940613041123,720575940619917248,3
720575940632371737,720575940636659886,3
720575940613041123,720575940632344290,3
720575940615072373,720575940625931266,3
720575940634849375,720575940617691170,3
720575940617940304,720575940619506993,3
720575940632371737,720575940620497217,3
720575940614544034,720575940631758393,3
720575940617940304,720575940646288419,3
720575940619863174,720575940617691170,3
720575940619863174,720575940613338152,3
720575940621129181,720575940632107335,3
720575940642010056,720575940621861637,3
720575940619896581,720575940628743362,3
720575940634800759,720575940632344290,3
720575940622565887,720575940638163940,3
720575940627576488,720575940631758393,3
720575940612763542,720575940631758393,3
720575940612763542,720575940623979593,3
720575940630949187,720575940618943389,3
720575940630949187,720575940614629799,3
720575940619271384,720575940646288419,3
720575940611611378,720575940617691170,3
720575940619271384,720575940636659886,3
720575940619271384,720575940632107335,3
720575940621129181,720575940646288419,3
720575940630722757,720575940646288419,3
720575940622979475,720575940608442633,3
720575940629788983,720575940620497217,3
720575940633509471,720575940632107335,3
720575940615219778,720575940617691170,3
720575940623011720,720575940631758393,3
720575940626803279,720575940632344290,3
720575940608774776,720575940617691170,3
720575940625235033,720575940630446329,3
720575940633509471,720575940631758393,3
720575940632558675,720575940628743362,3
720575940631573039,720575940630868271,3
720575940635800431,720575940631758393,3
720575940631620921,720575940619917248,3
720575940631573039,720575940629579836,3
720575940631661281,720575940620497217,3
720575940631661281,720575940619917248,3
720575940621786807,720575940624859725,3
720575940626803279,720575940620922790,3
720575940619896581,720575940607287561,3
720575940630879533,720575940620576238,3
720575940614229159,720575940646288419,3
720575940630879533,720575940617691170,3
720575940626919409,720575940631758393,3
720575940619896581,720575940607511900,3
720575940631573039,720575940623082665,3
720575940620577652,720575940620922790,3
720575940632558675,720575940646288419,3
720575940631573039,720575940617691170,3
720575940614224490,720575940617691170,3
720575940626803279,720575940622950605,3
720575940625235033,720575940631758393,3
720575940631661281,720575940620922790,3
720575940625235033,720575940632107335,3
720575940624642492,720575940632107335,3
720575940616616075,720575940631758393,3
720575940610952089,720575940619917248,3
720575940616702262,720575940617691170,3
720575940606666953,720575940619506993,3
720575940620007457,720575940617691170,3
720575940606902741,720575940620423533,3
720575940621359142,720575940629579836,3
720575940614862230,720575940631758393,3
720575940625564816,720575940631758393,3
720575940617516760,720575940650745977,3
720575940630775891,720575940618943389,3
720575940629788983,720575940631758393,3
720575940621606755,720575940628996455,3
720575940629259638,720575940620576238,3
720575940632371040,720575940632107335,3
720575940606967730,720575940631758393,3
720575940627576488,720575940619917248,3
720575940621250486,720575940618943389,3
720575940629788983,720575940632107335,3
720575940627576488,720575940619506993,3
720575940621250486,720575940617691170,3
720575940625864964,720575940618943389,3
720575940632371040,720575940623082665,3
720575940625499153,720575940623082665,3
720575940629788983,720575940630794703,3
720575940632371040,720575940619917248,3
720575940627576488,720575940623979593,3
720575940621250486,720575940624859725,3
720575940612763542,720575940630446329,3
720575940628491792,720575940631758393,3
720575940644413732,720575940623082665,3
720575940630415268,720575940618943389,3
720575940628103806,720575940630166267,3
720575940608176514,720575940617691170,3
720575940635541623,720575940625615248,3
720575940628574715,720575940618943389,3
720575940622112636,720575940623082665,3
720575940632583831,720575940625615248,3
720575940617492805,720575940618943389,3
720575940633312482,720575940618943389,3
720575940633312482,720575940613338152,3
720575940630456996,720575940620576238,3
720575940637726180,720575940631758393,3
720575940621554815,720575940646288419,3
720575940613776543,720575940632344290,3
720575940628103806,720575940628743362,3
720575940610580377,720575940624661031,3
720575940624288520,720575940617691170,3
720575940619556437,720575940617691170,3
720575940640276955,720575940618943389,3
720575940616955229,720575940630446329,3
720575940622096589,720575940617691170,3
720575940616955229,720575940632344290,3
720575940612607953,720575940627644584,3
720575940619369198,720575940631758393,3
720575940626331978,720575940623082665,3
720575940627912492,720575940617691170,3
720575940630269660,720575940625615248,3
720575940629036997,720575940630794703,3
720575940623015694,720575940618943389,3
720575940621948810,720575940618943389,3
720575940629036997,720575940619917248,3
720575940626663440,720575940618943389,3
720575940628071409,720575940621900321,3
720575940615571601,720575940616682838,3
720575940617390036,720575940617691170,3
720575940621538431,720575940632344290,3
720575940632197935,720575940627194501,3
720575940624754983,720575940617691170,3
720575940626560857,720575940613338152,3
720575940622932809,720575940617691170,3
720575940630415268,720575940629579836,3
720575940628103806,720575940646288419,3
720575940624704002,720575940629579836,3
720575940626676120,720575940629579836,3
720575940626676120,720575940620576238,3
720575940626560857,720575940623082665,3
720575940624426533,720575940635356316,3
720575940632388138,720575940620922790,3
720575940611098517,720575940632107335,3
720575940629863737,720575940623082665,3
720575940629863737,720575940634953079,3
720575940629863737,720575940617691170,3
720575940615785228,720575940635779959,3
720575940632388138,720575940633541857,3
720575940622979475,720575940626455326,3
720575940632388138,720575940632107335,3
720575940614229159,720575940632107335,3
720575940632388138,720575940623979593,3
720575940628103806,720575940623082665,3
720575940629397079,720575940646288419,3
720575940628103806,720575940607511900,3
720575940628491792,720575940617691170,3
720575940610580377,720575940628996455,3
720575940632164269,720575940635356316,3
720575940637726180,720575940632107335,3
720575940621554815,720575940630446329,3
720575940633466524,720575940632107335,3
720575940621554815,720575940632344290,3
720575940605083838,720575940631758393,3
720575940633551028,720575940608186498,3
720575940625023869,720575940623082665,3
720575940617926198,720575940617691170,3
720575940618334145,720575940624661031,3
720575940637726180,720575940607511900,3
720575940628519020,720575940617691170,3
720575940628519020,720575940626878460,3
720575940609190866,720575940618943389,3
720575940645828740,720575940629579836,3
720575940612575230,720575940634655851,3
720575940645828740,720575940630868271,3
720575940621554815,720575940620922790,3
720575940624327196,720575940623082665,3
720575940626343665,720575940618943389,3
720575940624327196,720575940626878460,3
720575940628574715,720575940613338152,3
720575940614186602,720575940617691170,3
720575940619651019,720575940632107335,3
720575940606698697,720575940623082665,3
720575940629319106,720575940621861637,3
720575940615832577,720575940624661031,3
720575940627626244,720575940614629799,3
720575940634351200,720575940618943389,3
720575940615832577,720575940614629799,3
720575940634351200,720575940620423533,3
720575940649022841,720575940624661031,3
720575940609371086,720575940620576238,3
720575940649022841,720575940618943389,3
720575940631485251,720575940624661031,3
720575940621460645,720575940630794703,3
720575940631485251,720575940621861637,3
720575940615832577,720575940618943389,3
720575940621460645,720575940631758393,3
720575940621460645,720575940636659886,3
720575940631485251,720575940618943389,3
720575940622558941,720575940617691170,3
720575940618036509,720575940608442633,3
720575940621688926,720575940617691170,3
720575940619668053,720575940617691170,3
720575940612572670,720575940618943389,3
720575940627626244,720575940618943389,3
720575940605196465,720575940631758393,3
720575940615671494,720575940621861637,3
720575940630923693,720575940628996455,3
720575940634514533,720575940644146724,3
720575940626729515,720575940644747828,3
720575940610963734,720575940618943389,3
720575940625264659,720575940632107335,3
720575940633301183,720575940626455326,3
720575940620042375,720575940634953079,3
720575940636069751,720575940618943389,3
720575940636069751,720575940617691170,3
720575940610793395,720575940632107335,3
720575940610793395,720575940607511900,3
720575940628476716,720575940632344290,3
720575940628476716,720575940630446329,3
720575940621507475,720575940620576238,3
720575940613421890,720575940618943389,3
720575940621507475,720575940617691170,3
720575940616306210,720575940632107335,3
720575940616306210,720575940630446329,3
720575940658101121,720575940632107335,3
720575940618992449,720575940636659886,3
720575940627585028,720575940620576238,3
720575940620230497,720575940630166267,3
720575940627585028,720575940614629799,3
720575940624158650,720575940620423533,3
720575940626828574,720575940617691170,3
720575940618992449,720575940632344290,3
720575940639157968,720575940632107335,3
720575940613735948,720575940631758393,3
720575940628608272,720575940631758393,3
720575940628608272,720575940630446329,3
720575940622216009,720575940618943389,3
720575940622216009,720575940617691170,3
720575940627082261,720575940623082665,3
720575940627170898,720575940617691170,3
720575940639157968,720575940631758393,3
720575940631387463,720575940631758393,3
720575940639157968,720575940607511900,3
720575940610793395,720575940621082996,3
720575940620223398,720575940631758393,3
720575940629270060,720575940608442633,3
720575940612758934,720575940616312949,3
720575940616041913,720575940623082665,3
720575940613954769,720575940608442633,3
720575940628612112,720575940618943389,3
720575940616910310,720575940619823536,3
720575940645819268,720575940605280201,3
720575940628830551,720575940635356316,3
720575940612725906,720575940617691170,3
720575940633932951,720575940646288419,3
720575940615270962,720575940617691170,3
720575940612352423,720575940617691170,3
720575940611686629,720575940617691170,3
720575940630733137,720575940644747828,3
720575940630385403,720575940613338152,3
720575940616087323,720575940621216982,3
720575940623521806,720575940644146724,3
720575940609999217,720575940618943389,3
720575940620223398,720575940630794703,3
720575940611343054,720575940617691170,3
720575940630385403,720575940635356316,3
720575940623977545,720575940631758393,3
720575940614447922,720575940631758393,3
720575940626855171,720575940632107335,3
720575940632528671,720575940630794703,3
720575940614822506,720575940632107335,3
720575940620936870,720575940617691170,3
720575940654647457,720575940620497217,3
720575940626622480,720575940617691170,3
720575940611686629,720575940623082665,3
720575940635953343,720575940623082665,3
720575940612352423,720575940622338269,3
720575940622305304,720575940643950190,3
720575940633932951,720575940626455326,3
720575940620442817,720575940628836412,3
720575940634836671,720575940610430254,3
720575940626855171,720575940623979593,3
720575940654647457,720575940631758393,3
720575940629270060,720575940630166267,3
720575940635883748,720575940616682838,3
720575940638903248,720575940633142498,3
720575940623356493,720575940635356316,3
720575940632358564,720575940627644584,3
720575940620685436,720575940617691170,3
720575940638995005,720575940624317419,3
720575940614861974,720575940617691170,3
720575940620223398,720575940619917248,3
720575940642108301,720575940632107335,3
720575940648276089,720575940617691170,3
720575940623878327,720575940631758393,3
720575940630078348,720575940631758393,3
720575940629895484,720575940646288419,3
720575940622249949,720575940618943389,3
720575940603642982,720575940650745977,3
720575940619254448,720575940623082665,3
720575940631498819,720575940636659886,3
720575940636991856,720575940631758393,3
720575940619842580,720575940608442633,3
720575940639417459,720575940617691170,3
720575940619842580,720575940621082996,3
720575940619808756,720575940629579836,3
720575940620126076,720575940620922790,3
720575940625940456,720575940617691170,3
720575940613799436,720575940623082665,3
720575940628471392,720575940621900321,3
720575940637508698,720575940612643954,3
720575940613799436,720575940618943389,3
720575940635614942,720575940617691170,3
720575940609220291,720575940620488513,3
720575940628471392,720575940626455326,3
720575940622996104,720575940637390302,3
720575940603642982,720575940629579836,3
720575940626274822,720575940650745977,3
720575940605350066,720575940636659886,3
720575940619842580,720575940623082665,3
720575940621925417,720575940644146724,3
720575940629895484,720575940631758393,3
720575940631498819,720575940621900321,3
720575940644472100,720575940632344290,3
720575940644472100,720575940632107335,3
720575940628060983,720575940618943389,3
720575940644472100,720575940622950605,3
720575940608550409,720575940617691170,3
720575940616860318,720575940624661031,3
720575940625584688,720575940617691170,3
720575940609921230,720575940631758393,3
720575940629347791,720575940646288419,3
720575940614803286,720575940630868271,3
720575940631801631,720575940643950190,3
720575940609921230,720575940608442633,3
720575940625690140,720575940635779959,3
720575940615196063,720575940618943389,3
720575940628060983,720575940631198776,3
720575940641355739,720575940616312949,3
720575940628471392,720575940648330105,3
720575940629347791,720575940620922790,3
720575940639988352,720575940617691170,3
720575940633710105,720575940617691170,3
720575940613941042,720575940618943389,3
720575940626194716,720575940606196098,3
720575940613540767,720575940617691170,3
720575940626194716,720575940613338152,3
720575940620143525,720575940628743362,3
720575940613941042,720575940617691170,3
720575940616860318,720575940620423533,3
720575940615196063,720575940614629799,3
720575940618497216,720575940634953079,3
720575940631143383,720575940632344290,3
720575940625570334,720575940625615248,3
720575940615465433,720575940624859725,3
720575940633043295,720575940624859725,3
720575940632718291,720575940618943389,3
720575940621174192,720575940618943389,3
720575940619742656,720575940623082665,3
720575940607981636,720575940618943389,3
720575940632932506,720575940623082665,3
720575940619742656,720575940626878460,3
720575940636246446,720575940617691170,3
720575940612339810,720575940618943389,3
720575940628506732,720575940618943389,3
720575940607981636,720575940625615248,3
720575940616647990,720575940618943389,3
720575940612339810,720575940634953079,3
720575940615465433,720575940613338152,3
720575940616547904,720575940635356316,3
720575940622670835,720575940630446329,3
720575940614313996,720575940630794703,3
720575940614313996,720575940630446329,3
720575940619147349,720575940626878460,3
720575940637964521,720575940617691170,3
720575940615696070,720575940623082665,3
720575940631088402,720575940617691170,3
720575940622398728,720575940644146724,3
720575940615136059,720575940631198776,3
720575940632951266,720575940618943389,3
720575940642328736,720575940628836412,3
720575940652822945,720575940618943389,3
720575940652822945,720575940639358579,3
720575940632951266,720575940634953079,3
720575940626513027,720575940617691170,3
720575940610946730,720575940625615248,3
720575940620039956,720575940632107335,3
720575940625937797,720575940623082665,3
720575940625937797,720575940621082996,3
720575940622294808,720575940617691170,3
720575940628836345,720575940637390302,3
720575940632437331,720575940624661031,3
720575940625354904,720575940625931266,3
720575940657869953,720575940617691170,3
720575940627741562,720575940618943389,3
720575940643504288,720575940631198776,3
720575940610943897,720575940618943389,3
720575940639749109,720575940617691170,3
720575940621561226,720575940618943389,3
720575940623438571,720575940628836412,3
720575940607981636,720575940613338152,3
720575940624941326,720575940617145561,3
720575940628506732,720575940644146724,3
720575940615465433,720575940617691170,3
720575940619842580,720575940630166267,3
720575940631143383,720575940620497217,3
720575940622005025,720575940618943389,3
720575940615671494,720575940628996455,3
720575940622005025,720575940620576238,3
720575940628830551,720575940624859725,3
720575940622948872,720575940616682838,3
720575940628830551,720575940621284446,3
720575940604999526,720575940617691170,3
720575940610101210,720575940625615248,3
720575940620073606,720575940617691170,3
720575940619414132,720575940644146724,3
720575940626043454,720575940618943389,3
720575940644136983,720575940617691170,3
720575940607993668,720575940617691170,3
720575940615896989,720575940618943389,3
720575940631549743,720575940632107335,3
720575940631549743,720575940631844492,3
720575940615896989,720575940623082665,3
720575940631549743,720575940620938150,3
720575940631549743,720575940620922790,3
720575940610101210,720575940618943389,3
720575940619414132,720575940618943389,3
720575940637277117,720575940631198776,3
720575940628761039,720575940626878460,3
720575940649649529,720575940635356316,3
720575940627775938,720575940610523746,3
720575940618396399,720575940626878460,3
720575940623543303,720575940621216982,3
720575940636513882,720575940637390302,3
720575940610101210,720575940614293485,3
720575940619897734,720575940618943389,3
720575940621951453,720575940631758393,3
720575940628761039,720575940621284446,3
720575940619778645,720575940617691170,3
720575940607971908,720575940624859725,3
720575940606891221,720575940618943389,3
720575940619587009,720575940617691170,3
720575940637277117,720575940618943389,3
720575940630613835,720575940617691170,3
720575940637277117,720575940626878460,3
720575940619802539,720575940617691170,3
720575940630917293,720575940635356316,3
720575940612706706,720575940638163940,3
720575940630917293,720575940631198776,3
720575940646290979,720575940617691170,3
720575940659536257,720575940624661031,3
720575940639686232,720575940623082665,3
720575940619937718,720575940628996455,3
720575940630687827,720575940630868271,3
720575940619937718,720575940624661031,3
720575940607971908,720575940617691170,3
720575940616781241,720575940617691170,3
720575940612091601,720575940624859725,3
720575940609651554,720575940623082665,3
720575940620355009,720575940631758393,3
720575940612091601,720575940618943389,3
720575940614768278,720575940617691170,3
720575940619587009,720575940620423533,3
720575940609694818,720575940623398524,3
720575940609651554,720575940631758393,3
720575940625721866,720575940617242841,3
720575940608456715,720575940631758393,3
720575940624729528,720575940635779959,3
720575940622276365,720575940638163940,3
720575940612896106,720575940629579836,3
720575940612896106,720575940626878460,3
720575940617902676,720575940640747864,3
720575940622276365,720575940617691170,3
720575940627687940,720575940620341931,3
720575940624596355,720575940618943389,3
720575940622145277,720575940619917248,3
720575940617456798,720575940634953079,3
720575940637657189,720575940618943389,3
720575940637657189,720575940613338152,3
720575940621885191,720575940644146724,3
720575940621376196,720575940621861637,3
720575940620460108,720575940617691170,3
720575940631284012,720575940623082665,3
720575940620460108,720575940620423533,3
720575940622637804,720575940617691170,3
720575940637657189,720575940644146724,3
720575940620460108,720575940618943389,3
720575940638053865,720575940646288419,3
720575940613684906,720575940626878460,3
720575940640883931,720575940618943389,3
720575940640883931,720575940626878460,3
720575940644759319,720575940619823536,3
720575940614925963,720575940618943389,3
720575940636920542,720575940617691170,3
720575940603721248,720575940624859725,3
720575940613797295,720575940619402576,3
720575940624644739,720575940618943389,3
720575940619412596,720575940618943389,3
720575940637186638,720575940623082665,3
720575940624644739,720575940617691170,3
720575940624060208,720575940618943389,3
720575940628800762,720575940636659886,3
720575940624060208,720575940634953079,3
720575940632582807,720575940635356316,3
720575940622637804,720575940635356316,3
720575940625500304,720575940624661031,3
720575940619077217,720575940624661031,3
720575940621885191,720575940635356316,3
720575940625500304,720575940644146724,3
720575940629502506,720575940631758393,3
720575940621382852,720575940617691170,3
720575940622145277,720575940632107335,3
720575940604770249,720575940618943389,3
720575940639118168,720575940617691170,3
720575940624834968,720575940624859725,3
720575940611988008,720575940617691170,3
720575940631216682,720575940617691170,3
720575940621382852,720575940613338152,3
720575940636375653,720575940623082665,3
720575940618396399,720575940621284446,3
720575940620931750,720575940624859725,3
720575940627307855,720575940634953079,3
720575940619054027,720575940631017258,3
720575940612872173,720575940620497217,3
720575940621288225,720575940616682838,3
720575940627230986,720575940619917248,3
720575940623032970,720575940631758393,3
720575940621802751,720575940619506993,3
720575940613258975,720575940631758393,3
720575940633516980,720575940644146724,3
720575940633516980,720575940629579836,3
720575940616547648,720575940635356316,3
720575940633516980,720575940618943389,3
720575940613690031,720575940632344290,3
720575940613690031,720575940632107335,3
720575940636553306,720575940617691170,3
720575940621802751,720575940623082665,3
720575940613258975,720575940623082665,3
720575940616547648,720575940617691170,3
720575940632927405,720575940631758393,3
720575940623030015,720575940632107335,3
720575940622768397,720575940636659886,3
720575940613213151,720575940624317419,3
720575940607330499,720575940631758393,3
720575940612872173,720575940631758393,3
720575940652311030,720575940621861637,3
720575940627230986,720575940626135122,3
720575940617176413,720575940608071435,3
720575940621888169,720575940617691170,3
720575940622768397,720575940623082665,3
720575940607330499,720575940632107335,3
720575940627778564,720575940617691170,3
720575940612765846,720575940650745977,3
720575940637118174,720575940617691170,3
720575940615651014,720575940637928164,3
720575940643266852,720575940617691170,3
720575940624609101,720575940617691170,3
720575940612872173,720575940619917248,3
720575940652311030,720575940618943389,3
720575940612778646,720575940620576238,3
720575940604963942,720575940646582836,3
720575940622102763,720575940623082665,3
720575940627230986,720575940620497217,3
720575940618992749,720575940650745977,3
720575940607337923,720575940618943389,3
720575940626896643,720575940636659886,3
720575940659314817,720575940618943389,3
720575940630411259,720575940623082665,3
720575940609684946,720575940631198776,3
720575940626901278,720575940623082665,3
720575940619090529,720575940617691170,3
720575940618989421,720575940618943389,3
720575940626901278,720575940624317419,3
720575940621146294,720575940632107335,3
720575940629834796,720575940617691170,3
720575940622737812,720575940631758393,3
720575940634464869,720575940644146724,3
720575940631875097,720575940623082665,3
720575940623356493,720575940644146724,3
720575940630265952,720575940630868271,3
720575940618036509,720575940628743362,3
720575940635883748,720575940625931266,3
720575940615481489,720575940634953079,3
720575940640292571,720575940629579836,3
720575940610206387,720575940627194501,3
720575940624195559,720575940616682838,3
720575940621913897,720575940628743362,3
720575940624532979,720575940612857878,3
720575940623244180,720575940616312949,3
720575940623244180,720575940624317419,3
720575940624195559,720575940622950605,3
720575940626002494,720575940632344290,3
720575940624563075,720575940619917248,3
720575940639069493,720575940631758393,3
720575940632848045,720575940639358579,3
720575940625002526,720575940632344290,3
720575940630411535,720575940627194501,3
720575940619535563,720575940626135122,3
720575940630411535,720575940630446329,3
720575940621146294,720575940619917248,3
720575940634967962,720575940617691170,3
720575940611453107,720575940632107335,3
720575940630411535,720575940632107335,3
720575940613353538,720575940634953079,2
720575940628297627,720575940631198776,2
720575940616878238,720575940620576238,2
720575940616616075,720575940624406986,2
720575940641084405,720575940611918578,2
720575940610690162,720575940650745977,2
720575940620418774,720575940619506993,2
720575940629202167,720575940624661031,2
720575940616746123,720575940621082996,2
720575940628297627,720575940617691170,2
720575940621913897,720575940630166267,2
720575940628297627,720575940618943389,2
720575940616878238,720575940618943389,2
720575940629318394,720575940623979593,2
720575940625002526,720575940621900321,2
720575940616746123,720575940619301185,2
720575940630411259,720575940628743362,2
720575940659314817,720575940640747864,2
720575940630411259,720575940626455326,2
720575940627016859,720575940617691170,2
720575940624195559,720575940616312949,2
720575940633813785,720575940606196098,2
720575940623014328,720575940631844492,2
720575940632144813,720575940630794703,2
720575940633569784,720575940624859725,2
720575940609143672,720575940640747864,2
720575940615931293,720575940631758393,2
720575940631678689,720575940635356316,2
720575940630759507,720575940631758393,2
720575940633813785,720575940635356316,2
720575940629233145,720575940626135122,2
720575940629233145,720575940619917248,2
720575940632078929,720575940626878460,2
720575940617771521,720575940631198776,2
720575940623244180,720575940623082665,2
720575940659314817,720575940617691170,2
720575940621913897,720575940631758393,2
720575940638561102,720575940616312949,2
720575940613738415,720575940621082996,2
720575940632144813,720575940632107335,2
720575940625002526,720575940646288419,2
720575940615931293,720575940617691170,2
720575940610137050,720575940624859725,2
720575940609684946,720575940625615248,2
720575940624195559,720575940607511900,2
720575940659314817,720575940620576238,2
720575940626782507,720575940631758393,2
720575940636560730,720575940626455326,2
720575940618306112,720575940628708139,2
720575940653332385,720575940608442633,2
720575940636519598,720575940637390302,2
720575940623014328,720575940622950605,2
720575940636560730,720575940630318951,2
720575940615125307,720575940624859725,2
720575940625002526,720575940631758393,2
720575940605290441,720575940622338269,2
720575940636560730,720575940631758393,2
720575940623102396,720575940608071435,2
720575940623014328,720575940630498811,2
720575940629277687,720575940617691170,2
720575940653332385,720575940623082665,2
720575940618306112,720575940636659886,2
720575940653332385,720575940620488513,2
720575940633813785,720575940623082665,2
720575940654647457,720575940628708139,2
720575940654647457,720575940630777631,2
720575940629270060,720575940625931266,2
720575940616041913,720575940632107335,2
720575940616041913,720575940646288419,2
720575940627016859,720575940620423533,2
720575940623102396,720575940617691170,2
720575940618306112,720575940630794703,2
720575940626904561,720575940623082665,2
720575940614131131,720575940621900321,2
720575940629233145,720575940632344290,2
720575940631447363,720575940632107335,2
720575940620051580,720575940624661031,2
720575940637810239,720575940631758393,2
720575940627094917,720575940626878460,2
720575940627244699,720575940629579836,2
720575940633300927,720575940621462512,2
720575940625317139,720575940620922790,2
720575940613977041,720575940617691170,2
720575940638626613,720575940623979593,2
720575940639116888,720575940627644584,2
720575940622217033,720575940624859725,2
720575940625171289,720575940638163940,2
720575940625317139,720575940630794703,2
720575940627244699,720575940626878460,2
720575940611660714,720575940623082665,2
720575940639116888,720575940605280201,2
720575940622217033,720575940617691170,2
720575940615974493,720575940627194501,2
720575940638626613,720575940620922790,2
720575940639278325,720575940607287561,2
720575940617771521,720575940617691170,2
720575940614131131,720575940636659886,2
720575940635800431,720575940612643954,2
720575940625171289,720575940639358579,2
720575940609684946,720575940644146724,2
720575940627307855,720575940625615248,2
720575940615931293,720575940627644584,2
720575940627307855,720575940631017258,2
720575940629638211,720575940617691170,2
720575940627307855,720575940618943389,2
720575940629300043,720575940646582836,2
720575940626896643,720575940632344290,2
720575940618691742,720575940619917248,2
720575940626896643,720575940630498811,2
720575940622926472,720575940630650063,2
720575940627307855,720575940620576238,2
720575940639116888,720575940631443304,2
720575940629638211,720575940634953079,2
720575940622928397,720575940617145561,2
720575940618691742,720575940637390302,2
720575940618691742,720575940636659886,2
720575940626896643,720575940622950605,2
720575940639116888,720575940637391582,2
720575940623129087,720575940634953079,2
720575940622928397,720575940621216982,2
720575940609684946,720575940626878460,2
720575940618691742,720575940630777631,2
720575940613353538,720575940629579836,2
720575940627336209,720575940621462512,2
720575940620746093,720575940613338152,2
720575940626651288,720575940610523746,2
720575940630878253,720575940623082665,2
720575940615507641,720575940631443304,2
720575940629545027,720575940617691170,2
720575940629545027,720575940631758393,2
720575940628312049,720575940620497217,2
720575940628312049,720575940619917248,2
720575940613738415,720575940630318951,2
720575940626651288,720575940630868271,2
720575940610470130,720575940629579836,2
720575940620232363,720575940612857878,2
720575940630878253,720575940644146724,2
720575940626651288,720575940625615248,2
720575940626834762,720575940646288419,2
720575940623400445,720575940621216982,2
720575940627908624,720575940639358579,2
720575940611450134,720575940634655851,2
720575940610743282,720575940627644584,2
720575940612668018,720575940623082665,2
720575940622965944,720575940623082665,2
720575940624648067,720575940620423533,2
720575940624648067,720575940624859725,2
720575940624648067,720575940625615248,2
720575940622965944,720575940606196098,2
720575940611450134,720575940608071435,2
720575940615507641,720575940617691170,2
720575940628152838,720575940621284446,2
720575940627003547,720575940617691170,2
720575940633075163,720575940620423533,2
720575940625678613,720575940620341931,2
720575940615897245,720575940620423533,2
720575940622888205,720575940629579836,2
720575940630547916,720575940634953079,2
720575940631647043,720575940617691170,2
720575940622888205,720575940618943389,2
720575940626649433,720575940608071435,2
720575940617727435,720575940623082665,2
720575940619701631,720575940634640023,2
720575940619701631,720575940617691170,2
720575940620827713,720575940617691170,2
720575940617727435,720575940625615248,2
720575940622888205,720575940623082665,2
720575940631662049,720575940637390302,2
720575940617727435,720575940650745977,2
720575940609970801,720575940626878460,2
720575940622335112,720575940635356316,2
720575940628201259,720575940608071435,2
720575940627986220,720575940624859725,2
720575940622335112,720575940617691170,2
720575940622335112,720575940618943389,2
720575940627986220,720575940623082665,2
720575940621882401,720575940617691170,2
720575940617727435,720575940635356316,2
720575940614148283,720575940623082665,2
720575940621680133,720575940608071435,2
720575940619156565,720575940629579836,2
720575940621924615,720575940618943389,2
720575940651816950,720575940626878460,2
720575940651816950,720575940644146724,2
720575940628842839,720575940631198776,2
720575940628842839,720575940630868271,2
720575940609970801,720575940635356316,2
720575940628842839,720575940634953079,2
720575940622727572,720575940623082665,2
720575940619156565,720575940625615248,2
720575940619156565,720575940624859725,2
720575940626621498,720575940623082665,2
720575940620827713,720575940619823536,2
720575940639278325,720575940624317419,2
720575940617727435,720575940618943389,2
720575940622727572,720575940639358579,2
720575940629406012,720575940630498811,2
720575940626621498,720575940635356316,2
720575940632010567,720575940617691170,2
720575940621951453,720575940612643954,2
720575940645377668,720575940630498811,2
720575940611110468,720575940608442633,2
720575940629474090,720575940618943389,2
720575940620457904,720575940631443304,2
720575940619897734,720575940608186498,2
720575940620073606,720575940627644584,2
720575940621951453,720575940619506993,2
720575940607993668,720575940620423533,2
720575940628761039,720575940625615248,2
720575940611110468,720575940616682838,2
720575940619897734,720575940624661031,2
720575940631549743,720575940633541857,2
720575940626043454,720575940637928164,2
720575940626043454,720575940644146724,2
720575940624593132,720575940617691170,2
720575940619156565,720575940618943389,2
720575940626526218,720575940618943389,2
720575940630687827,720575940617691170,2
720575940638626613,720575940628708139,2
720575940621951453,720575940627741799,2
720575940621951453,720575940630318951,2
720575940639278325,720575940646288419,2
720575940619937718,720575940644146724,2
720575940607993668,720575940623082665,2
720575940619701631,720575940617145561,2
720575940626043454,720575940608186498,2
720575940619897734,720575940628996455,2
720575940631549743,720575940628708139,2
720575940610505621,720575940631198776,2
720575940631549743,720575940630794703,2
720575940631549743,720575940622950605,2
720575940627561854,720575940646582836,2
720575940626855171,720575940646288419,2
720575940626855171,720575940648330105,2
720575940630651223,720575940616682838,2
720575940630651223,720575940621082996,2
720575940614822506,720575940619917248,2
720575940611204323,720575940616312949,2
720575940613954769,720575940648330105,2
720575940626855171,720575940636659886,2
720575940611204323,720575940631758393,2
720575940616440098,720575940635779959,2
720575940611204323,720575940619506993,2
720575940611204323,720575940616682838,2
720575940614822506,720575940621900321,2
720575940614822506,720575940622950605,2
720575940608644654,720575940617691170,2
720575940628842839,720575940624859725,2
720575940631620921,720575940625931266,2
720575940631620921,720575940618910075,2
720575940635800431,720575940643542688,2
720575940633075163,720575940650745977,2
720575940613681458,720575940617691170,2
720575940633075163,720575940644146724,2
720575940622727572,720575940617691170,2
720575940633075163,720575940639358579,2
720575940618657334,720575940632344290,2
720575940626855171,720575940621900321,2
720575940618657334,720575940631758393,2
720575940621892829,720575940617145561,2
720575940633215339,720575940617691170,2
720575940621892829,720575940644747828,2
720575940633215339,720575940622701808,2
720575940625454640,720575940605113376,2
720575940616910310,720575940612857878,2
720575940611204323,720575940608442633,2
720575940633215339,720575940635356316,2
720575940627158098,720575940620497217,2
720575940614822506,720575940630446329,2
720575940628312049,720575940632107335,2
720575940621892829,720575940617691170,2
720575940631620921,720575940628743362,2
720575940628312049,720575940630498811,2
720575940631620921,720575940635779959,2
720575940631620921,720575940631758393,2
720575940632528671,720575940621900321,2
720575940632528671,720575940622944403,2
720575940614822506,720575940637390302,2
720575940627158098,720575940628708139,2
720575940627158098,720575940631844492,2
720575940614822506,720575940631844492,2
720575940623973961,720575940608186498,2
720575940632528671,720575940620922790,2
720575940627158098,720575940632107335,2
720575940627158098,720575940632344290,2
720575940628842839,720575940617691170,2
720575940610952089,720575940615682246,2
720575940622784611,720575940631198776,2
720575940606666953,720575940620497217,2
720575940612019570,720575940628743362,2
720575940629765647,720575940630446329,2
720575940629765647,720575940632344290,2
720575940610690162,720575940634953079,2
720575940629765647,720575940623082665,2
720575940628309186,720575940618943389,2
720575940629202167,720575940635356316,2
720575940617857053,720575940631758393,2
720575940628309186,720575940620576238,2
720575940633802009,720575940623082665,2
720575940630038156,720575940627644584,2
720575940617857053,720575940632107335,2
720575940620418774,720575940632107335,2
720575940623991333,720575940638163940,2
720575940623991333,720575940644146724,2
720575940606666953,720575940630446329,2
720575940618183559,720575940631758393,2
720575940646034740,720575940639684696,2
720575940622938637,720575940618943389,2
720575940635800431,720575940623082665,2
720575940633075163,720575940624859725,2
720575940630759507,720575940647165828,2
720575940631620921,720575940623082665,2
720575940625800741,720575940617691170,2
720575940606666953,720575940632107335,2
720575940624054675,720575940613338152,2
720575940643501472,720575940622950605,2
720575940606666953,720575940631758393,2
720575940643501472,720575940623082665,2
720575940625800741,720575940627644584,2
720575940643501472,720575940616682838,2
720575940629765647,720575940647165828,2
720575940622784611,720575940620576238,2
720575940606666953,720575940620938150,2
720575940624054675,720575940631017258,2
720575940606666953,720575940646288419,2
720575940643501472,720575940619506993,2
720575940631256168,720575940631758393,2
720575940624054675,720575940617691170,2
720575940643501472,720575940646288419,2
720575940643501472,720575940648330105,2
720575940606666953,720575940622950605,2
720575940643501472,720575940626455326,2
720575940616616075,720575940607511900,2
720575940621869918,720575940623398524,2
720575940606902741,720575940620576238,2
720575940623129087,720575940617691170,2
720575940642338464,720575940639358579,2
720575940642338464,720575940644146724,2
720575940611660714,720575940617691170,2
720575940605000550,720575940621462512,2
720575940620051580,720575940617691170,2
720575940639057085,720575940617691170,2
720575940628711631,720575940650745977,2
720575940623129087,720575940623082665,2
720575940628711631,720575940626878460,2
720575940608517385,720575940612643954,2
720575940609153746,720575940617691170,2
720575940625900900,720575940654661281,2
720575940611660714,720575940650745977,2
720575940647153796,720575940637390302,2
720575940622549759,720575940644747828,2
720575940642338464,720575940624661031,2
720575940607280306,720575940627644584,2
720575940632111780,720575940617691170,2
720575940620232363,720575940636309093,2
720575940620232363,720575940634655851,2
720575940636519598,720575940630794703,2
720575940615125307,720575940631017258,2
720575940627908624,720575940635356316,2
720575940620232363,720575940627644584,2
720575940624800188,720575940637109214,2
720575940636519598,720575940621900321,2
720575940636519598,720575940622495092,2
720575940608517385,720575940630996684,2
720575940608532675,720575940622338269,2
720575940609143672,720575940625931266,2
720575940617771521,720575940624661031,2
720575940624800188,720575940608186498,2
720575940620827713,720575940621216982,2
720575940612019570,720575940616682838,2
720575940620235968,720575940623398524,2
720575940628612112,720575940621861637,2
720575940649650041,720575940608442633,2
720575940622204157,720575940646288419,2
720575940628612112,720575940626878460,2
720575940616041913,720575940621082996,2
720575940628612112,720575940617691170,2
720575940627595848,720575940631758393,2
720575940627595848,720575940631576903,2
720575940635953343,720575940616312949,2
720575940635953343,720575940612643954,2
720575940635953343,720575940619506993,2
720575940625454640,720575940622338269,2
720575940612728466,720575940621861637,2
720575940612758934,720575940607511900,2
720575940622204157,720575940608442633,2
720575940635953343,720575940619301185,2
720575940616041913,720575940616682838,2
720575940631620921,720575940607511900,2
720575940624800188,720575940631198776,2
720575940613738415,720575940631758393,2
720575940613954769,720575940607511900,2
720575940635953343,720575940624406986,2
720575940635953343,720575940624317419,2
720575940649650041,720575940621082996,2
720575940628711631,720575940618943389,2
720575940627094917,720575940618943389,2
720575940625900900,720575940612857878,2
720575940627094917,720575940617691170,2
720575940625900900,720575940617691170,2
720575940622217033,720575940650745977,2
720575940606483467,720575940635356316,2
720575940628300529,720575940627644584,2
720575940647153796,720575940632107335,2
720575940627094917,720575940613338152,2
720575940628711631,720575940610523746,2
720575940627028773,720575940631758393,2
720575940637810239,720575940611918578,2
720575940608517385,720575940607287561,2
720575940640688592,720575940637391582,2
720575940616910310,720575940642733216,2
720575940625720341,720575940631198776,2
720575940649650041,720575940631758393,2
720575940616041913,720575940626455326,2
720575940616910310,720575940633142498,2
720575940616041913,720575940624317419,2
720575940649650041,720575940627741799,2
720575940613954769,720575940619506993,2
720575940618667143,720575940617242841,2
720575940607280306,720575940617691170,2
720575940628300529,720575940621216982,2
720575940653332385,720575940632107335,2
720575940637810239,720575940622338269,2
720575940620051580,720575940630868271,2
720575940609153746,720575940624859725,2
720575940613507946,720575940623979593,2
720575940631399978,720575940608442633,2
720575940631399978,720575940607287561,2
720575940627089930,720575940608442633,2
720575940627089930,720575940607511900,2
720575940631399978,720575940624317419,2
720575940627089930,720575940616682838,2
720575940631399978,720575940619301185,2
720575940608657621,720575940621082996,2
720575940604483040,720575940621900321,2
720575940621594723,720575940619917248,2
720575940629504554,720575940631758393,2
720575940630906655,720575940605221065,2
720575940626733693,720575940635779959,2
720575940626733693,720575940632107335,2
720575940614869387,720575940620488513,2
720575940621594723,720575940622950605,2
720575940614869387,720575940630166267,2
720575940622462472,720575940618943389,2
720575940622462472,720575940617691170,2
720575940614869387,720575940648330105,2
720575940614869387,720575940646288419,2
720575940622462472,720575940620423533,2
720575940634018415,720575940624317419,2
720575940627426837,720575940631758393,2
720575940608312533,720575940634475119,2
720575940614869387,720575940632107335,2
720575940631399978,720575940630318951,2
720575940627089930,720575940623082665,2
720575940638472006,720575940619301185,2
720575940633996911,720575940605280201,2
720575940633996911,720575940608071435,2
720575940633996911,720575940617691170,2
720575940621290017,720575940631758393,2
720575940605488416,720575940639684696,2
720575940618980299,720575940631017258,2
720575940615901597,720575940618943389,2
720575940631458371,720575940617691170,2
720575940652342006,720575940617691170,2
720575940617873984,720575940610430254,2
720575940620572125,720575940618943389,2
720575940629504554,720575940616312949,2
720575940617750173,720575940628996455,2
720575940652342006,720575940630498811,2
720575940630573260,720575940634953079,2
720575940633996911,720575940631576903,2
720575940605488416,720575940617691170,2
720575940612770418,720575940621462512,2
720575940615901597,720575940650745977,2
720575940629365804,720575940617691170,2
720575940620572125,720575940610523746,2
720575940612490723,720575940617691170,2
720575940627854568,720575940621462512,2
720575940618544367,720575940617691170,2
720575940618544367,720575940639358579,2
720575940633040223,720575940631198776,2
720575940618544367,720575940625615248,2
720575940616052625,720575940617691170,2
720575940633040223,720575940639358579,2
720575940606452681,720575940617691170,2
720575940620576494,720575940610430254,2
720575940631177035,720575940634953079,2
720575940625223690,720575940618943389,2
720575940610658674,720575940654661281,2
720575940627621626,720575940638163940,2
720575940625223690,720575940613338152,2
720575940627621626,720575940626878460,2
720575940635803876,720575940617691170,2
720575940635803876,720575940619402576,2
720575940606452681,720575940623082665,2
720575940620179821,720575940620423533,2
720575940620179821,720575940618943389,2
720575940606347394,720575940617691170,2
720575940635656670,720575940635356316,2
720575940630906029,720575940618943389,2
720575940630906029,720575940620423533,2
720575940630906029,720575940635356316,2
720575940630906029,720575940638163940,2
720575940624584579,720575940608071435,2
720575940626305679,720575940638163940,2
720575940635150990,720575940638163940,2
720575940635150990,720575940639358579,2
720575940607792139,720575940636309093,2
720575940628408055,720575940617691170,2
720575940606347394,720575940647165828,2
720575940626242054,720575940637390302,2
720575940621922398,720575940621861637,2
720575940607792139,720575940631576903,2
720575940616052625,720575940634953079,2
720575940611664281,720575940613338152,2
720575940621922398,720575940639358579,2
720575940635656670,720575940625615248,2
720575940626305679,720575940617691170,2
720575940605488416,720575940631758393,2
720575940617937181,720575940608071435,2
720575940614854294,720575940623082665,2
720575940631842956,720575940617691170,2
720575940645759523,720575940624859725,2
720575940618299712,720575940621900321,2
720575940618299712,720575940622950605,2
720575940628651792,720575940640747864,2
720575940628651792,720575940632107335,2
720575940629485354,720575940617691170,2
720575940630067255,720575940631758393,2
720575940620036385,720575940637928164,2
720575940615356347,720575940617691170,2
720575940607984651,720575940644747828,2
720575940630067255,720575940631844492,2
720575940632173103,720575940617691170,2
720575940614854294,720575940635356316,2
720575940628209212,720575940631017258,2
720575940628209212,720575940618943389,2
720575940623166471,720575940650745977,2
720575940609405646,720575940650745977,2
720575940615456985,720575940618943389,2
720575940628209212,720575940635356316,2
720575940625807108,720575940620423533,2
720575940625807108,720575940624859725,2
720575940634638990,720575940618943389,2
720575940627243623,720575940620576238,2
720575940627243623,720575940624859725,2
720575940627243623,720575940644146724,2
720575940605550950,720575940630691159,2
720575940625158437,720575940631198776,2
720575940614854294,720575940631198776,2
720575940627587078,720575940624859725,2
720575940607984651,720575940631758393,2
720575940628404188,720575940619917248,2
720575940620036385,720575940626071482,2
720575940629485354,720575940624859725,2
720575940634800282,720575940626878460,2
720575940630067255,720575940619917248,2
720575940634800282,720575940617691170,2
720575940620413355,720575940639358579,2
720575940627920071,720575940631758393,2
720575940627920071,720575940623082665,2
720575940647714425,720575940644146724,2
720575940621087408,720575940627194501,2
720575940647714425,720575940631198776,2
720575940615901597,720575940613338152,2
720575940648995705,720575940617691170,2
720575940616675638,720575940626878460,2
720575940647714425,720575940629579836,2
720575940620036385,720575940631198776,2
720575940618299712,720575940636659886,2
720575940607984651,720575940621216982,2
720575940629485354,720575940650745977,2
720575940628651792,720575940616312949,2
720575940629485354,720575940610523746,2
720575940637826623,720575940617691170,2
720575940620413355,720575940620423533,2
720575940628651792,720575940607287561,2
720575940612846962,720575940632107335,2
720575940612846962,720575940646288419,2
720575940616675638,720575940635356316,2
720575940615539385,720575940631576903,2
720575940637826623,720575940621216982,2
720575940628651792,720575940624406986,2
720575940623914679,720575940616312949,2
720575940623914679,720575940616682838,2
720575940620413355,720575940608186498,2
720575940623914679,720575940612643954,2
720575940627920071,720575940619506993,2
720575940628404188,720575940632107335,2
720575940616675638,720575940617691170,2
720575940629485354,720575940608186498,2
720575940623914679,720575940623082665,2
720575940618203783,720575940623082665,2
720575940616675638,720575940618943389,2
720575940627920071,720575940612643954,2
720575940627426837,720575940649675897,2
720575940634072756,720575940646582836,2
720575940621288225,720575940616312949,2
720575940621288225,720575940608442633,2
720575940617176413,720575940605113376,2
720575940634072756,720575940605113376,2
720575940623032970,720575940623082665,2
720575940630331244,720575940628996455,2
720575940630331244,720575940644146724,2
720575940623032970,720575940630996684,2
720575940623032970,720575940630166267,2
720575940623032970,720575940625931266,2
720575940607330499,720575940620812865,2
720575940607330499,720575940607287561,2
720575940619967879,720575940631758393,2
720575940624609101,720575940631758393,2
720575940613987635,720575940608071435,2
720575940615651014,720575940620576238,2
720575940612872173,720575940628708139,2
720575940624609101,720575940619823536,2
720575940619967879,720575940620341931,2
720575940621288225,720575940630166267,2
720575940619967879,720575940627110931,2
720575940615651014,720575940606196098,2
720575940630331244,720575940624661031,2
720575940652311030,720575940620423533,2
720575940603174368,720575940631758393,2
720575940652311030,720575940623082665,2
720575940624851864,720575940631758393,2
720575940624851864,720575940631443304,2
720575940623032970,720575940608442633,2
720575940620959256,720575940631758393,2
720575940630331244,720575940620423533,2
720575940613213151,720575940620488513,2
720575940622768397,720575940648330105,2
720575940627778564,720575940634953079,2
720575940652311030,720575940650745977,2
720575940627778564,720575940638163940,2
720575940652311030,720575940641509595,2
720575940607330499,720575940633515490,2
720575940614811222,720575940622338269,2
720575940619305808,720575940617691170,2
720575940616087323,720575940605113376,2
720575940634920543,720575940620423533,2
720575940625642340,720575940624859725,2
720575940634468197,720575940644146724,2
720575940604766153,720575940618943389,2
720575940625642340,720575940618943389,2
720575940618992749,720575940620576238,2
720575940628687259,720575940620341931,2
720575940616095517,720575940643950190,2
720575940618992749,720575940617691170,2
720575940622972365,720575940630498811,2
720575940622972365,720575940634655851,2
720575940634362999,720575940650745977,2
720575940625642340,720575940650745977,2
720575940626694479,720575940618943389,2
720575940622102763,720575940618943389,2
720575940634362999,720575940621284446,2
720575940604766153,720575940631198776,2
720575940622102763,720575940635356316,2
720575940612090321,720575940617691170,2
720575940639588723,720575940617691170,2
720575940604766153,720575940613338152,2
720575940634920543,720575940629579836,2
720575940634920543,720575940626878460,2
720575940625642340,720575940634953079,2
720575940618992749,720575940623082665,2
720575940639588723,720575940644747828,2
720575940625642340,720575940629579836,2
720575940625642340,720575940628996455,2
720575940634468197,720575940623082665,2
720575940628687259,720575940623398524,2
720575940620210857,720575940618943389,2
720575940620210857,720575940617691170,2
720575940627585286,720575940617691170,2
720575940627585286,720575940611918578,2
720575940613987635,720575940631758393,2
720575940612765846,720575940629579836,2
720575940627230986,720575940621900321,2
720575940621888169,720575940613647007,2
720575940627230986,720575940620922790,2
720575940637118174,720575940631758393,2
720575940643266852,720575940606196098,2
720575940627230986,720575940632344290,2
720575940617176413,720575940647165828,2
720575940625642340,720575940617691170,2
720575940628687259,720575940627644584,2
720575940616095517,720575940654661281,2
720575940607337923,720575940624859725,2
720575940622641132,720575940618943389,2
720575940622641132,720575940624859725,2
720575940632068383,720575940629579836,2
720575940619872372,720575940617691170,2
720575940626733693,720575940623082665,2
720575940608657621,720575940643542688,2
720575940614869387,720575940608442633,2
720575940630573260,720575940624661031,2
720575940629504554,720575940607287561,2
720575940626733693,720575940619506993,2
720575940626733693,720575940607511900,2
720575940644583534,720575940619823536,2
720575940629854764,720575940632344290,2
720575940615134918,720575940623082665,2
720575940612924522,720575940608186498,2
720575940621864965,720575940631758393,2
720575940629854764,720575940608071435,2
720575940629854764,720575940612623474,2
720575940615134918,720575940618943389,2
720575940620572125,720575940634953079,2
720575940604483040,720575940630794703,2
720575940613507946,720575940648330105,2
720575940636143679,720575940617145561,2
720575940627851008,720575940624859725,2
720575940613507946,720575940646288419,2
720575940621073117,720575940619506993,2
720575940622462472,720575940634953079,2
720575940627851008,720575940635356316,2
720575940626225173,720575940623082665,2
720575940621073117,720575940620922790,2
720575940613507946,720575940633541857,2
720575940614772383,720575940629579836,2
720575940624584579,720575940631443304,2
720575940616677661,720575940617691170,2
720575940634018415,720575940631758393,2
720575940613507946,720575940639077283,2
720575940627851008,720575940617691170,2
720575940617750173,720575940608186498,2
720575940630430495,720575940632107335,2
720575940621073117,720575940632107335,2
720575940604483040,720575940619917248,2
720575940629162693,720575940627194501,2
720575940608312533,720575940649649785,2
720575940645390468,720575940621861637,2
720575940604483040,720575940620922790,2
720575940626225173,720575940630318951,2
720575940622462472,720575940644146724,2
720575940621073117,720575940623082665,2
720575940626225173,720575940636659886,2
720575940638472006,720575940623082665,2
720575940629162693,720575940605221065,2
720575940629162693,720575940605113376,2
720575940626225173,720575940638940469,2
720575940637737021,720575940631443304,2
720575940605997513,720575940620576238,2
720575940630592460,720575940625615248,2
720575940630592460,720575940626878460,2
720575940630592460,720575940618943389,2
720575940637907428,720575940635356316,2
720575940630592460,720575940641509595,2
720575940637907428,720575940622701808,2
720575940637737021,720575940617691170,2
720575940624480148,720575940617691170,2
720575940634117216,720575940617691170,2
720575940637595507,720575940644146724,2
720575940613764364,720575940638163940,2
720575940634117216,720575940620423533,2
720575940604478176,720575940631576903,2
720575940621810871,720575940631222841,2
720575940621810871,720575940633142498,2
720575940617079257,720575940617691170,2
720575940616672822,720575940624859725,2
720575940617079257,720575940619823536,2
720575940612490723,720575940628836412,2
720575940647714425,720575940617691170,2
720575940612190693,720575940627110931,2
720575940627043666,720575940650745977,2
720575940621087408,720575940617691170,2
720575940647714425,720575940623082665,2
720575940616887966,720575940635356316,2
720575940631453922,720575940618943389,2
720575940629839863,720575940628836412,2
720575940636488878,720575940617691170,2
720575940637907428,720575940629579836,2
720575940616672822,720575940613338152,2
720575940636488878,720575940621861637,2
720575940614744991,720575940631198776,2
720575940629839863,720575940622338269,2
720575940620469742,720575940642603464,2
720575940634117216,720575940635356316,2
720575940636488878,720575940626878460,2
720575940631998023,720575940618943389,2
720575940603688224,720575940618943389,2
720575940616859259,720575940633142498,2
720575940621203376,720575940620576238,2
720575940616859259,720575940619676224,2
720575940624837927,720575940610430254,2
720575940632371737,720575940623082665,2
720575940632371737,720575940620922790,2
720575940632371737,720575940628708139,2
720575940611532949,720575940608071435,2
720575940632371737,720575940632344290,2
720575940632371737,720575940632107335,2
720575940618997297,720575940631758393,2
720575940626225941,720575940628836412,2
720575940635016048,720575940624859725,2
720575940606454108,720575940620576238,2
720575940635016048,720575940620576238,2
720575940635016048,720575940613338152,2
720575940628054839,720575940634953079,2
720575940635016048,720575940617691170,2
720575940616308597,720575940617691170,2
720575940606963586,720575940617691170,2
720575940626646544,720575940613338152,2
720575940617708747,720575940650745977,2
720575940620831949,720575940644146724,2
720575940628060934,720575940614677810,2
720575940617708747,720575940634953079,2
720575940659940225,720575940631758393,2
720575940631759161,720575940617691170,2
720575940624294072,720575940623082665,2
720575940659940225,720575940620488513,2
720575940618758178,720575940629579836,2
720575940613017059,720575940631758393,2
720575940631759161,720575940620423533,2
720575940624294072,720575940630166267,2
720575940612796786,720575940630777631,2
720575940624294072,720575940631758393,2
720575940613017059,720575940646288419,2
720575940618758178,720575940640747864,2
720575940631759161,720575940620576238,2
720575940624294072,720575940625931266,2
720575940628533356,720575940620576238,2
720575940610773714,720575940621082996,2
720575940641360091,720575940633515490,2
720575940621477402,720575940617691170,2
720575940612767126,720575940618943389,2
720575940614544034,720575940628836412,2
720575940610773714,720575940623082665,2
720575940654491553,720575940610430254,2
720575940614544034,720575940617691170,2
720575940627097733,720575940630777631,2
720575940620831949,720575940623082665,2
720575940611837809,720575940608442633,2
720575940626646544,720575940631017258,2
720575940626646544,720575940640747864,2
720575940614981087,720575940617691170,2
720575940619115845,720575940619917248,2
720575940637050933,720575940627644584,2
720575940606454108,720575940624859725,2
720575940621203376,720575940650745977,2
720575940621203376,720575940635356316,2
720575940614614203,720575940619506993,2
720575940631998023,720575940650745977,2
720575940613041123,720575940622950605,2
720575940617940304,720575940620488513,2
720575940613041123,720575940620922790,2
720575940620649084,720575940608442633,2
720575940610773714,720575940631758393,2
720575940619115845,720575940630446329,2
720575940625665564,720575940623082665,2
720575940610773714,720575940630166267,2
720575940636159198,720575940621216982,2
720575940619115845,720575940630777631,2
720575940617940304,720575940607511900,2
720575940619115845,720575940632107335,2
720575940625665564,720575940624661031,2
720575940617612578,720575940639358579,2
720575940633123609,720575940617242841,2
720575940606454108,720575940629579836,2
720575940628054839,720575940606196098,2
720575940628054839,720575940622100774,2
720575940607352003,720575940635356316,2
720575940617708747,720575940613338152,2
720575940628054839,720575940613338152,2
720575940614813526,720575940617691170,2
720575940628054839,720575940617691170,2
720575940632009356,720575940649675897,2
720575940632932762,720575940618943389,2
720575940626700889,720575940612755618,2
720575940611045700,720575940618943389,2
720575940626700889,720575940617691170,2
720575940607352003,720575940618943389,2
720575940619630207,720575940618943389,2
720575940617612578,720575940617691170,2
720575940632932762,720575940635356316,2
720575940622671613,720575940634953079,2
720575940611045700,720575940623082665,2
720575940614614203,720575940646288419,2
720575940632932762,720575940623082665,2
720575940632932762,720575940626878460,2
720575940637733702,720575940631758393,2
720575940637733702,720575940644747828,2
720575940631216682,720575940629579836,2
720575940624834968,720575940630868271,2
720575940611987240,720575940618943389,2
720575940614186602,720575940631198776,2
720575940616589888,720575940624859725,2
720575940614186602,720575940618943389,2
720575940660047489,720575940644146724,2
720575940631216682,720575940634953079,2
720575940631575599,720575940644146724,2
720575940631216682,720575940639358579,2
720575940631575599,720575940629579836,2
720575940625570334,720575940634953079,2
720575940622451273,720575940619402576,2
720575940624834968,720575940617691170,2
720575940614010419,720575940630868271,2
720575940614010419,720575940621284446,2
720575940624834968,720575940618943389,2
720575940628714358,720575940617691170,2
720575940617034753,720575940621216982,2
720575940631216682,720575940618943389,2
720575940611988008,720575940629579836,2
720575940622815684,720575940644146724,2
720575940624834968,720575940623082665,2
720575940622451273,720575940639684696,2
720575940624492802,720575940620423533,2
720575940624492802,720575940626878460,2
720575940611988008,720575940623082665,2
720575940637184078,720575940620423533,2
720575940614186602,720575940613338152,2
720575940630114108,720575940617242841,2
720575940630114108,720575940617691170,2
720575940622451273,720575940631758393,2
720575940637184078,720575940606196098,2
720575940624492802,720575940631198776,2
720575940637184078,720575940635356316,2
720575940611987240,720575940617691170,2
720575940621382852,720575940635356316,2
720575940617293268,720575940617145561,2
720575940623059080,720575940617691170,2
720575940633073760,720575940629579836,2
720575940623943572,720575940621861637,2
720575940625570334,720575940621861637,2
720575940619404214,720575940631017258,2
720575940625570334,720575940653360289,2
720575940617293268,720575940617903643,2
720575940621382852,720575940626071482,2
720575940631575599,720575940621284446,2
720575940631575599,720575940622701808,2
720575940631575599,720575940613338152,2
720575940617293268,720575940630691159,2
720575940634012015,720575940644146724,2
720575940618994880,720575940617242841,2
720575940628538679,720575940631017258,2
720575940630561484,720575940631758393,2
720575940606954114,720575940621462512,2
720575940625561374,720575940620497217,2
720575940625561374,720575940620922790,2
720575940625561374,720575940622944403,2
720575940612796786,720575940636659886,2
720575940625781541,720575940632107335,2
720575940625781541,720575940632344290,2
720575940632123439,720575940617691170,2
720575940628533356,720575940629579836,2
720575940632123439,720575940605221065,2
720575940632123439,720575940631758393,2
720575940613017059,720575940607511900,2
720575940613017059,720575940607287561,2
720575940626510211,720575940614293485,2
720575940617849920,720575940627390507,2
720575940626688893,720575940604861356,2
720575940631502509,720575940620922790,2
720575940631502509,720575940623082665,2
720575940631502509,720575940630446329,2
720575940627097733,720575940623979593,2
720575940618266900,720575940631758393,2
720575940621023809,720575940630318951,2
720575940618266900,720575940617691170,2
720575940628714358,720575940623398524,2
720575940616589888,720575940617691170,2
720575940630114108,720575940627194501,2
720575940630620747,720575940627644584,2
720575940637756349,720575940617691170,2
720575940612796786,720575940620922790,2
720575940618758178,720575940617691170,2
720575940625715733,720575940617691170,2
720575940643830126,720575940623082665,2
720575940613460034,720575940626455326,2
720575940643830126,720575940607511900,2
720575940606954114,720575940643950190,2
720575940636675817,720575940619506993,2
720575940630879533,720575940623082665,2
720575940630722757,720575940632107335,2
720575940615785228,720575940608442633,2
720575940619271384,720575940608442633,2
720575940639727861,720575940619506993,2
720575940619863174,720575940606196098,2
720575940619271384,720575940616682838,2
720575940631756136,720575940631758393,2
720575940621129181,720575940623082665,2
720575940619863174,720575940620423533,2
720575940619896581,720575940616312949,2
720575940626919409,720575940619506993,2
720575940633509471,720575940624317419,2
720575940621129181,720575940619506993,2
720575940619271384,720575940623082665,2
720575940625476708,720575940608071435,2
720575940631756136,720575940622338269,2
720575940615785228,720575940616312949,2
720575940619271384,720575940607287561,2
720575940615263903,720575940612623474,2
720575940632197935,720575940617691170,2
720575940632197935,720575940619823536,2
720575940626343665,720575940635356316,2
720575940615263903,720575940616643924,2
720575940618765528,720575940643950190,2
720575940624426533,720575940620576238,2
720575940620892877,720575940626878460,2
720575940630879533,720575940631017258,2
720575940622979475,720575940621900321,2
720575940644423204,720575940617691170,2
720575940631024682,720575940623398524,2
720575940624426533,720575940618943389,2
720575940626343665,720575940634953079,2
720575940626676120,720575940624859725,2
720575940624327196,720575940635356316,2
720575940612575230,720575940627644584,2
720575940624754983,720575940623082665,2
720575940620892877,720575940629579836,2
720575940640688336,720575940631758393,2
720575940606864341,720575940620576238,2
720575940618765528,720575940631758393,2
720575940606864341,720575940620390822,2
720575940626343665,720575940624859725,2
720575940640688336,720575940649649785,2
720575940632197935,720575940644747828,2
720575940621809246,720575940610430254,2
720575940619673936,720575940617691170,2
720575940629823563,720575940630076887,2
720575940629823563,720575940630691159,2
720575940629823563,720575940631758393,2
720575940626758489,720575940617691170,2
720575940624232974,720575940624859725,2
720575940612337203,720575940626878460,2
720575940614902667,720575940620423533,2
720575940614902667,720575940620576238,2
720575940629823563,720575940621462512,2
720575940620272832,720575940617691170,2
720575940634800759,720575940636659886,2
720575940630067255,720575940630498811,2
720575940618299712,720575940630498811,2
720575940615456985,720575940622701808,2
720575940621403844,720575940621085622,2
720575940618359745,720575940629579836,2
720575940635386616,720575940617691170,2
720575940626655321,720575940644146724,2
720575940605550950,720575940629564286,2
720575940629515306,720575940644747828,2
720575940629515306,720575940647165828,2
720575940619271384,720575940631758393,2
720575940619896581,720575940608442633,2
720575940632357284,720575940617691170,2
720575940622979475,720575940619506993,2
720575940626919409,720575940630166267,2
720575940642010056,720575940637928164,2
720575940632357284,720575940628836412,2
720575940615785228,720575940632107335,2
720575940642010056,720575940650745977,2
720575940642010056,720575940639358579,2
720575940614229159,720575940623082665,2
720575940626919409,720575940632107335,2
720575940614229159,720575940636659886,2
720575940621129181,720575940631758393,2
720575940611748594,720575940617691170,2
720575940625476708,720575940631576903,2
720575940615243020,720575940617691170,2
720575940642010056,720575940625926693,2
720575940630722757,720575940616682838,2
720575940634800759,720575940632107335,2
720575940634800759,720575940630794703,2
720575940619896581,720575940626455326,2
720575940630722757,720575940620922790,2
720575940622979475,720575940626135122,2
720575940630722757,720575940623082665,2
720575940632388138,720575940631844492,2
720575940632388138,720575940632344290,2
720575940632388138,720575940636659886,2
720575940626919409,720575940625931266,2
720575940611748594,720575940608071435,2
720575940626919409,720575940626455326,2
720575940619896581,720575940632107335,2
720575940619271384,720575940648330105,2
720575940632388138,720575940628708139,2
720575940626586823,720575940621085622,2
720575940626586823,720575940617691170,2
720575940640276955,720575940638163940,2
720575940621090659,720575940635356316,2
720575940630902083,720575940617691170,2
720575940610386661,720575940638163940,2
720575940640276955,720575940625615248,2
720575940610944022,720575940631758393,2
720575940630612620,720575940618943389,2
720575940630612620,720575940617691170,2
720575940627205386,720575940617691170,2
720575940626586823,720575940630691159,2
720575940618201620,720575940617691170,2
720575940619556437,720575940617242841,2
720575940605507249,720575940625615248,2
720575940621090659,720575940624859725,2
720575940619556437,720575940621085622,2
720575940619369198,720575940617691170,2
720575940611802330,720575940631198776,2
720575940639022243,720575940627644584,2
720575940613041123,720575940630777631,2
720575940617940304,720575940632107335,2
720575940617940304,720575940631758393,2
720575940629788012,720575940617691170,2
720575940611802330,720575940626878460,2
720575940613041123,720575940636659886,2
720575940617940304,720575940648330105,2
720575940613041123,720575940631758393,2
720575940614544034,720575940610430254,2
720575940623441387,720575940618943389,2
720575940622542517,720575940617691170,2
720575940616955229,720575940631758393,2
720575940610773714,720575940616682838,2
720575940615072373,720575940631758393,2
720575940611802330,720575940650745977,2
720575940615072373,720575940630166267,2
720575940624327196,720575940624859725,2
720575940645828740,720575940638163940,2
720575940628519020,720575940634953079,2
720575940624327196,720575940644146724,2
720575940624754983,720575940631198776,2
720575940626343665,720575940623082665,2
720575940646419235,720575940631576903,2
720575940609190866,720575940634953079,2
720575940626560857,720575940635356316,2
720575940613782796,720575940644747828,2
720575940645828740,720575940613338152,2
720575940624327196,720575940618943389,2
720575940628574715,720575940624859725,2
720575940626343665,720575940613338152,2
720575940646419235,720575940627644584,2
720575940628519020,720575940623082665,2
720575940628519020,720575940624661031,2
720575940609169762,720575940628836412,2
720575940621809246,720575940628836412,2
720575940624704002,720575940624859725,2
720575940610386661,720575940618943389,2
720575940626663440,720575940650745977,2
720575940623441387,720575940625615248,2
720575940621090659,720575940629579836,2
720575940626331978,720575940625615248,2
720575940630612620,720575940630868271,2
720575940605507249,720575940638163940,2
720575940608386315,720575940631758393,2
720575940610386661,720575940626878460,2
720575940631801401,720575940637391582,2
720575940640688336,720575940617691170,2
720575940620892877,720575940622701808,2
720575940640688336,720575940608071435,2
720575940646419235,720575940608071435,2
720575940623441387,720575940620423533,2
720575940620211622,720575940613338152,2
720575940627912492,720575940633142498,2
720575940626331978,720575940629579836,2
720575940619369198,720575940642603464,2
720575940620211622,720575940617691170,2
720575940616955229,720575940636659886,2
720575940624601731,720575940634953079,2
720575940624601731,720575940635356316,2
720575940619435399,720575940644146724,2
720575940624601731,720575940638163940,2
720575940614714518,720575940617691170,2
720575940629625466,720575940626878460,2
720575940618876062,720575940620423533,2
720575940614121147,720575940608186498,2
720575940629625466,720575940635356316,2
720575940630537676,720575940617691170,2
720575940634890175,720575940613338152,2
720575940618905766,720575940649649785,2
720575940632135249,720575940627390507,2
720575940614714518,720575940637391582,2
720575940612686358,720575940617691170,2
720575940619834965,720575940631758393,2
720575940630764741,720575940617691170,2
720575940621389764,720575940650745977,2
720575940625762447,720575940630868271,2
720575940629792620,720575940626878460,2
720575940615964884,720575940650745977,2
720575940621189637,720575940626878460,2
720575940627782148,720575940644146724,2
720575940621189637,720575940625615248,2
720575940624721084,720575940626555800,2
720575940628291407,720575940617691170,2
720575940634890175,720575940644146724,2
720575940634890175,720575940635356316,2
720575940628291407,720575940618943389,2
720575940625024125,720575940650745977,2
720575940625762447,720575940617691170,2
720575940629792620,720575940613338152,2
720575940631630561,720575940617691170,2
720575940615964884,720575940613338152,2
720575940628291407,720575940613338152,2
720575940624721084,720575940612857878,2
720575940614229758,720575940608442633,2
720575940614229758,720575940643542688,2
720575940615569723,720575940631758393,2
720575940606947714,720575940617691170,2
720575940606515292,720575940644747828,2
720575940606968450,720575940617691170,2
720575940611586453,720575940638163940,2
720575940623965513,720575940620922790,2
720575940623946988,720575940631758393,2
720575940621017921,720575940644747828,2
720575940624601236,720575940616682838,2
720575940624601236,720575940608442633,2
720575940623965513,720575940646288419,2
720575940623965513,720575940623979593,2
720575940623965513,720575940636659886,2
720575940623965513,720575940630446329,2
720575940617973021,720575940635779959,2
720575940617973021,720575940630794703,2
720575940617973021,720575940630446329,2
720575940619864912,720575940632107335,2
720575940619864912,720575940626135122,2
720575940619864912,720575940620497217,2
720575940619864912,720575940619506993,2
720575940619864912,720575940616682838,2
720575940611586453,720575940620423533,2
720575940633210475,720575940617242841,2
720575940618419776,720575940616682838,2
720575940624157675,720575940617691170,2
720575940611586453,720575940617691170,2
720575940611586453,720575940634953079,2
720575940612717202,720575940622338269,2
720575940630222895,720575940638163940,2
720575940633210475,720575940612623474,2
720575940612717202,720575940617691170,2
720575940605552742,720575940617691170,2
720575940628120655,720575940633142498,2
720575940617649969,720575940617691170,2
720575940617649969,720575940623082665,2
720575940605552742,720575940634640023,2
720575940618419776,720575940631758393,2
720575940645858948,720575940639077283,2
720575940612717202,720575940642733216,2
720575940632532255,720575940631758393,2
720575940624884920,720575940621216982,2
720575940618905766,720575940621216982,2
720575940624884920,720575940617691170,2
720575940659316609,720575940631758393,2
720575940610347929,720575940617691170,2
720575940628868943,720575940623398524,2
720575940632434340,720575940622950605,2
720575940659316609,720575940632344290,2
720575940624721084,720575940649649785,2
720575940618184839,720575940622338269,2
720575940631351619,720575940630446329,2
720575940609066030,720575940620488513,2
720575940628999579,720575940623082665,2
720575940631351619,720575940620922790,2
720575940618184839,720575940621216982,2
720575940612590754,720575940616643924,2
720575940630139599,720575940626455326,2
720575940643769544,720575940631198776,2
720575940628999579,720575940621082996,2
720575940608281180,720575940618910075,2
720575940630139599,720575940646288419,2
720575940608281180,720575940632107335,2
720575940612590754,720575940622338269,2
720575940624629948,720575940616312949,2
720575940631035154,720575940625931266,2
720575940624527091,720575940631758393,2
720575940622637548,720575940620576238,2
720575940622637548,720575940623082665,2
720575940611960872,720575940646288419,2
720575940643769544,720575940617691170,2
720575940608281180,720575940623082665,2
720575940627452689,720575940608071435,2
720575940643769544,720575940618943389,2
720575940631035154,720575940621082996,2
720575940614229415,720575940623082665,2
720575940631237433,720575940646288419,2
720575940629211666,720575940613338152,2
720575940624107706,720575940620576238,2
720575940619336942,720575940619402576,2
720575940617090082,720575940624859725,2
720575940629211666,720575940617691170,2
720575940606483723,720575940650745977,2
720575940603751782,720575940620576238,2
720575940629201423,720575940634953079,2
720575940633989999,720575940635356316,2
720575940613119459,720575940646288419,2
720575940610823010,720575940614629799,2
720575940654752417,720575940620576238,2
720575940632229788,720575940630318951,2
720575940607030281,720575940621861637,2
720575940612453603,720575940639358579,2
720575940638662352,720575940620922790,2
720575940621554968,720575940631758393,2
720575940621554968,720575940619823536,2
720575940617941046,720575940634953079,2
720575940633989999,720575940626878460,2
720575940629201423,720575940629579836,2
720575940606483723,720575940630868271,2
720575940632229788,720575940623082665,2
720575940609097058,720575940608442633,2
720575940617876048,720575940620497217,2
720575940628415079,720575940612857878,2
720575940610823010,720575940628996455,2
720575940621071203,720575940608071435,2
720575940628291407,720575940634953079,2
720575940621071203,720575940612857878,2
720575940625323795,720575940617691170,2
720575940629625466,720575940608186498,2
720575940627782148,720575940617691170,2
720575940628291407,720575940650745977,2
720575940624629948,720575940625931266,2
720575940608281180,720575940608442633,2
720575940627480853,720575940605221065,2
720575940625024125,720575940623082665,2
720575940630537676,720575940631198776,2
720575940630452388,720575940623082665,2
720575940624721084,720575940654661281,2
720575940630537676,720575940640747864,2
720575940619435399,720575940623082665,2
720575940628257914,720575940608442633,2
720575940628257914,720575940616682838,2
720575940643497632,720575940631758393,2
720575940618339777,720575940619402576,2
720575940630219567,720575940631758393,2
720575940618339777,720575940628836412,2
720575940630413087,720575940639358579,2
720575940608281180,720575940646288419,2
720575940611960872,720575940632107335,2
720575940614229415,720575940620812865,2
720575940628999579,720575940631758393,2
720575940628999579,720575940632107335,2
720575940630413087,720575940620576238,2
720575940611696042,720575940634655851,2
720575940628257914,720575940625931266,2
720575940624629948,720575940630166267,2
720575940630219055,720575940647165828,2
720575940611960872,720575940637390302,2
720575940609066030,720575940630166267,2
720575940624629948,720575940635779959,2
720575940609066030,720575940624406986,2
720575940637055797,720575940624317419,2
720575940637055797,720575940625931266,2
720575940624629948,720575940628609127,2
720575940627480853,720575940623398524,2
720575940611960872,720575940622950605,2
720575940608281180,720575940622950605,2
720575940628999579,720575940607511900,2
720575940622654444,720575940636309093,2
720575940629997561,720575940635356316,2
720575940621871484,720575940617691170,2
720575940629997561,720575940650745977,2
720575940637754019,720575940624661031,2
720575940617452689,720575940630536441,2
720575940629997561,720575940625615248,2
720575940606341250,720575940631758393,2
720575940617452689,720575940630794703,2
720575940607715420,720575940635356316,2
720575940620474582,720575940618943389,2
720575940620474582,720575940623082665,2
720575940637754019,720575940631198776,2
720575940603050668,720575940618943389,2
720575940626948485,720575940622338269,2
720575940620474582,720575940620576238,2
720575940645236078,720575940608442633,2
720575940645236078,720575940607511900,2
720575940613737647,720575940619506993,2
720575940606783362,720575940630777631,2
720575940631019468,720575940621082996,2
720575940613737647,720575940646288419,2
720575940605792434,720575940646288419,2
720575940645236078,720575940616312949,2
720575940625486692,720575940608071435,2
720575940642162573,720575940632107335,2
720575940622412838,720575940614629799,2
720575940631775032,720575940607511900,2
720575940622412838,720575940618943389,2
720575940622836455,720575940621861637,2
720575940625486692,720575940617691170,2
720575940615798540,720575940630794703,2
720575940625994728,720575940617691170,2
720575940615798540,720575940631443304,2
720575940615798540,720575940632107335,2
720575940615798540,720575940636659886,2
720575940614251670,720575940618943389,2
720575940615798540,720575940646288419,2
720575940628239671,720575940623082665,2
720575940621176670,720575940618943389,2
720575940607715420,720575940623082665,2
720575940621176670,720575940621861637,2
720575940628239671,720575940635356316,2
720575940620354241,720575940617691170,2
720575940617452689,720575940605280201,2
720575940632584787,720575940631758393,2
720575940608823509,720575940610430254,2
720575940621176670,720575940635356316,2
720575940625994728,720575940639358579,2
720575940632584787,720575940646582836,2
720575940627351751,720575940617242841,2
720575940627351751,720575940617691170,2
720575940622812808,720575940617691170,2
720575940618194708,720575940608071435,2
720575940618194708,720575940606909826,2
720575940608621614,720575940635356316,2
720575940620474582,720575940635356316,2
720575940620172397,720575940626878460,2
720575940632510048,720575940631758393,2
720575940632510048,720575940605113376,2
720575940618194708,720575940617691170,2
720575940649691513,720575940638940469,2
720575940622412838,720575940628996455,2
720575940635110286,720575940617691170,2
720575940627157008,720575940619301185,2
720575940614900886,720575940621861637,2
720575940613713704,720575940631758393,2
720575940610140378,720575940613338152,2
720575940614900886,720575940620576238,2
720575940606579465,720575940628996455,2
720575940620608238,720575940605221065,2
720575940649691513,720575940632107335,2
720575940606783362,720575940619917248,2
720575940606579465,720575940640747864,2
720575940632465945,720575940620812865,2
720575940632465945,720575940632107335,2
720575940632465945,720575940631758393,2
720575940631775032,720575940631758393,2
720575940631775032,720575940632107335,2
720575940629507706,720575940623082665,2
720575940629507706,720575940621861637,2
720575940621920452,720575940650745977,2
720575940623914954,720575940633142498,2
720575940614900886,720575940630868271,2
720575940635110286,720575940623398524,2
720575940622836455,720575940637672425,2
720575940623914954,720575940617691170,2
720575940606783362,720575940620922790,2
720575940621920452,720575940629579836,2
720575940629507706,720575940618943389,2
720575940627157008,720575940607511900,2
720575940631432403,720575940635779959,2
720575940619695809,720575940619917248,2
720575940626403400,720575940607511900,2
720575940621163636,720575940637391582,2
720575940626403400,720575940632107335,2
720575940631432403,720575940607287561,2
720575940626403400,720575940630166267,2
720575940619695809,720575940633541857,2
720575940606579465,720575940624661031,2
720575940606783362,720575940632344290,2
720575940613737647,720575940621900321,2
720575940619695809,720575940648330105,2
720575940619895329,720575940631758393,2
720575940622412838,720575940622701808,2
720575940619895329,720575940637391582,2
720575940626403400,720575940621082996,2
720575940649691513,720575940625931266,2
720575940631432403,720575940626455326,2
720575940619695809,720575940630794703,2
720575940627157008,720575940646288419,2
720575940627157008,720575940632107335,2
720575940626403400,720575940623082665,2
720575940614251670,720575940629579836,2
720575940625508400,720575940629579836,2
720575940605451552,720575940629579836,2
720575940610347929,720575940644146724,2
720575940626792778,720575940638163940,2
720575940618015773,720575940628836412,2
720575940619509744,720575940623082665,2
720575940607828233,720575940617691170,2
720575940628807503,720575940631758393,2
720575940609979505,720575940618943389,2
720575940605197745,720575940610430254,2
720575940613284063,720575940629579836,2
720575940632930458,720575940650745977,2
720575940613284063,720575940635356316,2
720575940610946070,720575940610430254,2
720575940613284063,720575940618943389,2
720575940617021441,720575940622701808,2
720575940630450852,720575940620922790,2
720575940630450852,720575940619917248,2
720575940630399995,720575940626455326,2
720575940630399995,720575940619506993,2
720575940629921398,720575940649649785,2
720575940630450852,720575940623979593,2
720575940631603267,720575940626135122,2
720575940631603267,720575940620922790,2
720575940631603267,720575940620497217,2
720575940630450852,720575940639077283,2
720575940630450852,720575940632344290,2
720575940630450852,720575940630446329,2
720575940627295802,720575940632107335,2
720575940627295802,720575940618910075,2
720575940629855340,720575940649675897,2
720575940628433511,720575940631758393,2
720575940631603267,720575940631844492,2
720575940631603267,720575940636461710,2
720575940646646148,720575940638163940,2
720575940611586453,720575940650745977,2
720575940633034336,720575940631758393,2
720575940633034336,720575940608442633,2
720575940637407209,720575940617691170,2
720575940637407209,720575940605221065,2
720575940635033701,720575940633515490,2
720575940635033701,720575940632107335,2
720575940635033701,720575940630166267,2
720575940631775032,720575940616312949,2
720575940606783362,720575940622950605,2
720575940622836455,720575940628996455,2
720575940620608238,720575940654661281,2
720575940624494373,720575940643950190,2
720575940619509744,720575940618943389,2
720575940632930458,720575940626878460,2
720575940618210251,720575940650745977,2
720575940637773117,720575940638163940,2
720575940623542972,720575940612857878,2
720575940624271716,720575940617691170,2
720575940607715420,720575940630868271,2
720575940633146007,720575940633142498,2
720575940621837601,720575940617691170,2
720575940603050668,720575940629579836,2
720575940633146007,720575940617242841,2
720575940617452689,720575940612857878,2
720575940629022875,720575940629579836,2
720575940626316802,720575940643950190,2
720575940619090785,720575940617691170,2
720575940621837601,720575940629579836,2
720575940636242039,720575940617691170,2
720575940618266747,720575940630076887,2
720575940625508400,720575940635356316,2
720575940618266747,720575940631758393,2
720575940607828233,720575940622338269,2
720575940630675730,720575940643950190,2
720575940625508400,720575940624859725,2
720575940618266747,720575940627644584,2
720575940614132667,720575940623082665,2
720575940630675730,720575940627644584,2
720575940623542972,720575940617691170,2
720575940646609028,720575940607511900,2
720575940605451552,720575940622701808,2
720575940615894173,720575940635356316,2
720575940615894173,720575940644146724,2
720575940625508400,720575940622701808,2
720575940622133206,720575940620576238,2
720575940644837655,720575940617691170,2
720575940622133206,720575940618943389,2
720575940625258506,720575940621085622,2
720575940637695395,720575940623082665,2
720575940637695395,720575940624859725,2
720575940616547904,720575940618943389,2
720575940616547904,720575940617691170,2
720575940637695395,720575940617691170,2
720575940637695395,720575940618943389,2
720575940620058236,720575940613338152,2
720575940622005025,720575940617691170,2
720575940607981636,720575940624859725,2
720575940616547904,720575940623082665,2
720575940632353499,720575940644146724,2
720575940637704765,720575940606196098,2
720575940624941326,720575940617691170,2
720575940616547904,720575940629579836,2
720575940622005025,720575940623082665,2
720575940623438571,720575940617691170,2
720575940636246446,720575940608071435,2
720575940634442091,720575940617691170,2
720575940620403649,720575940644146724,2
720575940607981636,720575940629579836,2
720575940636246446,720575940642733216,2
720575940623438571,720575940631758393,2
720575940621561226,720575940623082665,2
720575940612339810,720575940617691170,2
720575940621561226,720575940613338152,2
720575940629332606,720575940631758393,2
720575940623438571,720575940621216982,2
720575940632932506,720575940644146724,2
720575940627741562,720575940650745977,2
720575940623328231,720575940617691170,2
720575940639749109,720575940644146724,2
720575940615465433,720575940630868271,2
720575940640487669,720575940631576903,2
720575940625354904,720575940616312949,2
720575940625354904,720575940630166267,2
720575940635498871,720575940617691170,2
720575940639986048,720575940631758393,2
720575940640487669,720575940634655851,2
720575940633043295,720575940613338152,2
720575940618770230,720575940642603464,2
720575940633043295,720575940618943389,2
720575940616647990,720575940617691170,2
720575940622005025,720575940631198776,2
720575940618770230,720575940617903643,2
720575940632932506,720575940613338152,2
720575940632932506,720575940617691170,2
720575940632932506,720575940618943389,2
720575940607981636,720575940617691170,2
720575940628506732,720575940650745977,2
720575940618517440,720575940649649785,2
720575940620230497,720575940631758393,2
720575940616306210,720575940630777631,2
720575940631387463,720575940620497217,2
720575940620230497,720575940632107335,2
720575940636685894,720575940625931266,2
720575940636685894,720575940624406986,2
720575940636685894,720575940621082996,2
720575940628269628,720575940629579836,2
720575940622216009,720575940631017258,2
720575940627585028,720575940644146724,2
720575940618992449,720575940646288419,2
720575940658101121,720575940618910075,2
720575940633140887,720575940644146724,2
720575940633140887,720575940634953079,2
720575940633140887,720575940635356316,2
720575940620230497,720575940616682838,2
720575940639157968,720575940608442633,2
720575940631387463,720575940632344290,2
720575940639157968,720575940620488513,2
720575940610963734,720575940626878460,2
720575940627585028,720575940631198776,2
720575940622216009,720575940613338152,2
720575940625264659,720575940629579836,2
720575940628506732,720575940629579836,2
720575940620403649,720575940623082665,2
720575940610943897,720575940630868271,2
720575940643504288,720575940634953079,2
720575940628506732,720575940635356316,2
720575940643504288,720575940621861637,2
720575940612668834,720575940632107335,2
720575940633043295,720575940626878460,2
720575940620403649,720575940617691170,2
720575940618873723,720575940626455326,2
720575940613735948,720575940630166267,2
720575940613735948,720575940608442633,2
720575940636685894,720575940616682838,2
720575940627082261,720575940643542688,2
720575940628608272,720575940628708139,2
720575940620230497,720575940630318951,2
720575940618517440,720575940623398524,2
720575940624158650,720575940623082665,2
720575940625264659,720575940623082665,2
720575940633301183,720575940632107335,2
720575940633301183,720575940624406986,2
720575940625264659,720575940622950605,2
720575940616306210,720575940633541857,2
720575940628608272,720575940636659886,2
720575940628608272,720575940632344290,2
720575940610963734,720575940606196098,2
720575940628640079,720575940626878460,2
720575940610676403,720575940634652523,2
720575940611343054,720575940623082665,2
720575940632358564,720575940617691170,2
720575940610676403,720575940635356316,2
720575940628640079,720575940620576238,2
720575940625942590,720575940621216982,2
720575940628259914,720575940637390302,2
720575940628640079,720575940618943389,2
720575940610676403,720575940631198776,2
720575940625942590,720575940631758393,2
720575940619665023,720575940639358579,2
720575940623977545,720575940627194501,2
720575940619695553,720575940605221065,2
720575940611686629,720575940644146724,2
720575940611686629,720575940634953079,2
720575940630385403,720575940631017258,2
720575940632364717,720575940617691170,2
720575940624265572,720575940623398524,2
720575940618226085,720575940624859725,2
720575940626622480,720575940624859725,2
720575940611343054,720575940624859725,2
720575940630385403,720575940622701808,2
720575940626622480,720575940635356316,2
720575940624265572,720575940617691170,2
720575940609999217,720575940623082665,2
720575940627021128,720575940613338152,2
720575940607337923,720575940630868271,2
720575940604766153,720575940620390822,2
720575940604766153,720575940617691170,2
720575940619519909,720575940617691170,2
720575940618586459,720575940625615248,2
720575940604766153,720575940623082665,2
720575940637169998,720575940644747828,2
720575940609999217,720575940629579836,2
720575940623977545,720575940617691170,2
720575940610676403,720575940625615248,2
720575940624693287,720575940610430254,2
720575940630966840,720575940617691170,2
720575940631143383,720575940630446329,2
720575940631143383,720575940630794703,2
720575940636168414,720575940618943389,2
720575940628331625,720575940621082996,2
720575940630251576,720575940633832628,2
720575940620039956,720575940626455326,2
720575940625741455,720575940608071435,2
720575940621225910,720575940617691170,2
720575940625937797,720575940619506993,2
720575940631589689,720575940617691170,2
720575940628331625,720575940624317419,2
720575940625354904,720575940635779959,2
720575940625354904,720575940633515490,2
720575940632437331,720575940637928164,2
720575940610946730,720575940620423533,2
720575940628331625,720575940632107335,2
720575940626513027,720575940612857878,2
720575940614327202,720575940622338269,2
720575940631589689,720575940631758393,2
720575940642328736,720575940608071435,2
720575940642328736,720575940617691170,2
720575940639986048,720575940623082665,2
720575940620039956,720575940646288419,2
720575940614495093,720575940610430254,2
720575940625354904,720575940619506993,2
720575940631143383,720575940636659886,2
720575940614327202,720575940637391582,2
720575940615927197,720575940631443304,2
720575940632849069,720575940612857878,2
720575940626742866,720575940623082665,2
720575940630733137,720575940622338269,2
720575940614199914,720575940616643924,2
720575940630733137,720575940628708139,2
720575940631143383,720575940622950605,2
720575940619382875,720575940617691170,2
720575940625937797,720575940607511900,2
720575940621225910,720575940634953079,2
720575940631143383,720575940615682246,2
720575940625354904,720575940624742414,2
720575940614327202,720575940608071435,2
720575940614199914,720575940631758393,2
720575940622996104,720575940617691170,2
720575940610823010,720575940620423533,2
720575940623203012,720575940626455326,2
720575940639543715,720575940623082665,2
720575940620996621,720575940621900321,2
720575940639543715,720575940632107335,2
720575940639543715,720575940633515490,2
720575940623403773,720575940631758393,2
720575940630425119,720575940620423533,2
720575940628002822,720575940631758393,2
720575940628002822,720575940632344290,2
720575940618394453,720575940620922790,2
720575940617876048,720575940632344290,2
720575940617876048,720575940632107335,2
720575940630425119,720575940617691170,2
720575940628002822,720575940620922790,2
720575940607030281,720575940620576238,2
720575940631777567,720575940622338269,2
720575940610823010,720575940637672425,2
720575940631237433,720575940624317419,2
720575940618394453,720575940646288419,2
720575940649228665,720575940623979593,2
720575940610823010,720575940624661031,2
720575940649228665,720575940620922790,2
720575940649228665,720575940619917248,2
720575940613119459,720575940625931266,2
720575940623369668,720575940636659886,2
720575940623203012,720575940620488513,2
720575940623369668,720575940636461710,2
720575940618182535,720575940640747864,2
720575940606893186,720575940639684696,2
720575940626786859,720575940654661281,2
720575940626353905,720575940650745977,2
720575940620407628,720575940617145561,2
720575940624596355,720575940625615248,2
720575940618671495,720575940628708139,2
720575940637320381,720575940639358579,2
720575940623369668,720575940620497217,2
720575940637320381,720575940631198776,2
720575940617370909,720575940631758393,2
720575940618671495,720575940623979593,2
720575940609097058,720575940623082665,2
720575940617902676,720575940617691170,2
720575940606893186,720575940631758393,2
720575940637320381,720575940650745977,2
720575940632233628,720575940644146724,2
720575940624572052,720575940624859725,2
720575940614899851,720575940625615248,2
720575940619668212,720575940621861637,2
720575940614899851,720575940624859725,2
720575940614899851,720575940623082665,2
720575940610945558,720575940619823536,2
720575940627776450,720575940626878460,2
720575940611111829,720575940619676224,2
720575940623438665,720575940617691170,2
720575940632473440,720575940638163940,2
720575940624572052,720575940650745977,2
720575940632473440,720575940625615248,2
720575940632233628,720575940623082665,2
720575940617090082,720575940631198776,2
720575940606483723,720575940617691170,2
720575940617090082,720575940634953079,2
720575940627630154,720575940617691170,2
720575940610945558,720575940617691170,2
720575940605664446,720575940631758393,2
720575940632233628,720575940618943389,2
720575940621391636,720575940623082665,2
720575940614899851,720575940617691170,2
720575940619668212,720575940644146724,2
720575940635884911,720575940620341931,2
720575940609097058,720575940632107335,2
720575940610823010,720575940631198776,2
720575940613119459,720575940616682838,2
720575940620996621,720575940628708139,2
720575940634977893,720575940639358579,2
720575940623203012,720575940608442633,2
720575940613119459,720575940620488513,2
720575940621973018,720575940627644584,2
720575940616821393,720575940617145561,2
720575940649228665,720575940646288419,2
720575940634977893,720575940606196098,2
720575940631237433,720575940622950605,2
720575940649228665,720575940632344290,2
720575940613119459,720575940607511900,2
720575940618394453,720575940630794703,2
720575940632929690,720575940620576238,2
720575940632929690,720575940625615248,2
720575940606483723,720575940625615248,2
720575940629079707,720575940624859725,2
720575940623438665,720575940627110931,2
720575940629079707,720575940623082665,2
720575940605180337,720575940624661031,2
720575940617941046,720575940623082665,2
720575940631237433,720575940616682838,2
720575940633989999,720575940618943389,2
720575940629201423,720575940624859725,2
720575940610945558,720575940631758393,2
720575940617941046,720575940629579836,2
720575940633140887,720575940631198776,2
720575940628056375,720575940613338152,2
720575940620931750,720575940620576238,2
720575940620931750,720575940617691170,2
720575940636513882,720575940617903643,2
720575940620931750,720575940621284446,2
720575940625721866,720575940608071435,2
720575940606549961,720575940613338152,2
720575940620931750,720575940635356316,2
720575940637277117,720575940623082665,2
720575940628056375,720575940638163940,2
720575940612706706,720575940618943389,2
720575940630917293,720575940618943389,2
720575940628056375,720575940624859725,2
720575940628056375,720575940625615248,2
720575940620931750,720575940630868271,2
720575940603045804,720575940617691170,2
720575940627150090,720575940617691170,2
720575940606549961,720575940618943389,2
720575940636375653,720575940620423533,2
720575940617924432,720575940617691170,2
720575940608633134,720575940635356316,2
720575940634849460,720575940631758393,2
720575940621507475,720575940638163940,2
720575940620042375,720575940630868271,2
720575940613735948,720575940622950605,2
720575940634849460,720575940608071435,2
720575940613421890,720575940617691170,2
720575940616306210,720575940620497217,2
720575940610793395,720575940619506993,2
720575940610963734,720575940620423533,2
720575940616306210,720575940619917248,2
720575940620230497,720575940628743362,2
720575940631875097,720575940614293485,2
720575940631875097,720575940617691170,2
720575940631875097,720575940618943389,2
720575940619802539,720575940625615248,2
720575940630265952,720575940613338152,2
720575940608633134,720575940617691170,2
720575940624158650,720575940638163940,2
720575940613421890,720575940624859725,2
720575940628476716,720575940620497217,2
720575940636069751,720575940620423533,2
720575940630475513,720575940623398524,2
720575940627194426,720575940623398524,2
720575940630475513,720575940621462512,2
720575940625777939,720575940634475119,2
720575940617902676,720575940630868271,2
720575940618182535,720575940606196098,2
720575940626353905,720575940622701808,2
720575940617963480,720575940608071435,2
720575940608456715,720575940617691170,2
720575940617456798,720575940625926693,2
720575940621228894,720575940624859725,2
720575940608456715,720575940649649785,2
720575940626353905,720575940618943389,2
720575940617456798,720575940606196098,2
720575940626353905,720575940617691170,2
720575940617605154,720575940638163940,2
720575940624596355,720575940639358579,2
720575940606893186,720575940617691170,2
720575940619658433,720575940621216982,2
720575940625777939,720575940617903643,2
720575940612706706,720575940631198776,2
720575940630265952,720575940635356316,2
720575940625969640,720575940617691170,2
720575940639258613,720575940643950190,2
720575940619802539,720575940638163940,2
720575940612706706,720575940650745977,2
720575940630265952,720575940650745977,2
720575940622890509,720575940649649785,2
720575940617456798,720575940641509595,2
720575940624711655,720575940627644584,2
720575940612896106,720575940617691170,2
720575940629782091,720575940617691170,2
720575940630265952,720575940618943389,2
720575940631875097,720575940630868271,2
720575940617902676,720575940620423533,2
720575940612896106,720575940621284446,2
720575940624711655,720575940631443304,2
720575940617902676,720575940621861637,2
720575940624711655,720575940631758393,2
720575940617845076,720575940617691170,2
720575940621413158,720575940623082665,2
720575940614240766,720575940621900321,2
720575940639534451,720575940605221065,2
720575940618497216,720575940623082665,2
720575940618226245,720575940620423533,2
720575940639409315,720575940619823536,2
720575940623679495,720575940622338269,2
720575940632964269,720575940624859725,2
720575940630078348,720575940612623474,2
720575940621413158,720575940632107335,2
720575940622249949,720575940650745977,2
720575940621413158,720575940643542688,2
720575940639409315,720575940623398524,2
720575940639409315,720575940622338269,2
720575940621925417,720575940650745977,2
720575940631801631,720575940621462512,2
720575940629917482,720575940617691170,2
720575940615196063,720575940638163940,2
720575940625584688,720575940620423533,2
720575940616860318,720575940644146724,2
720575940625584688,720575940630868271,2
720575940629917482,720575940621861637,2
720575940616860318,720575940628996455,2
720575940639534451,720575940633142498,2
720575940639534451,720575940636309093,2
720575940614240766,720575940630446329,2
720575940639534451,720575940627644584,2
720575940639534451,720575940622495092,2
720575940639534451,720575940623398524,2
720575940629347791,720575940633541857,2
720575940615196063,720575940624661031,2
720575940615196063,720575940606196098,2
720575940614240766,720575940636659886,2
720575940614240766,720575940637390302,2
720575940658795137,720575940605280201,2
720575940626194716,720575940641509595,2
720575940614240766,720575940630794703,2
720575940623136499,720575940618943389,2
720575940613593503,720575940623082665,2
720575940609634571,720575940635356316,2
720575940624676414,720575940623082665,2
720575940621919428,720575940615682246,2
720575940604962918,720575940639358579,2
720575940615965140,720575940643542688,2
720575940621567472,720575940635356316,2
720575940620351838,720575940650745977,2
720575940615965140,720575940636659886,2
720575940621567472,720575940629579836,2
720575940620351838,720575940635356316,2
720575940617940048,720575940620488513,2
720575940632964269,720575940625615248,2
720575940621529215,720575940631758393,2
720575940632964269,720575940626878460,2
720575940637804260,720575940621216982,2
720575940627849463,720575940644146724,2
720575940637804260,720575940631758393,2
720575940609634571,720575940629579836,2
720575940612647282,720575940617691170,2
720575940616105302,720575940620497217,2
720575940629949751,720575940617691170,2
720575940631798888,720575940608071435,2
720575940614606738,720575940608071435,2
720575940620465996,720575940624859725,2
720575940634914552,720575940617691170,2
720575940603642982,720575940617691170,2
720575940621999044,720575940608071435,2
720575940625995251,720575940617691170,2
720575940630671890,720575940621216982,2
720575940617940048,720575940624317419,2
720575940617940048,720575940625931266,2
720575940615544249,720575940605113376,2
720575940617940048,720575940627741799,2
720575940625995251,720575940650745977,2
720575940617940048,720575940635789431,2
720575940614890902,720575940607287561,2
720575940614803286,720575940606196098,2
720575940625235033,720575940620938150,2
720575940631661281,720575940632344290,2
720575940625235033,720575940630498811,2
720575940628895831,720575940618943389,2
720575940628895831,720575940617691170,2
720575940628128079,720575940628708139,2
720575940621786807,720575940635356316,2
720575940612450730,720575940630498811,2
720575940625235033,720575940631844492,2
720575940626562665,720575940610430254,2
720575940620577652,720575940619917248,2
720575940628895831,720575940635356316,2
720575940632558675,720575940625931266,2
720575940632963245,720575940617691170,2
720575940615219778,720575940621216982,2
720575940620577652,720575940623082665,2
720575940617093533,720575940618943389,2
720575940632558675,720575940622950605,2
720575940628895831,720575940623082665,2
720575940632558675,720575940620812865,2
720575940632558675,720575940620488513,2
720575940614862230,720575940621082996,2
720575940625564816,720575940632107335,2
720575940607804939,720575940620576238,2
720575940625753621,720575940628836412,2
720575940622976973,720575940623398524,2
720575940626044924,720575940631017258,2
720575940622976973,720575940617691170,2
720575940621786807,720575940620423533,2
720575940620537071,720575940636309093,2
720575940622103275,720575940634953079,2
720575940622103275,720575940635356316,2
720575940628128079,720575940617691170,2
720575940620537071,720575940631758393,2
720575940617516760,720575940624661031,2
720575940621462797,720575940634655851,2
720575940621786807,720575940618943389,2
720575940645210222,720575940617691170,2
720575940628917980,720575940627194501,2
720575940614845802,720575940617691170,2
720575940652799649,720575940617691170,2
720575940607804939,720575940617691170,2
720575940632617164,720575940617691170,2
720575940628695414,720575940621284446,2
720575940640905205,720575940644146724,2
720575940621947486,720575940607287561,2
720575940620410606,720575940636461710,2
720575940622116428,720575940620812865,2
720575940623016644,720575940605280201,2
720575940631621689,720575940611918578,2
720575940631835673,720575940631198776,2
720575940628787962,720575940617691170,2
720575940622773784,720575940620497217,2
720575940629133056,720575940644146724,2
720575940614888854,720575940617691170,2
720575940614888854,720575940613647007,2
720575940629133056,720575940638163940,2
720575940630025788,720575940617691170,2
720575940632963245,720575940631758393,2
720575940630025788,720575940620423533,2
720575940617093533,720575940626878460,2
720575940621897249,720575940628708139,2
720575940626803279,720575940623979593,2
720575940626803279,720575940621900321,2
720575940624940814,720575940617691170,2
720575940626803279,720575940630446329,2
720575940614224490,720575940631758393,2
720575940615219778,720575940631758393,2
720575940626803279,720575940620497217,2
720575940617093533,720575940650745977,2
720575940630360377,720575940617691170,2
720575940621560052,720575940617691170,2
720575940619970586,720575940628708139,2
720575940625765306,720575940622338269,2
720575940629855596,720575940608071435,2
720575940629789292,720575940608071435,2
720575940620059045,720575940617691170,2
720575940626294090,720575940623082665,2
720575940627185767,720575940620390822,2
720575940630853948,720575940644747828,2
720575940634839487,720575940619823536,2
720575940659297153,720575940629579836,2
720575940617473748,720575940605221065,2
720575940630598395,720575940605280201,2
720575940630853948,720575940617242841,2
720575940630853948,720575940617691170,2
720575940623067942,720575940623398524,2
720575940632203823,720575940617691170,2
720575940619970586,720575940633142498,2
720575940608286556,720575940631758393,2
720575940637339738,720575940617691170,2
720575940629789292,720575940631758393,2
720575940640566736,720575940646582836,2
720575940610191795,720575940631758393,2
720575940619970586,720575940617691170,2
720575940640566736,720575940631758393,2
720575940624293048,720575940621462512,2
720575940617473748,720575940617691170,2
720575940625155877,720575940617691170,2
720575940617473748,720575940630076887,2
720575940615289759,720575940620922790,2
720575940622302488,720575940617691170,2
720575940637788494,720575940627644584,2
720575940637788494,720575940617691170,2
720575940626950147,720575940629564286,2
720575940637788494,720575940606909826,2
720575940619974689,720575940623082665,2
720575940631627843,720575940627110931,2
720575940631627843,720575940634475119,2
720575940659297153,720575940617691170,2
720575940631627843,720575940621085622,2
720575940620998424,720575940635356316,2
720575940631627843,720575940608071435,2
720575940625372293,720575940617242841,2
720575940631627843,720575940616643924,2
720575940626975899,720575940617691170,2
720575940619974689,720575940620576238,2
720575940637740989,720575940654661281,2
720575940626294090,720575940630868271,2
720575940637164260,720575940627644584,2
720575940627282002,720575940605221065,2
720575940615344315,720575940637109214,2
720575940626668304,720575940624859725,2
720575940615289759,720575940618910075,2
720575940626668304,720575940617691170,2
720575940615289759,720575940632344290,2
720575940620828912,720575940631758393,2
720575940627185767,720575940630868271,2
720575940626668304,720575940626878460,2
720575940620998424,720575940617691170,2
720575940627282002,720575940617691170,2
720575940637740989,720575940630076887,2
720575940630228271,720575940606196098,2
720575940615289759,720575940619506993,2
720575940618548975,720575940620576238,2
720575940611985448,720575940623082665,2
720575940621321001,720575940618943389,2
720575940625343640,720575940623082665,2
720575940625343640,720575940620390822,2
720575940621321001,720575940629579836,2
720575940619028289,720575940617242841,2
720575940622698825,720575940612643954,2
720575940617756450,720575940612857878,2
720575940631553164,720575940644146724,2
720575940608433476,720575940614293485,2
720575940626937347,720575940612857878,2
720575940631553164,720575940631198776,2
720575940608433476,720575940629579836,2
720575940604630240,720575940617691170,2
720575940621919428,720575940628708139,2
720575940610691507,720575940650745977,2
720575940646682932,720575940621861637,2
720575940632676409,720575940627194501,2
720575940632676409,720575940628836412,2
720575940632676409,720575940633142498,2
720575940609208530,720575940620488513,2
720575940623252164,720575940619506993,2
720575940613383633,720575940617242841,2
720575940621529215,720575940621216982,2
720575940632964269,720575940618943389,2
720575940608806776,720575940638163940,2
720575940620079856,720575940631758393,2
720575940610691507,720575940624661031,2
720575940632964269,720575940617691170,2
720575940627220327,720575940631576903,2
720575940627220327,720575940631758393,2
720575940623252164,720575940630446329,2
720575940631975379,720575940623082665,2
720575940608806776,720575940620423533,2
720575940620521754,720575940632107335,2
720575940609208530,720575940632107335,2
720575940631975379,720575940617691170,2
720575940619028289,720575940637391582,2
720575940631975379,720575940621861637,2
720575940620079856,720575940605280201,2
720575940609634571,720575940623082665,2
720575940631553164,720575940629579836,2
720575940615409625,720575940626878460,2
720575940624112058,720575940625615248,2
720575940624112058,720575940621284446,2
720575940622864920,720575940619506993,2
720575940623203767,720575940617691170,2
720575940622348424,720575940617691170,2
720575940613864498,720575940630794703,2
720575940634231999,720575940616643924,2
720575940648235641,720575940650745977,2
720575940608286556,720575940621216982,2
720575940622864920,720575940625931266,2
720575940617238457,720575940625615248,2
720575940610417893,720575940658674049,2
720575940611985448,720575940613338152,2
720575940632552343,720575940617691170,2
720575940626937347,720575940631758393,2
720575940611985448,720575940629579836,2
720575940622781389,720575940628708139,2
720575940622864920,720575940607511900,2
720575940622781389,720575940620497217,2
720575940629921654,720575940631758393,2
720575940624112058,720575940635356316,2
720575940622864920,720575940608442633,2
720575940632552343,720575940620341931,2
720575940612339370,720575940637391582,2
720575940622781389,720575940622495092,2
720575940632552343,720575940622495092,2
720575940648235641,720575940631017258,2
720575940618131505,720575940632107335,2
720575940604630240,720575940612623474,2
720575940611985448,720575940624859725,2
720575940608433476,720575940624661031,2
720575940622781389,720575940646288419,2
720575940615409625,720575940650745977,2
720575940621121206,720575940631758393,2
720575940622864920,720575940632107335,2
720575940612339370,720575940610430254,2
720575940611985448,720575940620390822,2
720575940624112058,720575940613338152,2
720575940615409625,720575940635356316,2
720575940615409625,720575940644146724,2
720575940615409625,720575940634953079,2
720575940618422592,720575940631758393,2
720575940612740886,720575940648330105,2
720575940624647299,720575940634953079,2
720575940637726180,720575940623082665,2
720575940633911959,720575940637390302,2
720575940614890902,720575940631758393,2
720575940639593587,720575940619823536,2
720575940620603245,720575940617691170,2
720575940614115515,720575940625615248,2
720575940625023869,720575940617691170,2
720575940627709948,720575940610430254,2
720575940627709948,720575940608071435,2
720575940625023869,720575940620576238,2
720575940621554815,720575940619917248,2
720575940613776543,720575940619506993,2
720575940612606673,720575940616312949,2
720575940603673120,720575940622701808,2
720575940622428087,720575940620922790,2
720575940626930947,720575940617691170,2
720575940622428087,720575940646288419,2
720575940612606673,720575940620488513,2
720575940631089935,720575940617691170,2
720575940621357147,720575940627644584,2
720575940622428087,720575940636659886,2
720575940620354849,720575940623082665,2
720575940626930947,720575940625926693,2
720575940630868525,720575940607287561,2
720575940630868525,720575940607511900,2
720575940639593587,720575940644747828,2
720575940607351747,720575940630868271,2
720575940630868525,720575940646288419,2
720575940612606673,720575940608442633,2
720575940610669786,720575940607287561,2
720575940630868525,720575940630166267,2
720575940618334145,720575940635356316,2
720575940618334145,720575940631198776,2
720575940630432932,720575940608071435,2
720575940622673703,720575940625615248,2
720575940622673703,720575940634953079,2
720575940634664674,720575940614629799,2
720575940618846001,720575940617691170,2
720575940625054589,720575940638163940,2
720575940618846001,720575940622338269,2
720575940634664674,720575940623082665,2
720575940625054589,720575940634953079,2
720575940624647299,720575940617691170,2
720575940634296951,720575940646288419,2
720575940628295242,720575940608071435,2
720575940617427713,720575940631758393,2
720575940629973753,720575940607511900,2
720575940633466524,720575940631758393,2
720575940625023869,720575940625615248,2
720575940621554815,720575940623082665,2
720575940612740886,720575940619506993,2
720575940621554815,720575940628708139,2
720575940629973753,720575940616312949,2
720575940618334145,720575940620576238,2
720575940622673703,720575940618943389,2
720575940613776543,720575940630446329,2
720575940622673703,720575940606196098,2
720575940626220830,720575940617691170,2
720575940620816961,720575940625615248,2
720575940629973753,720575940631758393,2
720575940629973753,720575940628743362,2
720575940631089935,720575940619402576,2
720575940619693003,720575940626878460,2
720575940606496011,720575940646288419,2
720575940632481363,720575940623082665,2
720575940623377555,720575940620812865,2
720575940623377555,720575940619506993,2
720575940622135501,720575940631758393,2
720575940608447241,720575940620423533,2
720575940631594809,720575940623979593,2
720575940619693003,720575940623082665,2
720575940624453868,720575940607287561,2
720575940617982800,720575940638163940,2
720575940627245701,720575940631758393,2
720575940631594809,720575940634655851,2
720575940627245701,720575940630166267,2
720575940621581802,720575940631758393,2
720575940624453868,720575940631758393,2
720575940609104579,720575940624859725,2
720575940608447241,720575940650745977,2
720575940623353013,720575940632107335,2
720575940619404982,720575940634953079,2
720575940619404982,720575940644146724,2
720575940630300613,720575940633515490,2
720575940622075274,720575940622950605,2
720575940623978789,720575940624859725,2
720575940630300613,720575940639077283,2
720575940622075274,720575940620922790,2
720575940619404982,720575940638163940,2
720575940620822593,720575940632107335,2
720575940610773171,720575940630446329,2
720575940605452064,720575940631758393,2
720575940610773171,720575940623082665,2
720575940620822593,720575940623082665,2
720575940610773171,720575940620922790,2
720575940610773171,720575940620938150,2
720575940629693239,720575940623398524,2
720575940616345403,720575940620576238,2
720575940608447241,720575940617691170,2
720575940631408610,720575940634953079,2
720575940622075274,720575940646288419,2
720575940616345403,720575940623082665,2
720575940619693003,720575940620576238,2
720575940619693003,720575940620423533,2
720575940617982800,720575940631198776,2
720575940617436305,720575940622338269,2
720575940623978789,720575940629579836,2
720575940622075274,720575940630446329,2
720575940631408610,720575940623082665,2
720575940623978789,720575940640747864,2
720575940623978789,720575940635789431,2
720575940631408610,720575940617691170,2
720575940617395412,720575940643950190,2
720575940629671235,720575940617691170,2
720575940623546638,720575940617691170,2
720575940623546638,720575940617242841,2
720575940644413732,720575940635789431,2
720575940619960926,720575940620922790,2
720575940608447241,720575940628996455,2
720575940625266057,720575940623398524,2
720575940618572422,720575940608442633,2
720575940618572422,720575940618910075,2
720575940644413732,720575940626878460,2
720575940644413732,720575940620576238,2
720575940625834900,720575940630166267,2
720575940625834900,720575940628743362,2
720575940610669786,720575940619506993,2
720575940631089935,720575940627644584,2
720575940608447241,720575940613338152,2
720575940625834900,720575940616682838,2
720575940617436305,720575940605280201,2
720575940619960926,720575940632107335,2
720575940617982800,720575940613338152,2
720575940606496011,720575940630777631,2
720575940604806345,720575940631198776,2
720575940627550214,720575940608071435,2
720575940618341952,720575940606196098,2
720575940628412892,720575940611918578,2
720575940608524483,720575940631758393,2
720575940625054589,720575940618943389,2
720575940636114239,720575940633541857,2
720575940636114239,720575940632344290,2
720575940627924935,720575940626455326,2
720575940636114239,720575940630446329,2
720575940606496011,720575940619506993,2
720575940622067113,720575940623398524,2
720575940608447241,720575940624859725,2
720575940636114239,720575940628708139,2
720575940616345403,720575940635356316,2
720575940623377555,720575940631758393,2
720575940623377555,720575940626455326,2
720575940636114239,720575940621900321,2
720575940636114239,720575940626135122,2
720575940636114239,720575940622495092,2
720575940623377555,720575940630446329,2
720575940636114239,720575940618910075,2
720575940636114239,720575940620922790,2
720575940627924935,720575940623082665,2
720575940636291429,720575940643950190,2
720575940617926198,720575940620423533,2
720575940617926198,720575940623082665,2
720575940627450385,720575940631443304,2
720575940613540767,720575940625615248,2
720575940615897501,720575940626878460,2
720575940613776543,720575940646288419,2
720575940609921230,720575940616312949,2
720575940609921230,720575940632107335,2
720575940609921230,720575940616682838,2
720575940625584688,720575940613338152,2
720575940630063676,720575940654661281,2
720575940621462797,720575940617691170,2
720575940623165737,720575940618943389,2
720575940610990821,720575940607511900,2
720575940625690140,720575940617691170,2
720575940625690140,720575940605113376,2
720575940618544623,720575940620576238,2
720575940638179699,720575940612643954,2
720575940639172560,720575940607511900,2
720575940616860318,720575940618943389,2
720575940620465996,720575940631017258,2
720575940613593503,720575940629579836,2
720575940614803286,720575940629579836,2
720575940618844353,720575940628708139,2
720575940620465996,720575940635356316,2
720575940620465996,720575940650745977,2
720575940638179699,720575940623082665,2
720575940614803286,720575940623082665,2
720575940629563006,720575940631758393,2
720575940617386708,720575940622495092,2
720575940615897501,720575940640747864,2
720575940615897501,720575940644146724,2
720575940638179699,720575940630166267,2
720575940629133056,720575940635356316,2
720575940626305028,720575940621861637,2
720575940626305028,720575940624859725,2
720575940626305028,720575940614629799,2
720575940606477660,720575940617691170,2
720575940617249629,720575940605113376,2
720575940624392220,720575940638163940,2
720575940624392220,720575940639358579,2
720575940618844353,720575940619917248,2
720575940617473051,720575940631758393,2
720575940608328713,720575940622495092,2
720575940611682739,720575940629564286,2
720575940612362663,720575940626455326,2
720575940611769059,720575940631758393,2
720575940611769059,720575940632107335,2
720575940613773890,720575940621085622,2
720575940613773890,720575940621462512,2
720575940605817522,720575940619506993,2
720575940607804939,720575940624661031,2
720575940614862230,720575940623082665,2
720575940627931466,720575940627644584,2
720575940628787962,720575940643950190,2
720575940627931466,720575940630691159,2
720575940625300254,720575940631758393,2
720575940617516760,720575940622701808,2
720575940652799649,720575940633142498,2
720575940607804939,720575940621861637,2
720575940646697780,720575940617691170,2
720575940607804939,720575940630868271,2
720575940637949161,720575940639358579,2
720575940618844353,720575940623082665,2
720575940637949161,720575940627644584,2
720575940637949161,720575940628708139,2
720575940618844353,720575940623979593,2
720575940652799649,720575940627194501,2
720575940622972686,720575940617691170,2
720575940621359142,720575940639358579,2
720575940625753621,720575940620341931,2
720575940634006355,720575940626455326,2
720575940612664482,720575940624859725,2
720575940619038061,720575940623398524,2
720575940634006355,720575940608442633,2
720575940634006355,720575940607287561,2
720575940640634787,720575940619823536,2
720575940624487572,720575940627194501,2
720575940620393643,720575940610430254,2
720575940629140071,720575940613338152,2
720575940639286606,720575940611918578,2
720575940604806345,720575940626878460,2
720575940629140071,720575940617691170,2
720575940642383520,720575940648330105,2
720575940642383520,720575940623082665,2
720575940627155589,720575940631758393,2
720575940642383520,720575940631758393,2
720575940629240079,720575940635356316,2
720575940620356800,720575940625926693,2
720575940637594995,720575940629579836,2
720575940637594995,720575940626878460,2
720575940637594995,720575940624859725,2
720575940634664674,720575940644146724,2
720575940610960994,720575940617145561,2
720575940637594995,720575940620576238,2
720575940620880333,720575940625615248,2
720575940618341952,720575940638163940,2
720575940629240079,720575940617691170,2
720575940618341952,720575940637672425,2
720575940639881600,720575940628708139,2
720575940629240079,720575940618943389,2
720575940629240079,720575940623082665,2
720575940618341952,720575940644146724,2
720575940633552820,720575940637928164,2
720575940639881600,720575940617691170,2
720575940639881600,720575940621462512,2
720575940639881600,720575940621216982,2
720575940633552820,720575940631198776,2
720575940633552820,720575940631017258,2
720575940618844353,720575940630794703,2
720575940626044924,720575940620423533,2
720575940645386884,720575940631758393,2
720575940611769059,720575940616312949,2
720575940626044924,720575940623082665,2
720575940614115515,720575940623082665,2
720575940626044924,720575940625615248,2
720575940630332753,720575940617691170,2
720575940618844353,720575940631758393,2
720575940624584835,720575940617691170,2
720575940610175218,720575940624859725,2
720575940605817522,720575940620922790,2
720575940626535434,720575940630076887,2
720575940624584835,720575940618943389,2
720575940614983274,720575940622338269,2
720575940629140071,720575940634953079,2
720575940621730687,720575940620497217,2
720575940630414700,720575940617691170,2
720575940620020769,720575940635779959,2
720575940609104579,720575940638163940,2
720575940629140071,720575940635356316,2
720575940608524483,720575940649675897,2
720575940624597788,720575940627110931,2
720575940621730687,720575940617691170,2
720575940643063200,720575940610430254,2
720575940609104579,720575940606196098,2
720575940607310531,720575940624859725,2
720575940617395412,720575940620341931,2
720575940626536714,720575940630691159,2
720575940617395412,720575940617691170,2
720575940615373398,720575940617691170,2
720575940607310531,720575940650745977,2
720575940620020769,720575940631758393,2
720575940621730687,720575940627644584,2
720575940626536714,720575940619823536,2
720575940611855729,720575940631758393,2
720575940626536714,720575940617691170,2
720575940615373398,720575940621085622,2
720575940612778646,720575940629579836,2
720575940619414132,720575940620576238,2
720575940614822742,720575940622338269,2
720575940630039547,720575940642733216,2
720575940619414132,720575940617691170,2
720575940609941653,720575940614293485,2
720575940634000495,720575940629579836,2
720575940619412596,720575940630868271,2
720575940639069493,720575940617691170,2
720575940624577613,720575940630498811,2
720575940624577613,720575940631576903,2
720575940626464901,720575940617691170,2
720575940626464901,720575940618943389,2
720575940617769217,720575940627194501,2
720575940626464901,720575940634953079,2
720575940626464901,720575940624661031,2
720575940626464901,720575940625615248,2
720575940636640602,720575940631758393,2
720575940636640602,720575940633515490,2
720575940622061803,720575940634953079,2
720575940622061803,720575940635356316,2
720575940636640602,720575940630166267,2
720575940612240918,720575940626455326,2
720575940636640602,720575940626455326,2
720575940636640602,720575940628743362,2
720575940626794027,720575940625615248,2
720575940622948872,720575940624317419,2
720575940616162373,720575940622338269,2
720575940612778646,720575940650745977,2
720575940622948872,720575940630166267,2
720575940619414132,720575940631198776,2
720575940622948872,720575940631758393,2
720575940623370180,720575940610181496,2
720575940603721248,720575940629579836,2
720575940632182692,720575940636659886,2
720575940627775938,720575940640747864,2
720575940629271596,720575940634655851,2
720575940605338290,720575940606909826,2
720575940624644739,720575940650745977,2
720575940637186638,720575940618943389,2
720575940621415885,720575940635356316,2
720575940623370180,720575940626555800,2
720575940636920542,720575940635356316,2
720575940624060208,720575940620423533,2
720575940644946211,720575940620488513,2
720575940623582904,720575940617691170,2
720575940636920542,720575940618943389,2
720575940626874097,720575940633541857,2
720575940629271596,720575940617691170,2
720575940624060208,720575940620576238,2
720575940624644739,720575940625615248,2
720575940603721248,720575940618943389,2
720575940614925963,720575940620423533,2
720575940605338290,720575940621085622,2
720575940644946211,720575940623082665,2
720575940637186638,720575940621284446,2
720575940632582807,720575940650745977,2
720575940628800762,720575940620922790,2
720575940624060208,720575940644146724,2
720575940616222438,720575940619506993,2
720575940612435454,720575940635356316,2
720575940614925963,720575940634953079,2
720575940626874097,720575940630794703,2
720575940628800762,720575940632107335,2
720575940616222438,720575940622950605,2
720575940628800762,720575940630794703,2
720575940613797295,720575940612755618,2
720575940621529980,720575940617691170,2
720575940616222438,720575940620497217,2
720575940629502506,720575940617691170,2
720575940630679895,720575940617691170,2
720575940644946211,720575940646288419,2
720575940612435454,720575940623082665,2
720575940604770249,720575940635356316,2
720575940621415885,720575940623082665,2
720575940623582904,720575940639358579,2
720575940637186638,720575940635356316,2
720575940619412596,720575940638163940,2
720575940627775938,720575940617691170,2
720575940612435454,720575940625615248,2
720575940619412596,720575940617691170,2
720575940626874097,720575940619917248,2
720575940644946211,720575940631758393,2
720575940637846618,720575940617691170,2
720575940621174192,720575940626878460,2
720575940620020257,720575940626455326,2
720575940609871253,720575940630868271,2
720575940615696070,720575940610523746,2
720575940637846618,720575940618943389,2
720575940630109756,720575940622338269,2
720575940622670835,720575940615682246,2
720575940620020257,720575940628743362,2
720575940629942844,720575940631576903,2
720575940603719712,720575940631758393,2
720575940629942844,720575940619823536,2
720575940609871253,720575940626878460,2
720575940603719712,720575940631576903,2
720575940621174192,720575940639358579,2
720575940615066335,720575940625931266,2
720575940627483413,720575940637390302,2
720575940631054540,720575940629579836,2
720575940631054540,720575940626878460,2
720575940648276089,720575940627194501,2
720575940604489649,720575940630318951,2
720575940614313996,720575940630498811,2
720575940630109756,720575940623398524,2
720575940615066335,720575940631758393,2
720575940622670835,720575940622495092,2
720575940629978666,720575940617691170,2
720575940623413898,720575940617691170,2
720575940612372650,720575940618910075,2
720575940622398728,720575940634953079,2
720575940615447764,720575940631443304,2
720575940626274822,720575940618943389,2
720575940622944461,720575940617242841,2
720575940654606753,720575940619676224,2
720575940619977566,720575940620576238,2
720575940615066335,720575940623082665,2
720575940615136059,720575940623082665,2
720575940632835810,720575940618943389,2
720575940619977566,720575940624859725,2
720575940632835810,720575940617691170,2
720575940615696070,720575940650745977,2
720575940614313996,720575940623082665,2
720575940614313996,720575940631758393,2
720575940627861736,720575940627644584,2
720575940609944526,720575940631758393,2
720575940613478422,720575940635356316,2
720575940609944526,720575940616682838,2
720575940622398728,720575940626878460,2
720575940627768567,720575940635356316,2
720575940615066335,720575940607511900,2
720575940615136059,720575940629579836,2
720575940630109756,720575940617691170,2
720575940623413898,720575940628708139,2
720575940624125626,720575940623082665,2
720575940624660313,720575940619301185,2
720575940627292218,720575940638163940,2
720575940624660313,720575940624317419,2
720575940625377688,720575940629579836,2
720575940624660313,720575940622950605,2
720575940637999950,720575940646288419,2
720575940624125626,720575940617691170,2
720575940637999950,720575940630794703,2
720575940610406776,720575940621216982,2
720575940627292218,720575940620576238,2
720575940627292218,720575940629579836,2
720575940624660313,720575940607511900,2
720575940619652555,720575940620576238,2
720575940603719712,720575940617691170,2
720575940619147349,720575940623082665,2
720575940615696070,720575940624859725,2
720575940622670835,720575940633142498,2
720575940619147349,720575940618943389,2
720575940622670835,720575940636659886,2
720575940609871253,720575940618943389,2
720575940622398728,720575940617691170,2
720575940609871253,720575940620423533,2
720575940632585043,720575940620423533,2
720575940604489649,720575940646288419,2
720575940604489649,720575940619506993,2
720575940648276089,720575940631758393,2
720575940614313996,720575940637390302,2
720575940624494996,720575940631758393,2
720575940604489649,720575940607287561,2
720575940625058173,720575940621284446,2
720575940625058173,720575940623082665,2
720575940615193100,720575940644747828,2
720575940626640158,720575940627644584,2
720575940637526750,720575940629579836,2
720575940637526750,720575940630868271,2
720575940626640158,720575940617691170,2
720575940616913822,720575940610430254,2
720575940603111392,720575940627644584,2
720575940619041133,720575940629579836,2
720575940619041133,720575940638163940,2
720575940611569301,720575940631758393,2
720575940626640158,720575940605280201,2
720575940625058173,720575940613338152,2
720575940620883917,720575940605113376,2
720575940634146808,720575940630318951,2
720575940634146808,720575940631758393,2
720575940626226690,720575940623082665,2
720575940634146808,720575940639077283,2
720575940634146808,720575940646288419,2
720575940634146808,720575940623082665,2
720575940623890890,720575940621216982,2
720575940635659486,720575940626878460,2
720575940610101210,720575940623082665,2
720575940615019231,720575940631758393,2
720575940609184210,720575940621861637,2
720575940635659486,720575940617691170,2
720575940628830551,720575940638163940,2
720575940609184210,720575940620576238,2
720575940617811540,720575940617691170,2
720575940624563075,720575940637390302,2
720575940635659486,720575940608186498,2
720575940609184210,720575940623082665,2
720575940603747616,720575940632344290,2
720575940610709106,720575940634475119,2
720575940630179159,720575940643950190,2
720575940624577613,720575940623398524,2
720575940624577613,720575940622495092,2
720575940614036019,720575940627644584,2
720575940612778646,720575940624661031,2
720575940630039547,720575940617691170,2
720575940624125626,720575940634953079,2
720575940620495830,720575940623082665,2
720575940624660313,720575940625931266,2
720575940625377688,720575940644146724,2
720575940625377688,720575940650745977,2
720575940618258742,720575940613338152,2
720575940625667365,720575940612643954,2
720575940624663427,720575940607287561,2
720575940623691920,720575940626878460,2
720575940618258742,720575940617691170,2
720575940627573659,720575940626455326,2
720575940624125626,720575940650745977,2
720575940612372650,720575940630777631,2
720575940628885591,720575940622100774,2
720575940609941653,720575940624661031,2
720575940628885591,720575940635789431,2
720575940619041133,720575940617691170,2
720575940620495830,720575940630166267,2
720575940620495830,720575940625931266,2
720575940612240918,720575940646288419,2
720575940603747616,720575940626135122,2
720575940625667365,720575940619301185,2
720575940622078249,720575940617242841,2
720575940630159939,720575940630166267,2
720575940612372650,720575940646288419,2
720575940624599939,720575940634953079,2
720575940610406776,720575940631758393,2
720575940615193100,720575940617691170,2
720575940625766984,720575940627644584,2
720575940624599939,720575940629579836,2
720575940625766984,720575940617691170,2
720575940625766984,720575940621085622,2
720575940624599939,720575940631198776,2
720575940622078249,720575940622338269,2
720575940624852120,720575940623082665,2
720575940629164283,720575940622950605,2
720575940629164283,720575940631758393,2
720575940629164283,720575940632107335,2
720575940624599939,720575940617691170,2
720575940624663427,720575940616682838,2
720575940629164283,720575940619917248,2
720575940624663427,720575940623082665,2
720575940624599939,720575940620423533,2
720575940618258742,720575940624859725,2
720575940630159939,720575940607287561,2
720575940624663427,720575940648330105,2
720575940609944526,720575940625931266,2
720575940624599939,720575940623082665,2
720575940628830551,720575940617691170,2
720575940629725711,720575940630868271,2
720575940605029250,720575940618910075,2
720575940608527150,720575940608071435,2
720575940620355009,720575940622950605,2
720575940629417728,720575940617691170,2
720575940613188319,720575940620341931,2
720575940625843075,720575940636309093,2
720575940616781241,720575940629579836,2
720575940619778645,720575940621462512,2
720575940629725711,720575940620423533,2
720575940605029250,720575940626455326,2
720575940629417728,720575940650745977,2
720575940646290979,720575940644146724,2
720575940659536257,720575940638163940,2
720575940617766228,720575940644747828,2
720575940607971908,720575940629579836,2
720575940646290979,720575940650745977,2
720575940606891221,720575940623082665,2
720575940610147826,720575940620423533,2
720575940607971908,720575940623082665,2
720575940633402082,720575940623398524,2
720575940613797295,720575940617691170,2
720575940623582904,720575940626878460,2
720575940632582807,720575940617691170,2
720575940626874097,720575940632344290,2
720575940632582807,720575940620576238,2
720575940614925963,720575940613338152,2
720575940620344837,720575940631758393,2
720575940623009549,720575940631576903,2
720575940613188319,720575940617691170,2
720575940625843075,720575940617691170,2
720575940613188319,720575940608071435,2
720575940603747616,720575940620497217,2
720575940616913822,720575940647165828,2
720575940621786295,720575940621284446,2
720575940639686232,720575940646288419,2
720575940645819268,720575940616643924,2
720575940645819268,720575940608071435,2
720575940632980378,720575940619676224,2
720575940639686232,720575940631758393,2
720575940639686232,720575940621900321,2
720575940610370201,720575940630691159,2
720575940625311418,720575940619823536,2
720575940613386050,720575940618943389,2
720575940613386050,720575940626878460,2
720575940629725711,720575940618943389,2
720575940633186771,720575940617691170,2
720575940624563075,720575940630498811,2
720575940624563075,720575940630794703,2
720575940624563075,720575940632344290,2
720575940633186771,720575940610430254,2
720575940645819268,720575940647165828,2
720575940609184210,720575940617691170,2
720575940624563075,720575940620497217,2
720575940624563075,720575940615682246,2
720575940624014077,720575940620576238,2
720575940618739621,720575940632107335,2
720575940624014077,720575940618943389,2
720575940624014077,720575940624661031,2
720575940631624761,720575940617691170,2
720575940618739621,720575940622950605,2
720575940605029250,720575940623082665,2
720575940659536257,720575940626878460,2
720575940613386050,720575940630868271,2
720575940612091601,720575940650745977,2
720575940606891221,720575940613338152,2
720575940609651554,720575940624317419,2
720575940624014077,720575940625615248,2
720575940619587009,720575940618943389,2
720575940609694818,720575940614677810,2
720575940624014077,720575940626071482,2
720575940625942458,720575940631758393,2
720575940628447491,720575940610181496,2
720575940605036418,720575940624859725,2
720575940628471392,720575940619506993,2
720575940632919265,720575940631576903,2
720575940620274497,720575940608071435,2
720575940612690338,720575940631758393,2
720575940622837482,720575940644747828,2
720575940622837482,720575940631758393,2
720575940614027059,720575940635356316,2
720575940620276801,720575940620576238,2
720575940639846488,720575940654661281,2
720575940605036418,720575940635356316,2
720575940626430339,720575940617691170,2
720575940626430339,720575940610430254,2
720575940628447491,720575940623398524,2
720575940624375088,720575940617691170,2
720575940626430339,720575940627110931,2
720575940611733997,720575940631576903,2
720575940612690338,720575940628836412,2
720575940620276801,720575940618943389,2
720575940611733997,720575940610430254,2
720575940628695414,720575940644146724,2
720575940628695414,720575940650745977,2
720575940627558662,720575940617691170,2
720575940620143525,720575940620488513,2
720575940610990821,720575940628743362,2
720575940618497216,720575940624859725,2
720575940631621689,720575940630536441,2
720575940644554606,720575940620576238,2
720575940644554606,720575940650745977,2
720575940622116428,720575940636659886,2
720575940628359895,720575940629579836,2
720575940634154140,720575940612623474,2
720575940622116428,720575940633541857,2
720575940622116428,720575940631758393,2
720575940622116428,720575940632107335,2
720575940619684688,720575940614629799,2
720575940639172560,720575940623082665,2
720575940630525967,720575940637109214,2
720575940620282758,720575940612857878,2
720575940629563006,720575940617691170,2
720575940639172560,720575940616682838,2
720575940613593503,720575940617691170,2
720575940630525967,720575940625926693,2
720575940611579541,720575940612623474,2
720575940632919265,720575940621216982,2
720575940643404744,720575940628708139,2
720575940630881989,720575940624859725,2
720575940624396524,720575940634953079,2
720575940621762330,720575940624661031,2
720575940610210034,720575940644146724,2
720575940626911262,720575940618943389,2
720575940632098375,720575940619506993,2
720575940643404744,720575940626135122,2
720575940633146475,720575940622950605,2
720575940633146475,720575940630794703,2
720575940633146475,720575940631844492,2
720575940624396524,720575940620576238,2
720575940626251778,720575940631198776,2
720575940619358257,720575940642733216,2
720575940621762330,720575940644146724,2
720575940614027059,720575940650745977,2
720575940618292939,720575940617691170,2
720575940622694182,720575940630498811,2
720575940625768073,720575940623082665,2
720575940630881989,720575940653360289,2
720575940603773798,720575940619917248,2
720575940629814060,720575940621082996,2
720575940626251778,720575940625615248,2
720575940639506749,720575940623082665,2
720575940613272799,720575940638163940,2
720575940613272799,720575940625615248,2
720575940619358257,720575940631758393,2
720575940643404744,720575940631758393,2
720575940631868999,720575940622495092,2
720575940613272799,720575940634953079,2
720575940622694182,720575940644747828,2
720575940631868999,720575940619823536,2
720575940643404744,720575940632107335,2
720575940622116428,720575940646288419,2
720575940621413158,720575940616312949,2
720575940620126076,720575940630794703,2
720575940620126076,720575940630777631,2
720575940621925417,720575940623082665,2
720575940636991856,720575940622950605,2
720575940636991856,720575940620812865,2
720575940621413158,720575940619506993,2
720575940636991856,720575940618910075,2
720575940629895484,720575940608442633,2
720575940620333958,720575940626878460,2
720575940623400189,720575940605221065,2
720575940631498819,720575940630446329,2
720575940631498819,720575940632344290,2
720575940620333958,720575940628996455,2
720575940636991856,720575940623082665,2
720575940628188732,720575940631198776,2
720575940620410606,720575940630318951,2
720575940626253318,720575940630868271,2
720575940620333958,720575940639358579,2
720575940631408199,720575940624859725,2
720575940619684688,720575940638163940,2
720575940631408199,720575940630868271,2
720575940622116428,720575940619917248,2
720575940640905205,720575940620576238,2
720575940636991856,720575940646288419,2
720575940629895484,720575940623082665,2
720575940636991856,720575940628743362,2
720575940629895484,720575940625931266,2
720575940639172560,720575940630166267,2
720575940639172560,720575940631758393,2
720575940631062603,720575940617691170,2
720575940634989560,720575940617691170,2
720575940622633203,720575940623082665,2
720575940622633203,720575940613338152,2
720575940630571980,720575940621284446,2
720575940619974689,720575940629579836,2
720575940659297153,720575940625615248,2
720575940619974689,720575940626878460,2
720575940615965140,720575940631758393,2
720575940605036418,720575940622701808,2
720575940630571980,720575940620390822,2
720575940628225852,720575940608071435,2
720575940619375701,720575940631758393,2
720575940622633203,720575940638163940,2
720575940634989560,720575940650745977,2
720575940636447630,720575940623082665,2
720575940631498819,720575940619917248,2
720575940631498819,720575940617691170,2
720575940636447630,720575940617691170,2
720575940628225852,720575940617691170,2
720575940620333958,720575940624661031,2
720575940634989560,720575940624661031,2
720575940622633203,720575940629579836,2
720575940625940456,720575940628836412,2
720575940628365783,720575940629579836,2
720575940627987756,720575940624859725,2
720575940634839988,720575940631758393,2
720575940628365783,720575940624661031,2
720575940627987756,720575940623082665,2
720575940627987756,720575940631198776,2
720575940622350472,720575940615682246,2
720575940636553390,720575940650745977,2
720575940605541920,720575940622701808,2
720575940629541187,720575940632107335,2
720575940629541187,720575940620497217,2
720575940621947486,720575940623082665,2
720575940629260406,720575940626135122,2
720575940629260406,720575940630446329,2
720575940634154140,720575940617145561,2
720575940628359895,720575940644146724,2
720575940628359895,720575940650745977,2
720575940629260406,720575940632107335,2
720575940629260406,720575940632344290,2
720575940634839988,720575940617691170,2
720575940628365783,720575940618943389,2
720575940629260406,720575940646288419,2
720575940613774334,720575940631758393,2
720575940637211462,720575940650745977,2
720575940628694991,720575940628743362,2
720575940628694991,720575940626455326,2
720575940622350472,720575940631844492,2
720575940626253318,720575940617691170,2
720575940631408199,720575940618943389,2
720575940637211462,720575940620423533,2
720575940628188732,720575940620576238,2
720575940631408199,720575940617691170,2
720575940628694991,720575940631758393,2
720575940628188732,720575940608186498,2
720575940620410606,720575940619506993,2
720575940629541187,720575940646288419,2
720575940622350472,720575940619917248,2
720575940619684688,720575940631198776,2
720575940616569227,720575940631758393,2
720575940622350472,720575940630536441,2
720575940628045318,720575940608186498,2
720575940625691669,720575940629579836,2
720575940628045318,720575940620576238,2
720575940628045318,720575940620423533,2
720575940634878047,720575940617145561,2
720575940626906142,720575940631017258,2
720575940626906142,720575940634953079,2
720575940611771029,720575940608071435,2
720575940605167025,720575940641509595,2
720575940625691669,720575940623082665,2
720575940635499888,720575940626135122,2
720575940625702949,720575940618943389,2
720575940635499888,720575940615682246,2
720575940608345867,720575940633142498,2
720575940626089980,720575940634953079,2
720575940628045318,720575940624661031,2
720575940628045318,720575940628996455,2
720575940626252273,720575940617691170,2
720575940620055790,720575940623398524,2
720575940630650711,720575940617691170,2
720575940639537213,720575940631758393,2
720575940609220291,720575940648330105,2
720575940622981646,720575940610430254,2
720575940613799436,720575940626878460,2
720575940625740169,720575940607511900,2
720575940628773113,720575940644146724,2
720575940626906142,720575940620423533,2
720575940631531055,720575940634655851,2
720575940631531055,720575940631758393,2
720575940605167025,720575940623082665,2
720575940611771029,720575940644747828,2
720575940616911262,720575940644747828,2
720575940641355739,720575940624317419,2
720575940641355739,720575940623082665,2
720575940626082404,720575940616643924,2
720575940620434671,720575940644146724,2
720575940635614942,720575940612623474,2
720575940629498306,720575940627194501,2
720575940605350066,720575940619917248,2
720575940626082404,720575940605113376,2
720575940618627207,720575940649649785,2
720575940620434671,720575940650745977,2
720575940609220291,720575940624406986,2
720575940644472100,720575940619506993,2
720575940605350066,720575940621900321,2
720575940644472100,720575940630446329,2
720575940630047080,720575940617691170,2
720575940609220291,720575940625931266,2
720575940619842580,720575940622950605,2
720575940619808756,720575940613338152,2
720575940605350066,720575940628708139,2
720575940612421290,720575940619676224,2
720575940610907490,720575940637391582,2
720575940625702949,720575940638163940,2
720575940626252273,720575940654661281,2
720575940637225798,720575940619917248,2
720575940637225798,720575940620497217,2
720575940612435198,720575940618943389,2
720575940616911262,720575940608071435,2
720575940605167025,720575940616682838,2
720575940625702949,720575940629579836,2
720575940625702949,720575940624859725,2
720575940629166587,720575940606196098,2
720575940621983777,720575940644146724,2
720575940629166587,720575940610523746,2
720575940637225798,720575940631758393,2
720575940612435198,720575940629579836,2
720575940607010825,720575940617242841,2
720575940620434671,720575940620423533,2
720575940611771029,720575940631758393,2
720575940609220291,720575940616682838,2
720575940622723683,720575940617691170,2
720575940603084972,720575940626878460,2
720575940618245569,720575940633142498,2
720575940606892674,720575940612623474,2
720575940614008785,720575940612857878,2
720575940627069203,720575940618943389,2
720575940614418118,720575940644747828,2
720575940619444139,720575940637109214,2
720575940625625136,720575940646288419,2
720575940602553568,720575940628743362,2
720575940626941446,720575940617242841,2
720575940625625136,720575940636461710,2
720575940606892674,720575940634475119,2
720575940631731620,720575940631758393,2
720575940631731620,720575940627644584,2
720575940606892674,720575940644747828,2
720575940606892674,720575940619676224,2
720575940628175363,720575940617691170,2
720575940606892674,720575940619402576,2
720575940605407846,720575940608071435,2
720575940635213998,720575940617691170,2
720575940606892674,720575940647165828,2
720575940606892674,720575940617903643,2
720575940620655169,720575940630498811,2
720575940626911262,720575940623082665,2
720575940632098375,720575940643542688,2
720575940620274497,720575940621216982,2
720575940602553568,720575940608442633,2
720575940629335115,720575940623082665,2
720575940619516144,720575940644146724,2
720575940633146475,720575940620922790,2
720575940633146475,720575940620938150,2
720575940611343218,720575940617691170,2
720575940610210034,720575940641509595,2
720575940603084972,720575940623082665,2
720575940625625136,720575940626135122,2
720575940625625136,720575940619506993,2
720575940614418118,720575940621216982,2
720575940642347936,720575940617691170,2
720575940619444139,720575940614293485,2
720575940606892674,720575940627194501,2
720575940606892674,720575940627110931,2
720575940626212625,720575940631017258,2
720575940605350066,720575940615682246,2
720575940649012857,720575940630691159,2
720575940637508698,720575940631758393,2
720575940628471392,720575940633142498,2
720575940609220291,720575940630166267,2
720575940631024911,720575940631758393,2
720575940619808756,720575940625615248,2
720575940619842580,720575940632107335,2
720575940619842580,720575940631758393,2
720575940637508698,720575940630166267,2
720575940654606753,720575940617691170,2
720575940611733997,720575940647165828,2
720575940605350066,720575940630498811,2
720575940626274822,720575940638163940,2
720575940605350066,720575940631758393,2
720575940633103059,720575940618943389,2
720575940639100760,720575940608071435,2
720575940628773113,720575940625615248,2
720575940633103059,720575940630868271,2
720575940613799436,720575940625615248,2
720575940633103059,720575940617691170,2
720575940639100760,720575940617691170,2
720575940628773113,720575940613338152,2
720575940619842580,720575940653360289,2
720575940633103059,720575940608186498,2
720575940628773113,720575940618943389,2
720575940628367836,720575940623082665,2
720575940628367836,720575940620922790,2
720575940625451920,720575940654661281,2
720575940615608123,720575940630691159,2
720575940626212625,720575940608186498,2
720575940615608123,720575940629564286,2
720575940615608123,720575940612755618,2
720575940625451920,720575940627110931,2
720575940650260214,720575940644747828,2
720575940626081176,720575940621085622,2
720575940603084972,720575940620390822,2
720575940606892674,720575940622338269,2
720575940602553568,720575940623082665,2
720575940603084972,720575940634953079,2
720575940603084972,720575940639358579,2
720575940650260214,720575940621216982,2
720575940626547817,720575940621085622,2
720575940650260214,720575940617691170,2
720575940626547817,720575940617691170,2
720575940650260214,720575940631758393,2
720575940650260214,720575940627644584,2
720575940626547817,720575940627644584,2
720575940621475085,720575940610523746,2
720575940621658502,720575940617691170,2
720575940626090340,720575940617691170,2
720575940627493653,720575940617691170,2
720575940625126448,720575940628996455,2
720575940618547280,720575940620576238,2
720575940629730263,720575940631758393,2
720575940641889952,720575940629579836,2
720575940625126448,720575940644146724,2
720575940618547280,720575940631198776,2
720575940626843773,720575940627644584,2
720575940644479267,720575940635356316,2
720575940644479267,720575940644146724,2
720575940620904780,720575940644146724,2
720575940626843773,720575940622338269,2
720575940639727067,720575940626878460,2
720575940631284012,720575940634953079,2
720575940631284012,720575940644146724,2
720575940624159376,720575940631758393,2
720575940624159376,720575940646288419,2
720575940619077217,720575940614629799,2
720575940629849196,720575940644747828,2
720575940622637804,720575940644146724,2
720575940625500304,720575940628996455,2
720575940621829813,720575940620576238,2
720575940644759319,720575940631758393,2
720575940627020933,720575940626878460,2
720575940620904780,720575940629579836,2
720575940640883931,720575940638163940,2
720575940640883931,720575940639358579,2
720575940630947395,720575940625615248,2
720575940619077217,720575940623082665,2
720575940644759319,720575940630498811,2
720575940644759319,720575940630650063,2
720575940629849196,720575940631758393,2
720575940622637804,720575940650745977,2
720575940631284012,720575940621861637,2
720575940622145277,720575940631758393,2
720575940629824828,720575940620341931,2
720575940621376196,720575940629579836,2
720575940638053865,720575940616682838,2
720575940638053865,720575940626455326,2
720575940638053865,720575940623082665,2
720575940623810487,720575940617691170,2
720575940629824828,720575940635779959,2
720575940624159376,720575940621900321,2
720575940644759319,720575940621462512,2
720575940638053865,720575940620812865,2
720575940634858676,720575940646582836,2
720575940624159376,720575940619506993,2
720575940613684906,720575940623082665,2
720575940621376196,720575940623082665,2
720575940627210373,720575940632344290,2
720575940625500304,720575940620576238,2
720575940623981385,720575940622495092,2
720575940623981385,720575940617691170,2
720575940621944583,720575940617691170,2
720575940622145277,720575940630777631,2
720575940619876702,720575940635779959,2
720575940640883931,720575940624859725,2
720575940619876702,720575940608442633,2
720575940640883931,720575940617691170,2
720575940613684906,720575940638163940,2
720575940644479267,720575940624661031,2
720575940624159376,720575940626455326,2
720575940631284012,720575940618943389,2
720575940621829813,720575940613338152,2
720575940625500304,720575940639358579,2
720575940624096039,720575940608071435,2
720575940620460108,720575940626878460,2
720575940622637804,720575940623082665,2
720575940622145277,720575940632344290,2
720575940638053865,720575940630318951,2
720575940619876702,720575940607287561,2
720575940619077217,720575940628996455,2
720575940610336610,720575940620576238,2
720575940613532831,720575940630868271,2
720575940624125114,720575940620423533,2
720575940624125114,720575940619676224,2
720575940609149394,720575940617691170,2
720575940622112636,720575940629579836,2
720575940617492805,720575940617691170,2
720575940627552680,720575940638163940,2
720575940624125114,720575940606196098,2
720575940632583831,720575940621861637,2
720575940617492805,720575940610523746,2
720575940604934572,720575940617691170,2
720575940628610811,720575940620497217,2
720575940604934572,720575940638163940,2
720575940628610811,720575940621900321,2
720575940640756621,720575940617691170,2
720575940627552680,720575940629579836,2
720575940640756621,720575940644146724,2
720575940610336610,720575940621861637,2
720575940638619358,720575940626878460,2
720575940617492805,720575940635356316,2
720575940638619358,720575940620423533,2
720575940632583831,720575940617691170,2
720575940638619358,720575940625615248,2
720575940618526912,720575940621861637,2
720575940613532831,720575940617691170,2
720575940617492805,720575940613338152,2
720575940627552680,720575940613338152,2
720575940622112636,720575940644146724,2
720575940622803850,720575940644146724,2
720575940618337300,720575940644146724,2
720575940613532831,720575940621861637,2
720575940622803850,720575940639358579,2
720575940618526912,720575940617691170,2
720575940604934572,720575940625615248,2
720575940627552680,720575940623082665,2
720575940610336610,720575940629579836,2
720575940621948810,720575940634953079,2
720575940619036911,720575940617691170,2
720575940621791356,720575940622495092,2
720575940628269391,720575940617691170,2
720575940636665262,720575940623082665,2
720575940624114494,720575940630868271,2
720575940636665262,720575940615682246,2
720575940618746747,720575940617691170,2
720575940636665262,720575940619917248,2
720575940621791356,720575940619823536,2
720575940620932684,720575940607287561,2
720575940620932684,720575940621082996,2
720575940621376196,720575940617691170,2
720575940621376196,720575940618943389,2
720575940637657189,720575940621861637,2
720575940618894246,720575940644146724,2
720575940604884396,720575940617691170,2
720575940624114494,720575940617691170,2
720575940609940373,720575940635789431,2
720575940625500304,720575940621861637,2
720575940618894246,720575940635356316,2
720575940621376196,720575940621284446,2
720575940627264082,720575940616312949,2
720575940627264082,720575940620497217,2
720575940618526912,720575940639358579,2
720575940637148486,720575940608442633,2
720575940627264082,720575940631758393,2
720575940617492805,720575940631198776,2
720575940618337300,720575940623082665,2
720575940620351838,720575940620390822,2
720575940637148486,720575940626135122,2
720575940637148486,720575940626455326,2
720575940610669786,720575940633515490,2
720575940628685059,720575940617691170,2
720575940620923980,720575940631758393,2
720575940642948887,720575940629579836,2
720575940627568646,720575940622495092,2
720575940642022088,720575940636461710,2
720575940633516980,720575940613338152,2
720575940639158480,720575940620497217,2
720575940621802751,720575940608442633,2
720575940626582842,720575940605280201,2
720575940621413926,720575940631758393,2
720575940621413926,720575940632107335,2
720575940621023297,720575940608071435,2
720575940642948887,720575940630868271,2
720575940642948887,720575940644146724,2
720575940631880217,720575940613338152,2
720575940610784179,720575940630446329,2
720575940610784179,720575940636461710,2
720575940625476964,720575940630794703,2
720575940612714671,720575940628708139,2
720575940629733314,720575940626878460,2
720575940620923980,720575940616682838,2
720575940636553306,720575940613338152,2
720575940629733314,720575940622701808,2
720575940617514726,720575940625931266,2
720575940632357984,720575940621216982,2
720575940629733314,720575940640747864,2
720575940639158480,720575940630446329,2
720575940625655464,720575940617691170,2
720575940636553306,720575940618943389,2
720575940617514726,720575940623082665,2
720575940631694137,720575940631758393,2
720575940626002494,720575940646288419,2
720575940626002494,720575940630446329,2
720575940616885298,720575940637390302,2
720575940629733314,720575940618943389,2
720575940626002494,720575940631758393,2
720575940626002494,720575940632107335,2
720575940613258975,720575940646288419,2
720575940613258975,720575940616312949,2
720575940626548234,720575940617691170,2
720575940637970665,720575940644747828,2
720575940637970665,720575940627644584,2
720575940624770574,720575940631758393,2
720575940623369412,720575940631758393,2
720575940611943976,720575940617691170,2
720575940638964131,720575940617691170,2
720575940637970665,720575940621216982,2
720575940627081994,720575940617691170,2
720575940621121140,720575940633515490,2
720575940621121140,720575940631758393,2
720575940621121140,720575940630996684,2
720575940630063671,720575940610430254,2
720575940621770010,720575940644146724,2
720575940627081994,720575940619823536,2
720575940609371086,720575940628996455,2
720575940631764281,720575940611918578,2
720575940628975482,720575940630691159,2
720575940628975482,720575940631758393,2
720575940628975482,720575940627110931,2
720575940621121140,720575940625931266,2
720575940621770010,720575940628996455,2
720575940628975482,720575940622338269,2
720575940608393739,720575940633142498,2
720575940621413926,720575940623082665,2
720575940616208965,720575940617691170,2
720575940625476964,720575940646288419,2
720575940625507888,720575940632107335,2
720575940634937951,720575940627194501,2
720575940637707069,720575940622701808,2
720575940637707069,720575940621861637,2
720575940637316029,720575940631758393,2
720575940605362610,720575940631198776,2
720575940637707069,720575940624859725,2
720575940634937951,720575940623398524,2
720575940629632894,720575940633142498,2
720575940609179331,720575940610430254,2
720575940628353244,720575940605113376,2
720575940611943976,720575940619402576,2
720575940632377375,720575940631758393,2
720575940621178206,720575940608186498,2
720575940628353244,720575940630498811,2
720575940629632894,720575940617691170,2
720575940623985189,720575940608071435,2
720575940633004383,720575940617691170,2
720575940626792209,720575940617691170,2
720575940636551086,720575940617691170,2
720575940616208965,720575940618943389,2
720575940633908124,720575940617691170,2
720575940608768213,720575940612857878,2
720575940602605536,720575940634953079,2
720575940637222470,720575940640747864,2
720575940642948887,720575940623082665,2
720575940622891277,720575940619823536,2
720575940620422494,720575940628708139,2
720575940633908124,720575940650745977,2
720575940621590250,720575940630868271,2
720575940608801749,720575940632344290,2
720575940623023544,720575940634953079,2
720575940623023544,720575940635356316,2
720575940612606673,720575940631758393,2
720575940623023544,720575940650745977,2
720575940607351747,720575940618943389,2
720575940603673120,720575940631198776,2
720575940636146409,720575940644146724,2
720575940636146409,720575940623082665,2
720575940636146409,720575940629579836,2
720575940609940373,720575940624859725,2
720575940631089935,720575940631758393,2
720575940618662939,720575940620576238,2
720575940618662939,720575940631198776,2
720575940623023544,720575940624859725,2
720575940623023544,720575940620576238,2
720575940620682662,720575940631758393,2
720575940631694137,720575940616312949,2
720575940619744960,720575940617242841,2
720575940626002494,720575940619917248,2
720575940626002494,720575940620938150,2
720575940613258975,720575940619506993,2
720575940631694137,720575940619506993,2
720575940613258975,720575940626455326,2
720575940618266491,720575940636309093,2
720575940623030015,720575940630794703,2
720575940623030015,720575940631758393,2
720575940639158480,720575940632344290,2
720575940612714671,720575940621216982,2
720575940620923980,720575940607511900,2
720575940621802751,720575940632107335,2
720575940619054027,720575940638163940,2
720575940619054027,720575940617691170,2
720575940622594601,720575940617691170,2
720575940613690031,720575940633541857,2
720575940619054027,720575940621861637,2
720575940631694137,720575940632107335,2
720575940636553306,720575940650745977,2
720575940613690031,720575940631844492,2
720575940617514726,720575940631758393,2
720575940605362610,720575940608186498,2
720575940637222470,720575940628743362,2
720575940605362610,720575940617691170,2
720575940620422494,720575940619917248,2
720575940620422494,720575940620922790,2
720575940608768213,720575940631758393,2
720575940620682662,720575940658674049,2
720575940616208965,720575940635356316,2
720575940613727399,720575940618910075,2
720575940605362610,720575940625615248,2
720575940642022088,720575940620938150,2
720575940636045175,720575940646288419,2
720575940642022088,720575940630446329,2
720575940631880217,720575940638163940,2
720575940613727399,720575940623082665,2
720575940636045175,720575940636461710,2
720575940620923980,720575940633515490,2
720575940613258975,720575940607287561,2
720575940632668973,720575940621462512,2
720575940642022088,720575940621900321,2
720575940622930957,720575940617691170,2
720575940622930957,720575940617145561,2
720575940642948887,720575940626878460,2
720575940602605536,720575940620423533,2
720575940627568646,720575940617242841,2
720575940642022088,720575940622950605,2
720575940620273023,720575940631758393,2
720575940617650481,720575940607287561,2
720575940610580377,720575940644146724,2
720575940626991771,720575940643950190,2
720575940626991771,720575940623398524,2
720575940623503111,720575940630691159,2
720575940610580377,720575940637672425,2
720575940621044701,720575940617691170,2
720575940629397079,720575940626455326,2
720575940619954091,720575940606909826,2
720575940620451916,720575940621216982,2
720575940632164269,720575940621861637,2
720575940632164269,720575940608186498,2
720575940613071587,720575940621216982,2
720575940618776833,720575940630691159,2
720575940620451916,720575940631758393,2
720575940626991771,720575940619402576,2
720575940621504269,720575940634655851,2
720575940617672139,720575940621462512,2
720575940624516339,720575940631443304,2
720575940621688926,720575940627644584,2
720575940615481489,720575940620576238,2
720575940622621164,720575940631758393,2
720575940612572670,720575940635789431,2
720575940640292571,720575940635356316,2
720575940622621164,720575940606909826,2
720575940617672139,720575940617242841,2
720575940620741485,720575940617691170,2
720575940629397079,720575940643542688,2
720575940608176514,720575940631758393,2
720575940628103806,720575940616682838,2
720575940628103806,720575940607287561,2
720575940629397079,720575940632107335,2
720575940643281262,720575940644747828,2
720575940643281262,720575940649649785,2
720575940619954091,720575940617691170,2
720575940624086251,720575940646288419,2
720575940645248878,720575940612623474,2
720575940625646876,720575940617691170,2
720575940617856340,720575940630498811,2
720575940634235744,720575940617691170,2
720575940634235744,720575940619402576,2
720575940628071409,720575940630446329,2
720575940634939034,720575940638163940,2
720575940624149256,720575940626135122,2
720575940629036997,720575940628708139,2
720575940628071409,720575940632107335,2
720575940629036997,720575940630777631,2
720575940608662574,720575940617691170,2
720575940635452408,720575940619823536,2
720575940622163197,720575940622338269,2
720575940625939801,720575940624859725,2
720575940625939801,720575940625615248,2
720575940625939801,720575940617691170,2
720575940629036997,720575940621900321,2
720575940634939034,720575940618943389,2
720575940629036997,720575940620497217,2
720575940634939034,720575940620423533,2
720575940622932809,720575940624859725,2
720575940630415268,720575940624859725,2
720575940613824012,720575940617145561,2
720575940608176514,720575940612857878,2
720575940622932809,720575940620576238,2
720575940613071587,720575940617242841,2
720575940630415268,720575940617691170,2
720575940626702232,720575940605221065,2
720575940610580377,720575940614629799,2
720575940621832542,720575940643950190,2
720575940629863737,720575940619676224,2
720575940629863737,720575940618943389,2
720575940617390036,720575940606909826,2
720575940617856340,720575940644747828,2
720575940624158352,720575940617691170,2
720575940610580377,720575940618943389,2
720575940628103806,720575940627741799,2
720575940617856340,720575940639358579,2
720575940621044701,720575940643950190,2
720575940608655918,720575940631758393,2
720575940631434722,720575940605221065,2
720575940626075079,720575940621085622,2
720575940608383243,720575940608071435,2
720575940615764422,720575940630777631,2
720575940615764422,720575940632344290,2
720575940626277382,720575940613338152,2
720575940618326292,720575940619917248,2
720575940618326292,720575940624406986,2
720575940608655918,720575940632107335,2
720575940626075079,720575940617691170,2
720575940608655918,720575940630166267,2
720575940638925877,720575940644747828,2
720575940633226603,720575940617691170,2
720575940606680706,720575940648330105,2
720575940620520513,720575940607511900,2
720575940626550504,720575940623082665,2
720575940608655918,720575940620488513,2
720575940624574922,720575940615682246,2
720575940608383243,720575940619402576,2
720575940617650722,720575940635356316,2
720575940622857447,720575940629579836,2
720575940620520513,720575940631758393,2
720575940618326292,720575940630794703,2
720575940636135543,720575940631758393,2
720575940606680706,720575940619917248,2
720575940636135543,720575940611918578,2
720575940617650722,720575940631017258,2
720575940618326292,720575940632344290,2
720575940626277382,720575940624859725,2
720575940625560189,720575940634953079,2
720575940622857447,720575940623082665,2
720575940628217643,720575940631758393,2
720575940631827527,720575940631758393,2
720575940618326292,720575940630498811,2
720575940628217643,720575940617242841,2
720575940625560189,720575940630868271,2
720575940615481489,720575940630868271,2
720575940615481489,720575940629579836,2
720575940622558941,720575940608071435,2
720575940635883748,720575940623082665,2
720575940616189509,720575940639684696,2
720575940605184102,720575940627644584,2
720575940623521806,720575940613338152,2
720575940635883748,720575940616312949,2
720575940627700484,720575940632107335,2
720575940627700484,720575940646288419,2
720575940638903248,720575940619823536,2
720575940618036509,720575940630166267,2
720575940637774426,720575940631758393,2
720575940623521806,720575940653360289,2
720575940627700484,720575940621900321,2
720575940637774426,720575940610430254,2
720575940623521806,720575940631198776,2
720575940623521806,720575940630868271,2
720575940622558941,720575940619823536,2
720575940627700484,720575940616682838,2
720575940627700484,720575940627741799,2
720575940623521806,720575940639358579,2
720575940622558941,720575940623398524,2
720575940623521806,720575940634953079,2
720575940637774426,720575940621085622,2
720575940627700484,720575940623082665,2
720575940624574922,720575940632107335,2
720575940624574922,720575940630794703,2
720575940624574922,720575940630777631,2
720575940633886765,720575940634953079,2
720575940633886765,720575940635356316,2
720575940608655918,720575940622950605,2
720575940633886765,720575940624859725,2
720575940624574922,720575940626135122,2
720575940621073840,720575940621085622,2
720575940626550504,720575940632107335,2
720575940614282238,720575940631758393,2
720575940610206387,720575940617691170,2
720575940616189509,720575940631758393,2
720575940605184102,720575940617691170,2
720575940622162505,720575940622338269,2
720575940628887887,720575940636309093,2
720575940612572670,720575940650745977,2
720575940626953732,720575940605221065,2
720575940628887887,720575940608071435,2
720575940623356493,720575940617691170,2
720575940645248878,720575940631758393,2
720575940608662574,720575940629579836,2
720575940632652077,720575940636461710,2
720575940632652077,720575940630794703,2
720575940625499153,720575940631758393,2
720575940632652077,720575940639077283,2
720575940623971819,720575940622950605,2
720575940629259638,720575940626071482,2
720575940613563187,720575940621861637,2
720575940623971819,720575940607511900,2
720575940625499153,720575940621082996,2
720575940632652077,720575940616682838,2
720575940632652077,720575940623082665,2
720575940629259638,720575940614293485,2
720575940621606755,720575940637672425,2
720575940608148693,720575940646288419,2
720575940625864964,720575940617691170,2
720575940635153294,720575940630166267,2
720575940629788983,720575940619917248,2
720575940629788983,720575940620922790,2
720575940612763542,720575940621900321,2
720575940629788983,720575940621900321,2
720575940629788983,720575940622950605,2
720575940625864964,720575940614293485,2
720575940635153294,720575940607511900,2
720575940635153294,720575940623082665,2
720575940629788983,720575940630446329,2
720575940631425235,720575940623082665,2
720575940619060321,720575940650745977,2
720575940621878021,720575940620922790,2
720575940621878021,720575940621900321,2
720575940621878021,720575940632107335,2
720575940621878021,720575940631758393,2
720575940621878021,720575940619506993,2
720575940624994941,720575940620922790,2
720575940624994941,720575940631758393,2
720575940621878021,720575940628743362,2
720575940624994941,720575940622950605,2
720575940628590595,720575940624317419,2
720575940623314765,720575940616643924,2
720575940624994941,720575940626135122,2
720575940631425235,720575940635356316,2
720575940628590595,720575940608442633,2
720575940630067816,720575940630868271,2
720575940624597228,720575940631758393,2
720575940630067816,720575940638163940,2
720575940630067816,720575940639358579,2
720575940613563187,720575940623082665,2
720575940622263510,720575940617242841,2
720575940624642492,720575940607511900,2
720575940618436672,720575940617242841,2
720575940630775891,720575940624661031,2
720575940608148693,720575940608442633,2
720575940626362696,720575940634953079,2
720575940621005044,720575940621861637,2
720575940630775891,720575940639358579,2
720575940626397565,720575940634655851,2
720575940630949187,720575940608186498,2
720575940652784289,720575940621082996,2
720575940625328915,720575940628996455,2
720575940619828359,720575940622338269,2
720575940626397565,720575940617691170,2
720575940625328915,720575940624661031,2
720575940621005044,720575940631198776,2
720575940615965140,720575940625931266,2
720575940622003316,720575940620576238,2
720575940612647282,720575940627644584,2
720575940621250486,720575940635356316,2
720575940624642492,720575940608442633,2
720575940638531637,720575940620576238,2
720575940626362696,720575940617691170,2
720575940638975285,720575940617691170,2
720575940630560505,720575940631758393,2
720575940618436672,720575940611918578,2
720575940606967730,720575940622495092,2
720575940624642492,720575940625931266,2
720575940624642492,720575940623082665,2
720575940621005044,720575940617691170,2
720575940625864964,720575940650745977,2
720575940622003316,720575940628996455,2
720575940622003316,720575940626878460,2
720575940624642492,720575940628743362,2
720575940608145877,720575940629579836,2
720575940625506704,720575940624317419,2
720575940629294636,720575940626555800,2
720575940628071409,720575940619917248,2
720575940618470383,720575940608442633,2
720575940628071409,720575940620938150,2
720575940625506704,720575940618910075,2
720575940615571601,720575940631758393,2
720575940618470383,720575940631758393,2
720575940615571601,720575940630996684,2
720575940629294636,720575940644747828,2
720575940614490018,720575940632107335,2
720575940629294636,720575940628836412,2
720575940623015694,720575940621284446,2
720575940629294636,720575940612857878,2
720575940625328915,720575940644146724,2
720575940625328915,720575940640747864,2
720575940622565887,720575940624859725,2
720575940622565887,720575940631017258,2
720575940612763542,720575940636659886,2
720575940623015694,720575940617691170,2
720575940623015694,720575940620423533,2
720575940630949187,720575940621861637,2
720575940630949187,720575940628996455,2
720575940630269660,720575940624859725,2
720575940639090997,720575940639358579,2
720575940630269660,720575940626878460,2
720575940630351903,720575940621216982,2
720575940621538431,720575940631844492,2
720575940624032264,720575940619823536,2
720575940621538431,720575940636659886,2
720575940644592494,720575940610430254,2
720575940608662574,720575940622701808,2
720575940617390036,720575940623398524,2
720575940644592494,720575940617691170,2
720575940615571601,720575940624317419,2
720575940630269660,720575940629579836,2
720575940624032264,720575940617691170,2
720575940618470383,720575940628743362,2
720575940625506704,720575940628743362,2
720575940637869028,720575940635356316,2
720575940623015694,720575940650745977,2
720575940625506704,720575940621082996,2
720575940621538431,720575940620922790,2
720575940624032264,720575940639358579,2
720575940630269660,720575940617691170,2
720575940630269660,720575940620423533,2
720575940613867682,720575940617691170,2
720575940623386506,720575940637391582,2
720575940626313546,720575940632107335,2
720575940626313546,720575940631758393,2
720575940619682625,720575940623082665,2
720575940613563187,720575940638163940,2
720575940633224555,720575940615682246,2
720575940614778454,720575940608071435,2
720575940619682625,720575940630318951,2
720575940619682625,720575940630996684,2
720575940614778454,720575940627644584,2
720575940628689963,720575940618943389,2
720575940632728476,720575940605113376,2
720575940632728476,720575940608071435,2
720575940613563187,720575940631017258,2
720575940613563187,720575940613338152,2
720575940626313546,720575940607511900,2
720575940621878021,720575940646288419,2
720575940632728476,720575940627644584,2
720575940628689963,720575940635356316,2
720575940623386506,720575940617691170,2
720575940614778454,720575940617691170,2
720575940632728476,720575940621216982,2
720575940619682625,720575940616682838,2
720575940631625272,720575940631758393,2
720575940627576488,720575940632107335,2
720575940625499153,720575940616312949,2
720575940627332100,720575940650745977,2
720575940630067816,720575940617691170,2
720575940627576488,720575940632344290,2
720575940632371040,720575940620922790,2
720575940627576488,720575940620922790,2
720575940632371040,720575940632344290,2
720575940627576488,720575940622950605,2
720575940627332100,720575940620423533,2
720575940633224555,720575940646288419,2
720575940629108094,720575940628836412,2
720575940633224555,720575940623979593,2
720575940628590595,720575940623082665,2
720575940604997152,720575940658674049,2
720575940614778454,720575940634655851,2
720575940611704813,720575940618943389,2
720575940624597228,720575940617691170,2
720575940614524127,720575940622338269,2
720575940624465900,720575940627194501,2
720575940622821325,720575940618943389,2
720575940628826873,720575940637672425,2
720575940624465900,720575940627110931,2
720575940628826873,720575940618943389,2
720575940637725272,720575940623398524,2
720575940625290003,720575940630868271,2
720575940633521588,720575940629579836,2
720575940628826873,720575940623082665,2
720575940650270710,720575940617691170,2
720575940633521588,720575940631198776,2
720575940607054770,720575940614629799,2
720575940622023262,720575940617691170,2
720575940632210145,720575940632107335,2
720575940635807087,720575940648330105,2
720575940639684515,720575940627194501,2
720575940617071321,720575940618943389,2
720575940623351443,720575940617242841,2
720575940632210145,720575940630794703,2
720575940618841910,720575940625343550,2
720575940622023262,720575940621216982,2
720575940620956173,720575940638163940,2
720575940630026600,720575940639358579,2
720575940624465900,720575940619402576,2
720575940625015070,720575940623082665,2
720575940639684515,720575940627110931,2
720575940606331996,720575940620423533,2
720575940620956173,720575940635356316,2
720575940627263162,720575940629579836,2
720575940648246649,720575940630794703,2
720575940648246649,720575940632107335,2
720575940607054770,720575940608186498,2
720575940637725272,720575940630691159,2
720575940622821325,720575940650745977,2
720575940650270710,720575940626878460,2
720575940634969701,720575940618943389,2
720575940607054770,720575940606196098,2
720575940605997257,720575940621861637,2
720575940625015070,720575940617691170,2
720575940634969701,720575940621861637,2
720575940639684515,720575940612623474,2
720575940637725272,720575940627644584,2
720575940629633150,720575940620938150,2
720575940617071321,720575940621861637,2
720575940634969701,720575940637672425,2
720575940627263162,720575940617691170,2
720575940634969701,720575940631198776,2
720575940622821325,720575940620576238,2
720575940621552116,720575940605280201,2
720575940628514156,720575940628996455,2
720575940650270710,720575940623082665,2
720575940650270710,720575940640747864,2
720575940620956173,720575940620423533,2
720575940620223398,720575940628708139,2
720575940625015070,720575940653360289,2
720575940614524127,720575940631758393,2
720575940634001007,720575940618943389,2
720575940633932951,720575940623082665,2
720575940629804857,720575940617691170,2
720575940620442817,720575940617691170,2
720575940642108301,720575940631844492,2
720575940626772357,720575940617242841,2
720575940624428019,720575940620341931,2
720575940612725906,720575940641509595,2
720575940624428019,720575940617691170,2
720575940628788496,720575940636659886,2
720575940622669508,720575940617145561,2
720575940640758157,720575940639358579,2
720575940640758157,720575940638163940,2
720575940606621362,720575940617691170,2
720575940621175472,720575940607287561,2
720575940630443791,720575940621284446,2
720575940622669508,720575940621216982,2
720575940630443791,720575940617691170,2
720575940623488270,720575940631758393,2
720575940620109191,720575940617691170,2
720575940619978266,720575940621216982,2
720575940626474889,720575940626878460,2
720575940628060166,720575940617691170,2
720575940619769008,720575940617691170,2
720575940627077032,720575940617691170,2
720575940618545903,720575940618943389,2
720575940620223398,720575940631844492,2
720575940612725906,720575940610523746,2
720575940634836671,720575940617691170,2
720575940614861974,720575940622701808,2
720575940637315418,720575940623082665,2
720575940637315418,720575940621284446,2
720575940634836671,720575940617145561,2
720575940622013564,720575940617691170,2
720575940637315418,720575940618943389,2
720575940620551901,720575940617691170,2
720575940620223398,720575940646288419,2
720575940626474889,720575940618943389,2
720575940617911360,720575940635356316,2
720575940624158906,720575940617691170,2
720575940623351443,720575940631758393,2
720575940628725455,720575940619823536,2
720575940644838766,720575940637390302,2
720575940641079029,720575940619506993,2
720575940606967682,720575940608071435,2
720575940625497488,720575940612857878,2
720575940632210145,720575940618910075,2
720575940620109191,720575940634953079,2
720575940632210145,720575940626455326,2
720575940626474889,720575940622701808,2
720575940626474889,720575940623082665,2
720575940617478427,720575940614629799,2
720575940622023262,720575940649649785,2
720575940623351443,720575940632107335,2
720575940624158906,720575940613338152,2
720575940625261834,720575940646288419,2
720575940614428722,720575940620576238,2
720575940625156901,720575940627644584,2
720575940626474889,720575940640747864,2
720575940623488270,720575940608071435,2
720575940610358501,720575940634953079,2
720575940617478427,720575940624661031,2
720575940621648008,720575940617691170,2
720575940625156901,720575940644747828,2
720575940623351443,720575940622950605,2
720575940621648008,720575940628836412,2
720575940617855133,720575940621216982,2
720575940614428722,720575940637109214,2
720575940641079029,720575940636461710,2
720575940621321412,720575940617691170,2
720575940626474889,720575940606196098,2
720575940641079029,720575940630794703,2
720575940641079029,720575940626135122,2
720575940610358501,720575940617691170,2
720575940625497488,720575940631758393,2
720575940614428722,720575940637928164,2
720575940621321412,720575940621216982,2
720575940614524127,720575940612623474,2
720575940626496275,720575940624859725,2
720575940631624673,720575940618943389,2
720575940636092393,720575940620576238,2
720575940620700769,720575940624661031,2
720575940630969555,720575940617691170,2
720575940631624673,720575940626878460,2
720575940605627057,720575940639358579,2
720575940636092393,720575940617691170,2
720575940622820586,720575940617691170,2
720575940636092393,720575940618943389,2
720575940623353013,720575940626135122,2
720575940629477674,720575940654661281,2
720575940637580659,720575940622701808,2
720575940623353013,720575940619506993,2
720575940623353013,720575940630166267,2
720575940608191836,720575940606196098,2
720575940608447241,720575940631017258,2
720575940652837793,720575940617691170,2
720575940608447241,720575940631198776,2
720575940621023041,720575940611918578,2
720575940633074015,720575940638163940,2
720575940629388239,720575940622950605,2
720575940636605530,720575940644146724,2
720575940631624673,720575940650745977,2
720575940622820586,720575940636309093,2
720575940634640014,720575940629579836,2
720575940615975227,720575940628743362,2
720575940620700769,720575940637672425,2
720575940612740466,720575940621216982,2
720575940629388239,720575940608442633,2
720575940633074015,720575940623082665,2
720575940619938998,720575940617691170,2
720575940627553691,720575940623082665,2
720575940620973848,720575940638163940,2
720575940608505795,720575940623082665,2
720575940613156067,720575940618943389,2
720575940617893461,720575940638163940,2
720575940617893461,720575940644146724,2
720575940622748868,720575940631758393,2
720575940620303040,720575940618943389,2
720575940631388231,720575940623082665,2
720575940626363791,720575940626135122,2
720575940622732493,720575940619506993,2
720575940622732493,720575940619301185,2
720575940613156067,720575940617691170,2
720575940622732493,720575940646288419,2
720575940621873246,720575940647165828,2
720575940612151538,720575940621216982,2
720575940629477674,720575940617691170,2
720575940623353013,720575940607287561,2
720575940612151538,720575940628708139,2
720575940628121287,720575940614293485,2
720575940621873246,720575940621216982,2
720575940633565154,720575940631758393,2
720575940621873246,720575940610430254,2
720575940620464204,720575940626878460,2
720575940620464204,720575940629579836,2
720575940620464204,720575940623082665,2
720575940613156067,720575940634953079,2
720575940636677190,720575940614293485,2
720575940615768693,720575940625931266,2
720575940605551718,720575940642733216,2
720575940616588683,720575940635356316,2
720575940616588683,720575940650745977,2
720575940627045636,720575940619402576,2
720575940615768693,720575940607511900,2
720575940627045636,720575940608071435,2
720575940629507450,720575940644747828,2
720575940619026241,720575940636659886,2
720575940619026241,720575940638940469,2
720575940620578269,720575940617691170,2
720575940620578269,720575940626878460,2
720575940621175472,720575940625931266,2
720575940620813478,720575940623082665,2
720575940620813478,720575940621900321,2
720575940626657808,720575940621284446,2
720575940629328591,720575940643542688,2
720575940620813478,720575940632107335,2
720575940621175472,720575940632107335,2
720575940606621362,720575940621216982,2
720575940635309304,720575940612623474,2
720575940621987255,720575940622495092,2
720575940640758157,720575940621861637,2
720575940615768693,720575940616682838,2
720575940640758157,720575940620423533,2
720575940630180935,720575940632107335,2
720575940640758157,720575940623082665,2
720575940640758157,720575940613338152,2
720575940621056577,720575940646582836,2
720575940622894349,720575940642733216,2
720575940640758157,720575940617691170,2
720575940617071321,720575940634953079,2
720575940639684515,720575940617242841,2
720575940627263162,720575940618943389,2
720575940639684515,720575940619402576,2
720575940639688611,720575940620576238,2
720575940639688611,720575940617691170,2
720575940615768693,720575940630318951,2
720575940620578269,720575940639358579,2
720575940630180935,720575940616682838,2
720575940622894349,720575940634655851,2
720575940630180935,720575940623082665,2
720575940621056577,720575940631758393,2
720575940620578269,720575940635356316,2
720575940605551718,720575940611918578,2
720575940615768693,720575940631758393,2
720575940626657808,720575940620423533,2
720575940631782712,720575940621900321,2
720575940629804857,720575940629579836,2
720575940628741881,720575940617691170,2
720575940620425310,720575940617242841,2
720575940629804857,720575940625615248,2
720575940634001007,720575940635356316,2
720575940619259477,720575940612857878,2
720575940612725906,720575940644146724,2
720575940629804857,720575940626878460,2
720575940634001007,720575940644146724,2
720575940621174704,720575940611918578,2
720575940632805037,720575940630498811,2
720575940612740466,720575940623398524,2
720575940632169007,720575940621216982,2
720575940629804857,720575940635356316,2
720575940624428019,720575940627644584,2
720575940638995005,720575940607511900,2
720575940629388239,720575940632107335,2
720575940621175472,720575940619506993,2
720575940629328591,720575940618910075,2
720575940615768693,720575940620488513,2
720575940619026241,720575940619506993,2
720575940631782712,720575940615682246,2
720575940631782712,720575940620497217,2
720575940629328591,720575940636659886,2
720575940621175472,720575940623082665,2
720575940659765121,720575940625615248,2
720575940629328591,720575940628743362,2
720575940659765121,720575940623082665,2
720575940617201113,720575940612857878,2
720575940642108301,720575940619917248,2
720575940614861974,720575940635356316,2
720575940620685436,720575940624859725,2
720575940642108301,720575940620922790,2
720575940629804857,720575940620576238,2
720575940646606724,720575940629579836,2
720575940630443791,720575940639358579,2
720575940642108301,720575940630777631,2
720575940623986469,720575940646288419,2
720575940617321243,720575940618943389,2
720575940623776437,720575940641509595,2
720575940623776437,720575940638163940,2
720575940606892162,720575940623082665,2
720575940631754527,720575940642733216,2
720575940631754527,720575940622338269,2
720575940626394609,720575940631758393,2
720575940604630496,720575940621284446,2
720575940617321243,720575940623082665,2
720575940604630496,720575940606196098,2
720575940631754527,720575940617691170,2
720575940625600048,720575940619506993,2
720575940623776437,720575940623082665,2
720575940619994759,720575940621216982,2
720575940611129571,720575940644747828,2
720575940619994759,720575940619823536,2
720575940625600048,720575940626455326,2
720575940625600048,720575940646288419,2
720575940619994759,720575940631222841,2
720575940625600048,720575940632107335,2
720575940623776437,720575940618943389,2
720575940610167987,720575940641509595,2
720575940623776437,720575940617691170,2
720575940617834560,720575940631443304,2
720575940604630496,720575940634953079,2
720575940624989214,720575940648330105,2
720575940624989214,720575940635779959,2
720575940624989214,720575940633515490,2
720575940624989214,720575940632107335,2
720575940627552168,720575940631576903,2
720575940612178418,720575940623398524,2
720575940632725459,720575940624317419,2
720575940621413670,720575940618910075,2
720575940627552168,720575940614677810,2
720575940631782447,720575940648330105,2
720575940624989214,720575940607511900,2
720575940624989214,720575940630166267,2
720575940606892162,720575940631198776,2
720575940619055969,720575940623082665,2
720575940615101452,720575940617691170,2
720575940625780648,720575940617691170,2
720575940612178418,720575940621085622,2
720575940621178206,720575940629579836,2
720575940615101452,720575940612623474,2
720575940629522474,720575940620576238,2
720575940629522474,720575940617691170,2
720575940632725459,720575940633515490,2
720575940610167987,720575940618943389,2
720575940652809377,720575940617691170,2
720575940622222921,720575940617691170,2
720575940628375255,720575940608071435,2
720575940652809377,720575940634953079,2
720575940637540952,720575940617691170,2
720575940623985189,720575940627194501,2
720575940652809377,720575940626071482,2
720575940611129571,720575940627644584,2
720575940617834560,720575940617691170,2
720575940625163139,720575940632107335,2
720575940614551954,720575940628743362,2
720575940622050186,720575940631758393,2
720575940611129571,720575940631758393,2
720575940619705983,720575940617691170,2
720575940629671491,720575940633515490,2
720575940617834560,720575940621462512,2
720575940619705983,720575940612623474,2
720575940639056061,720575940610430254,2
720575940617834560,720575940612857878,2
720575940625163139,720575940607287561,2
720575940629522474,720575940626878460,2
720575940621471732,720575940623398524,2
720575940614551954,720575940624317419,2
720575940617834560,720575940608071435,2
720575940639056061,720575940635779959,2
720575940625163139,720575940624317419,2
720575940619731392,720575940635356316,2
720575940626496275,720575940650745977,2
720575940616044850,720575940635356316,2
720575940631485251,720575940623082665,2
720575940621207216,720575940633142498,2
720575940616044850,720575940629579836,2
720575940631485251,720575940617691170,2
720575940616044850,720575940630868271,2
720575940616044850,720575940631198776,2
720575940632366623,720575940639358579,2
720575940624107755,720575940628996455,2
720575940627750647,720575940617691170,2
720575940627626244,720575940644146724,2
720575940627626244,720575940623082665,2
720575940627626244,720575940624661031,2
720575940632366623,720575940608186498,2
720575940605196465,720575940605113376,2
720575940616044850,720575940620423533,2
720575940621207216,720575940617691170,2
720575940609371086,720575940637672425,2
720575940630923693,720575940650745977,2
720575940606698697,720575940618943389,2
720575940627085578,720575940637672425,2
720575940621863006,720575940632107335,2
720575940621863006,720575940633515490,2
720575940621863006,720575940627741799,2
720575940621863006,720575940625931266,2
720575940627085578,720575940623082665,2
720575940630923693,720575940624661031,2
720575940630923693,720575940631198776,2
720575940626828574,720575940605113376,2
720575940615671494,720575940624661031,2
720575940621770010,720575940618943389,2
720575940649022841,720575940614629799,2
720575940615671494,720575940620576238,2
720575940615671494,720575940623082665,2
720575940607930716,720575940631758393,2
720575940637835839,720575940637390302,2
720575940630436603,720575940631198776,2
720575940621121140,720575940623082665,2
720575940621121140,720575940624317419,2
720575940621460645,720575940630777631,2
720575940634351200,720575940628996455,2
720575940621460645,720575940632107335,2
720575940634351200,720575940621861637,2
720575940627750647,720575940623398524,2
720575940621460645,720575940622950605,2
720575940634351200,720575940614629799,2
720575940634351200,720575940617691170,2
720575940634514533,720575940618943389,2
720575940617866048,720575940631576903,2
720575940634514533,720575940606196098,2
720575940621460645,720575940646288419,2
720575940619651019,720575940646288419,2
720575940626729515,720575940617691170,2
720575940615832577,720575940620576238,2
720575940629319106,720575940614629799,2
720575940615832577,720575940621861637,2
720575940609873358,720575940621462512,2
720575940605606274,720575940610181496,2
720575940605606274,720575940617691170,2
720575940632940442,720575940623082665,2
720575940630969555,720575940620576238,2
720575940617118016,720575940623082665,2
720575940614207850,720575940617691170,2
720575940614207850,720575940623398524,2
720575940614348394,720575940642733216,2
720575940621146294,720575940630446329,2
720575940623986469,720575940607511900,2
720575940628163402,720575940617691170,2
720575940618989421,720575940617691170,2
720575940619535563,720575940607287561,2
720575940629834796,720575940635356316,2
720575940629834796,720575940626878460,2
720575940619535563,720575940622950605,2
720575940619535563,720575940623082665,2
720575940626496275,720575940617691170,2
720575940634967962,720575940619402576,2
720575940619090529,720575940638163940,2
720575940634464869,720575940623082665,2
720575940623986469,720575940623082665,2
720575940636135799,720575940617691170,2
720575940632839085,720575940654661281,2
720575940636135799,720575940631758393,2
720575940637434601,720575940617691170,2
720575940627543624,720575940617691170,2
720575940637434601,720575940631758393,2
720575940637434601,720575940627644584,2
720575940629166592,720575940631758393,2
720575940629166592,720575940610430254,2
720575940627543624,720575940631758393,2
720575940631017932,720575940631017258,2
720575940619078592,720575940634953079,2
720575940619078592,720575940650745977,2
720575940620124028,720575940620423533,2
720575940620124028,720575940626071482,2
720575940620124028,720575940631017258,2
720575940620124028,720575940637928164,2
720575940621017840,720575940617691170,2
720575940617410205,720575940633142498,2
720575940617807517,720575940632344290,2
720575940622768266,720575940631758393,2
720575940622855560,720575940621462512,2
720575940622855560,720575940643950190,2
720575940622288152,720575940605113376,2
720575940630411535,720575940620922790,2
720575940618545903,720575940640747864,2
720575940609935310,720575940622338269,2
720575940626901278,720575940607511900,2
720575940611453107,720575940616682838,2
720575940626901278,720575940643542688,2
720575940609935310,720575940627644584,2
720575940609133102,720575940631758393,2
720575940626901278,720575940628743362,2
720575940618545903,720575940626878460,2
720575940618989421,720575940629579836,2
720575940618989421,720575940631198776,2
720575940634464869,720575940617691170,2
720575940615975227,720575940607511900,2
720575940632804543,720575940618943389,2
720575940621023041,720575940627644584,2
720575940624532979,720575940617145561,2
720575940636677190,720575940638163940,2
720575940615975227,720575940623082665,2
720575940627147578,720575940630777631,2
720575940627147578,720575940632107335,2
720575940627147578,720575940636659886,2
720575940627147578,720575940646288419,2
720575940634638734,720575940641509595,2
720575940630419364,720575940613338152,2
720575940646229283,720575940639358579,2
720575940630969555,720575940623082665,2
720575940632940442,720575940617691170,2
720575940659577217,720575940623082665,2
720575940620700769,720575940614629799,2
720575940659577217,720575940631758393,2
720575940659577217,720575940630446329,2
720575940632804543,720575940637928164,2
720575940627166522,720575940631758393,2
720575940622737812,720575940632107335,2
720575940619090529,720575940622701808,2
720575940619938998,720575940631017258,2
720575940609133102,720575940619402576,2
720575940618989421,720575940613338152,2
720575940621857313,720575940617691170,2
720575940639202532,720575940631758393,2
720575940622737812,720575940649649785,2
720575940631143383,720575940632107335,1
720575940642328736,720575940631443304,1
720575940631143383,720575940633541857,1
720575940631143383,720575940639077283,1
720575940620465996,720575940624661031,1
720575940620465996,720575940623082665,1
720575940620465996,720575940622100774,1
720575940620465996,720575940621284446,1
720575940642328736,720575940631758393,1
720575940632951266,720575940624859725,1
720575940632951266,720575940620423533,1
720575940632951266,720575940617691170,1
720575940608550409,720575940606196098,1
720575940607763467,720575940647165828,1
720575940607763467,720575940642733216,1
720575940607763467,720575940631758393,1
720575940607763467,720575940628836412,1
720575940620351838,720575940629579836,1
720575940657869953,720575940631758393,1
720575940657869953,720575940627644584,1
720575940631143383,720575940623082665,1
720575940631143383,720575940626455326,1
720575940631143383,720575940628708139,1
720575940657869953,720575940634655851,1
720575940607763467,720575940621216982,1
720575940607763467,720575940619823536,1
720575940607763467,720575940617242841,1
720575940607763467,720575940612623474,1
720575940607763467,720575940608071435,1
720575940607763467,720575940605113376,1
720575940636168414,720575940626878460,1
720575940636168414,720575940624661031,1
720575940636168414,720575940614293485,1
720575940635908580,720575940647165828,1
720575940636168414,720575940620423533,1
720575940636168414,720575940621284446,1
720575940632951266,720575940631017258,1
720575940652822945,720575940622701808,1
720575940652822945,720575940621861637,1
720575940652822945,720575940626878460,1
720575940639986048,720575940619301185,1
720575940636168414,720575940640747864,1
720575940639986048,720575940616682838,1
720575940620351838,720575940631198776,1
720575940620351838,720575940634652523,1
720575940620351838,720575940634953079,1
720575940620351838,720575940641509595,1
720575940620351838,720575940653360289,1
720575940635498871,720575940623979593,1
720575940632951266,720575940631198776,1
720575940632951266,720575940638163940,1
720575940632951266,720575940653360289,1
720575940635498871,720575940621216982,1
720575940635908580,720575940634475119,1
720575940635498871,720575940643950190,1
720575940635498871,720575940644747828,1
720575940615965140,720575940626455326,1
720575940615965140,720575940630166267,1
720575940615965140,720575940632344290,1
720575940652822945,720575940631198776,1
720575940615965140,720575940616682838,1
720575940615965140,720575940619506993,1
720575940615965140,720575940619917248,1
720575940616105302,720575940630650063,1
720575940616105302,720575940617145561,1
720575940616105302,720575940619402576,1
720575940617940048,720575940621900321,1
720575940617940048,720575940630318951,1
720575940617940048,720575940643542688,1
720575940617940048,720575940641509595,1
720575940617940048,720575940621082996,1
720575940657869953,720575940611918578,1
720575940657869953,720575940605113376,1
720575940617940048,720575940618910075,1
720575940617940048,720575940616682838,1
720575940631589689,720575940621462512,1
720575940631589689,720575940617242841,1
720575940639986048,720575940632107335,1
720575940639986048,720575940633515490,1
720575940631589689,720575940627194501,1
720575940642328736,720575940619402576,1
720575940642328736,720575940621216982,1
720575940642328736,720575940622338269,1
720575940642328736,720575940627194501,1
720575940642328736,720575940606909826,1
720575940642328736,720575940612623474,1
720575940642328736,720575940616643924,1
720575940639986048,720575940625931266,1
720575940632437331,720575940639358579,1
720575940632437331,720575940628996455,1
720575940616105302,720575940639684696,1
720575940616105302,720575940640770957,1
720575940616105302,720575940644747828,1
720575940617940048,720575940607287561,1
720575940617940048,720575940607511900,1
720575940632437331,720575940620576238,1
720575940632437331,720575940618943389,1
720575940631589689,720575940643950190,1
720575940610946730,720575940635356316,1
720575940614199914,720575940617145561,1
720575940614199914,720575940621216982,1
720575940614199914,720575940637391582,1
720575940614199914,720575940639358579,1
720575940608550409,720575940634953079,1
720575940608550409,720575940620390822,1
720575940608550409,720575940621861637,1
720575940608550409,720575940623082665,1
720575940608550409,720575940637928164,1
720575940610946730,720575940621284446,1
720575940610946730,720575940621861637,1
720575940610946730,720575940610523746,1
720575940620351838,720575940624859725,1
720575940620351838,720575940623082665,1
720575940620351838,720575940622100774,1
720575940620351838,720575940621284446,1
720575940619382875,720575940637391582,1
720575940619382875,720575940619823536,1
720575940619382875,720575940631443304,1
720575940619382875,720575940621216982,1
720575940619382875,720575940622338269,1
720575940620205951,720575940629564286,1
720575940620205951,720575940628836412,1
720575940620205951,720575940627110931,1
720575940620205951,720575940617242841,1
720575940620351838,720575940617691170,1
720575940620351838,720575940613338152,1
720575940614327202,720575940642733216,1
720575940614495093,720575940608071435,1
720575940614495093,720575940612857878,1
720575940614495093,720575940617691170,1
720575940614327202,720575940630397527,1
720575940614327202,720575940627390507,1
720575940614495093,720575940637390302,1
720575940614495093,720575940639358579,1
720575940614495093,720575940642733216,1
720575940619382875,720575940617242841,1
720575940614495093,720575940623398524,1
720575940614495093,720575940630868271,1
720575940645248878,720575940654661281,1
720575940605184102,720575940605221065,1
720575940605184102,720575940612857878,1
720575940616675638,720575940610523746,1
720575940615539385,720575940633832628,1
720575940615539385,720575940646582836,1
720575940615539385,720575940630498811,1
720575940615907997,720575940622495092,1
720575940645248878,720575940644747828,1
720575940645248878,720575940640770957,1
720575940640292571,720575940621861637,1
720575940640292571,720575940624859725,1
720575940645248878,720575940637391582,1
720575940645248878,720575940608071435,1
720575940645248878,720575940612755618,1
720575940645248878,720575940619823536,1
720575940614770847,720575940619402576,1
720575940612846962,720575940648330105,1
720575940614770847,720575940630498811,1
720575940614770847,720575940623398524,1
720575940612846962,720575940624317419,1
720575940612846962,720575940625931266,1
720575940612846962,720575940623979593,1
720575940612846962,720575940643542688,1
720575940612846962,720575940633541857,1
720575940612846962,720575940631758393,1
720575940612846962,720575940630794703,1
720575940612846962,720575940630446329,1
720575940612846962,720575940628743362,1
720575940615539385,720575940617691170,1
720575940615539385,720575940612857878,1
720575940615539385,720575940610430254,1
720575940615539385,720575940622338269,1
720575940615539385,720575940620497217,1
720575940615356347,720575940621085622,1
720575940614770847,720575940654661281,1
720575940615356347,720575940637391582,1
720575940615356347,720575940630397527,1
720575940615356347,720575940625926693,1
720575940640292571,720575940618943389,1
720575940628735275,720575940647165828,1
720575940628735275,720575940634640023,1
720575940628887887,720575940646582836,1
720575940635883748,720575940607287561,1
720575940635883748,720575940607511900,1
720575940628887887,720575940634655851,1
720575940628887887,720575940630498811,1
720575940628887887,720575940631758393,1
720575940628735275,720575940623979593,1
720575940628398295,720575940621216982,1
720575940628398295,720575940627194501,1
720575940628398295,720575940610181496,1
720575940628398295,720575940613647007,1
720575940628735275,720575940617691170,1
720575940628398295,720575940636659886,1
720575940640292571,720575940617691170,1
720575940638903248,720575940605113376,1
720575940638903248,720575940611918578,1
720575940638903248,720575940617145561,1
720575940638903248,720575940617242841,1
720575940637774426,720575940658674049,1
720575940640292571,720575940606196098,1
720575940638903248,720575940630498811,1
720575940638903248,720575940639684696,1
720575940635883748,720575940626455326,1
720575940635883748,720575940632107335,1
720575940635883748,720575940619301185,1
720575940635883748,720575940620488513,1
720575940635883748,720575940621082996,1
720575940635883748,720575940622950605,1
720575940637774426,720575940621216982,1
720575940637774426,720575940623398524,1
720575940637774426,720575940617691170,1
720575940637774426,720575940611918578,1
720575940629485354,720575940620423533,1
720575940605184102,720575940619823536,1
720575940605184102,720575940622495092,1
720575940629485354,720575940624661031,1
720575940610206387,720575940608071435,1
720575940605184102,720575940647165828,1
720575940605184102,720575940627194501,1
720575940605184102,720575940631576903,1
720575940605184102,720575940631758393,1
720575940630067255,720575940620497217,1
720575940630067255,720575940632344290,1
720575940630067255,720575940630777631,1
720575940630067255,720575940630446329,1
720575940630067255,720575940628708139,1
720575940629485354,720575940653360289,1
720575940610206387,720575940619823536,1
720575940615481489,720575940617691170,1
720575940615481489,720575940608186498,1
720575940615481489,720575940606196098,1
720575940612572670,720575940631198776,1
720575940612572670,720575940638163940,1
720575940615481489,720575940621284446,1
720575940615481489,720575940621861637,1
720575940615481489,720575940622701808,1
720575940612572670,720575940629579836,1
720575940610206387,720575940630498811,1
720575940610206387,720575940634655851,1
720575940610206387,720575940636309093,1
720575940610206387,720575940628836412,1
720575940610206387,720575940644747828,1
720575940610206387,720575940654661281,1
720575940612572670,720575940622701808,1
720575940612572670,720575940620423533,1
720575940612572670,720575940626878460,1
720575940612572670,720575940620576238,1
720575940612572670,720575940610523746,1
720575940639903696,720575940623398524,1
720575940639903696,720575940621216982,1
720575940639903696,720575940617691170,1
720575940639903696,720575940617242841,1
720575940607984651,720575940605113376,1
720575940639903696,720575940646582836,1
720575940637826623,720575940631758393,1
720575940639903696,720575940605113376,1
720575940639903696,720575940608071435,1
720575940637826623,720575940637391582,1
720575940607984651,720575940608071435,1
720575940607984651,720575940631443304,1
720575940607984651,720575940627644584,1
720575940612846962,720575940612643954,1
720575940607984651,720575940649675897,1
720575940607984651,720575940617145561,1
720575940634800282,720575940620576238,1
720575940634800282,720575940620390822,1
720575940634800282,720575940624859725,1
720575940634800282,720575940624661031,1
720575940634800282,720575940623082665,1
720575940634800282,720575940622701808,1
720575940632173103,720575940610430254,1
720575940630067255,720575940648330105,1
720575940630067255,720575940639077283,1
720575940637689688,720575940633832628,1
720575940637826623,720575940605113376,1
720575940605184102,720575940616643924,1
720575940637826623,720575940611918578,1
720575940637826623,720575940610430254,1
720575940605184102,720575940617145561,1
720575940634800282,720575940638163940,1
720575940634800282,720575940635356316,1
720575940621839086,720575940624406986,1
720575940621839086,720575940620812865,1
720575940621839086,720575940630996684,1
720575940621574026,720575940622338269,1
720575940621574026,720575940621216982,1
720575940621574026,720575940640770957,1
720575940621574026,720575940631758393,1
720575940622844903,720575940611918578,1
720575940622844903,720575940647165828,1
720575940622844903,720575940639358579,1
720575940622844903,720575940634640023,1
720575940622844903,720575940633142498,1
720575940624294072,720575940620812865,1
720575940624294072,720575940620488513,1
720575940624294072,720575940619301185,1
720575940624294072,720575940616312949,1
720575940624294072,720575940612643954,1
720575940622844903,720575940617691170,1
720575940622844903,720575940612857878,1
720575940622844903,720575940621085622,1
720575940622844903,720575940622495092,1
720575940621574026,720575940610430254,1
720575940619794512,720575940632344290,1
720575940619794512,720575940658674049,1
720575940620741485,720575940610181496,1
720575940619794512,720575940621216982,1
720575940619794512,720575940625343550,1
720575940619794512,720575940627644584,1
720575940620741485,720575940610430254,1
720575940620741485,720575940623398524,1
720575940620741485,720575940631576903,1
720575940620741485,720575940635779959,1
720575940620741485,720575940622338269,1
720575940620741485,720575940612623474,1
720575940620741485,720575940620341931,1
720575940618036509,720575940643542688,1
720575940619668053,720575940610430254,1
720575940619668053,720575940611918578,1
720575940618994880,720575940654661281,1
720575940618994880,720575940647165828,1
720575940618994880,720575940633142498,1
720575940618036509,720575940630996684,1
720575940618036509,720575940632107335,1
720575940619668053,720575940617145561,1
720575940619794512,720575940612623474,1
720575940619794512,720575940617691170,1
720575940619668053,720575940627110931,1
720575940619668053,720575940626555800,1
720575940617672139,720575940630076887,1
720575940617672139,720575940631222841,1
720575940617672139,720575940631758393,1
720575940617672139,720575940636309093,1
720575940617672139,720575940649649785,1
720575940617672139,720575940617691170,1
720575940617672139,720575940627110931,1
720575940617672139,720575940658674049,1
720575940618036509,720575940627741799,1
720575940618036509,720575940628609127,1
720575940618036509,720575940630446329,1
720575940618036509,720575940624317419,1
720575940625781541,720575940623979593,1
720575940625781541,720575940623082665,1
720575940625781541,720575940622495092,1
720575940618036509,720575940616682838,1
720575940618036509,720575940620812865,1
720575940618036509,720575940620922790,1
720575940618036509,720575940623082665,1
720575940625781541,720575940648330105,1
720575940625781541,720575940643542688,1
720575940625781541,720575940639077283,1
720575940625781541,720575940638940469,1
720575940625781541,720575940636461710,1
720575940625781541,720575940631844492,1
720575940625781541,720575940630777631,1
720575940626510211,720575940613338152,1
720575940613501855,720575940631017258,1
720575940613501855,720575940638163940,1
720575940625781541,720575940621900321,1
720575940625781541,720575940620497217,1
720575940625561374,720575940636659886,1
720575940625561374,720575940633541857,1
720575940625561374,720575940630794703,1
720575940625561374,720575940630498811,1
720575940624294072,720575940627741799,1
720575940624294072,720575940624317419,1
720575940624294072,720575940638940469,1
720575940624294072,720575940633515490,1
720575940624294072,720575940632107335,1
720575940624294072,720575940630318951,1
720575940625715733,720575940637391582,1
720575940625715733,720575940636309093,1
720575940625715733,720575940631758393,1
720575940625715733,720575940631222841,1
720575940625715733,720575940640770957,1
720575940625715733,720575940630498811,1
720575940625781541,720575940619917248,1
720575940625781541,720575940619506993,1
720575940625781541,720575940615682246,1
720575940625561374,720575940646288419,1
720575940625715733,720575940627644584,1
720575940625715733,720575940623398524,1
720575940624516339,720575940631758393,1
720575940616675638,720575940631198776,1
720575940616675638,720575940634953079,1
720575940616675638,720575940650745977,1
720575940624516339,720575940630498811,1
720575940624516339,720575940631576903,1
720575940616675638,720575940621861637,1
720575940616675638,720575940624859725,1
720575940616675638,720575940623082665,1
720575940616675638,720575940620576238,1
720575940623521806,720575940622100774,1
720575940623521806,720575940621284446,1
720575940623521806,720575940617691170,1
720575940623521806,720575940634652523,1
720575940623521806,720575940635356316,1
720575940623521806,720575940635789431,1
720575940624516339,720575940633142498,1
720575940624516339,720575940634640023,1
720575940627264488,720575940643950190,1
720575940627264488,720575940647165828,1
720575940627264488,720575940634655851,1
720575940627264488,720575940634640023,1
720575940627700484,720575940628743362,1
720575940627700484,720575940624317419,1
720575940627700484,720575940630318951,1
720575940627700484,720575940631758393,1
720575940627700484,720575940619506993,1
720575940627700484,720575940621082996,1
720575940627700484,720575940622950605,1
720575940625646876,720575940622338269,1
720575940625646876,720575940627194501,1
720575940624516339,720575940636309093,1
720575940627264488,720575940621216982,1
720575940627264488,720575940606909826,1
720575940625646876,720575940647165828,1
720575940621688926,720575940639684696,1
720575940622162505,720575940612755618,1
720575940621688926,720575940631443304,1
720575940621688926,720575940627194501,1
720575940622162505,720575940631758393,1
720575940622162505,720575940633832628,1
720575940622162505,720575940634640023,1
720575940622162505,720575940634655851,1
720575940622162505,720575940637390302,1
720575940622162505,720575940617691170,1
720575940622162505,720575940623398524,1
720575940621010804,720575940617691170,1
720575940621010804,720575940619402576,1
720575940620741485,720575940647165828,1
720575940621010804,720575940654661281,1
720575940621010804,720575940628836412,1
720575940621010804,720575940631576903,1
720575940622162505,720575940647165828,1
720575940622621164,720575940646582836,1
720575940622621164,720575940658674049,1
720575940623356493,720575940613338152,1
720575940622621164,720575940630076887,1
720575940622621164,720575940629564286,1
720575940622621164,720575940631222841,1
720575940622621164,720575940634475119,1
720575940623356493,720575940618943389,1
720575940623356493,720575940629579836,1
720575940623521806,720575940608186498,1
720575940623356493,720575940620576238,1
720575940623356493,720575940626878460,1
720575940622558941,720575940621085622,1
720575940622558941,720575940605113376,1
720575940622558941,720575940612857878,1
720575940622558941,720575940631758393,1
720575940622558941,720575940633832628,1
720575940622558941,720575940642733216,1
720575940622558941,720575940643950190,1
720575940622558941,720575940649675897,1
720575940622558941,720575940654661281,1
720575940630432932,720575940617691170,1
720575940630269404,720575940643950190,1
720575940630432932,720575940631758393,1
720575940630456996,720575940606196098,1
720575940630432932,720575940627644584,1
720575940630269404,720575940627194501,1
720575940629973753,720575940621082996,1
720575940629973753,720575940626455326,1
720575940629973753,720575940608442633,1
720575940629973753,720575940616682838,1
720575940629973753,720575940630318951,1
720575940630269404,720575940612623474,1
720575940629973753,720575940630996684,1
720575940629973753,720575940634652523,1
720575940633466524,720575940616682838,1
720575940633466524,720575940623082665,1
720575940631577569,720575940649649785,1
720575940633466524,720575940612643954,1
720575940633466524,720575940608442633,1
720575940633466524,720575940646288419,1
720575940633551028,720575940606196098,1
720575940633466524,720575940635779959,1
720575940633466524,720575940630166267,1
720575940633466524,720575940630996684,1
720575940630456996,720575940613338152,1
720575940630456996,720575940620390822,1
720575940630456996,720575940629579836,1
720575940631577569,720575940617691170,1
720575940630456996,720575940630868271,1
720575940625023869,720575940650745977,1
720575940626220830,720575940605113376,1
720575940625023869,720575940629579836,1
720575940625023869,720575940631198776,1
720575940626284157,720575940617691170,1
720575940626220830,720575940634640023,1
720575940626220830,720575940637390302,1
720575940624647299,720575940640747864,1
720575940624647299,720575940639358579,1
720575940624647299,720575940650745977,1
720575940624647299,720575940626878460,1
720575940624647299,720575940631017258,1
720575940625023869,720575940624859725,1
720575940625023869,720575940624661031,1
720575940625023869,720575940619676224,1
720575940625023869,720575940620423533,1
720575940626284157,720575940623398524,1
720575940627493141,720575940634655851,1
720575940627493141,720575940617691170,1
720575940627709948,720575940627644584,1
720575940627709948,720575940617691170,1
720575940627450385,720575940612755618,1
720575940626284157,720575940654661281,1
720575940626284157,720575940631758393,1
720575940626284157,720575940629564286,1
720575940626284157,720575940634640023,1
720575940627450385,720575940630794703,1
720575940627450385,720575940622495092,1
720575940627450385,720575940621216982,1
720575940627450385,720575940622338269,1
720575940615728102,720575940620576238,1
720575940615386324,720575940631758393,1
720575940615386324,720575940649649785,1
720575940615728102,720575940629579836,1
720575940615728102,720575940631198776,1
720575940615728102,720575940640747864,1
720575940613776543,720575940630777631,1
720575940613776543,720575940636461710,1
720575940613776543,720575940636659886,1
720575940613776543,720575940638940469,1
720575940613776543,720575940621900321,1
720575940613776543,720575940639077283,1
720575940615386324,720575940623979593,1
720575940615386324,720575940622495092,1
720575940615386324,720575940625926693,1
720575940615386324,720575940627644584,1
720575940615386324,720575940611918578,1
720575940615386324,720575940612857878,1
720575940615386324,720575940617242841,1
720575940615386324,720575940617691170,1
720575940618334145,720575940613338152,1
720575940618334145,720575940617691170,1
720575940617926198,720575940640747864,1
720575940617926198,720575940639358579,1
720575940617926198,720575940631198776,1
720575940618334145,720575940620390822,1
720575940618334145,720575940620423533,1
720575940618334145,720575940635789431,1
720575940618334145,720575940640747864,1
720575940618334145,720575940630868271,1
720575940618334145,720575940626071482,1
720575940617427713,720575940630397527,1
720575940617427713,720575940608071435,1
720575940617427713,720575940621216982,1
720575940617427713,720575940622338269,1
720575940617926198,720575940625615248,1
720575940617926198,720575940625926693,1
720575940617926198,720575940626878460,1
720575940633580024,720575940627110931,1
720575940633580024,720575940627194501,1
720575940633580024,720575940627390507,1
720575940633580024,720575940630076887,1
720575940633580024,720575940630794703,1
720575940633580024,720575940631758393,1
720575940633580024,720575940626555800,1
720575940633580024,720575940619402576,1
720575940633580024,720575940621462512,1
720575940633580024,720575940622338269,1
720575940636291429,720575940625926693,1
720575940633580024,720575940634655851,1
720575940633580024,720575940649649785,1
720575940633580024,720575940658674049,1
720575940636291429,720575940605280201,1
720575940636291429,720575940617691170,1
720575940633580024,720575940617691170,1
720575940633551028,720575940621861637,1
720575940633551028,720575940622100774,1
720575940633551028,720575940622701808,1
720575940633551028,720575940623082665,1
720575940633580024,720575940605221065,1
720575940633580024,720575940605280201,1
720575940633580024,720575940612857878,1
720575940633551028,720575940644146724,1
720575940633551028,720575940631198776,1
720575940636291429,720575940628836412,1
720575940612740886,720575940616682838,1
720575940612740886,720575940618910075,1
720575940612740886,720575940620812865,1
720575940605083838,720575940631576903,1
720575940612740886,720575940607511900,1
720575940605083838,720575940642733216,1
720575940605083838,720575940644747828,1
720575940605083838,720575940646582836,1
720575940612740886,720575940638940469,1
720575940612740886,720575940632107335,1
720575940612740886,720575940630318951,1
720575940637726180,720575940620812865,1
720575940637726180,720575940624317419,1
720575940637726180,720575940616312949,1
720575940636291429,720575940631576903,1
720575940637726180,720575940608442633,1
720575940637726180,720575940625931266,1
720575940605083838,720575940625343550,1
720575940637726180,720575940627741799,1
720575940637726180,720575940633515490,1
720575940637726180,720575940648330105,1
720575940624647299,720575940624661031,1
720575940627920071,720575940608442633,1
720575940624859032,720575940633832628,1
720575940627920071,720575940624317419,1
720575940627920071,720575940622950605,1
720575940623914679,720575940634652523,1
720575940623914679,720575940632107335,1
720575940623914679,720575940628743362,1
720575940624859032,720575940617691170,1
720575940624859032,720575940617242841,1
720575940624859032,720575940605113376,1
720575940627920071,720575940626455326,1
720575940620176237,720575940646582836,1
720575940620816961,720575940608186498,1
720575940620816961,720575940610523746,1
720575940620176237,720575940631443304,1
720575940620176237,720575940631758393,1
720575940627920071,720575940633515490,1
720575940627920071,720575940630166267,1
720575940627920071,720575940635779959,1
720575940631143383,720575940621900321,1
720575940627920071,720575940649649785,1
720575940623756215,720575940618943389,1
720575940623756215,720575940631758393,1
720575940623756215,720575940635789431,1
720575940623756215,720575940632107335,1
720575940623756215,720575940630996684,1
720575940623756215,720575940612643954,1
720575940620413355,720575940626878460,1
720575940620413355,720575940644146724,1
720575940620413355,720575940641509595,1
720575940620413355,720575940638163940,1
720575940623914679,720575940621082996,1
720575940623914679,720575940620488513,1
720575940623756215,720575940640747864,1
720575940623888461,720575940654661281,1
720575940620176237,720575940623398524,1
720575940616189509,720575940627194501,1
720575940616189509,720575940617691170,1
720575940616189509,720575940617242841,1
720575940616189509,720575940621216982,1
720575940616189509,720575940622338269,1
720575940616189509,720575940646582836,1
720575940616189509,720575940654661281,1
720575940617672139,720575940613647007,1
720575940616189509,720575940608071435,1
720575940615816754,720575940608071435,1
720575940615816754,720575940612623474,1
720575940615481489,720575940631198776,1
720575940615816754,720575940630076887,1
720575940615816754,720575940630498811,1
720575940615816754,720575940628708139,1
720575940615816754,720575940654661281,1
720575940615816754,720575940658674049,1
720575940615816754,720575940621462512,1
720575940615816754,720575940622338269,1
720575940615816754,720575940623398524,1
720575940628404188,720575940607511900,1
720575940628404188,720575940607287561,1
720575940628306075,720575940634655851,1
720575940628404188,720575940621900321,1
720575940628404188,720575940621082996,1
720575940628404188,720575940620812865,1
720575940628404188,720575940619506993,1
720575940628404188,720575940616312949,1
720575940620176237,720575940610430254,1
720575940620176237,720575940617691170,1
720575940628306075,720575940627644584,1
720575940628306075,720575940619823536,1
720575940628651792,720575940616682838,1
720575940628651792,720575940628743362,1
720575940628651792,720575940626455326,1
720575940628651792,720575940623082665,1
720575940628651792,720575940607511900,1
720575940628404188,720575940628743362,1
720575940628404188,720575940625931266,1
720575940628404188,720575940624406986,1
720575940628404188,720575940624317419,1
720575940628404188,720575940636461710,1
720575940628404188,720575940646288419,1
720575940628404188,720575940635779959,1
720575940628404188,720575940633515490,1
720575940620413355,720575940624661031,1
720575940620816961,720575940630868271,1
720575940620816961,720575940634652523,1
720575940620816961,720575940635789431,1
720575940620816961,720575940623082665,1
720575940620816961,720575940637928164,1
720575940620816961,720575940638163940,1
720575940621230430,720575940621216982,1
720575940620816961,720575940640747864,1
720575940621230430,720575940608071435,1
720575940620816961,720575940618943389,1
720575940618148406,720575940617145561,1
720575940618148406,720575940620341931,1
720575940618148406,720575940622495092,1
720575940618148406,720575940621085622,1
720575940617937437,720575940612755618,1
720575940617937437,720575940612623474,1
720575940617937437,720575940605113376,1
720575940617937437,720575940619823536,1
720575940618148406,720575940637391582,1
720575940622673703,720575940624859725,1
720575940622673703,720575940626878460,1
720575940622673703,720575940629579836,1
720575940622673703,720575940631017258,1
720575940622673703,720575940623082665,1
720575940622673703,720575940631198776,1
720575940622673703,720575940637928164,1
720575940622673703,720575940639358579,1
720575940622673703,720575940650745977,1
720575940622673703,720575940614293485,1
720575940621554815,720575940617242841,1
720575940621554815,720575940620938150,1
720575940621554815,720575940622950605,1
720575940621230430,720575940631576903,1
720575940621230430,720575940631758393,1
720575940621230430,720575940644747828,1
720575940621230430,720575940647165828,1
720575940621554815,720575940622944403,1
720575940621554815,720575940633541857,1
720575940621554815,720575940627194501,1
720575940621554815,720575940630777631,1
720575940621554815,720575940630794703,1
720575940618148406,720575940644747828,1
720575940620036385,720575940613338152,1
720575940620036385,720575940621861637,1
720575940620036385,720575940608186498,1
720575940619781620,720575940628996455,1
720575940619781620,720575940626071482,1
720575940619781620,720575940629579836,1
720575940619781620,720575940641509595,1
720575940619781620,720575940635356316,1
720575940619781620,720575940631198776,1
720575940620272832,720575940631758393,1
720575940620272832,720575940628836412,1
720575940620413355,720575940621861637,1
720575940620413355,720575940620576238,1
720575940620272832,720575940610430254,1
720575940620272832,720575940608071435,1
720575940620272832,720575940605221065,1
720575940620036385,720575940650745977,1
720575940618203783,720575940630868271,1
720575940618203783,720575940634953079,1
720575940618203783,720575940631198776,1
720575940618203783,720575940614293485,1
720575940618148406,720575940649675897,1
720575940618203783,720575940620423533,1
720575940618203783,720575940617691170,1
720575940618203783,720575940638163940,1
720575940618299712,720575940639077283,1
720575940618299712,720575940633515490,1
720575940618299712,720575940631576903,1
720575940618299712,720575940630446329,1
720575940619781620,720575940621861637,1
720575940619781620,720575940621284446,1
720575940618299712,720575940619917248,1
720575940618299712,720575940615682246,1
720575940618299712,720575940623082665,1
720575940618299712,720575940622944403,1
720575940646682932,720575940637928164,1
720575940608806776,720575940613338152,1
720575940646682932,720575940644146724,1
720575940608806776,720575940626878460,1
720575940637804260,720575940623398524,1
720575940632964269,720575940635789431,1
720575940632964269,720575940640747864,1
720575940632964269,720575940641509595,1
720575940646682932,720575940606196098,1
720575940646682932,720575940620576238,1
720575940646682932,720575940622100774,1
720575940646682932,720575940619676224,1
720575940646682932,720575940614629799,1
720575940646682932,720575940617691170,1
720575940610691507,720575940610523746,1
720575940610691507,720575940614293485,1
720575940610691507,720575940617691170,1
720575940609634571,720575940631017258,1
720575940609634571,720575940637109214,1
720575940609634571,720575940638163940,1
720575940609634571,720575940650745977,1
720575940610691507,720575940621861637,1
720575940610691507,720575940634652523,1
720575940610691507,720575940634953079,1
720575940610691507,720575940637109214,1
720575940610691507,720575940639358579,1
720575940610691507,720575940640747864,1
720575940610691507,720575940641509595,1
720575940610691507,720575940653360289,1
720575940610691507,720575940631198776,1
720575940610691507,720575940630868271,1
720575940609208530,720575940646288419,1
720575940609208530,720575940630166267,1
720575940609208530,720575940620922790,1
720575940609208530,720575940624317419,1
720575940609208530,720575940625931266,1
720575940609208530,720575940627741799,1
720575940609634571,720575940621861637,1
720575940609634571,720575940626878460,1
720575940609634571,720575940621284446,1
720575940609634571,720575940617691170,1
720575940609634571,720575940620423533,1
720575940632964269,720575940635356316,1
720575940632964269,720575940634953079,1
720575940627307855,720575940637109214,1
720575940628297627,720575940621284446,1
720575940628297627,720575940606196098,1
720575940627307855,720575940650745977,1
720575940627307855,720575940626878460,1
720575940627307855,720575940613338152,1
720575940627307855,720575940610523746,1
720575940627307855,720575940620423533,1
720575940627307855,720575940624859725,1
720575940628297627,720575940620576238,1
720575940629300043,720575940619823536,1
720575940629300043,720575940617691170,1
720575940629300043,720575940610430254,1
720575940629300043,720575940627110931,1
720575940628297627,720575940624859725,1
720575940628297627,720575940634953079,1
720575940628297627,720575940631017258,1
720575940627307855,720575940606196098,1
720575940632964269,720575940613338152,1
720575940632676409,720575940621462512,1
720575940632964269,720575940631198776,1
720575940632964269,720575940621284446,1
720575940626896643,720575940622944403,1
720575940626896643,720575940623082665,1
720575940626896643,720575940638940469,1
720575940626896643,720575940632107335,1
720575940626896643,720575940626135122,1
720575940626896643,720575940630446329,1
720575940626782507,720575940621085622,1
720575940626782507,720575940619402576,1
720575940626782507,720575940617691170,1
720575940626782507,720575940616643924,1
720575940626782507,720575940647165828,1
720575940625002526,720575940636659886,1
720575940626782507,720575940633142498,1
720575940621175472,720575940635789431,1
720575940621987255,720575940605280201,1
720575940621175472,720575940626455326,1
720575940621987255,720575940631758393,1
720575940621987255,720575940630498811,1
720575940621987255,720575940634655851,1
720575940622669508,720575940605221065,1
720575940621056577,720575940620341931,1
720575940621913897,720575940635779959,1
720575940621913897,720575940634652523,1
720575940621175472,720575940616312949,1
720575940621175472,720575940621082996,1
720575940621056577,720575940635779959,1
720575940621175472,720575940608442633,1
720575940622894349,720575940617242841,1
720575940622894349,720575940617691170,1
720575940622894349,720575940619402576,1
720575940622844003,720575940644747828,1
720575940622844003,720575940647165828,1
720575940622894349,720575940610430254,1
720575940622894349,720575940632344290,1
720575940622894349,720575940636309093,1
720575940622894349,720575940639358579,1
720575940622894349,720575940627644584,1
720575940622894349,720575940628836412,1
720575940622844003,720575940634475119,1
720575940622669508,720575940630536441,1
720575940622669508,720575940634640023,1
720575940622669508,720575940634655851,1
720575940622669508,720575940612755618,1
720575940622669508,720575940617691170,1
720575940622669508,720575940636309093,1
720575940622844003,720575940622338269,1
720575940622844003,720575940623398524,1
720575940622844003,720575940625926693,1
720575940622844003,720575940627194501,1
720575940622844003,720575940627644584,1
720575940622844003,720575940628836412,1
720575940622844003,720575940631758393,1
720575940622844003,720575940612857878,1
720575940622844003,720575940617691170,1
720575940622844003,720575940619402576,1
720575940618182981,720575940634655851,1
720575940618182981,720575940631576903,1
720575940618182981,720575940631758393,1
720575940618182981,720575940621085622,1
720575940618182981,720575940621216982,1
720575940625002526,720575940630446329,1
720575940624195559,720575940637109214,1
720575940624195559,720575940631758393,1
720575940625002526,720575940626135122,1
720575940613383633,720575940634655851,1
720575940617756450,720575940610430254,1
720575940613383633,720575940622338269,1
720575940613383633,720575940628836412,1
720575940617756450,720575940617691170,1
720575940618182981,720575940606909826,1
720575940617756450,720575940619402576,1
720575940617756450,720575940631758393,1
720575940617756450,720575940622338269,1
720575940617756450,720575940627644584,1
720575940622928397,720575940619823536,1
720575940622928397,720575940617242841,1
720575940622928397,720575940610430254,1
720575940623244180,720575940608442633,1
720575940623244180,720575940607511900,1
720575940623244180,720575940607287561,1
720575940622928397,720575940637390302,1
720575940622928397,720575940630650063,1
720575940622926472,720575940637391582,1
720575940622926472,720575940634640023,1
720575940622926472,720575940617691170,1
720575940622926472,720575940633142498,1
720575940622926472,720575940608071435,1
720575940622926472,720575940604861356,1
720575940622926472,720575940631758393,1
720575940624195559,720575940612643954,1
720575940624195559,720575940620812865,1
720575940624195559,720575940618910075,1
720575940623244180,720575940641509595,1
720575940623244180,720575940621082996,1
720575940623244180,720575940635779959,1
720575940623244180,720575940631758393,1
720575940623244180,720575940630318951,1
720575940623244180,720575940630166267,1
720575940614887830,720575940627390507,1
720575940614887830,720575940627194501,1
720575940614887830,720575940631758393,1
720575940615931293,720575940611918578,1
720575940615931293,720575940610430254,1
720575940614887830,720575940654661281,1
720575940614887830,720575940649649785,1
720575940613353538,720575940650745977,1
720575940613353538,720575940638163940,1
720575940614887830,720575940617242841,1
720575940614887830,720575940621462512,1
720575940614887830,720575940610430254,1
720575940614887830,720575940605280201,1
720575940615931293,720575940621216982,1
720575940616878238,720575940624859725,1
720575940616878238,720575940623082665,1
720575940616878238,720575940638163940,1
720575940616878238,720575940634652523,1
720575940615931293,720575940631576903,1
720575940615931293,720575940631443304,1
720575940616878238,720575940610523746,1
720575940615931293,720575940622495092,1
720575940615931293,720575940633832628,1
720575940615931293,720575940639358579,1
720575940615931293,720575940634655851,1
720575940632676409,720575940612755618,1
720575940610137050,720575940618943389,1
720575940610137050,720575940617691170,1
720575940610137050,720575940621284446,1
720575940610137050,720575940620576238,1
720575940631975379,720575940635356316,1
720575940631975379,720575940639358579,1
720575940631975379,720575940640747864,1
720575940609684946,720575940624859725,1
720575940609684946,720575940623082665,1
720575940609684946,720575940638163940,1
720575940609684946,720575940635356316,1
720575940613353538,720575940620576238,1
720575940613353538,720575940610523746,1
720575940613353538,720575940626071482,1
720575940613353538,720575940625926693,1
720575940613353538,720575940624661031,1
720575940613353538,720575940623082665,1
720575940613353538,720575940622100774,1
720575940613353538,720575940621861637,1
720575940610137050,720575940639358579,1
720575940610137050,720575940638163940,1
720575940627849463,720575940635789431,1
720575940627849463,720575940639358579,1
720575940627849463,720575940635356316,1
720575940627849463,720575940650745977,1
720575940628414567,720575940626555800,1
720575940628414567,720575940631758393,1
720575940628414567,720575940617242841,1
720575940627220327,720575940617691170,1
720575940627220327,720575940608071435,1
720575940627220327,720575940610430254,1
720575940626820395,720575940647165828,1
720575940626820395,720575940627644584,1
720575940626820395,720575940633142498,1
720575940627849463,720575940621284446,1
720575940621913897,720575940621082996,1
720575940621913897,720575940616312949,1
720575940618691742,720575940646288419,1
720575940621913897,720575940630996684,1
720575940621913897,720575940625931266,1
720575940621913897,720575940624317419,1
720575940618691742,720575940623979593,1
720575940618691742,720575940620922790,1
720575940618691742,720575940626135122,1
720575940618691742,720575940639077283,1
720575940618691742,720575940633541857,1
720575940618691742,720575940632344290,1
720575940618691742,720575940631844492,1
720575940621913897,720575940632107335,1
720575940631975379,720575940606196098,1
720575940629644666,720575940605113376,1
720575940629644666,720575940619402576,1
720575940629644666,720575940627110931,1
720575940629644666,720575940622495092,1
720575940631975379,720575940625926693,1
720575940631975379,720575940624859725,1
720575940631975379,720575940620423533,1
720575940631975379,720575940620576238,1
720575940631975379,720575940622701808,1
720575940630411259,720575940631758393,1
720575940631336930,720575940622338269,1
720575940631336930,720575940612857878,1
720575940630411259,720575940621082996,1
720575940630411259,720575940620812865,1
720575940630411259,720575940619917248,1
720575940630411259,720575940616312949,1
720575940630411259,720575940630166267,1
720575940630411259,720575940626878460,1
720575940630411259,720575940624317419,1
720575940631406547,720575940622338269,1
720575940631406547,720575940631576903,1
720575940631406547,720575940644747828,1
720575940631406547,720575940642733216,1
720575940631336930,720575940627644584,1
720575940631336930,720575940627390507,1
720575940631406547,720575940620341931,1
720575940631406547,720575940619823536,1
720575940631406547,720575940617691170,1
720575940630411259,720575940608442633,1
720575940629624702,720575940617691170,1
720575940629624702,720575940620341931,1
720575940629624702,720575940605113376,1
720575940629318394,720575940642733216,1
720575940629624702,720575940627110931,1
720575940629624702,720575940622495092,1
720575940629318394,720575940617691170,1
720575940629318394,720575940628836412,1
720575940629318394,720575940628708139,1
720575940629318394,720575940622338269,1
720575940629318394,720575940621216982,1
720575940629638211,720575940628996455,1
720575940630411259,720575940607287561,1
720575940629638211,720575940637109214,1
720575940629638211,720575940621861637,1
720575940629624702,720575940637390302,1
720575940629624702,720575940634655851,1
720575940629624702,720575940631758393,1
720575940629624702,720575940630691159,1
720575940629638211,720575940620576238,1
720575940629638211,720575940620423533,1
720575940653339041,720575940627194501,1
720575940653339041,720575940623398524,1
720575940653339041,720575940644747828,1
720575940659314817,720575940610523746,1
720575940653339041,720575940642733216,1
720575940653339041,720575940639684696,1
720575940653339041,720575940634655851,1
720575940653339041,720575940617691170,1
720575940636430437,720575940630076887,1
720575940636430437,720575940627194501,1
720575940636430437,720575940630691159,1
720575940653339041,720575940612857878,1
720575940659314817,720575940639358579,1
720575940609684946,720575940620576238,1
720575940609684946,720575940620423533,1
720575940659314817,720575940631017258,1
720575940659314817,720575940625926693,1
720575940631678689,720575940644146724,1
720575940631678689,720575940639358579,1
720575940631678689,720575940637109214,1
720575940631678689,720575940634953079,1
720575940632115247,720575940617903643,1
720575940631678689,720575940620390822,1
720575940631678689,720575940629579836,1
720575940631678689,720575940624859725,1
720575940632115247,720575940623398524,1
720575940636430437,720575940617691170,1
720575940632495052,720575940631758393,1
720575940632495052,720575940630794703,1
720575940632495052,720575940630498811,1
720575940632495052,720575940622338269,1
720575940636430437,720575940610430254,1
720575940632495052,720575940636309093,1
720575940632115247,720575940633832628,1
720575940632115247,720575940631758393,1
720575940632115247,720575940627644584,1
720575940632115247,720575940625343550,1
720575940632495052,720575940617145561,1
720575940632115247,720575940644747828,1
720575940632115247,720575940643950190,1
720575940622894349,720575940644747828,1
720575940620813478,720575940631844492,1
720575940620813478,720575940646288419,1
720575940620813478,720575940648330105,1
720575940620813478,720575940649649785,1
720575940620813478,720575940630446329,1
720575940620813478,720575940630166267,1
720575940620813478,720575940622944403,1
720575940630351903,720575940644747828,1
720575940630351903,720575940631758393,1
720575940630351903,720575940630498811,1
720575940634235744,720575940623398524,1
720575940634235744,720575940622338269,1
720575940634235744,720575940617145561,1
720575940634235744,720575940634475119,1
720575940620578269,720575940620423533,1
720575940634939034,720575940606196098,1
720575940634235744,720575940649649785,1
720575940634235744,720575940646582836,1
720575940620578269,720575940638163940,1
720575940620578269,720575940650745977,1
720575940620813478,720575940607511900,1
720575940620578269,720575940625615248,1
720575940618849841,720575940627390507,1
720575940618849841,720575940631576903,1
720575940618849841,720575940633142498,1
720575940618849841,720575940617691170,1
720575940618849841,720575940620341931,1
720575940618849841,720575940623398524,1
720575940621538431,720575940630446329,1
720575940621538431,720575940630498811,1
720575940621538431,720575940632107335,1
720575940621538431,720575940637390302,1
720575940618849841,720575940649649785,1
720575940618849841,720575940654661281,1
720575940621538431,720575940615682246,1
720575940621538431,720575940619917248,1
720575940621538431,720575940622944403,1
720575940630269660,720575940641509595,1
720575940630269660,720575940653360289,1
720575940630269660,720575940650745977,1
720575940630351903,720575940617242841,1
720575940630269660,720575940638163940,1
720575940630269660,720575940637928164,1
720575940630269660,720575940635356316,1
720575940630269660,720575940634652523,1
720575940630351903,720575940617691170,1
720575940630351903,720575940622495092,1
720575940630351903,720575940621085622,1
720575940630351903,720575940620341931,1
720575940630269660,720575940631198776,1
720575940630269660,720575940622701808,1
720575940630269660,720575940621284446,1
720575940634939034,720575940617691170,1
720575940644592494,720575940620341931,1
720575940644592494,720575940608071435,1
720575940644592494,720575940630536441,1
720575940644592494,720575940642733216,1
720575940644592494,720575940631222841,1
720575940644592494,720575940631758393,1
720575940639090997,720575940621216982,1
720575940639090997,720575940643950190,1
720575940639090997,720575940617691170,1
720575940639090997,720575940633142498,1
720575940608662574,720575940608186498,1
720575940608145877,720575940650745977,1
720575940608145877,720575940639358579,1
720575940608662574,720575940624859725,1
720575940608662574,720575940623082665,1
720575940608145877,720575940638163940,1
720575940608145877,720575940623082665,1
720575940608145877,720575940622701808,1
720575940608145877,720575940624859725,1
720575940608145877,720575940631198776,1
720575940608145877,720575940626878460,1
720575940635452408,720575940612755618,1
720575940635452408,720575940605221065,1
720575940634939034,720575940650745977,1
720575940634939034,720575940644146724,1
720575940634939034,720575940640747864,1
720575940635452408,720575940627644584,1
720575940635452408,720575940627110931,1
720575940634939034,720575940637928164,1
720575940634939034,720575940625615248,1
720575940634939034,720575940623082665,1
720575940634939034,720575940635356316,1
720575940634939034,720575940620576238,1
720575940634939034,720575940625926693,1
720575940634939034,720575940629579836,1
720575940637869028,720575940626071482,1
720575940637869028,720575940625615248,1
720575940639090997,720575940606909826,1
720575940637869028,720575940634953079,1
720575940635452408,720575940649649785,1
720575940635452408,720575940639684696,1
720575940637869028,720575940620423533,1
720575940637869028,720575940617691170,1
720575940628012332,720575940626878460,1
720575940628012332,720575940653360289,1
720575940628012332,720575940635356316,1
720575940628012332,720575940631198776,1
720575940628012332,720575940631017258,1
720575940628012332,720575940621284446,1
720575940628012332,720575940613338152,1
720575940626702232,720575940644747828,1
720575940626702232,720575940643950190,1
720575940628012332,720575940620390822,1
720575940629036997,720575940623979593,1
720575940629036997,720575940630446329,1
720575940629036997,720575940636659886,1
720575940629036997,720575940633541857,1
720575940629036997,720575940632107335,1
720575940628071409,720575940622950605,1
720575940628071409,720575940622944403,1
720575940628071409,720575940620922790,1
720575940628071409,720575940617242841,1
720575940628071409,720575940615682246,1
720575940628071409,720575940625926693,1
720575940628071409,720575940626135122,1
720575940625506704,720575940632107335,1
720575940625506704,720575940625931266,1
720575940625506704,720575940635779959,1
720575940625939801,720575940610523746,1
720575940625939801,720575940606196098,1
720575940625506704,720575940616682838,1
720575940625506704,720575940608442633,1
720575940625506704,720575940607511900,1
720575940625506704,720575940623082665,1
720575940625506704,720575940620922790,1
720575940626702232,720575940631758393,1
720575940626702232,720575940617691170,1
720575940626702232,720575940617145561,1
720575940626702232,720575940612755618,1
720575940625939801,720575940653360289,1
720575940625939801,720575940650745977,1
720575940626702232,720575940630794703,1
720575940626702232,720575940630691159,1
720575940626702232,720575940630536441,1
720575940626702232,720575940630498811,1
720575940626702232,720575940622338269,1
720575940625939801,720575940637109214,1
720575940625939801,720575940635356316,1
720575940625939801,720575940620576238,1
720575940625939801,720575940622701808,1
720575940625939801,720575940622100774,1
720575940625939801,720575940634953079,1
720575940625939801,720575940620423533,1
720575940625939801,720575940631198776,1
720575940625939801,720575940630868271,1
720575940625939801,720575940629579836,1
720575940625939801,720575940626071482,1
720575940624032264,720575940608071435,1
720575940624032264,720575940605280201,1
720575940623015694,720575940629579836,1
720575940623015694,720575940631017258,1
720575940623015694,720575940639358579,1
720575940624149256,720575940608442633,1
720575940624032264,720575940637391582,1
720575940624032264,720575940630076887,1
720575940624032264,720575940631222841,1
720575940624032264,720575940631576903,1
720575940624032264,720575940631758393,1
720575940624149256,720575940616312949,1
720575940622163197,720575940627644584,1
720575940622163197,720575940630650063,1
720575940622163197,720575940631758393,1
720575940622163197,720575940612623474,1
720575940622163197,720575940617691170,1
720575940622163197,720575940621085622,1
720575940622163197,720575940633832628,1
720575940623015694,720575940621861637,1
720575940623015694,720575940626071482,1
720575940622163197,720575940637391582,1
720575940622163197,720575940643950190,1
720575940624149256,720575940616682838,1
720575940629294636,720575940633142498,1
720575940629294636,720575940630650063,1
720575940629294636,720575940630498811,1
720575940629294636,720575940627644584,1
720575940629294636,720575940643950190,1
720575940629294636,720575940619823536,1
720575940629294636,720575940621462512,1
720575940624149256,720575940636461710,1
720575940624149256,720575940636659886,1
720575940624149256,720575940648330105,1
720575940624830503,720575940605280201,1
720575940624149256,720575940631443304,1
720575940624149256,720575940618910075,1
720575940624149256,720575940620488513,1
720575940624149256,720575940622950605,1
720575940624149256,720575940623082665,1
720575940624149256,720575940623979593,1
720575940624149256,720575940625931266,1
720575940624149256,720575940628743362,1
720575940624830503,720575940620341931,1
720575940608662574,720575940625926693,1
720575940631782712,720575940628708139,1
720575940631782712,720575940630691159,1
720575940631782712,720575940631844492,1
720575940631782712,720575940620922790,1
720575940635309304,720575940622495092,1
720575940635309304,720575940620497217,1
720575940635309304,720575940617691170,1
720575940635309304,720575940617242841,1
720575940631782712,720575940639077283,1
720575940631782712,720575940646288419,1
720575940635309304,720575940608071435,1
720575940630443791,720575940640747864,1
720575940630443791,720575940613338152,1
720575940630180935,720575940619301185,1
720575940630180935,720575940622950605,1
720575940630180935,720575940628743362,1
720575940630180935,720575940630166267,1
720575940630443791,720575940638163940,1
720575940630443791,720575940621861637,1
720575940630443791,720575940622100774,1
720575940635309304,720575940631758393,1
720575940640758157,720575940619676224,1
720575940639688611,720575940653360289,1
720575940640758157,720575940608186498,1
720575940640758157,720575940610523746,1
720575940640758157,720575940626878460,1
720575940640758157,720575940650745977,1
720575940640758157,720575940640747864,1
720575940640758157,720575940630868271,1
720575940640758157,720575940635356316,1
720575940640758157,720575940637928164,1
720575940636839280,720575940630076887,1
720575940636839280,720575940627644584,1
720575940636839280,720575940630691159,1
720575940636839280,720575940617691170,1
720575940636839280,720575940605113376,1
720575940635309304,720575940647165828,1
720575940635309304,720575940658674049,1
720575940636839280,720575940610430254,1
720575940636839280,720575940611918578,1
720575940639688611,720575940626878460,1
720575940639688611,720575940629579836,1
720575940639688611,720575940630868271,1
720575940639688611,720575940635356316,1
720575940639688611,720575940635789431,1
720575940639688611,720575940613338152,1
720575940639688611,720575940620423533,1
720575940639688611,720575940621284446,1
720575940627045636,720575940612857878,1
720575940627045636,720575940620341931,1
720575940628788496,720575940618910075,1
720575940628788496,720575940622944403,1
720575940627045636,720575940630794703,1
720575940628788496,720575940623979593,1
720575940627045636,720575940631443304,1
720575940627045636,720575940631576903,1
720575940627045636,720575940635779959,1
720575940627045636,720575940637391582,1
720575940627045636,720575940639358579,1
720575940627045636,720575940649649785,1
720575940626321482,720575940633142498,1
720575940626657808,720575940635356316,1
720575940626657808,720575940630868271,1
720575940626657808,720575940631017258,1
720575940626657808,720575940641509595,1
720575940626657808,720575940653360289,1
720575940627045636,720575940604861356,1
720575940630063415,720575940608071435,1
720575940630063415,720575940611918578,1
720575940630063415,720575940612623474,1
720575940630063415,720575940616643924,1
720575940629507450,720575940627194501,1
720575940629507450,720575940627390507,1
720575940629507450,720575940627644584,1
720575940630063415,720575940617242841,1
720575940630063415,720575940635779959,1
720575940630180935,720575940607287561,1
720575940630180935,720575940607511900,1
720575940630063415,720575940621085622,1
720575940630063415,720575940627194501,1
720575940630063415,720575940627644584,1
720575940629328591,720575940616312949,1
720575940629328591,720575940619506993,1
720575940629328591,720575940622950605,1
720575940629328591,720575940623082665,1
720575940629328591,720575940623979593,1
720575940628788496,720575940631758393,1
720575940628788496,720575940631844492,1
720575940628788496,720575940633541857,1
720575940628788496,720575940640747864,1
720575940629328591,720575940627741799,1
720575940629507450,720575940605221065,1
720575940629507450,720575940612857878,1
720575940629507450,720575940617691170,1
720575940629507450,720575940619823536,1
720575940629328591,720575940649649785,1
720575940629328591,720575940630794703,1
720575940629328591,720575940632107335,1
720575940629328591,720575940637390302,1
720575940646606724,720575940617691170,1
720575940617390036,720575940647165828,1
720575940617989076,720575940619823536,1
720575940617390036,720575940643950190,1
720575940617989076,720575940621216982,1
720575940618470383,720575940607511900,1
720575940617989076,720575940627390507,1
720575940617390036,720575940612623474,1
720575940617390036,720575940611918578,1
720575940617390036,720575940619402576,1
720575940617390036,720575940619823536,1
720575940617390036,720575940627194501,1
720575940618470383,720575940615682246,1
720575940618470383,720575940616682838,1
720575940619978266,720575940617242841,1
720575940619978266,720575940627390507,1
720575940619978266,720575940627644584,1
720575940619026241,720575940632107335,1
720575940619026241,720575940630446329,1
720575940619026241,720575940632344290,1
720575940619978266,720575940605280201,1
720575940619978266,720575940631443304,1
720575940620578269,720575940614293485,1
720575940618470383,720575940619301185,1
720575940620578269,720575940613338152,1
720575940619978266,720575940636309093,1
720575940619978266,720575940642733216,1
720575940619978266,720575940643950190,1
720575940611001061,720575940631758393,1
720575940611001061,720575940631222841,1
720575940611001061,720575940630498811,1
720575940611001061,720575940627390507,1
720575940611001061,720575940642603464,1
720575940614490018,720575940619301185,1
720575940611001061,720575940644747828,1
720575940614490018,720575940612643954,1
720575940608662574,720575940634953079,1
720575940608662574,720575940631198776,1
720575940608662574,720575940638163940,1
720575940611001061,720575940622338269,1
720575940611001061,720575940610430254,1
720575940615571601,720575940628743362,1
720575940615571601,720575940630166267,1
720575940615571601,720575940628609127,1
720575940615571601,720575940626455326,1
720575940617390036,720575940608071435,1
720575940617390036,720575940605280201,1
720575940617390036,720575940604861356,1
720575940615571601,720575940639358579,1
720575940615571601,720575940624406986,1
720575940614490018,720575940638940469,1
720575940615571601,720575940608442633,1
720575940614490018,720575940643542688,1
720575940614490018,720575940630996684,1
720575940615571601,720575940623082665,1
720575940615571601,720575940616312949,1
720575940659765121,720575940639358579,1
720575940659765121,720575940644146724,1
720575940605551718,720575940617691170,1
720575940659765121,720575940617691170,1
720575940659765121,720575940624859725,1
720575940659765121,720575940629579836,1
720575940605551718,720575940644747828,1
720575940605551718,720575940654661281,1
720575940606621362,720575940610430254,1
720575940606621362,720575940616643924,1
720575940606621362,720575940617145561,1
720575940605551718,720575940622338269,1
720575940618470383,720575940632107335,1
720575940618470383,720575940630318951,1
720575940646606724,720575940623082665,1
720575940626510211,720575940621861637,1
720575940646606724,720575940639358579,1
720575940659765121,720575940614293485,1
720575940618470383,720575940626071482,1
720575940618470383,720575940625931266,1
720575940616588683,720575940618943389,1
720575940616588683,720575940620576238,1
720575940616588683,720575940613338152,1
720575940616588683,720575940625615248,1
720575940619026241,720575940620922790,1
720575940619026241,720575940621900321,1
720575940616588683,720575940626878460,1
720575940606621362,720575940633832628,1
720575940606621362,720575940637390302,1
720575940606621362,720575940631758393,1
720575940615768693,720575940612643954,1
720575940606621362,720575940622338269,1
720575940606621362,720575940628836412,1
720575940615768693,720575940616312949,1
720575940615768693,720575940632107335,1
720575940615768693,720575940620812865,1
720575940615768693,720575940621082996,1
720575940615768693,720575940622701808,1
720575940614606738,720575940621085622,1
720575940614890902,720575940618910075,1
720575940614890902,720575940620488513,1
720575940614890902,720575940621900321,1
720575940614890902,720575940623082665,1
720575940614606738,720575940627644584,1
720575940614606738,720575940646582836,1
720575940614890902,720575940608442633,1
720575940614306814,720575940632107335,1
720575940614115515,720575940638163940,1
720575940614115515,720575940639358579,1
720575940614115515,720575940640747864,1
720575940614115515,720575940650745977,1
720575940614306814,720575940608442633,1
720575940611960872,720575940620497217,1
720575940611696042,720575940649649785,1
720575940614306814,720575940627741799,1
720575940614306814,720575940626455326,1
720575940614306814,720575940624406986,1
720575940614306814,720575940616312949,1
720575940614306814,720575940616682838,1
720575940614306814,720575940621082996,1
720575940620434671,720575940626071482,1
720575940619842580,720575940648330105,1
720575940620434671,720575940613338152,1
720575940622944461,720575940610430254,1
720575940622944461,720575940611918578,1
720575940622944461,720575940612623474,1
720575940620434671,720575940638163940,1
720575940620434671,720575940629579836,1
720575940620434671,720575940634652523,1
720575940620434671,720575940634953079,1
720575940620434671,720575940635356316,1
720575940614890902,720575940624317419,1
720575940615544249,720575940605221065,1
720575940615544249,720575940617145561,1
720575940615544249,720575940617691170,1
720575940615544249,720575940619402576,1
720575940614890902,720575940625931266,1
720575940614890902,720575940632107335,1
720575940614890902,720575940633515490,1
720575940615544249,720575940637390302,1
720575940615544249,720575940649649785,1
720575940619842580,720575940633515490,1
720575940619842580,720575940634652523,1
720575940619842580,720575940635779959,1
720575940615544249,720575940621462512,1
720575940615544249,720575940623398524,1
720575940615544249,720575940627110931,1
720575940615544249,720575940631222841,1
720575940615544249,720575940631758393,1
720575940611960872,720575940620938150,1
720575940604962918,720575940642733216,1
720575940604962918,720575940622701808,1
720575940612647282,720575940628836412,1
720575940612647282,720575940634640023,1
720575940612647282,720575940637390302,1
720575940612647282,720575940623398524,1
720575940620039956,720575940630777631,1
720575940620039956,720575940628708139,1
720575940620039956,720575940632344290,1
720575940620039956,720575940623082665,1
720575940620039956,720575940621900321,1
720575940620039956,720575940631758393,1
720575940621225910,720575940613338152,1
720575940620039956,720575940635779959,1
720575940620039956,720575940654661281,1
720575940620039956,720575940643542688,1
720575940620039956,720575940639077283,1
720575940620039956,720575940636659886,1
720575940638531637,720575940640747864,1
720575940620039956,720575940620812865,1
720575940604962918,720575940608186498,1
720575940638531637,720575940637928164,1
720575940620039956,720575940608442633,1
720575940620039956,720575940619917248,1
720575940620039956,720575940619506993,1
720575940620039956,720575940618910075,1
720575940620039956,720575940612643954,1
720575940612590754,720575940631758393,1
720575940612590754,720575940630498811,1
720575940612590754,720575940627110931,1
720575940613929670,720575940619917248,1
720575940613929670,720575940619506993,1
720575940613929670,720575940618910075,1
720575940612590754,720575940654661281,1
720575940612590754,720575940644747828,1
720575940612590754,720575940617691170,1
720575940611960872,720575940628708139,1
720575940611960872,720575940623979593,1
720575940611960872,720575940630777631,1
720575940612590754,720575940605113376,1
720575940611960872,720575940649649785,1
720575940611960872,720575940636659886,1
720575940614115515,720575940624859725,1
720575940614115515,720575940608186498,1
720575940614115515,720575940613338152,1
720575940614115515,720575940617691170,1
720575940614115515,720575940618943389,1
720575940613929670,720575940630318951,1
720575940613929670,720575940628743362,1
720575940614115515,720575940630868271,1
720575940613929670,720575940623979593,1
720575940613929670,720575940623082665,1
720575940613929670,720575940622944403,1
720575940613929670,720575940621900321,1
720575940613929670,720575940631443304,1
720575940614115515,720575940631198776,1
720575940613929670,720575940649649785,1
720575940613929670,720575940648330105,1
720575940613929670,720575940639077283,1
720575940613929670,720575940636461710,1
720575940631035154,720575940632107335,1
720575940631035154,720575940631758393,1
720575940631035154,720575940630996684,1
720575940631035154,720575940630318951,1
720575940631351619,720575940620497217,1
720575940631351619,720575940619917248,1
720575940630413087,720575940650745977,1
720575940630413087,720575940644146724,1
720575940630413087,720575940629579836,1
720575940631035154,720575940607511900,1
720575940631035154,720575940620488513,1
720575940631035154,720575940619301185,1
720575940631351619,720575940622495092,1
720575940631351619,720575940622950605,1
720575940637055797,720575940624406986,1
720575940637055797,720575940619506993,1
720575940637055797,720575940632107335,1
720575940637055797,720575940628743362,1
720575940637055797,720575940616682838,1
720575940631351619,720575940632344290,1
720575940631351619,720575940630794703,1
720575940631351619,720575940628708139,1
720575940631351619,720575940626135122,1
720575940631351619,720575940625931266,1
720575940631351619,720575940637391582,1
720575940631351619,720575940638940469,1
720575940637055797,720575940608442633,1
720575940637055797,720575940607287561,1
720575940631351619,720575940646288419,1
720575940631351619,720575940639077283,1
720575940630219055,720575940636309093,1
720575940626082404,720575940621085622,1
720575940626082404,720575940623398524,1
720575940630219567,720575940617691170,1
720575940630219567,720575940605280201,1
720575940630219567,720575940605221065,1
720575940630219567,720575940605113376,1
720575940626274822,720575940620423533,1
720575940626082404,720575940642733216,1
720575940626082404,720575940658674049,1
720575940630219567,720575940617242841,1
720575940630413087,720575940621284446,1
720575940630413087,720575940620423533,1
720575940630413087,720575940620390822,1
720575940630413087,720575940622701808,1
720575940630413087,720575940624859725,1
720575940630413087,720575940623082665,1
720575940630219567,720575940627644584,1
720575940630219567,720575940626555800,1
720575940630413087,720575940606196098,1
720575940630219567,720575940646582836,1
720575940630219567,720575940642733216,1
720575940630219567,720575940642603464,1
720575940630219567,720575940636309093,1
720575940630219567,720575940631222841,1
720575940630219567,720575940630650063,1
720575940630219567,720575940630498811,1
720575940609066030,720575940633515490,1
720575940609066030,720575940630318951,1
720575940609066030,720575940628743362,1
720575940611696042,720575940620341931,1
720575940611696042,720575940619402576,1
720575940611696042,720575940617691170,1
720575940609066030,720575940608442633,1
720575940609066030,720575940607511900,1
720575940609066030,720575940607287561,1
720575940609066030,720575940619506993,1
720575940609066030,720575940616682838,1
720575940622981646,720575940608071435,1
720575940622981646,720575940617242841,1
720575940622944461,720575940623398524,1
720575940622981646,720575940617691170,1
720575940611696042,720575940631758393,1
720575940626082404,720575940610181496,1
720575940622981646,720575940620341931,1
720575940622981646,720575940623398524,1
720575940608281180,720575940636461710,1
720575940643497632,720575940607287561,1
720575940643769544,720575940620423533,1
720575940643769544,720575940623082665,1
720575940643769544,720575940640747864,1
720575940643769544,720575940638163940,1
720575940643769544,720575940637672425,1
720575940643769544,720575940629579836,1
720575940643769544,720575940624859725,1
720575940643497632,720575940621082996,1
720575940643497632,720575940623082665,1
720575940643497632,720575940632107335,1
720575940643497632,720575940630166267,1
720575940643497632,720575940624317419,1
720575940608281180,720575940634652523,1
720575940608281180,720575940619506993,1
720575940608281180,720575940619301185,1
720575940608281180,720575940616682838,1
720575940608281180,720575940616312949,1
720575940608281180,720575940620488513,1
720575940608281180,720575940607511900,1
720575940608281180,720575940624317419,1
720575940605565886,720575940617691170,1
720575940605565886,720575940610430254,1
720575940605565886,720575940608071435,1
720575940605565886,720575940630397527,1
720575940605565886,720575940628708139,1
720575940605565886,720575940627644584,1
720575940605565886,720575940623398524,1
720575940621567472,720575940623082665,1
720575940621567472,720575940624859725,1
720575940621567472,720575940625615248,1
720575940621567472,720575940620423533,1
720575940621567472,720575940613338152,1
720575940621567472,720575940610523746,1
720575940621763767,720575940627110931,1
720575940621763767,720575940627644584,1
720575940621763767,720575940630794703,1
720575940621763767,720575940631758393,1
720575940621763767,720575940621462512,1
720575940621567472,720575940650745977,1
720575940621763767,720575940605280201,1
720575940621763767,720575940608071435,1
720575940621763767,720575940617145561,1
720575940620465996,720575940630868271,1
720575940620465996,720575940631198776,1
720575940620465996,720575940634652523,1
720575940620465996,720575940640747864,1
720575940625354904,720575940624317419,1
720575940625354904,720575940623082665,1
720575940625354904,720575940616682838,1
720575940620603245,720575940605113376,1
720575940620603245,720575940631443304,1
720575940620603245,720575940634640023,1
720575940620603245,720575940646582836,1
720575940620603245,720575940611918578,1
720575940620603245,720575940623398524,1
720575940624682426,720575940627194501,1
720575940624682426,720575940627644584,1
720575940624682426,720575940631758393,1
720575940625537822,720575940636309093,1
720575940625537822,720575940631576903,1
720575940625537822,720575940654661281,1
720575940625995251,720575940606196098,1
720575940625537822,720575940621085622,1
720575940625537822,720575940627644584,1
720575940624682426,720575940623398524,1
720575940622595827,720575940620576238,1
720575940622595827,720575940623082665,1
720575940622595827,720575940624859725,1
720575940624682426,720575940619823536,1
720575940624682426,720575940620341931,1
720575940622595827,720575940625615248,1
720575940622595827,720575940629579836,1
720575940622595827,720575940630868271,1
720575940622595827,720575940631198776,1
720575940628331625,720575940625931266,1
720575940628331625,720575940623082665,1
720575940628331625,720575940626455326,1
720575940628331625,720575940620812865,1
720575940628331625,720575940619506993,1
720575940628331625,720575940616312949,1
720575940628331625,720575940630166267,1
720575940628331625,720575940627741799,1
720575940628331625,720575940615682246,1
720575940627018383,720575940634640023,1
720575940627018383,720575940627644584,1
720575940627018383,720575940627194501,1
720575940627018383,720575940623398524,1
720575940627018383,720575940619823536,1
720575940627018383,720575940617691170,1
720575940627018383,720575940649649785,1
720575940630251576,720575940654661281,1
720575940630251576,720575940621462512,1
720575940631143383,720575940620922790,1
720575940631143383,720575940619917248,1
720575940631143383,720575940608442633,1
720575940628836345,720575940627644584,1
720575940628836345,720575940630691159,1
720575940630251576,720575940612755618,1
720575940630251576,720575940605221065,1
720575940628836345,720575940658674049,1
720575940628836345,720575940654661281,1
720575940627018383,720575940617145561,1
720575940625741455,720575940620341931,1
720575940625741455,720575940637391582,1
720575940625741455,720575940633142498,1
720575940625741455,720575940617691170,1
720575940625354904,720575940630318951,1
720575940625354904,720575940632107335,1
720575940625354904,720575940648330105,1
720575940626513027,720575940622495092,1
720575940626513027,720575940610430254,1
720575940626513027,720575940608071435,1
720575940627018383,720575940605221065,1
720575940626513027,720575940631443304,1
720575940626513027,720575940635779959,1
720575940626513027,720575940634655851,1
720575940626513027,720575940631758393,1
720575940625937797,720575940626455326,1
720575940625937797,720575940626300444,1
720575940625937797,720575940616312949,1
720575940625937797,720575940627741799,1
720575940625937797,720575940628743362,1
720575940625937797,720575940630318951,1
720575940625937797,720575940630166267,1
720575940633188459,720575940621216982,1
720575940633188459,720575940622495092,1
720575940633188459,720575940612755618,1
720575940633188459,720575940631576903,1
720575940633188459,720575940637391582,1
720575940633188459,720575940642733216,1
720575940633911959,720575940610181496,1
720575940633911959,720575940610430254,1
720575940630671890,720575940627644584,1
720575940630671890,720575940617691170,1
720575940630571980,720575940631198776,1
720575940630671890,720575940604861356,1
720575940630671890,720575940610430254,1
720575940631798888,720575940629564286,1
720575940630671890,720575940631222841,1
720575940630671890,720575940632344290,1
720575940630671890,720575940635779959,1
720575940631798888,720575940605280201,1
720575940630571980,720575940630868271,1
720575940622294808,720575940612755618,1
720575940622294808,720575940612623474,1
720575940638531637,720575940624661031,1
720575940638531637,720575940624859725,1
720575940638531637,720575940626878460,1
720575940638531637,720575940631017258,1
720575940638531637,720575940631198776,1
720575940621225910,720575940650745977,1
720575940621225910,720575940624859725,1
720575940621225910,720575940623082665,1
720575940621225910,720575940621861637,1
720575940621225910,720575940621284446,1
720575940621225910,720575940620576238,1
720575940621225910,720575940640747864,1
720575940621225910,720575940629579836,1
720575940621225910,720575940628996455,1
720575940637148486,720575940619506993,1
720575940637148486,720575940619917248,1
720575940637148486,720575940620497217,1
720575940637148486,720575940620922790,1
720575940637148486,720575940621900321,1
720575940633911959,720575940631758393,1
720575940638531637,720575940620423533,1
720575940638531637,720575940623082665,1
720575940637148486,720575940630777631,1
720575940637148486,720575940632344290,1
720575940637148486,720575940636461710,1
720575940637148486,720575940637390302,1
720575940625995251,720575940625615248,1
720575940625995251,720575940623082665,1
720575940625995251,720575940620423533,1
720575940629949751,720575940621085622,1
720575940629949751,720575940622338269,1
720575940629949751,720575940620341931,1
720575940629949751,720575940619676224,1
720575940625995251,720575940629579836,1
720575940625995251,720575940631017258,1
720575940625995251,720575940637109214,1
720575940629949751,720575940617903643,1
720575940625995251,720575940613338152,1
720575940625995251,720575940614293485,1
720575940625354904,720575940607511900,1
720575940622294808,720575940627194501,1
720575940622996104,720575940608071435,1
720575940622294808,720575940644747828,1
720575940622294808,720575940642733216,1
720575940622294808,720575940635779959,1
720575940630420985,720575940631443304,1
720575940630420985,720575940649649785,1
720575940630420985,720575940612623474,1
720575940630420985,720575940620341931,1
720575940630420985,720575940620497217,1
720575940630420985,720575940623398524,1
720575940630571980,720575940624661031,1
720575940630571980,720575940620576238,1
720575940629949751,720575940630076887,1
720575940630332753,720575940613338152,1
720575940630332753,720575940620390822,1
720575940630332753,720575940620423533,1
720575940630332753,720575940610523746,1
720575940630332753,720575940653360289,1
720575940630332753,720575940620576238,1
720575940630332753,720575940621284446,1
720575940630332753,720575940631017258,1
720575940630332753,720575940631198776,1
720575940630332753,720575940621861637,1
720575940630332753,720575940622701808,1
720575940630332753,720575940623082665,1
720575940630332753,720575940624859725,1
720575940630332753,720575940625615248,1
720575940630332753,720575940626878460,1
720575940607010825,720575940646582836,1
720575940609220291,720575940607287561,1
720575940609220291,720575940612643954,1
720575940607010825,720575940627110931,1
720575940609220291,720575940630318951,1
720575940609220291,720575940628743362,1
720575940609220291,720575940630777631,1
720575940609220291,720575940631758393,1
720575940609220291,720575940626455326,1
720575940609220291,720575940618910075,1
720575940609220291,720575940619506993,1
720575940609220291,720575940620812865,1
720575940609220291,720575940621900321,1
720575940609220291,720575940622950605,1
720575940618184839,720575940612623474,1
720575940618184839,720575940610430254,1
720575940614229415,720575940646288419,1
720575940618184839,720575940630536441,1
720575940614229415,720575940621900321,1
720575940614229415,720575940633515490,1
720575940614229415,720575940633142498,1
720575940614229415,720575940630777631,1
720575940614229415,720575940630691159,1
720575940609220291,720575940646288419,1
720575940618627207,720575940630498811,1
720575940618627207,720575940631222841,1
720575940618627207,720575940621085622,1
720575940618627207,720575940617145561,1
720575940618627207,720575940617691170,1
720575940618627207,720575940619823536,1
720575940618627207,720575940621462512,1
720575940619808756,720575940624859725,1
720575940619808756,720575940623082665,1
720575940619808756,720575940626878460,1
720575940619808756,720575940620576238,1
720575940618627207,720575940644747828,1
720575940619808756,720575940617691170,1
720575940613799436,720575940621861637,1
720575940613799436,720575940624859725,1
720575940618627207,720575940612623474,1
720575940613799436,720575940617691170,1
720575940613799436,720575940641509595,1
720575940613799436,720575940653360289,1
720575940618627207,720575940605221065,1
720575940618627207,720575940606909826,1
720575940618627207,720575940611918578,1
720575940613799436,720575940635356316,1
720575940624527091,720575940622495092,1
720575940624527091,720575940621085622,1
720575940624527091,720575940634655851,1
720575940624527091,720575940617691170,1
720575940623009416,720575940622338269,1
720575940623009416,720575940617691170,1
720575940624527091,720575940608071435,1
720575940624527091,720575940605280201,1
720575940623009416,720575940631576903,1
720575940607010825,720575940605221065,1
720575940605350066,720575940646288419,1
720575940605350066,720575940626135122,1
720575940605350066,720575940630446329,1
720575940605350066,720575940632344290,1
720575940605350066,720575940637390302,1
720575940624629948,720575940620812865,1
720575940624629948,720575940624406986,1
720575940624629948,720575940621082996,1
720575940624629948,720575940616682838,1
720575940623009416,720575940617145561,1
720575940622637548,720575940614293485,1
720575940622637548,720575940617691170,1
720575940622637548,720575940625926693,1
720575940618184839,720575940636309093,1
720575940618339777,720575940630397527,1
720575940622637548,720575940624859725,1
720575940622654444,720575940631443304,1
720575940622654444,720575940647165828,1
720575940622654444,720575940631758393,1
720575940622637548,720575940638163940,1
720575940622637548,720575940634953079,1
720575940622654444,720575940617145561,1
720575940622654444,720575940606909826,1
720575940622698825,720575940624317419,1
720575940622698825,720575940624406986,1
720575940622698825,720575940623082665,1
720575940622698825,720575940608442633,1
720575940622698825,720575940616682838,1
720575940622698825,720575940620488513,1
720575940623252164,720575940620812865,1
720575940623252164,720575940622950605,1
720575940623252164,720575940623082665,1
720575940623252164,720575940623979593,1
720575940623252164,720575940626455326,1
720575940623252164,720575940619301185,1
720575940622698825,720575940631758393,1
720575940622698825,720575940632107335,1
720575940623252164,720575940612643954,1
720575940623252164,720575940616312949,1
720575940623252164,720575940616682838,1
720575940622698825,720575940607287561,1
720575940621919428,720575940648330105,1
720575940621919428,720575940643542688,1
720575940621529215,720575940627644584,1
720575940621529215,720575940628836412,1
720575940621529215,720575940637390302,1
720575940621529215,720575940649649785,1
720575940621529215,720575940605221065,1
720575940621529215,720575940617903643,1
720575940621529215,720575940621462512,1
720575940621919428,720575940630446329,1
720575940621919428,720575940630777631,1
720575940621919428,720575940630794703,1
720575940621919428,720575940632107335,1
720575940621919428,720575940626135122,1
720575940621919428,720575940619917248,1
720575940621919428,720575940621900321,1
720575940625343640,720575940630868271,1
720575940625343640,720575940620423533,1
720575940625343640,720575940620576238,1
720575940625343640,720575940624859725,1
720575940625343640,720575940626071482,1
720575940625343640,720575940637109214,1
720575940626820395,720575940621216982,1
720575940626820395,720575940623398524,1
720575940626820395,720575940617691170,1
720575940625343640,720575940640747864,1
720575940623252164,720575940630166267,1
720575940624676414,720575940619301185,1
720575940624676414,720575940622950605,1
720575940624676414,720575940624317419,1
720575940623252164,720575940643542688,1
720575940623252164,720575940630318951,1
720575940623252164,720575940633515490,1
720575940623252164,720575940636461710,1
720575940623252164,720575940636659886,1
720575940623252164,720575940646288419,1
720575940623252164,720575940648330105,1
720575940624676414,720575940607287561,1
720575940625343640,720575940608186498,1
720575940624676414,720575940648330105,1
720575940624676414,720575940625931266,1
720575940624676414,720575940630996684,1
720575940621516179,720575940637391582,1
720575940620079856,720575940636309093,1
720575940620079856,720575940637391582,1
720575940620079856,720575940612623474,1
720575940620079856,720575940612857878,1
720575940620079856,720575940622495092,1
720575940620079856,720575940639684696,1
720575940620153876,720575940622338269,1
720575940620153876,720575940627644584,1
720575940620153876,720575940631758393,1
720575940620079856,720575940647165828,1
720575940620153876,720575940608071435,1
720575940620153876,720575940611918578,1
720575940620153876,720575940617691170,1
720575940619842580,720575940624406986,1
720575940619842580,720575940625931266,1
720575940619842580,720575940626455326,1
720575940619842580,720575940616682838,1
720575940620079856,720575940605113376,1
720575940619808756,720575940638163940,1
720575940619842580,720575940626878460,1
720575940619028289,720575940654661281,1
720575940619842580,720575940627741799,1
720575940619842580,720575940628743362,1
720575940619028289,720575940605221065,1
720575940621321001,720575940621284446,1
720575940621321001,720575940625615248,1
720575940621019457,720575940632344290,1
720575940621019457,720575940642733216,1
720575940621019457,720575940646582836,1
720575940621321001,720575940610523746,1
720575940621516179,720575940627390507,1
720575940621516179,720575940617242841,1
720575940621321001,720575940635356316,1
720575940621321001,720575940637109214,1
720575940621321001,720575940640747864,1
720575940620521754,720575940630996684,1
720575940620521754,720575940643542688,1
720575940620153876,720575940639684696,1
720575940621019457,720575940612623474,1
720575940621019457,720575940631576903,1
720575940621019457,720575940631758393,1
720575940621019457,720575940617242841,1
720575940621019457,720575940617691170,1
720575940605350066,720575940623979593,1
720575940605350066,720575940623082665,1
720575940628257914,720575940626455326,1
720575940628257914,720575940623082665,1
720575940628257914,720575940622950605,1
720575940628257914,720575940619506993,1
720575940628257914,720575940633515490,1
720575940628257914,720575940632344290,1
720575940628257914,720575940632107335,1
720575940628257914,720575940631758393,1
720575940627480853,720575940627110931,1
720575940627480853,720575940621085622,1
720575940628257914,720575940607511900,1
720575940627480853,720575940644747828,1
720575940628257914,720575940646288419,1
720575940628999579,720575940630166267,1
720575940630139599,720575940621900321,1
720575940630139599,720575940620812865,1
720575940630139599,720575940608442633,1
720575940628999579,720575940628743362,1
720575940628999579,720575940608442633,1
720575940628999579,720575940607287561,1
720575940628999579,720575940626300444,1
720575940628999579,720575940624406986,1
720575940628999579,720575940622950605,1
720575940625376841,720575940626071482,1
720575940625376841,720575940624859725,1
720575940625376841,720575940623082665,1
720575940626086244,720575940605280201,1
720575940625376841,720575940641509595,1
720575940625376841,720575940640747864,1
720575940625376841,720575940630868271,1
720575940625376841,720575940639358579,1
720575940625376841,720575940635356316,1
720575940625376841,720575940621284446,1
720575940624629948,720575940640747864,1
720575940625376841,720575940606196098,1
720575940629498306,720575940627390507,1
720575940625376841,720575940618943389,1
720575940625376841,720575940613338152,1
720575940626086244,720575940612623474,1
720575940627452689,720575940617145561,1
720575940627452689,720575940613647007,1
720575940627480853,720575940612623474,1
720575940627452689,720575940649675897,1
720575940627452689,720575940630691159,1
720575940627452689,720575940630397527,1
720575940626086244,720575940623398524,1
720575940626086244,720575940634655851,1
720575940626086244,720575940617903643,1
720575940626086244,720575940617691170,1
720575940626086244,720575940617145561,1
720575940626086244,720575940631758393,1
720575940630139599,720575940623082665,1
720575940628060983,720575940629579836,1
720575940628060983,720575940631017258,1
720575940628060983,720575940620423533,1
720575940628060983,720575940617691170,1
720575940628060983,720575940624859725,1
720575940628060983,720575940635356316,1
720575940628471392,720575940620922790,1
720575940628471392,720575940615682246,1
720575940628471392,720575940616312949,1
720575940628471392,720575940620488513,1
720575940628471392,720575940620497217,1
720575940628471392,720575940623082665,1
720575940628471392,720575940623979593,1
720575940628471392,720575940628708139,1
720575940626274822,720575940635356316,1
720575940626274822,720575940631198776,1
720575940627367189,720575940617691170,1
720575940627367189,720575940634655851,1
720575940627367189,720575940639684696,1
720575940628060983,720575940608186498,1
720575940627367189,720575940619823536,1
720575940627367189,720575940622338269,1
720575940627367189,720575940626555800,1
720575940627367189,720575940628708139,1
720575940627367189,720575940628836412,1
720575940630139599,720575940623979593,1
720575940630219055,720575940625343550,1
720575940630219055,720575940622338269,1
720575940629498306,720575940619402576,1
720575940629498306,720575940622338269,1
720575940630219055,720575940620341931,1
720575940630139599,720575940631758393,1
720575940630139599,720575940630166267,1
720575940630219055,720575940610430254,1
720575940630219055,720575940608071435,1
720575940630139599,720575940648330105,1
720575940628773113,720575940621284446,1
720575940628773113,720575940610523746,1
720575940628471392,720575940631758393,1
720575940628471392,720575940633515490,1
720575940628471392,720575940635779959,1
720575940628471392,720575940649649785,1
720575940628773113,720575940634953079,1
720575940628773113,720575940639358579,1
720575940628773113,720575940641509595,1
720575940629498306,720575940605221065,1
720575940628773113,720575940623082665,1
720575940628773113,720575940624859725,1
720575940629498306,720575940633142498,1
720575940639988352,720575940605113376,1
720575940639988352,720575940608071435,1
720575940639988352,720575940610430254,1
720575940639417459,720575940630498811,1
720575940639417459,720575940630536441,1
720575940639417459,720575940630794703,1
720575940639417459,720575940634655851,1
720575940639417459,720575940642733216,1
720575940639417459,720575940643950190,1
720575940639988352,720575940631758393,1
720575940639988352,720575940622495092,1
720575940641355739,720575940607511900,1
720575940639988352,720575940630498811,1
720575940639988352,720575940623398524,1
720575940639988352,720575940625926693,1
720575940639100760,720575940631758393,1
720575940637508698,720575940648330105,1
720575940639100760,720575940616643924,1
720575940639100760,720575940635779959,1
720575940639417459,720575940621085622,1
720575940639417459,720575940622495092,1
720575940639417459,720575940606909826,1
720575940649012857,720575940621462512,1
720575940644472100,720575940633541857,1
720575940644472100,720575940630794703,1
720575940644472100,720575940636461710,1
720575940644472100,720575940646288419,1
720575940605350066,720575940620497217,1
720575940605350066,720575940620812865,1
720575940649012857,720575940644747828,1
720575940649012857,720575940625343550,1
720575940649012857,720575940627644584,1
720575940649012857,720575940631758393,1
720575940649012857,720575940636309093,1
720575940641355739,720575940624406986,1
720575940641355739,720575940626455326,1
720575940641355739,720575940630996684,1
720575940644472100,720575940621900321,1
720575940644472100,720575940626135122,1
720575940644472100,720575940620497217,1
720575940631024911,720575940637391582,1
720575940633103059,720575940606196098,1
720575940631024911,720575940619402576,1
720575940631024911,720575940622338269,1
720575940633103059,720575940628996455,1
720575940633103059,720575940637672425,1
720575940633103059,720575940638163940,1
720575940633103059,720575940639358579,1
720575940633103059,720575940614629799,1
720575940633103059,720575940620390822,1
720575940633103059,720575940620576238,1
720575940633103059,720575940653360289,1
720575940630047080,720575940623398524,1
720575940629498306,720575940644747828,1
720575940629498306,720575940647165828,1
720575940630047080,720575940612857878,1
720575940630047080,720575940649675897,1
720575940630047080,720575940649649785,1
720575940631024911,720575940605280201,1
720575940631024911,720575940608071435,1
720575940630047080,720575940627644584,1
720575940637190990,720575940636309093,1
720575940637190990,720575940631758393,1
720575940637190990,720575940632344290,1
720575940637508698,720575940607287561,1
720575940637508698,720575940607511900,1
720575940637190990,720575940621085622,1
720575940637190990,720575940621216982,1
720575940637508698,720575940608442633,1
720575940637508698,720575940624317419,1
720575940637508698,720575940630318951,1
720575940637508698,720575940618943389,1
720575940637508698,720575940623082665,1
720575940633710105,720575940623398524,1
720575940633710105,720575940630076887,1
720575940637190990,720575940608071435,1
720575940633710105,720575940611918578,1
720575940633710105,720575940622495092,1
720575940633710105,720575940622338269,1
720575940635614942,720575940626555800,1
720575940635614942,720575940627194501,1
720575940635614942,720575940632344290,1
720575940635614942,720575940633832628,1
720575940635614942,720575940634655851,1
720575940637190990,720575940605113376,1
720575940637190990,720575940605221065,1
720575940635614942,720575940608071435,1
720575940637339738,720575940631758393,1
720575940638228643,720575940608071435,1
720575940637339738,720575940631443304,1
720575940637339738,720575940622338269,1
720575940637339738,720575940621216982,1
720575940637339738,720575940623398524,1
720575940638228643,720575940614677810,1
720575940638228643,720575940632344290,1
720575940638228643,720575940617691170,1
720575940638228643,720575940627110931,1
720575940637339738,720575940619823536,1
720575940637339738,720575940619402576,1
720575940636422372,720575940617145561,1
720575940636422372,720575940622100774,1
720575940636422372,720575940623398524,1
720575940637339738,720575940611918578,1
720575940636422372,720575940646582836,1
720575940637339738,720575940617242841,1
720575940636422372,720575940637391582,1
720575940605252041,720575940649675897,1
720575940605252041,720575940634655851,1
720575940605252041,720575940630498811,1
720575940605252041,720575940620341931,1
720575940612587286,720575940612857878,1
720575940612587286,720575940617691170,1
720575940612587286,720575940622495092,1
720575940640566736,720575940623398524,1
720575940640566736,720575940619402576,1
720575940605252041,720575940617691170,1
720575940630598395,720575940622495092,1
720575940630598395,720575940623398524,1
720575940630853948,720575940631576903,1
720575940630853948,720575940633832628,1
720575940630853948,720575940634475119,1
720575940630853948,720575940634655851,1
720575940630598395,720575940643950190,1
720575940630598395,720575940658674049,1
720575940629855596,720575940654661281,1
720575940630496118,720575940613647007,1
720575940629855596,720575940631758393,1
720575940630496118,720575940631758393,1
720575940630496118,720575940621216982,1
720575940630496118,720575940621462512,1
720575940630496118,720575940623398524,1
720575940633212779,720575940617691170,1
720575940632536780,720575940631443304,1
720575940632536780,720575940631758393,1
720575940632536780,720575940634655851,1
720575940632536780,720575940647165828,1
720575940633212779,720575940605113376,1
720575940634942362,720575940608071435,1
720575940634942362,720575940605221065,1
720575940633212779,720575940646582836,1
720575940633212779,720575940647165828,1
720575940632203823,720575940608071435,1
720575940632203823,720575940612857878,1
720575940632203823,720575940636309093,1
720575940632203823,720575940646582836,1
720575940632536780,720575940616643924,1
720575940632536780,720575940612623474,1
720575940618245569,720575940630794703,1
720575940618245569,720575940623398524,1
720575940618245569,720575940627110931,1
720575940618245569,720575940627194501,1
720575940619154891,720575940608071435,1
720575940615448793,720575940617691170,1
720575940615608123,720575940613647007,1
720575940615608123,720575940631758393,1
720575940615608123,720575940633832628,1
720575940615608123,720575940654661281,1
720575940618245569,720575940611918578,1
720575940615608123,720575940617903643,1
720575940615608123,720575940621462512,1
720575940615608123,720575940628836412,1
720575940620655169,720575940627644584,1
720575940619444139,720575940641509595,1
720575940620655169,720575940605280201,1
720575940625451920,720575940608071435,1
720575940625451920,720575940617691170,1
720575940625451920,720575940605280201,1
720575940620655169,720575940630397527,1
720575940620655169,720575940631758393,1
720575940619154891,720575940647165828,1
720575940619444139,720575940606196098,1
720575940619444139,720575940608186498,1
720575940619444139,720575940613338152,1
720575940619154891,720575940644747828,1
720575940619154891,720575940646582836,1
720575940619154891,720575940630498811,1
720575940619154891,720575940630794703,1
720575940619154891,720575940631758393,1
720575940619154891,720575940632344290,1
720575940619154891,720575940637391582,1
720575940619444139,720575940629579836,1
720575940619444139,720575940630868271,1
720575940619444139,720575940631198776,1
720575940619444139,720575940620576238,1
720575940619444139,720575940621284446,1
720575940619444139,720575940623082665,1
720575940614418118,720575940631758393,1
720575940614495138,720575940627644584,1
720575940614495138,720575940630498811,1
720575940614495138,720575940631576903,1
720575940617036729,720575940617145561,1
720575940617036729,720575940621085622,1
720575940614495138,720575940642733216,1
720575940614486690,720575940622338269,1
720575940612587286,720575940631758393,1
720575940612587286,720575940633142498,1
720575940614486690,720575940639684696,1
720575940614486690,720575940646582836,1
720575940614495138,720575940610430254,1
720575940614495138,720575940612755618,1
720575940614495138,720575940612857878,1
720575940614486690,720575940627110931,1
720575940614486690,720575940627644584,1
720575940614008785,720575940630794703,1
720575940614008785,720575940636309093,1
720575940614008785,720575940630397527,1
720575940614008785,720575940643950190,1
720575940614008785,720575940621216982,1
720575940614008785,720575940654661281,1
720575940614418118,720575940625343550,1
720575940614418118,720575940619402576,1
720575940614418118,720575940619823536,1
720575940606892674,720575940649675897,1
720575940613358658,720575940612623474,1
720575940613358658,720575940616643924,1
720575940613358658,720575940617691170,1
720575940613358658,720575940621085622,1
720575940606892674,720575940640770957,1
720575940613358658,720575940640770957,1
720575940614008785,720575940605113376,1
720575940613358658,720575940636309093,1
720575940614008785,720575940610430254,1
720575940613358658,720575940631758393,1
720575940617036729,720575940644747828,1
720575940617077405,720575940624317419,1
720575940617077405,720575940628743362,1
720575940617077405,720575940630166267,1
720575940617077405,720575940616312949,1
720575940617077405,720575940620812865,1
720575940617077405,720575940630996684,1
720575940617077405,720575940631758393,1
720575940618341952,720575940626071482,1
720575940617077405,720575940648330105,1
720575940617077405,720575940607511900,1
720575940612664482,720575940620576238,1
720575940612664482,720575940623082665,1
720575940612664482,720575940634652523,1
720575940612664482,720575940634953079,1
720575940612664482,720575940638163940,1
720575940612664482,720575940639358579,1
720575940612664482,720575940640747864,1
720575940612664482,720575940625615248,1
720575940618341952,720575940629579836,1
720575940619038061,720575940617691170,1
720575940617036729,720575940629564286,1
720575940617036729,720575940630076887,1
720575940617036729,720575940627110931,1
720575940617036729,720575940633832628,1
720575940617036729,720575940634475119,1
720575940617036729,720575940627194501,1
720575940619038061,720575940631758393,1
720575940619038061,720575940635779959,1
720575940619795883,720575940605280201,1
720575940618846001,720575940617145561,1
720575940618846001,720575940617242841,1
720575940618846001,720575940622495092,1
720575940618341952,720575940637109214,1
720575940618341952,720575940631198776,1
720575940618846001,720575940605113376,1
720575940618846001,720575940647165828,1
720575940619038061,720575940613647007,1
720575940618846001,720575940630076887,1
720575940618846001,720575940630650063,1
720575940618846001,720575940630794703,1
720575940611310894,720575940637390302,1
720575940611310894,720575940634475119,1
720575940640634787,720575940605221065,1
720575940640634787,720575940608071435,1
720575940639881600,720575940639684696,1
720575940639881600,720575940630498811,1
720575940640634787,720575940630691159,1
720575940640634787,720575940633142498,1
720575940640634787,720575940621216982,1
720575940637594995,720575940630868271,1
720575940637594995,720575940634953079,1
720575940639881600,720575940605221065,1
720575940637594995,720575940622701808,1
720575940637594995,720575940623082665,1
720575940639881600,720575940623979593,1
720575940639881600,720575940617242841,1
720575940639881600,720575940621085622,1
720575940640634787,720575940634655851,1
720575940610960994,720575940627644584,1
720575940610960994,720575940617691170,1
720575940610960994,720575940631576903,1
720575940610960994,720575940634655851,1
720575940610960994,720575940635779959,1
720575940642383520,720575940616682838,1
720575940642383520,720575940619506993,1
720575940642383520,720575940610181496,1
720575940642383520,720575940636461710,1
720575940642383520,720575940643542688,1
720575940610960994,720575940608071435,1
720575940642383520,720575940626455326,1
720575940642383520,720575940627741799,1
720575940642383520,720575940630498811,1
720575940642383520,720575940630794703,1
720575940617036729,720575940647165828,1
720575940625155877,720575940623398524,1
720575940625155877,720575940622495092,1
720575940625765306,720575940617145561,1
720575940625765306,720575940605280201,1
720575940625155877,720575940639684696,1
720575940625765306,720575940610430254,1
720575940625765306,720575940611918578,1
720575940623067942,720575940630498811,1
720575940624293048,720575940605113376,1
720575940623067942,720575940626555800,1
720575940624293048,720575940617691170,1
720575940624293048,720575940636309093,1
720575940625155877,720575940606909826,1
720575940624293048,720575940627390507,1
720575940624293048,720575940627194501,1
720575940629789292,720575940625343550,1
720575940629789292,720575940627644584,1
720575940628394716,720575940647165828,1
720575940628394716,720575940643950190,1
720575940629855596,720575940621085622,1
720575940629855596,720575940622338269,1
720575940629855596,720575940623398524,1
720575940629789292,720575940640770957,1
720575940628394716,720575940608071435,1
720575940625765306,720575940644747828,1
720575940625765306,720575940630076887,1
720575940628394716,720575940627644584,1
720575940628394716,720575940630794703,1
720575940628394716,720575940627110931,1
720575940619495664,720575940634655851,1
720575940619495664,720575940642733216,1
720575940619970586,720575940605280201,1
720575940619495664,720575940627194501,1
720575940619970586,720575940631576903,1
720575940619970586,720575940639684696,1
720575940619970586,720575940654661281,1
720575940620059045,720575940612857878,1
720575940617473748,720575940621462512,1
720575940617473748,720575940606909826,1
720575940617473748,720575940613647007,1
720575940619495664,720575940622495092,1
720575940619495664,720575940619823536,1
720575940619495664,720575940608071435,1
720575940617473748,720575940644747828,1
720575940619495664,720575940605113376,1
720575940623067942,720575940617691170,1
720575940621709132,720575940619823536,1
720575940621709132,720575940617691170,1
720575940621709132,720575940612857878,1
720575940621709132,720575940622338269,1
720575940621709132,720575940612623474,1
720575940621709132,720575940608071435,1
720575940621709132,720575940610430254,1
720575940621709132,720575940631758393,1
720575940621709132,720575940623398524,1
720575940621709132,720575940627644584,1
720575940620059045,720575940627110931,1
720575940620059045,720575940630536441,1
720575940620059045,720575940631758393,1
720575940620059045,720575940619402576,1
720575940621560052,720575940621085622,1
720575940621560052,720575940617242841,1
720575940621560052,720575940627644584,1
720575940620059045,720575940643950190,1
720575940620059045,720575940647165828,1
720575940620059045,720575940649649785,1
720575940621560052,720575940612623474,1
720575940619778645,720575940629564286,1
720575940619778645,720575940630536441,1
720575940619778645,720575940631758393,1
720575940619778645,720575940634475119,1
720575940619778645,720575940622338269,1
720575940620355009,720575940607287561,1
720575940620355009,720575940621082996,1
720575940620355009,720575940620812865,1
720575940620355009,720575940619506993,1
720575940620355009,720575940607511900,1
720575940620355009,720575940608442633,1
720575940620355009,720575940615682246,1
720575940620355009,720575940616312949,1
720575940619778645,720575940619402576,1
720575940619587009,720575940620576238,1
720575940619587009,720575940622100774,1
720575940619587009,720575940619676224,1
720575940619587009,720575940623082665,1
720575940619587009,720575940624859725,1
720575940619587009,720575940626878460,1
720575940618739621,720575940648330105,1
720575940619778645,720575940610430254,1
720575940619778645,720575940612755618,1
720575940619778645,720575940617145561,1
720575940619587009,720575940650745977,1
720575940619587009,720575940628996455,1
720575940619587009,720575940634953079,1
720575940620355009,720575940626455326,1
720575940625311418,720575940611918578,1
720575940624014077,720575940653360289,1
720575940625311418,720575940610430254,1
720575940624014077,720575940644146724,1
720575940625311418,720575940617145561,1
720575940625311418,720575940617691170,1
720575940625311418,720575940619402576,1
720575940624014077,720575940629579836,1
720575940624014077,720575940631198776,1
720575940624014077,720575940625926693,1
720575940625311418,720575940639684696,1
720575940625311418,720575940644747828,1
720575940625311418,720575940623398524,1
720575940625311418,720575940623979593,1
720575940625311418,720575940633142498,1
720575940625311418,720575940630536441,1
720575940620355009,720575940630166267,1
720575940620355009,720575940632107335,1
720575940620355009,720575940633515490,1
720575940613386050,720575940635789431,1
720575940613386050,720575940631198776,1
720575940613386050,720575940638163940,1
720575940613386050,720575940641509595,1
720575940613386050,720575940624859725,1
720575940614768278,720575940605113376,1
720575940614768278,720575940630076887,1
720575940614768278,720575940631222841,1
720575940614768278,720575940634655851,1
720575940614768278,720575940612623474,1
720575940613386050,720575940623082665,1
720575940614768278,720575940646582836,1
720575940613188319,720575940631758393,1
720575940613386050,720575940621861637,1
720575940613386050,720575940613338152,1
720575940613386050,720575940617691170,1
720575940613188319,720575940643950190,1
720575940613188319,720575940644747828,1
720575940613188319,720575940654661281,1
720575940617766228,720575940637391582,1
720575940618739621,720575940608442633,1
720575940617766228,720575940636309093,1
720575940618739621,720575940615682246,1
720575940617766228,720575940631758393,1
720575940617766228,720575940627194501,1
720575940618739621,720575940624317419,1
720575940618739621,720575940630166267,1
720575940616781241,720575940624859725,1
720575940616781241,720575940618943389,1
720575940616781241,720575940623082665,1
720575940616781241,720575940620423533,1
720575940617766228,720575940627110931,1
720575940617766228,720575940617691170,1
720575940617766228,720575940605113376,1
720575940659536257,720575940614293485,1
720575940659536257,720575940620576238,1
720575940659536257,720575940610523746,1
720575940646290979,720575940640747864,1
720575940659536257,720575940631198776,1
720575940659536257,720575940622701808,1
720575940659536257,720575940623082665,1
720575940659536257,720575940629579836,1
720575940639686488,720575940631443304,1
720575940639686488,720575940631758393,1
720575940639686488,720575940628708139,1
720575940646290979,720575940622701808,1
720575940646290979,720575940620576238,1
720575940646290979,720575940622100774,1
720575940606891221,720575940624859725,1
720575940606891221,720575940630868271,1
720575940606891221,720575940620423533,1
720575940606891221,720575940635356316,1
720575940606891221,720575940650745977,1
720575940605029250,720575940624317419,1
720575940605029250,720575940625931266,1
720575940605029250,720575940627741799,1
720575940605029250,720575940630318951,1
720575940605029250,720575940619301185,1
720575940605029250,720575940619506993,1
720575940605029250,720575940619917248,1
720575940605029250,720575940621900321,1
720575940605029250,720575940620812865,1
720575940605029250,720575940621082996,1
720575940605029250,720575940630794703,1
720575940606891221,720575940617691170,1
720575940605029250,720575940631758393,1
720575940629725711,720575940620576238,1
720575940629725711,720575940621861637,1
720575940629725711,720575940606196098,1
720575940629725711,720575940635356316,1
720575940629725711,720575940644146724,1
720575940629725711,720575940624859725,1
720575940629417728,720575940639358579,1
720575940625843075,720575940620938150,1
720575940629417728,720575940629579836,1
720575940629417728,720575940631017258,1
720575940629417728,720575940631198776,1
720575940629417728,720575940634953079,1
720575940629417728,720575940623082665,1
720575940629909804,720575940608071435,1
720575940639686488,720575940614677810,1
720575940639686232,720575940620497217,1
720575940639686232,720575940620922790,1
720575940631624761,720575940631443304,1
720575940639686232,720575940622495092,1
720575940639686232,720575940648330105,1
720575940639686488,720575940605221065,1
720575940639686488,720575940608071435,1
720575940639686488,720575940612623474,1
720575940639686232,720575940627741799,1
720575940639686232,720575940622944403,1
720575940639686232,720575940630794703,1
720575940639686232,720575940631844492,1
720575940639686232,720575940633541857,1
720575940639686232,720575940634655851,1
720575940629909804,720575940627194501,1
720575940629909804,720575940627644584,1
720575940629909804,720575940631443304,1
720575940629909804,720575940617691170,1
720575940631624761,720575940622338269,1
720575940631624761,720575940623398524,1
720575940631624761,720575940608071435,1
720575940629909804,720575940642733216,1
720575940631624761,720575940614677810,1
720575940628367836,720575940620497217,1
720575940628367836,720575940626135122,1
720575940628175363,720575940642603464,1
720575940628175363,720575940642733216,1
720575940628367836,720575940630777631,1
720575940630115388,720575940620341931,1
720575940628367836,720575940632107335,1
720575940630115388,720575940610430254,1
720575940628175363,720575940631758393,1
720575940627069203,720575940624859725,1
720575940627069203,720575940631198776,1
720575940627069203,720575940625615248,1
720575940627069203,720575940617691170,1
720575940627069203,720575940621861637,1
720575940628175363,720575940622495092,1
720575940628175363,720575940610430254,1
720575940627069203,720575940635356316,1
720575940631731620,720575940621085622,1
720575940631731620,720575940622495092,1
720575940631731620,720575940634640023,1
720575940631731620,720575940619823536,1
720575940635213998,720575940605113376,1
720575940632969567,720575940654661281,1
720575940630176047,720575940622338269,1
720575940630176047,720575940612755618,1
720575940630176047,720575940610430254,1
720575940630176047,720575940644747828,1
720575940630176047,720575940632344290,1
720575940631731620,720575940613647007,1
720575940631731620,720575940617691170,1
720575940625750671,720575940617691170,1
720575940625750671,720575940619402576,1
720575940625750671,720575940612755618,1
720575940625625136,720575940649649785,1
720575940625625136,720575940643542688,1
720575940625625136,720575940631758393,1
720575940626081176,720575940608071435,1
720575940626081176,720575940612755618,1
720575940626081176,720575940605113376,1
720575940625750671,720575940631758393,1
720575940625750671,720575940639684696,1
720575940625750671,720575940642733216,1
720575940625451920,720575940634475119,1
720575940625451920,720575940637391582,1
720575940625451920,720575940643950190,1
720575940625625136,720575940608442633,1
720575940625451920,720575940631576903,1
720575940625625136,720575940630166267,1
720575940625625136,720575940623979593,1
720575940625625136,720575940623082665,1
720575940625625136,720575940621900321,1
720575940625625136,720575940620922790,1
720575940625625136,720575940616312949,1
720575940625625136,720575940616682838,1
720575940625625136,720575940620497217,1
720575940626081176,720575940617145561,1
720575940626212625,720575940634953079,1
720575940626212625,720575940635356316,1
720575940626212625,720575940625615248,1
720575940626212625,720575940638163940,1
720575940626941446,720575940649675897,1
720575940626941446,720575940654661281,1
720575940626081176,720575940630076887,1
720575940626081176,720575940636309093,1
720575940626212625,720575940620390822,1
720575940626212625,720575940621284446,1
720575940606892674,720575940619917248,1
720575940606892674,720575940616682838,1
720575940606892674,720575940628836412,1
720575940606892674,720575940623398524,1
720575940605407846,720575940621216982,1
720575940605407846,720575940610430254,1
720575940603084972,720575940635356316,1
720575940603084972,720575940635789431,1
720575940603084972,720575940640747864,1
720575940606892674,720575940605113376,1
720575940606892674,720575940610430254,1
720575940605407846,720575940628836412,1
720575940605407846,720575940631758393,1
720575940612091601,720575940623082665,1
720575940612091601,720575940617691170,1
720575940612091601,720575940644146724,1
720575940613188319,720575940612623474,1
720575940612091601,720575940631198776,1
720575940612091601,720575940634953079,1
720575940612009903,720575940647165828,1
720575940612009903,720575940605280201,1
720575940610370201,720575940634475119,1
720575940610370201,720575940649649785,1
720575940610370201,720575940631758393,1
720575940610370201,720575940627110931,1
720575940612009903,720575940612623474,1
720575940612009903,720575940631576903,1
720575940612009903,720575940634655851,1
720575940612009903,720575940621462512,1
720575940637849151,720575940621216982,1
720575940637849151,720575940625926693,1
720575940637849151,720575940627110931,1
720575940637849151,720575940611918578,1
720575940637849151,720575940605113376,1
720575940642347936,720575940620341931,1
720575940642347936,720575940610430254,1
720575940637849151,720575940630691159,1
720575940637849151,720575940631443304,1
720575940637849151,720575940631758393,1
720575940637849151,720575940643950190,1
720575940635213998,720575940631758393,1
720575940635213998,720575940637390302,1
720575940635213998,720575940644747828,1
720575940635213998,720575940623979593,1
720575940636126783,720575940630691159,1
720575940636126783,720575940627644584,1
720575940636126783,720575940634475119,1
720575940636126783,720575940637390302,1
720575940636126783,720575940617242841,1
720575940636126783,720575940617903643,1
720575940642347936,720575940625343550,1
720575940603084972,720575940613338152,1
720575940603084972,720575940617691170,1
720575940602553568,720575940635779959,1
720575940603084972,720575940631017258,1
720575940603084972,720575940620423533,1
720575940602553568,720575940607287561,1
720575940642347936,720575940637391582,1
720575940642347936,720575940630498811,1
720575940642347936,720575940633142498,1
720575940602553568,720575940628609127,1
720575940602553568,720575940630166267,1
720575940602553568,720575940630996684,1
720575940602553568,720575940631758393,1
720575940602553568,720575940626455326,1
720575940602553568,720575940616682838,1
720575940602553568,720575940619506993,1
720575940602553568,720575940620812865,1
720575940609371086,720575940635789431,1
720575940615671494,720575940606196098,1
720575940609371086,720575940617691170,1
720575940609371086,720575940623082665,1
720575940615671494,720575940617691170,1
720575940615671494,720575940637928164,1
720575940615671494,720575940638163940,1
720575940615671494,720575940640747864,1
720575940615671494,720575940653360289,1
720575940615671494,720575940626878460,1
720575940605196465,720575940637391582,1
720575940605196465,720575940643950190,1
720575940605196465,720575940644747828,1
720575940605196465,720575940637390302,1
720575940605196465,720575940634655851,1
720575940609371086,720575940608186498,1
720575940606698697,720575940631198776,1
720575940606698697,720575940640747864,1
720575940606698697,720575940644146724,1
720575940606698697,720575940653360289,1
720575940606698697,720575940614629799,1
720575940606698697,720575940626878460,1
720575940615832577,720575940620423533,1
720575940617866048,720575940623398524,1
720575940617866048,720575940627194501,1
720575940617866048,720575940613647007,1
720575940616044850,720575940639358579,1
720575940617866048,720575940605113376,1
720575940617866048,720575940605280201,1
720575940617866048,720575940608071435,1
720575940618198721,720575940605221065,1
720575940618198721,720575940612623474,1
720575940618198721,720575940619676224,1
720575940617866048,720575940646582836,1
720575940617866048,720575940642733216,1
720575940615832577,720575940637928164,1
720575940616044850,720575940617691170,1
720575940615832577,720575940623082665,1
720575940615832577,720575940628996455,1
720575940615832577,720575940631198776,1
720575940632366623,720575940623082665,1
720575940632366623,720575940624661031,1
720575940631485251,720575940650745977,1
720575940631485251,720575940637672425,1
720575940631485251,720575940638163940,1
720575940632366623,720575940614629799,1
720575940632366623,720575940628996455,1
720575940632366623,720575940631198776,1
720575940632366623,720575940644146724,1
720575940634351200,720575940606196098,1
720575940631485251,720575940631198776,1
720575940630923693,720575940620576238,1
720575940630923693,720575940621861637,1
720575940630923693,720575940618943389,1
720575940630923693,720575940626878460,1
720575940630063671,720575940637391582,1
720575940630923693,720575940630868271,1
720575940630923693,720575940637672425,1
720575940630923693,720575940639358579,1
720575940634351200,720575940624661031,1
720575940649022841,720575940620423533,1
720575940649022841,720575940622701808,1
720575940649022841,720575940637672425,1
720575940605196465,720575940608071435,1
720575940605196465,720575940612623474,1
720575940634351200,720575940626878460,1
720575940634514533,720575940608186498,1
720575940634514533,720575940614629799,1
720575940634351200,720575940650745977,1
720575940634351200,720575940644146724,1
720575940634514533,720575940637672425,1
720575940634514533,720575940639358579,1
720575940634514533,720575940640747864,1
720575940634514533,720575940629579836,1
720575940634514533,720575940623082665,1
720575940634514533,720575940624661031,1
720575940618198721,720575940622338269,1
720575940624465900,720575940612623474,1
720575940624465900,720575940612755618,1
720575940624465900,720575940616643924,1
720575940624465900,720575940608071435,1
720575940624465900,720575940605113376,1
720575940624465900,720575940617242841,1
720575940624465900,720575940631222841,1
720575940624465900,720575940631758393,1
720575940624465900,720575940620497217,1
720575940621552116,720575940642733216,1
720575940622821325,720575940626878460,1
720575940622821325,720575940624859725,1
720575940622821325,720575940625926693,1
720575940622821325,720575940622701808,1
720575940622821325,720575940613338152,1
720575940625290003,720575940620423533,1
720575940625598802,720575940617242841,1
720575940625598802,720575940627644584,1
720575940625598802,720575940628836412,1
720575940625290003,720575940634953079,1
720575940625290003,720575940635356316,1
720575940625290003,720575940639358579,1
720575940625598802,720575940608071435,1
720575940625290003,720575940613338152,1
720575940624465900,720575940634475119,1
720575940624465900,720575940642603464,1
720575940625015070,720575940650745977,1
720575940625015070,720575940634953079,1
720575940625015070,720575940629579836,1
720575940621552116,720575940631758393,1
720575940621121140,720575940616682838,1
720575940619651019,720575940631758393,1
720575940619651019,720575940635779959,1
720575940619651019,720575940639077283,1
720575940619651019,720575940643542688,1
720575940621121140,720575940607287561,1
720575940619651019,720575940630498811,1
720575940621207216,720575940604861356,1
720575940621207216,720575940608071435,1
720575940621207216,720575940617145561,1
720575940621121140,720575940626455326,1
720575940621121140,720575940627741799,1
720575940621121140,720575940635779959,1
720575940618198721,720575940633142498,1
720575940618198721,720575940649649785,1
720575940618198721,720575940627644584,1
720575940619651019,720575940623082665,1
720575940619651019,720575940621900321,1
720575940619651019,720575940626135122,1
720575940619651019,720575940628708139,1
720575940619651019,720575940618910075,1
720575940619651019,720575940619506993,1
720575940619651019,720575940620922790,1
720575940620956173,720575940650745977,1
720575940621552116,720575940610430254,1
720575940621552116,720575940612623474,1
720575940621552116,720575940617691170,1
720575940621552116,720575940621216982,1
720575940621552116,720575940621462512,1
720575940620956173,720575940624859725,1
720575940621207216,720575940630498811,1
720575940621207216,720575940631443304,1
720575940621207216,720575940630397527,1
720575940621207216,720575940627644584,1
720575940620956173,720575940621861637,1
720575940620956173,720575940623082665,1
720575940620956173,720575940613338152,1
720575940620956173,720575940614293485,1
720575940620956173,720575940617691170,1
720575940621005044,720575940637109214,1
720575940621005044,720575940637672425,1
720575940621005044,720575940639358579,1
720575940621005044,720575940640747864,1
720575940621005044,720575940644146724,1
720575940621250486,720575940620576238,1
720575940621250486,720575940629579836,1
720575940621250486,720575940628996455,1
720575940621250486,720575940631017258,1
720575940621250486,720575940623082665,1
720575940621250486,720575940624661031,1
720575940621250486,720575940625926693,1
720575940621005044,720575940634953079,1
720575940621005044,720575940613338152,1
720575940619828359,720575940647165828,1
720575940621005044,720575940610523746,1
720575940621005044,720575940629579836,1
720575940621005044,720575940621284446,1
720575940621005044,720575940623082665,1
720575940622003316,720575940637672425,1
720575940622003316,720575940644146724,1
720575940622003316,720575940650745977,1
720575940622565887,720575940608186498,1
720575940622003316,720575940623082665,1
720575940622003316,720575940620423533,1
720575940621207216,720575940647165828,1
720575940621460645,720575940619917248,1
720575940622565887,720575940617691170,1
720575940621207216,720575940637391582,1
720575940621606755,720575940614629799,1
720575940621606755,720575940620423533,1
720575940621250486,720575940634953079,1
720575940621250486,720575940637928164,1
720575940621250486,720575940639358579,1
720575940622003316,720575940606196098,1
720575940621606755,720575940639358579,1
720575940621606755,720575940623082665,1
720575940621606755,720575940631198776,1
720575940619828359,720575940636309093,1
720575940608148693,720575940612643954,1
720575940608148693,720575940607287561,1
720575940606967730,720575940643950190,1
720575940606967730,720575940649649785,1
720575940608148693,720575940635779959,1
720575940608148693,720575940636461710,1
720575940608148693,720575940631017258,1
720575940608148693,720575940621900321,1
720575940652784289,720575940631758393,1
720575940652784289,720575940632107335,1
720575940652784289,720575940634652523,1
720575940652784289,720575940630166267,1
720575940652784289,720575940635779959,1
720575940652784289,720575940635789431,1
720575940652784289,720575940624742414,1
720575940652784289,720575940626300444,1
720575940652784289,720575940626455326,1
720575940652784289,720575940628743362,1
720575940606967730,720575940630498811,1
720575940606967730,720575940623398524,1
720575940606967730,720575940608071435,1
720575940606967730,720575940617691170,1
720575940606967730,720575940611918578,1
720575940606967730,720575940617242841,1
720575940619828359,720575940617691170,1
720575940618436672,720575940631443304,1
720575940619828359,720575940634655851,1
720575940619828359,720575940627110931,1
720575940612763542,720575940630794703,1
720575940612763542,720575940631844492,1
720575940612763542,720575940632344290,1
720575940612763542,720575940619917248,1
720575940612763542,720575940620497217,1
720575940612763542,720575940620922790,1
720575940612763542,720575940620938150,1
720575940612763542,720575940626135122,1
720575940618436672,720575940620938150,1
720575940618436672,720575940617691170,1
720575940621460645,720575940620497217,1
720575940627626244,720575940628996455,1
720575940627626244,720575940637672425,1
720575940627626244,720575940620576238,1
720575940627626244,720575940617691170,1
720575940627626244,720575940637928164,1
720575940627626244,720575940640747864,1
720575940627750647,720575940622495092,1
720575940627750647,720575940621462512,1
720575940627085578,720575940638163940,1
720575940627085578,720575940637928164,1
720575940627081994,720575940627194501,1
720575940627081994,720575940630498811,1
720575940627081994,720575940616643924,1
720575940627081994,720575940621216982,1
720575940627081994,720575940631758393,1
720575940627085578,720575940624859725,1
720575940627085578,720575940628996455,1
720575940627085578,720575940631198776,1
720575940627081994,720575940634655851,1
720575940627081994,720575940639684696,1
720575940627085578,720575940614629799,1
720575940629532098,720575940625343550,1
720575940630063671,720575940626555800,1
720575940629532098,720575940643950190,1
720575940629532098,720575940644747828,1
720575940629532098,720575940647165828,1
720575940630063671,720575940606909826,1
720575940629319106,720575940624661031,1
720575940629319106,720575940608186498,1
720575940627750647,720575940642733216,1
720575940629319106,720575940606196098,1
720575940629319106,720575940650745977,1
720575940629532098,720575940605280201,1
720575940629532098,720575940608071435,1
720575940629532098,720575940617242841,1
720575940629319106,720575940640747864,1
720575940629319106,720575940628996455,1
720575940629319106,720575940638163940,1
720575940621863006,720575940618910075,1
720575940621863006,720575940616682838,1
720575940621863006,720575940621082996,1
720575940621770010,720575940653360289,1
720575940621770010,720575940638163940,1
720575940621863006,720575940607287561,1
720575940621863006,720575940635789431,1
720575940621863006,720575940622950605,1
720575940621863006,720575940623082665,1
720575940621863006,720575940624317419,1
720575940621770010,720575940631198776,1
720575940621460645,720575940630446329,1
720575940621460645,720575940626135122,1
720575940621460645,720575940620922790,1
720575940621460645,720575940622944403,1
720575940621460645,720575940623979593,1
720575940621770010,720575940620576238,1
720575940621460645,720575940639077283,1
720575940621770010,720575940608186498,1
720575940626729515,720575940637390302,1
720575940626828574,720575940605280201,1
720575940626828574,720575940608071435,1
720575940626828574,720575940643950190,1
720575940626828574,720575940658674049,1
720575940626828574,720575940622338269,1
720575940626828574,720575940631576903,1
720575940626828574,720575940631758393,1
720575940626729515,720575940622338269,1
720575940624107755,720575940623082665,1
720575940624107755,720575940630868271,1
720575940624107755,720575940631198776,1
720575940624107755,720575940606196098,1
720575940624107755,720575940617691170,1
720575940624107755,720575940620576238,1
720575940624107755,720575940637672425,1
720575940626729515,720575940621462512,1
720575940624107755,720575940637928164,1
720575940624107755,720575940639358579,1
720575940624107755,720575940640747864,1
720575940624107755,720575940644146724,1
720575940626729515,720575940611918578,1
720575940620880333,720575940630868271,1
720575940620880333,720575940631017258,1
720575940620880333,720575940640747864,1
720575940620880333,720575940650745977,1
720575940624487572,720575940605280201,1
720575940620880333,720575940624859725,1
720575940624487572,720575940622495092,1
720575940624487572,720575940627390507,1
720575940624487572,720575940622338269,1
720575940624487572,720575940612755618,1
720575940624487572,720575940617691170,1
720575940624487572,720575940619402576,1
720575940624487572,720575940621462512,1
720575940620393643,720575940630650063,1
720575940620393643,720575940626555800,1
720575940620880333,720575940621861637,1
720575940620880333,720575940620576238,1
720575940620880333,720575940621284446,1
720575940620880333,720575940623082665,1
720575940620880333,720575940606196098,1
720575940625482084,720575940619402576,1
720575940625482084,720575940622338269,1
720575940625482084,720575940622495092,1
720575940625482084,720575940634655851,1
720575940626669957,720575940622495092,1
720575940626669957,720575940627194501,1
720575940626669957,720575940617242841,1
720575940626669957,720575940612857878,1
720575940624487572,720575940644747828,1
720575940625054589,720575940620423533,1
720575940624487572,720575940631758393,1
720575940625054589,720575940620576238,1
720575940625482084,720575940612857878,1
720575940625054589,720575940625615248,1
720575940625054589,720575940621861637,1
720575940625054589,720575940623082665,1
720575940625054589,720575940624859725,1
720575940625054589,720575940631198776,1
720575940618506155,720575940623082665,1
720575940618506155,720575940624859725,1
720575940618506155,720575940613338152,1
720575940618506155,720575940617691170,1
720575940618506155,720575940639358579,1
720575940617576422,720575940621085622,1
720575940618337985,720575940637390302,1
720575940618337985,720575940635779959,1
720575940618337985,720575940643950190,1
720575940618337985,720575940634640023,1
720575940618337985,720575940631443304,1
720575940618337985,720575940631758393,1
720575940620356800,720575940626878460,1
720575940620356800,720575940617691170,1
720575940620356800,720575940618943389,1
720575940620356800,720575940620423533,1
720575940620356800,720575940638163940,1
720575940620356800,720575940635356316,1
720575940620039589,720575940620341931,1
720575940620039589,720575940621085622,1
720575940620039589,720575940621462512,1
720575940620039589,720575940622495092,1
720575940619795883,720575940627644584,1
720575940619795883,720575940633142498,1
720575940619795883,720575940636309093,1
720575940620039589,720575940622338269,1
720575940620039589,720575940642733216,1
720575940620356800,720575940608186498,1
720575940620039589,720575940630536441,1
720575940620039589,720575940631443304,1
720575940617576422,720575940617691170,1
720575940626669957,720575940630691159,1
720575940633552820,720575940624661031,1
720575940633552820,720575940624859725,1
720575940633552820,720575940620576238,1
720575940633552820,720575940628996455,1
720575940633552820,720575940640747864,1
720575940633552820,720575940650745977,1
720575940633552820,720575940639358579,1
720575940633552820,720575940629579836,1
720575940633552820,720575940638163940,1
720575940633552820,720575940634652523,1
720575940633552820,720575940637109214,1
720575940632077127,720575940605113376,1
720575940632077127,720575940605280201,1
720575940632077127,720575940610430254,1
720575940632077127,720575940633142498,1
720575940632077127,720575940637390302,1
720575940632077127,720575940643950190,1
720575940632077127,720575940647165828,1
720575940633552820,720575940606196098,1
720575940634296951,720575940643542688,1
720575940634664674,720575940606196098,1
720575940634296951,720575940639077283,1
720575940634296951,720575940636461710,1
720575940634296951,720575940630446329,1
720575940634296951,720575940632107335,1
720575940634296951,720575940632344290,1
720575940634664674,720575940637672425,1
720575940634664674,720575940640747864,1
720575940634664674,720575940653360289,1
720575940634664674,720575940624661031,1
720575940634006355,720575940625931266,1
720575940634006355,720575940627741799,1
720575940634006355,720575940618910075,1
720575940634006355,720575940620488513,1
720575940634006355,720575940621082996,1
720575940634296951,720575940619506993,1
720575940634296951,720575940623082665,1
720575940634296951,720575940624317419,1
720575940634006355,720575940630794703,1
720575940634006355,720575940631758393,1
720575940634006355,720575940635789431,1
720575940628295242,720575940621085622,1
720575940628295242,720575940622495092,1
720575940628295242,720575940617242841,1
720575940628697982,720575940606909826,1
720575940628697982,720575940612857878,1
720575940628697982,720575940617242841,1
720575940628295242,720575940643950190,1
720575940628295242,720575940634475119,1
720575940628295242,720575940612857878,1
720575940627155589,720575940617691170,1
720575940626669957,720575940634655851,1
720575940626669957,720575940646582836,1
720575940627155589,720575940610430254,1
720575940627155589,720575940644747828,1
720575940628295242,720575940605280201,1
720575940627155589,720575940631576903,1
720575940627155589,720575940632344290,1
720575940629240079,720575940644146724,1
720575940629240079,720575940630868271,1
720575940631879193,720575940619245016,1
720575940631879193,720575940620812865,1
720575940631879193,720575940632107335,1
720575940631879193,720575940628743362,1
720575940631879193,720575940630318951,1
720575940631879193,720575940631758393,1
720575940631879193,720575940622950605,1
720575940631879193,720575940624317419,1
720575940631879193,720575940626455326,1
720575940628697982,720575940649649785,1
720575940628697982,720575940628836412,1
720575940628697982,720575940631758393,1
720575940629240079,720575940626878460,1
720575940629240079,720575940613338152,1
720575940625598802,720575940642603464,1
720575940634969701,720575940608186498,1
720575940634969701,720575940620576238,1
720575940634969701,720575940623082665,1
720575940633521588,720575940635356316,1
720575940637725272,720575940608071435,1
720575940634969701,720575940650745977,1
720575940630026600,720575940629579836,1
720575940630026600,720575940635356316,1
720575940630026600,720575940623082665,1
720575940630026600,720575940624859725,1
720575940633521588,720575940620576238,1
720575940633521588,720575940618943389,1
720575940633521588,720575940624859725,1
720575940637725272,720575940621085622,1
720575940639684515,720575940619823536,1
720575940639684515,720575940626135122,1
720575940639684515,720575940623398524,1
720575940637725272,720575940631758393,1
720575940637725272,720575940622338269,1
720575940639684515,720575940616643924,1
720575940639684515,720575940617691170,1
720575940639684515,720575940605221065,1
720575940639684515,720575940606909826,1
720575940639684515,720575940610430254,1
720575940639684515,720575940611918578,1
720575940627615400,720575940622701808,1
720575940627615400,720575940618943389,1
720575940627615400,720575940624859725,1
720575940627615400,720575940613338152,1
720575940627615400,720575940617691170,1
720575940627263162,720575940650745977,1
720575940627615400,720575940644146724,1
720575940628514156,720575940608186498,1
720575940628514156,720575940617691170,1
720575940627615400,720575940631198776,1
720575940627615400,720575940635356316,1
720575940625598802,720575940649675897,1
720575940625598802,720575940654661281,1
720575940625598802,720575940658674049,1
720575940627263162,720575940644146724,1
720575940627263162,720575940631198776,1
720575940627263162,720575940626878460,1
720575940627263162,720575940623082665,1
720575940627263162,720575940624859725,1
720575940629633150,720575940613647007,1
720575940629633150,720575940610430254,1
720575940628826873,720575940639358579,1
720575940628826873,720575940644146724,1
720575940629633150,720575940605280201,1
720575940629633150,720575940608071435,1
720575940629633150,720575940622495092,1
720575940628826873,720575940637928164,1
720575940629633150,720575940643950190,1
720575940629633150,720575940647165828,1
720575940629633150,720575940637391582,1
720575940630026600,720575940608186498,1
720575940628826873,720575940638163940,1
720575940628826873,720575940637109214,1
720575940628514156,720575940644146724,1
720575940628514156,720575940637672425,1
720575940628514156,720575940637928164,1
720575940628514156,720575940639358579,1
720575940628514156,720575940640747864,1
720575940628826873,720575940608186498,1
720575940628514156,720575940623082665,1
720575940628514156,720575940624661031,1
720575940628514156,720575940631198776,1
720575940628826873,720575940614293485,1
720575940628826873,720575940622701808,1
720575940628826873,720575940624661031,1
720575940628826873,720575940631198776,1
720575940628826873,720575940617691170,1
720575940628826873,720575940620423533,1
720575940617576422,720575940617242841,1
720575940607054770,720575940631198776,1
720575940607054770,720575940637672425,1
720575940607054770,720575940639358579,1
720575940607054770,720575940640747864,1
720575940607054770,720575940623082665,1
720575940606729858,720575940644747828,1
720575940613248479,720575940626878460,1
720575940613248479,720575940614293485,1
720575940613248479,720575940620423533,1
720575940613248479,720575940617691170,1
720575940606331996,720575940650745977,1
720575940606331996,720575940638163940,1
720575940606331996,720575940644146724,1
720575940606729858,720575940605280201,1
720575940606729858,720575940611918578,1
720575940606331996,720575940635356316,1
720575940606331996,720575940626878460,1
720575940606331996,720575940631198776,1
720575940606729858,720575940612623474,1
720575940606729858,720575940621085622,1
720575940617071321,720575940625615248,1
720575940617071321,720575940613338152,1
720575940617071321,720575940617691170,1
720575940617071321,720575940610523746,1
720575940617071321,720575940650745977,1
720575940617576422,720575940612857878,1
720575940617071321,720575940629579836,1
720575940617071321,720575940635356316,1
720575940614524127,720575940612857878,1
720575940614524127,720575940617691170,1
720575940613248479,720575940634953079,1
720575940613248479,720575940638163940,1
720575940614524127,720575940621085622,1
720575940614524127,720575940642733216,1
720575940606331996,720575940624661031,1
720575940648246649,720575940620812865,1
720575940648246649,720575940615682246,1
720575940648246649,720575940621900321,1
720575940648246649,720575940623082665,1
720575940639684515,720575940649675897,1
720575940648246649,720575940636461710,1
720575940648246649,720575940636659886,1
720575940650270710,720575940613338152,1
720575940639684515,720575940630498811,1
720575940639684515,720575940630536441,1
720575940639684515,720575940628836412,1
720575940639684515,720575940643950190,1
720575940639684515,720575940639684696,1
720575940639684515,720575940640770957,1
720575940605997257,720575940635356316,1
720575940605997257,720575940640747864,1
720575940605997257,720575940620576238,1
720575940606331996,720575940620576238,1
720575940606331996,720575940617691170,1
720575940606331996,720575940621861637,1
720575940606331996,720575940623082665,1
720575940650270710,720575940624859725,1
720575940650270710,720575940625926693,1
720575940650270710,720575940620423533,1
720575940605997257,720575940613338152,1
720575940650270710,720575940629579836,1
720575940650270710,720575940631198776,1
720575940650270710,720575940638163940,1
720575940650270710,720575940641509595,1
720575940650270710,720575940650745977,1
720575940636769343,720575940617691170,1
720575940636769343,720575940631222841,1
720575940636769343,720575940629564286,1
720575940636769343,720575940631443304,1
720575940634839988,720575940644747828,1
720575940636553390,720575940644146724,1
720575940636553390,720575940653360289,1
720575940640905205,720575940639358579,1
720575940640905205,720575940635356316,1
720575940640905205,720575940650745977,1
720575940644554606,720575940620423533,1
720575940644554606,720575940610523746,1
720575940637211462,720575940631017258,1
720575940637211462,720575940630868271,1
720575940637211462,720575940635356316,1
720575940637211462,720575940624661031,1
720575940637211462,720575940626878460,1
720575940640905205,720575940623082665,1
720575940637211462,720575940639358579,1
720575940640905205,720575940613338152,1
720575940631408199,720575940625615248,1
720575940631408199,720575940625926693,1
720575940631408199,720575940613338152,1
720575940631408199,720575940620423533,1
720575940631621689,720575940612623474,1
720575940631621689,720575940617691170,1
720575940631621689,720575940608071435,1
720575940631408199,720575940634953079,1
720575940631408199,720575940635356316,1
720575940631621689,720575940605113376,1
720575940631342476,720575940612623474,1
720575940631342476,720575940617242841,1
720575940629541187,720575940636659886,1
720575940629541187,720575940633515490,1
720575940629541187,720575940643542688,1
720575940629541187,720575940648330105,1
720575940631342476,720575940631758393,1
720575940631342476,720575940643950190,1
720575940631342476,720575940647165828,1
720575940634154140,720575940627390507,1
720575940634154140,720575940627644584,1
720575940634154140,720575940631443304,1
720575940634154140,720575940625926693,1
720575940634154140,720575940619823536,1
720575940634154140,720575940622495092,1
720575940634154140,720575940623398524,1
720575940634154140,720575940633832628,1
720575940634839988,720575940627110931,1
720575940634839988,720575940627194501,1
720575940634154140,720575940639684696,1
720575940634839988,720575940608071435,1
720575940634839988,720575940611918578,1
720575940634154140,720575940617691170,1
720575940631621689,720575940627644584,1
720575940631621689,720575940620341931,1
720575940631621689,720575940622495092,1
720575940631621689,720575940630076887,1
720575940631621689,720575940649649785,1
720575940631621689,720575940646582836,1
720575940631621689,720575940632344290,1
720575940631621689,720575940639684696,1
720575940631621689,720575940637390302,1
720575940622350472,720575940622950605,1
720575940622350472,720575940626135122,1
720575940622350472,720575940630794703,1
720575940622350472,720575940617242841,1
720575940622350472,720575940618910075,1
720575940622350472,720575940620497217,1
720575940622350472,720575940620922790,1
720575940622350472,720575940620938150,1
720575940622350472,720575940636659886,1
720575940622350472,720575940631758393,1
720575940622350472,720575940646288419,1
720575940622116428,720575940619506993,1
720575940622116428,720575940622950605,1
720575940622116428,720575940623979593,1
720575940621947486,720575940632107335,1
720575940621947486,720575940628743362,1
720575940621947486,720575940630166267,1
720575940621947486,720575940630996684,1
720575940621947486,720575940643542688,1
720575940622116428,720575940626135122,1
720575940622116428,720575940630794703,1
720575940622116428,720575940633515490,1
720575940622816234,720575940644747828,1
720575940622816234,720575940654661281,1
720575940622820586,720575940605221065,1
720575940622820586,720575940608071435,1
720575940622816234,720575940631222841,1
720575940622816234,720575940623398524,1
720575940622816234,720575940617903643,1
720575940622820586,720575940628708139,1
720575940622820586,720575940631758393,1
720575940621857313,720575940617145561,1
720575940622816234,720575940608071435,1
720575940621857313,720575940627194501,1
720575940621947486,720575940628609127,1
720575940613774334,720575940622495092,1
720575940605541920,720575940650745977,1
720575940613774334,720575940605221065,1
720575940605541920,720575940635356316,1
720575940619684688,720575940621861637,1
720575940613774334,720575940630650063,1
720575940613774334,720575940647165828,1
720575940605541920,720575940634953079,1
720575940636769343,720575940614677810,1
720575940605541920,720575940613338152,1
720575940644554606,720575940639358579,1
720575940644554606,720575940634953079,1
720575940605541920,720575940625615248,1
720575940605541920,720575940626878460,1
720575940605541920,720575940629579836,1
720575940605541920,720575940630868271,1
720575940605541920,720575940620423533,1
720575940605541920,720575940623082665,1
720575940619684688,720575940626878460,1
720575940621162416,720575940631576903,1
720575940621162416,720575940631758393,1
720575940621162416,720575940647165828,1
720575940621162416,720575940617691170,1
720575940621947486,720575940620488513,1
720575940620410606,720575940608442633,1
720575940620410606,720575940616312949,1
720575940619684688,720575940650745977,1
720575940620410606,720575940620922790,1
720575940619684688,720575940628996455,1
720575940620410606,720575940630446329,1
720575940620410606,720575940630794703,1
720575940620410606,720575940639077283,1
720575940620410606,720575940623979593,1
720575940620410606,720575940621900321,1
720575940620410606,720575940622950605,1
720575940620410606,720575940623082665,1
720575940620410606,720575940625931266,1
720575940618258742,720575940620423533,1
720575940619652555,720575940613338152,1
720575940618258742,720575940629579836,1
720575940615193100,720575940611918578,1
720575940615193100,720575940614677810,1
720575940615193100,720575940621462512,1
720575940613478422,720575940634953079,1
720575940613478422,720575940640747864,1
720575940613478422,720575940650745977,1
720575940615193100,720575940642733216,1
720575940615193100,720575940637391582,1
720575940615193100,720575940640770957,1
720575940615193100,720575940627644584,1
720575940615193100,720575940630498811,1
720575940622078249,720575940635779959,1
720575940623016644,720575940646582836,1
720575940624302008,720575940608071435,1
720575940622078249,720575940633832628,1
720575940622078249,720575940631576903,1
720575940624302008,720575940610430254,1
720575940624302008,720575940634655851,1
720575940624302008,720575940631576903,1
720575940624302008,720575940630650063,1
720575940624302008,720575940617903643,1
720575940624302008,720575940627644584,1
720575940619652555,720575940629579836,1
720575940619652555,720575940617691170,1
720575940622078249,720575940619823536,1
720575940619652555,720575940640747864,1
720575940613478422,720575940631017258,1
720575940609944526,720575940618910075,1
720575940609944526,720575940619506993,1
720575940609944526,720575940620812865,1
720575940609944526,720575940623082665,1
720575940609944526,720575940608442633,1
720575940637999950,720575940649649785,1
720575940609944526,720575940607287561,1
720575940609944526,720575940607511900,1
720575940610406776,720575940604861356,1
720575940609944526,720575940648330105,1
720575940610406776,720575940617242841,1
720575940610406776,720575940617691170,1
720575940609944526,720575940635779959,1
720575940609944526,720575940628743362,1
720575940609944526,720575940630166267,1
720575940609944526,720575940630318951,1
720575940609944526,720575940632107335,1
720575940637999950,720575940608442633,1
720575940637526750,720575940640747864,1
720575940637526750,720575940635356316,1
720575940637999950,720575940635779959,1
720575940637999950,720575940626455326,1
720575940637999950,720575940622950605,1
720575940637999950,720575940623082665,1
720575940637999950,720575940623979593,1
720575940613478422,720575940614293485,1
720575940613478422,720575940610523746,1
720575940613478422,720575940626878460,1
720575940613478422,720575940625615248,1
720575940613478422,720575940622100774,1
720575940613478422,720575940623082665,1
720575940610406776,720575940623979593,1
720575940610406776,720575940628708139,1
720575940612372650,720575940630498811,1
720575940612372650,720575940630794703,1
720575940612372650,720575940631443304,1
720575940612372650,720575940631758393,1
720575940612372650,720575940631844492,1
720575940612372650,720575940639077283,1
720575940612372650,720575940628708139,1
720575940612372650,720575940616682838,1
720575940612372650,720575940621900321,1
720575940612372650,720575940622950605,1
720575940628694991,720575940626300444,1
720575940628694991,720575940628609127,1
720575940628694991,720575940616312949,1
720575940628694991,720575940616682838,1
720575940628694991,720575940619506993,1
720575940628695414,720575940608186498,1
720575940628694991,720575940630318951,1
720575940628694991,720575940633515490,1
720575940628694991,720575940643542688,1
720575940628694991,720575940641509595,1
720575940628365783,720575940624859725,1
720575940628365783,720575940621284446,1
720575940628365783,720575940620423533,1
720575940628365783,720575940650745977,1
720575940628694991,720575940607287561,1
720575940628694991,720575940608442633,1
720575940628365783,720575940641509595,1
720575940628365783,720575940634953079,1
720575940628365783,720575940635356316,1
720575940629541187,720575940616312949,1
720575940629541187,720575940616682838,1
720575940629260406,720575940633541857,1
720575940629260406,720575940637390302,1
720575940629260406,720575940639077283,1
720575940629541187,720575940618910075,1
720575940629541187,720575940627741799,1
720575940629541187,720575940626300444,1
720575940629541187,720575940630166267,1
720575940629541187,720575940625931266,1
720575940628695414,720575940625615248,1
720575940628695414,720575940630868271,1
720575940628695414,720575940617691170,1
720575940628695414,720575940620423533,1
720575940628695414,720575940622701808,1
720575940629260406,720575940620922790,1
720575940629260406,720575940622944403,1
720575940629260406,720575940623979593,1
720575940628695414,720575940635356316,1
720575940628695414,720575940639358579,1
720575940629260406,720575940615682246,1
720575940627987756,720575940614293485,1
720575940627558662,720575940630536441,1
720575940627558662,720575940633832628,1
720575940627987756,720575940629579836,1
720575940627987756,720575940626878460,1
720575940627558662,720575940627110931,1
720575940626253318,720575940620576238,1
720575940626253318,720575940625615248,1
720575940626253318,720575940626878460,1
720575940627558662,720575940619823536,1
720575940626253318,720575940650745977,1
720575940626253318,720575940629579836,1
720575940628359895,720575940623082665,1
720575940628359895,720575940625615248,1
720575940628359895,720575940613338152,1
720575940628359895,720575940617691170,1
720575940628359895,720575940639358579,1
720575940628365783,720575940613338152,1
720575940628359895,720575940635356316,1
720575940628188732,720575940613338152,1
720575940628188732,720575940614629799,1
720575940627987756,720575940644146724,1
720575940627987756,720575940635356316,1
720575940627987756,720575940650745977,1
720575940628188732,720575940623082665,1
720575940628188732,720575940630650063,1
720575940628188732,720575940637928164,1
720575940628188732,720575940644146724,1
720575940628188732,720575940624661031,1
720575940628188732,720575940629579836,1
720575940625126448,720575940638163940,1
720575940625126448,720575940639358579,1
720575940625126448,720575940620423533,1
720575940625399077,720575940629579836,1
720575940625399077,720575940630868271,1
720575940625399077,720575940618943389,1
720575940625399077,720575940624859725,1
720575940623003917,720575940604861356,1
720575940621146956,720575940637390302,1
720575940621146956,720575940621462512,1
720575940621146956,720575940630691159,1
720575940625126448,720575940614629799,1
720575940623003917,720575940631758393,1
720575940623003917,720575940647165828,1
720575940625126448,720575940606196098,1
720575940625126448,720575940608186498,1
720575940623003917,720575940620341931,1
720575940627493653,720575940605280201,1
720575940627493653,720575940617242841,1
720575940626843773,720575940627390507,1
720575940626843773,720575940628708139,1
720575940627493653,720575940621462512,1
720575940628694007,720575940605280201,1
720575940628694007,720575940606909826,1
720575940627493653,720575940644747828,1
720575940627493653,720575940627194501,1
720575940627493653,720575940630794703,1
720575940627493653,720575940631758393,1
720575940626090340,720575940627644584,1
720575940626090340,720575940631758393,1
720575940625399077,720575940653360289,1
720575940626090340,720575940621085622,1
720575940626843773,720575940605280201,1
720575940626843773,720575940610430254,1
720575940626843773,720575940617691170,1
720575940621146956,720575940617691170,1
720575940615975227,720575940641509595,1
720575940616350011,720575940606196098,1
720575940616350011,720575940635356316,1
720575940616350011,720575940635789431,1
720575940616350011,720575940626878460,1
720575940616350011,720575940629579836,1
720575940616350011,720575940638163940,1
720575940615975227,720575940615682246,1
720575940615975227,720575940619301185,1
720575940615975227,720575940619506993,1
720575940615975227,720575940621082996,1
720575940612740466,720575940640770957,1
720575940615975227,720575940607287561,1
720575940615975227,720575940631758393,1
720575940615975227,720575940630318951,1
720575940615975227,720575940624317419,1
720575940615975227,720575940624406986,1
720575940615975227,720575940624742414,1
720575940615975227,720575940625931266,1
720575940615975227,720575940626300444,1
720575940616350011,720575940637672425,1
720575940620700769,720575940637928164,1
720575940620700769,720575940638163940,1
720575940620700769,720575940639358579,1
720575940620700769,720575940640747864,1
720575940620700769,720575940634953079,1
720575940620700769,720575940628996455,1
720575940620700769,720575940631198776,1
720575940619938998,720575940623082665,1
720575940619938998,720575940628996455,1
720575940619938998,720575940629579836,1
720575940619938998,720575940613338152,1
720575940619938998,720575940620390822,1
720575940620700769,720575940608186498,1
720575940620700769,720575940623082665,1
720575940619938998,720575940634953079,1
720575940619938998,720575940630868271,1
720575940619938998,720575940653360289,1
720575940619938998,720575940635356316,1
720575940619938998,720575940639358579,1
720575940628694007,720575940621216982,1
720575940612384665,720575940654661281,1
720575940612384665,720575940630076887,1
720575940612384665,720575940630498811,1
720575940615838662,720575940612857878,1
720575940615838662,720575940630794703,1
720575940615838662,720575940621216982,1
720575940612384665,720575940621085622,1
720575940644479267,720575940621284446,1
720575940644479267,720575940620576238,1
720575940644479267,720575940623082665,1
720575940641889952,720575940644146724,1
720575940644479267,720575940608186498,1
720575940644479267,720575940624859725,1
720575940644479267,720575940650745977,1
720575940644479267,720575940638163940,1
720575940612384665,720575940617691170,1
720575940644479267,720575940626878460,1
720575940644479267,720575940634953079,1
720575940620904780,720575940614293485,1
720575940620904780,720575940617691170,1
720575940620904780,720575940620423533,1
720575940620904780,720575940608186498,1
720575940620904780,720575940620576238,1
720575940620904780,720575940621284446,1
720575940620904780,720575940639358579,1
720575940620904780,720575940623082665,1
720575940620904780,720575940624661031,1
720575940615838662,720575940646582836,1
720575940618547280,720575940635356316,1
720575940618547280,720575940626071482,1
720575940637446622,720575940627644584,1
720575940629730263,720575940639684696,1
720575940629730263,720575940643950190,1
720575940629730263,720575940647165828,1
720575940637446622,720575940617242841,1
720575940637746520,720575940617691170,1
720575940628694007,720575940631576903,1
720575940628694007,720575940642733216,1
720575940628694007,720575940631758393,1
720575940629730263,720575940605280201,1
720575940629730263,720575940627194501,1
720575940629730263,720575940617145561,1
720575940629730263,720575940612857878,1
720575940629730263,720575940619402576,1
720575940629730263,720575940619823536,1
720575940641889952,720575940619676224,1
720575940639727067,720575940635356316,1
720575940639727067,720575940650745977,1
720575940641889952,720575940635356316,1
720575940641889952,720575940621284446,1
720575940641889952,720575940624859725,1
720575940639727067,720575940613338152,1
720575940639727067,720575940625615248,1
720575940639727067,720575940630868271,1
720575940639727067,720575940623082665,1
720575940612740466,720575940639684696,1
720575940622820586,720575940634655851,1
720575940632804543,720575940613338152,1
720575940632804543,720575940614293485,1
720575940632169007,720575940637391582,1
720575940632169007,720575940644747828,1
720575940632804543,720575940606196098,1
720575940632804543,720575940620576238,1
720575940632804543,720575940631017258,1
720575940632804543,720575940621861637,1
720575940632804543,720575940624859725,1
720575940631624673,720575940635356316,1
720575940631624673,720575940622701808,1
720575940631624673,720575940623082665,1
720575940631624673,720575940624859725,1
720575940631624673,720575940644146724,1
720575940632169007,720575940631758393,1
720575940632169007,720575940617691170,1
720575940632804543,720575940631198776,1
720575940632929178,720575940650745977,1
720575940632940442,720575940610523746,1
720575940632940442,720575940644146724,1
720575940632940442,720575940630868271,1
720575940632929178,720575940613338152,1
720575940632804543,720575940634953079,1
720575940632804543,720575940638163940,1
720575940632804543,720575940641509595,1
720575940632804543,720575940650745977,1
720575940632929178,720575940631198776,1
720575940631624673,720575940620576238,1
720575940627147578,720575940631758393,1
720575940629388239,720575940607511900,1
720575940627147578,720575940630536441,1
720575940627147578,720575940630446329,1
720575940627147578,720575940619917248,1
720575940627147578,720575940620938150,1
720575940627147578,720575940622950605,1
720575940627147578,720575940626455326,1
720575940629388239,720575940624406986,1
720575940629388239,720575940630166267,1
720575940629388239,720575940616682838,1
720575940629388239,720575940620488513,1
720575940623358645,720575940621085622,1
720575940622820586,720575940637390302,1
720575940622820586,720575940649675897,1
720575940623358645,720575940636309093,1
720575940629388239,720575940630318951,1
720575940629388239,720575940631758393,1
720575940630969555,720575940620423533,1
720575940630419364,720575940639358579,1
720575940631624673,720575940613338152,1
720575940630969555,720575940624859725,1
720575940630969555,720575940626878460,1
720575940630969555,720575940634953079,1
720575940630419364,720575940618943389,1
720575940629388239,720575940643542688,1
720575940630419364,720575940630868271,1
720575940630419364,720575940635356316,1
720575940636677190,720575940631198776,1
720575940636677190,720575940626878460,1
720575940636677190,720575940621284446,1
720575940636677190,720575940623082665,1
720575940639202532,720575940620488513,1
720575940639202532,720575940620922790,1
720575940639202532,720575940607511900,1
720575940639202532,720575940608442633,1
720575940636605530,720575940624859725,1
720575940636605530,720575940623082665,1
720575940636605530,720575940650745977,1
720575940636605530,720575940639358579,1
720575940636605530,720575940628996455,1
720575940636605530,720575940630868271,1
720575940636605530,720575940631017258,1
720575940636605530,720575940634652523,1
720575940636605530,720575940634953079,1
720575940639202532,720575940622950605,1
720575940605627057,720575940644146724,1
720575940612740466,720575940612623474,1
720575940612740466,720575940612857878,1
720575940605627057,720575940638163940,1
720575940605627057,720575940634953079,1
720575940612740466,720575940627644584,1
720575940612740466,720575940631758393,1
720575940612740466,720575940619823536,1
720575940639202532,720575940643542688,1
720575940639202532,720575940627741799,1
720575940639202532,720575940625931266,1
720575940639202532,720575940626455326,1
720575940605627057,720575940621284446,1
720575940605627057,720575940624859725,1
720575940605627057,720575940613338152,1
720575940605627057,720575940617691170,1
720575940634638734,720575940625926693,1
720575940634342007,720575940646582836,1
720575940634638734,720575940617691170,1
720575940634638734,720575940629579836,1
720575940634638734,720575940630868271,1
720575940634342007,720575940631758393,1
720575940633074015,720575940626878460,1
720575940633074015,720575940635356316,1
720575940634342007,720575940617242841,1
720575940634342007,720575940628836412,1
720575940636136567,720575940607287561,1
720575940636092393,720575940644146724,1
720575940636092393,720575940634953079,1
720575940636136567,720575940616682838,1
720575940636092393,720575940624859725,1
720575940636136567,720575940632107335,1
720575940636605530,720575940606196098,1
720575940636136567,720575940627741799,1
720575940636136567,720575940623082665,1
720575940636136567,720575940625931266,1
720575940634640014,720575940620576238,1
720575940634640014,720575940637928164,1
720575940636092393,720575940621284446,1
720575940636092393,720575940623082665,1
720575940634640014,720575940640747864,1
720575940636092393,720575940606196098,1
720575940634640014,720575940644146724,1
720575940634640014,720575940650745977,1
720575940636092393,720575940613338152,1
720575940610990821,720575940623082665,1
720575940610990821,720575940625931266,1
720575940610990821,720575940626455326,1
720575940610990821,720575940627741799,1
720575940610990821,720575940628609127,1
720575940610990821,720575940616682838,1
720575940610990821,720575940621082996,1
720575940610990821,720575940630166267,1
720575940610990821,720575940632107335,1
720575940613540767,720575940606196098,1
720575940609921230,720575940620812865,1
720575940609921230,720575940620488513,1
720575940609921230,720575940624317419,1
720575940609921230,720575940626455326,1
720575940610990821,720575940608442633,1
720575940609921230,720575940635779959,1
720575940609921230,720575940628743362,1
720575940609921230,720575940630318951,1
720575940609921230,720575940633515490,1
720575940609921230,720575940630996684,1
720575940613593503,720575940635356316,1
720575940613593503,720575940624661031,1
720575940613593503,720575940625926693,1
720575940613941042,720575940621861637,1
720575940613540767,720575940629579836,1
720575940613540767,720575940626878460,1
720575940613540767,720575940631198776,1
720575940613540767,720575940637928164,1
720575940613540767,720575940624661031,1
720575940613540767,720575940639358579,1
720575940613593503,720575940621861637,1
720575940613593503,720575940620390822,1
720575940613593503,720575940610523746,1
720575940638179699,720575940622950605,1
720575940638179699,720575940624406986,1
720575940638179699,720575940621082996,1
720575940638179699,720575940607287561,1
720575940638179699,720575940607511900,1
720575940638179699,720575940608442633,1
720575940638179699,720575940616312949,1
720575940639172560,720575940608442633,1
720575940639172560,720575940612643954,1
720575940638179699,720575940628743362,1
720575940638179699,720575940630318951,1
720575940638179699,720575940632107335,1
720575940631002386,720575940649649785,1
720575940629917482,720575940635789431,1
720575940629917482,720575940637109214,1
720575940631002386,720575940608071435,1
720575940629917482,720575940620423533,1
720575940631002386,720575940633142498,1
720575940631002386,720575940617691170,1
720575940631002386,720575940619823536,1
720575940631002386,720575940626555800,1
720575940639534451,720575940647165828,1
720575940639534451,720575940649675897,1
720575940639534451,720575940631758393,1
720575940658795137,720575940608071435,1
720575940639534451,720575940626555800,1
720575940639534451,720575940631576903,1
720575940658795137,720575940628836412,1
720575940658795137,720575940617691170,1
720575940658795137,720575940620341931,1
720575940658795137,720575940621216982,1
720575940639172560,720575940625931266,1
720575940639172560,720575940633515490,1
720575940639172560,720575940624317419,1
720575940639534451,720575940611918578,1
720575940639534451,720575940612623474,1
720575940613941042,720575940626878460,1
720575940621944583,720575940617145561,1
720575940621944583,720575940617903643,1
720575940621944583,720575940620341931,1
720575940621944583,720575940654661281,1
720575940621944583,720575940628836412,1
720575940621944583,720575940627644584,1
720575940621829813,720575940644146724,1
720575940621885191,720575940614293485,1
720575940621829813,720575940639358579,1
720575940621829813,720575940634953079,1
720575940621829813,720575940631198776,1
720575940621885191,720575940624859725,1
720575940621885191,720575940620423533,1
720575940621885191,720575940621284446,1
720575940621885191,720575940621861637,1
720575940621885191,720575940622701808,1
720575940623810487,720575940619823536,1
720575940623810487,720575940627644584,1
720575940622637804,720575940638163940,1
720575940623981385,720575940621462512,1
720575940623810487,720575940630691159,1
720575940623810487,720575940646582836,1
720575940622145277,720575940630446329,1
720575940622145277,720575940630498811,1
720575940622145277,720575940633541857,1
720575940622145277,720575940646288419,1
720575940622145277,720575940620922790,1
720575940622145277,720575940622944403,1
720575940622145277,720575940623979593,1
720575940622637804,720575940629579836,1
720575940622637804,720575940613338152,1
720575940614803286,720575940621284446,1
720575940614803286,720575940621861637,1
720575940614803286,720575940620423533,1
720575940614803286,720575940637109214,1
720575940614803286,720575940638163940,1
720575940614803286,720575940653360289,1
720575940614803286,720575940626878460,1
720575940614803286,720575940626071482,1
720575940613941042,720575940634953079,1
720575940613941042,720575940644146724,1
720575940613941042,720575940629579836,1
720575940613941042,720575940630868271,1
720575940614240766,720575940632344290,1
720575940614240766,720575940630777631,1
720575940614240766,720575940636461710,1
720575940614240766,720575940639077283,1
720575940614240766,720575940623979593,1
720575940614240766,720575940626135122,1
720575940621376196,720575940631198776,1
720575940621376196,720575940634953079,1
720575940621376196,720575940638163940,1
720575940621376196,720575940625926693,1
720575940621376196,720575940650745977,1
720575940621829813,720575940623082665,1
720575940621829813,720575940624859725,1
720575940621829813,720575940617691170,1
720575940615196063,720575940644146724,1
720575940615196063,720575940637672425,1
720575940615196063,720575940640747864,1
720575940615196063,720575940650745977,1
720575940621376196,720575940606196098,1
720575940615196063,720575940621861637,1
720575940615196063,720575940626878460,1
720575940621376196,720575940624661031,1
720575940616860318,720575940653360289,1
720575940617386708,720575940610430254,1
720575940616860318,720575940637672425,1
720575940616860318,720575940638163940,1
720575940617386708,720575940617691170,1
720575940617386708,720575940627644584,1
720575940617386708,720575940628836412,1
720575940617386708,720575940619402576,1
720575940617386708,720575940622338269,1
720575940615897501,720575940650745977,1
720575940615910228,720575940617691170,1
720575940615910228,720575940619402576,1
720575940615897501,720575940629579836,1
720575940615897501,720575940631198776,1
720575940616860318,720575940614629799,1
720575940616860318,720575940620576238,1
720575940616860318,720575940623082665,1
720575940618497216,720575940620576238,1
720575940618497216,720575940637109214,1
720575940618497216,720575940638163940,1
720575940618497216,720575940625615248,1
720575940618226245,720575940617691170,1
720575940617386708,720575940646582836,1
720575940618226245,720575940644146724,1
720575940618226245,720575940623082665,1
720575940618226245,720575940624859725,1
720575940609651554,720575940619506993,1
720575940609651554,720575940618910075,1
720575940609651554,720575940630318951,1
720575940609651554,720575940608442633,1
720575940609651554,720575940616312949,1
720575940609694818,720575940616643924,1
720575940609694818,720575940617145561,1
720575940609694818,720575940617242841,1
720575940609694818,720575940617691170,1
720575940609651554,720575940633515490,1
720575940609651554,720575940648330105,1
720575940609651554,720575940607511900,1
720575940607971908,720575940635356316,1
720575940607971908,720575940640747864,1
720575940607971908,720575940650745977,1
720575940608527150,720575940604861356,1
720575940608527150,720575940617691170,1
720575940608527150,720575940620938150,1
720575940610147826,720575940644146724,1
720575940610147826,720575940650745977,1
720575940610147826,720575940624859725,1
720575940615897501,720575940617691170,1
720575940615897501,720575940621861637,1
720575940610370201,720575940617242841,1
720575940615897501,720575940613338152,1
720575940609694818,720575940631222841,1
720575940609694818,720575940631758393,1
720575940609694818,720575940627644584,1
720575940610147826,720575940617691170,1
720575940610147826,720575940614293485,1
720575940610147826,720575940606196098,1
720575940610147826,720575940608186498,1
720575940610147826,720575940610523746,1
720575940625692816,720575940635356316,1
720575940625692816,720575940637928164,1
720575940625692816,720575940638163940,1
720575940625692816,720575940640747864,1
720575940625692816,720575940641509595,1
720575940625692816,720575940631198776,1
720575940626194716,720575940617691170,1
720575940626194716,720575940608186498,1
720575940626194716,720575940610523746,1
720575940625692816,720575940624859725,1
720575940625692816,720575940620423533,1
720575940625692816,720575940621284446,1
720575940625692816,720575940621861637,1
720575940625690140,720575940627194501,1
720575940625690140,720575940631758393,1
720575940626194716,720575940621861637,1
720575940629563006,720575940610430254,1
720575940629347791,720575940639077283,1
720575940629563006,720575940620341931,1
720575940629347791,720575940631758393,1
720575940629347791,720575940630318951,1
720575940629347791,720575940630794703,1
720575940629347791,720575940632107335,1
720575940629347791,720575940636461710,1
720575940629917482,720575940613338152,1
720575940629917482,720575940614629799,1
720575940629563006,720575940627194501,1
720575940626194716,720575940622100774,1
720575940626194716,720575940625615248,1
720575940626194716,720575940640747864,1
720575940629347791,720575940620497217,1
720575940629347791,720575940620812865,1
720575940629347791,720575940621082996,1
720575940629347791,720575940622944403,1
720575940629347791,720575940624742414,1
720575940629347791,720575940625931266,1
720575940629347791,720575940626455326,1
720575940629347791,720575940620488513,1
720575940629347791,720575940608442633,1
720575940629347791,720575940615682246,1
720575940620143525,720575940616312949,1
720575940620143525,720575940616682838,1
720575940620143525,720575940608442633,1
720575940620143525,720575940607511900,1
720575940618544623,720575940638163940,1
720575940618544623,720575940639358579,1
720575940618544623,720575940640747864,1
720575940620143525,720575940621082996,1
720575940618544623,720575940634953079,1
720575940620143525,720575940636461710,1
720575940620143525,720575940632107335,1
720575940620143525,720575940622950605,1
720575940620143525,720575940626455326,1
720575940618544623,720575940620423533,1
720575940618544623,720575940621284446,1
720575940618497216,720575940650745977,1
720575940618544623,720575940623082665,1
720575940618544623,720575940629579836,1
720575940618544623,720575940624859725,1
720575940618544623,720575940626878460,1
720575940623964820,720575940631758393,1
720575940623964820,720575940636309093,1
720575940623964820,720575940628836412,1
720575940623964820,720575940630076887,1
720575940625584688,720575940624859725,1
720575940625584688,720575940621861637,1
720575940623136499,720575940624859725,1
720575940623136499,720575940620423533,1
720575940623136499,720575940626878460,1
720575940623964820,720575940617242841,1
720575940623136499,720575940630868271,1
720575940623136499,720575940631198776,1
720575940624626563,720575940640747864,1
720575940624626563,720575940650745977,1
720575940624660313,720575940607287561,1
720575940624660313,720575940608442633,1
720575940624626563,720575940626878460,1
720575940624660313,720575940612643954,1
720575940624660313,720575940620488513,1
720575940624660313,720575940620812865,1
720575940624660313,720575940621082996,1
720575940624599939,720575940638163940,1
720575940624599939,720575940644146724,1
720575940624599939,720575940624859725,1
720575940624599939,720575940626878460,1
720575940624626563,720575940624859725,1
720575940624626563,720575940610523746,1
720575940624626563,720575940613338152,1
720575940624626563,720575940618943389,1
720575940624852120,720575940618943389,1
720575940624852120,720575940620423533,1
720575940624852120,720575940621284446,1
720575940624852120,720575940613338152,1
720575940625058173,720575940606196098,1
720575940624852120,720575940626878460,1
720575940624852120,720575940630868271,1
720575940624852120,720575940634953079,1
720575940624663427,720575940643542688,1
720575940624663427,720575940616312949,1
720575940624663427,720575940621082996,1
720575940624660313,720575940632107335,1
720575940624663427,720575940632107335,1
720575940624663427,720575940633515490,1
720575940624663427,720575940622950605,1
720575940624663427,720575940624317419,1
720575940624663427,720575940626455326,1
720575940624663427,720575940628743362,1
720575940623691920,720575940617691170,1
720575940623691920,720575940623082665,1
720575940623691920,720575940635356316,1
720575940623890890,720575940605280201,1
720575940623890890,720575940610430254,1
720575940623691920,720575940624661031,1
720575940623691920,720575940625615248,1
720575940623691920,720575940630868271,1
720575940621351876,720575940634953079,1
720575940621351876,720575940638163940,1
720575940621351876,720575940624859725,1
720575940621351876,720575940625615248,1
720575940621351876,720575940626878460,1
720575940623413898,720575940626555800,1
720575940623413898,720575940631758393,1
720575940623413898,720575940633142498,1
720575940623413898,720575940637390302,1
720575940623413898,720575940621462512,1
720575940623413898,720575940622495092,1
720575940624125626,720575940635356316,1
720575940624125626,720575940626878460,1
720575940624125626,720575940641509595,1
720575940624599939,720575940614293485,1
720575940623890890,720575940627644584,1
720575940623890890,720575940617691170,1
720575940624125626,720575940620390822,1
720575940623890890,720575940646582836,1
720575940624125626,720575940608186498,1
720575940627573659,720575940616312949,1
720575940627573659,720575940616682838,1
720575940627573659,720575940620812865,1
720575940629164283,720575940622100774,1
720575940627573659,720575940630166267,1
720575940627292218,720575940617691170,1
720575940627292218,720575940618943389,1
720575940627292218,720575940620423533,1
720575940626640158,720575940644747828,1
720575940626640158,720575940647165828,1
720575940626640158,720575940654661281,1
720575940627573659,720575940608442633,1
720575940627573659,720575940607287561,1
720575940627292218,720575940624859725,1
720575940627292218,720575940625615248,1
720575940627292218,720575940631198776,1
720575940634146808,720575940630498811,1
720575940634146808,720575940630446329,1
720575940634146808,720575940632107335,1
720575940634146808,720575940643542688,1
720575940634146808,720575940648330105,1
720575940634146808,720575940622950605,1
720575940637526750,720575940623082665,1
720575940637526750,720575940613338152,1
720575940637526750,720575940617691170,1
720575940629164283,720575940636659886,1
720575940629164283,720575940639077283,1
720575940629164283,720575940643542688,1
720575940630159939,720575940608442633,1
720575940630159939,720575940641509595,1
720575940630159939,720575940626455326,1
720575940630159939,720575940628743362,1
720575940630159939,720575940630318951,1
720575940630159939,720575940630996684,1
720575940630159939,720575940632107335,1
720575940625377688,720575940630868271,1
720575940625377688,720575940631198776,1
720575940625377688,720575940634953079,1
720575940625377688,720575940638163940,1
720575940625377688,720575940626878460,1
720575940625377688,720575940620390822,1
720575940625667365,720575940625931266,1
720575940625667365,720575940621082996,1
720575940625667365,720575940616682838,1
720575940625058173,720575940618943389,1
720575940625058173,720575940653360289,1
720575940625377688,720575940613338152,1
720575940625058173,720575940650745977,1
720575940625058173,720575940630868271,1
720575940625058173,720575940641509595,1
720575940625058173,720575940640747864,1
720575940626640158,720575940606909826,1
720575940626226690,720575940638940469,1
720575940626226690,720575940643542688,1
720575940626226690,720575940646288419,1
720575940626640158,720575940605221065,1
720575940626640158,720575940613647007,1
720575940626226690,720575940635779959,1
720575940626226690,720575940626455326,1
720575940626226690,720575940630777631,1
720575940626226690,720575940630996684,1
720575940626640158,720575940617242841,1
720575940626640158,720575940630536441,1
720575940626640158,720575940633142498,1
720575940626640158,720575940621085622,1
720575940626640158,720575940623398524,1
720575940625667365,720575940648330105,1
720575940625667365,720575940630166267,1
720575940625667365,720575940631758393,1
720575940625667365,720575940635779959,1
720575940625766984,720575940630076887,1
720575940626226690,720575940616312949,1
720575940626226690,720575940616682838,1
720575940626226690,720575940620812865,1
720575940625766984,720575940631222841,1
720575940626226690,720575940608442633,1
720575940621351876,720575940617691170,1
720575940630947395,720575940644146724,1
720575940630947395,720575940653360289,1
720575940630947395,720575940641509595,1
720575940631284012,720575940629579836,1
720575940631284012,720575940620423533,1
720575940630947395,720575940629579836,1
720575940630947395,720575940606196098,1
720575940630947395,720575940613338152,1
720575940629849196,720575940634475119,1
720575940629849196,720575940649649785,1
720575940630947395,720575940620423533,1
720575940631284012,720575940631017258,1
720575940637657189,720575940621284446,1
720575940637657189,720575940625615248,1
720575940637657189,720575940614293485,1
720575940638053865,720575940608442633,1
720575940638053865,720575940619506993,1
720575940638053865,720575940620497217,1
720575940638053865,720575940621082996,1
720575940637657189,720575940635356316,1
720575940637657189,720575940638163940,1
720575940634858676,720575940617242841,1
720575940634858676,720575940617691170,1
720575940631284012,720575940650745977,1
720575940634858676,720575940621085622,1
720575940634858676,720575940639684696,1
720575940634858676,720575940633832628,1
720575940634858676,720575940636309093,1
720575940634858676,720575940649649785,1
720575940634858676,720575940631758393,1
720575940634858676,720575940622338269,1
720575940634858676,720575940631443304,1
720575940634858676,720575940630498811,1
720575940624159376,720575940636659886,1
720575940624159376,720575940630498811,1
720575940624159376,720575940636461710,1
720575940624159376,720575940643542688,1
720575940625500304,720575940608186498,1
720575940624159376,720575940618910075,1
720575940624159376,720575940620812865,1
720575940624159376,720575940620922790,1
720575940625500304,720575940614629799,1
720575940625500304,720575940623082665,1
720575940623981385,720575940646582836,1
720575940624096039,720575940619402576,1
720575940624096039,720575940620341931,1
720575940623981385,720575940627110931,1
720575940623981385,720575940631758393,1
720575940624096039,720575940631443304,1
720575940624096039,720575940644747828,1
720575940624096039,720575940658674049,1
720575940629824828,720575940631576903,1
720575940629824828,720575940642733216,1
720575940629824828,720575940654661281,1
720575940629824828,720575940628836412,1
720575940629824828,720575940643950190,1
720575940629849196,720575940621216982,1
720575940629849196,720575940630650063,1
720575940629849196,720575940617145561,1
720575940629849196,720575940614677810,1
720575940629849196,720575940617691170,1
720575940627020933,720575940621284446,1
720575940627020933,720575940639358579,1
720575940629824828,720575940619402576,1
720575940627020933,720575940650745977,1
720575940629824828,720575940605280201,1
720575940629824828,720575940610430254,1
720575940638053865,720575940621900321,1
720575940618894246,720575940629579836,1
720575940618894246,720575940622701808,1
720575940619077217,720575940620576238,1
720575940619077217,720575940608186498,1
720575940618894246,720575940613338152,1
720575940613684906,720575940634953079,1
720575940613684906,720575940639358579,1
720575940613684906,720575940650745977,1
720575940615147788,720575940608071435,1
720575940613684906,720575940631017258,1
720575940613684906,720575940631198776,1
720575940615147788,720575940627194501,1
720575940615147788,720575940617242841,1
720575940615147788,720575940617691170,1
720575940615147788,720575940621085622,1
720575940620460108,720575940620390822,1
720575940620460108,720575940620576238,1
720575940620460108,720575940623082665,1
720575940620460108,720575940639358579,1
720575940620460108,720575940644146724,1
720575940620460108,720575940634953079,1
720575940620460108,720575940635356316,1
720575940620460108,720575940625615248,1
720575940620460108,720575940629579836,1
720575940619876702,720575940616312949,1
720575940619876702,720575940616682838,1
720575940619077217,720575940638163940,1
720575940619077217,720575940640747864,1
720575940619876702,720575940633515490,1
720575940619876702,720575940631758393,1
720575940619876702,720575940625931266,1
720575940619876702,720575940626300444,1
720575940619876702,720575940626455326,1
720575940619876702,720575940628743362,1
720575940613684906,720575940625615248,1
720575940644759319,720575940612857878,1
720575940644759319,720575940617903643,1
720575940640883931,720575940635356316,1
720575940640883931,720575940644146724,1
720575940640883931,720575940650745977,1
720575940644759319,720575940630794703,1
720575940644759319,720575940620938150,1
720575940644759319,720575940622338269,1
720575940638053865,720575940630166267,1
720575940638053865,720575940635779959,1
720575940638053865,720575940624317419,1
720575940640883931,720575940623082665,1
720575940640883931,720575940620576238,1
720575940611697066,720575940633142498,1
720575940611697066,720575940644747828,1
720575940611697066,720575940631576903,1
720575940611697066,720575940621085622,1
720575940611697066,720575940622338269,1
720575940613684906,720575940610523746,1
720575940604884396,720575940617145561,1
720575940604884396,720575940605221065,1
720575940604884396,720575940605280201,1
720575940604884396,720575940623398524,1
720575940652784289,720575940624317419,1
720575940617176413,720575940642733216,1
720575940617176413,720575940644747828,1
720575940617176413,720575940646582836,1
720575940617176413,720575940631758393,1
720575940617176413,720575940633142498,1
720575940617176413,720575940634655851,1
720575940617176413,720575940635779959,1
720575940618817182,720575940617242841,1
720575940619305808,720575940605113376,1
720575940618817182,720575940630076887,1
720575940615714060,720575940647165828,1
720575940617176413,720575940605221065,1
720575940617176413,720575940612623474,1
720575940617176413,720575940612755618,1
720575940617176413,720575940612857878,1
720575940615714060,720575940627644584,1
720575940617176413,720575940625343550,1
720575940617176413,720575940627194501,1
720575940617176413,720575940619402576,1
720575940617176413,720575940619823536,1
720575940617176413,720575940620341931,1
720575940619305808,720575940619823536,1
720575940620210857,720575940620390822,1
720575940619967879,720575940630691159,1
720575940620210857,720575940620423533,1
720575940620210857,720575940630868271,1
720575940620210857,720575940620576238,1
720575940620210857,720575940624661031,1
720575940619305808,720575940631758393,1
720575940619305808,720575940621216982,1
720575940619305808,720575940646582836,1
720575940619967879,720575940621462512,1
720575940619967879,720575940627194501,1
720575940619967879,720575940610181496,1
720575940619967879,720575940611918578,1
720575940619967879,720575940617691170,1
720575940614869387,720575940620922790,1
720575940614869387,720575940623082665,1
720575940614869387,720575940624317419,1
720575940613507946,720575940636461710,1
720575940613507946,720575940637390302,1
720575940614869387,720575940607287561,1
720575940614869387,720575940607511900,1
720575940617750173,720575940614629799,1
720575940617750173,720575940620423533,1
720575940617750173,720575940606196098,1
720575940614869387,720575940630318951,1
720575940612563454,720575940644747828,1
720575940612563454,720575940649649785,1
720575940612563454,720575940627194501,1
720575940612563454,720575940631576903,1
720575940612563454,720575940630691159,1
720575940612563454,720575940631443304,1
720575940613507946,720575940631844492,1
720575940613507946,720575940630446329,1
720575940613507946,720575940631758393,1
720575940613507946,720575940619917248,1
720575940613507946,720575940621900321,1
720575940617750173,720575940621861637,1
720575940617750173,720575940623082665,1
720575940615651014,720575940629579836,1
720575940615651014,720575940625615248,1
720575940615651014,720575940620390822,1
720575940615651014,720575940617691170,1
720575940615651014,720575940637109214,1
720575940615651014,720575940640747864,1
720575940621073117,720575940608442633,1
720575940617750173,720575940631198776,1
720575940614811222,720575940654661281,1
720575940614811222,720575940631758393,1
720575940620210857,720575940631017258,1
720575940627230986,720575940622495092,1
720575940627230986,720575940619676224,1
720575940624609101,720575940649675897,1
720575940627230986,720575940615682246,1
720575940627585286,720575940619823536,1
720575940627230986,720575940632107335,1
720575940627585286,720575940605280201,1
720575940627585286,720575940606909826,1
720575940624609101,720575940646582836,1
720575940624609101,720575940617242841,1
720575940624609101,720575940612857878,1
720575940624609101,720575940617903643,1
720575940624609101,720575940608071435,1
720575940623032970,720575940634652523,1
720575940623032970,720575940646288419,1
720575940624609101,720575940630691159,1
720575940624609101,720575940621216982,1
720575940624609101,720575940623398524,1
720575940630331244,720575940618943389,1
720575940630331244,720575940614629799,1
720575940630331244,720575940623082665,1
720575940627778564,720575940650745977,1
720575940634072756,720575940607511900,1
720575940634072756,720575940617691170,1
720575940630331244,720575940653360289,1
720575940630331244,720575940634953079,1
720575940630331244,720575940637672425,1
720575940630331244,720575940650745977,1
720575940627778564,720575940608186498,1
720575940627585286,720575940654661281,1
720575940627585286,720575940631443304,1
720575940627778564,720575940631017258,1
720575940627778564,720575940620423533,1
720575940627778564,720575940623082665,1
720575940627778564,720575940620576238,1
720575940621288225,720575940620922790,1
720575940621288225,720575940621082996,1
720575940621288225,720575940620488513,1
720575940621288225,720575940619301185,1
720575940621288225,720575940625931266,1
720575940621888169,720575940605280201,1
720575940621288225,720575940626455326,1
720575940621288225,720575940632107335,1
720575940621888169,720575940614677810,1
720575940620210857,720575940635356316,1
720575940620210857,720575940637109214,1
720575940620210857,720575940638163940,1
720575940620959256,720575940642733216,1
720575940620959256,720575940647165828,1
720575940621288225,720575940607511900,1
720575940620959256,720575940627110931,1
720575940621888169,720575940612623474,1
720575940623032970,720575940607287561,1
720575940622768397,720575940631758393,1
720575940622768397,720575940630777631,1
720575940622768397,720575940632107335,1
720575940623032970,720575940627741799,1
720575940623032970,720575940621082996,1
720575940622768397,720575940627741799,1
720575940621888169,720575940630498811,1
720575940621888169,720575940631758393,1
720575940621888169,720575940622495092,1
720575940621888169,720575940634640023,1
720575940621888169,720575940639684696,1
720575940622768397,720575940607511900,1
720575940630296913,720575940617691170,1
720575940630296913,720575940613647007,1
720575940630296913,720575940611918578,1
720575940629971191,720575940631758393,1
720575940629971191,720575940633832628,1
720575940629971191,720575940634640023,1
720575940630296913,720575940622950605,1
720575940630296913,720575940644747828,1
720575940630296913,720575940623398524,1
720575940630296913,720575940627644584,1
720575940629971191,720575940631222841,1
720575940629504554,720575940633515490,1
720575940629504554,720575940640747864,1
720575940629504554,720575940628743362,1
720575940629504554,720575940630318951,1
720575940629504554,720575940630996684,1
720575940629971191,720575940630498811,1
720575940630430495,720575940636461710,1
720575940630573260,720575940622100774,1
720575940630573260,720575940622701808,1
720575940630573260,720575940621861637,1
720575940630573260,720575940617691170,1
720575940630573260,720575940619676224,1
720575940630573260,720575940620390822,1
720575940630573260,720575940620423533,1
720575940630430495,720575940630794703,1
720575940630312785,720575940631758393,1
720575940630312785,720575940617691170,1
720575940630312785,720575940619823536,1
720575940630312785,720575940621085622,1
720575940630430495,720575940620922790,1
720575940630430495,720575940622950605,1
720575940630430495,720575940623082665,1
720575940630430495,720575940624317419,1
720575940630430495,720575940620488513,1
720575940630312785,720575940643950190,1
720575940630312785,720575940644747828,1
720575940630430495,720575940618910075,1
720575940627089930,720575940622950605,1
720575940627089930,720575940621082996,1
720575940627089930,720575940624406986,1
720575940627089930,720575940638163940,1
720575940627089930,720575940643542688,1
720575940627089930,720575940628743362,1
720575940627089930,720575940630318951,1
720575940626733693,720575940637109214,1
720575940626733693,720575940607287561,1
720575940626225173,720575940635779959,1
720575940626225173,720575940630650063,1
720575940626225173,720575940631844492,1
720575940626225173,720575940632107335,1
720575940626225173,720575940636461710,1
720575940626733693,720575940619301185,1
720575940626733693,720575940620812865,1
720575940626733693,720575940624406986,1
720575940627851008,720575940610523746,1
720575940629162693,720575940630691159,1
720575940629162693,720575940631758393,1
720575940629162693,720575940637391582,1
720575940629162693,720575940623398524,1
720575940629504554,720575940620812865,1
720575940629504554,720575940621082996,1
720575940629504554,720575940624317419,1
720575940629504554,720575940624406986,1
720575940629504554,720575940607511900,1
720575940629504554,720575940616682838,1
720575940629162693,720575940620341931,1
720575940627851008,720575940621284446,1
720575940627851008,720575940622100774,1
720575940627851008,720575940622701808,1
720575940627851008,720575940623082665,1
720575940627851008,720575940620576238,1
720575940627851008,720575940620423533,1
720575940627851008,720575940653360289,1
720575940629162693,720575940617145561,1
720575940629162693,720575940617691170,1
720575940627851008,720575940631017258,1
720575940627851008,720575940634953079,1
720575940604483040,720575940630446329,1
720575940604483040,720575940630498811,1
720575940604483040,720575940630777631,1
720575940608312533,720575940610430254,1
720575940608312533,720575940613647007,1
720575940604483040,720575940637390302,1
720575940652342006,720575940636309093,1
720575940645390468,720575940637928164,1
720575940645390468,720575940635356316,1
720575940645390468,720575940631017258,1
720575940652342006,720575940629564286,1
720575940652342006,720575940622495092,1
720575940608657621,720575940631758393,1
720575940608657621,720575940623082665,1
720575940608657621,720575940626300444,1
720575940608657621,720575940620812865,1
720575940612563454,720575940617691170,1
720575940608657621,720575940638940469,1
720575940608657621,720575940640747864,1
720575940612563454,720575940605280201,1
720575940612563454,720575940608071435,1
720575940612563454,720575940612623474,1
720575940608657621,720575940620488513,1
720575940608312533,720575940617691170,1
720575940608312533,720575940627110931,1
720575940608312533,720575940627390507,1
720575940608312533,720575940631576903,1
720575940608312533,720575940621085622,1
720575940608312533,720575940621462512,1
720575940608312533,720575940633832628,1
720575940608657621,720575940619301185,1
720575940608657621,720575940616682838,1
720575940608312533,720575940643950190,1
720575940608657621,720575940607511900,1
720575940631399978,720575940625931266,1
720575940631399978,720575940626300444,1
720575940631399978,720575940628743362,1
720575940631399978,720575940616682838,1
720575940631399978,720575940620812865,1
720575940634018415,720575940619506993,1
720575940634018415,720575940620497217,1
720575940631399978,720575940635779959,1
720575940631399978,720575940636659886,1
720575940631399978,720575940646288419,1
720575940634018415,720575940607511900,1
720575940630573260,720575940653360289,1
720575940630573260,720575940637928164,1
720575940630573260,720575940638163940,1
720575940630573260,720575940628996455,1
720575940630573260,720575940629579836,1
720575940630573260,720575940635789431,1
720575940630906655,720575940644747828,1
720575940630906655,720575940634655851,1
720575940631399978,720575940607511900,1
720575940630906655,720575940621216982,1
720575940630906655,720575940627644584,1
720575940638472006,720575940624317419,1
720575940638472006,720575940630996684,1
720575940638472006,720575940632107335,1
720575940638472006,720575940618910075,1
720575940638472006,720575940621082996,1
720575940645390468,720575940617691170,1
720575940645390468,720575940622701808,1
720575940645390468,720575940623082665,1
720575940645390468,720575940625615248,1
720575940645390468,720575940614293485,1
720575940638472006,720575940612643954,1
720575940636143679,720575940608071435,1
720575940638472006,720575940608442633,1
720575940636143679,720575940631758393,1
720575940636143679,720575940636309093,1
720575940636143679,720575940658674049,1
720575940638472006,720575940607511900,1
720575940636143679,720575940626555800,1
720575940634072756,720575940619402576,1
720575940636069751,720575940639358579,1
720575940633140887,720575940620423533,1
720575940633140887,720575940621861637,1
720575940633140887,720575940622701808,1
720575940633301183,720575940616312949,1
720575940633301183,720575940616682838,1
720575940633301183,720575940619506993,1
720575940633140887,720575940637109214,1
720575940633301183,720575940607287561,1
720575940633301183,720575940607511900,1
720575940632172591,720575940621216982,1
720575940632172591,720575940617691170,1
720575940631387463,720575940646288419,1
720575940632172591,720575940617242841,1
720575940633140887,720575940617691170,1
720575940632172591,720575940654661281,1
720575940632172591,720575940630650063,1
720575940632172591,720575940627644584,1
720575940633301183,720575940620812865,1
720575940633301183,720575940621082996,1
720575940636069751,720575940621861637,1
720575940636069751,720575940622701808,1
720575940636069751,720575940623082665,1
720575940636069751,720575940613338152,1
720575940636069751,720575940625926693,1
720575940636069751,720575940626878460,1
720575940633301183,720575940631758393,1
720575940633301183,720575940630166267,1
720575940633301183,720575940643542688,1
720575940633301183,720575940624317419,1
720575940633301183,720575940628743362,1
720575940634849460,720575940627194501,1
720575940634849460,720575940628836412,1
720575940634849460,720575940617242841,1
720575940634849460,720575940619402576,1
720575940631387463,720575940632107335,1
720575940628269628,720575940613338152,1
720575940628269628,720575940610523746,1
720575940627585028,720575940650745977,1
720575940627585028,720575940635356316,1
720575940627585028,720575940637672425,1
720575940627585028,720575940637928164,1
720575940627585028,720575940639358579,1
720575940628269628,720575940624859725,1
720575940628269628,720575940626878460,1
720575940628269628,720575940620390822,1
720575940628269628,720575940622100774,1
720575940628269628,720575940623082665,1
720575940627585028,720575940629579836,1
720575940627585028,720575940628996455,1
720575940627170898,720575940619402576,1
720575940627170898,720575940622338269,1
720575940627082261,720575940633515490,1
720575940627082261,720575940638940469,1
720575940627585028,720575940624661031,1
720575940627170898,720575940630397527,1
720575940627170898,720575940630498811,1
720575940627170898,720575940637391582,1
720575940627170898,720575940640770957,1
720575940627585028,720575940608186498,1
720575940628608272,720575940623082665,1
720575940628608272,720575940625931266,1
720575940628608272,720575940626135122,1
720575940628608272,720575940626455326,1
720575940628608272,720575940619917248,1
720575940628608272,720575940620938150,1
720575940631387463,720575940622495092,1
720575940631387463,720575940623082665,1
720575940631387463,720575940623979593,1
720575940631387463,720575940626135122,1
720575940631387463,720575940628708139,1
720575940631387463,720575940630446329,1
720575940631387463,720575940630498811,1
720575940631387463,720575940630794703,1
720575940628608272,720575940634655851,1
720575940628608272,720575940646288419,1
720575940628608272,720575940616312949,1
720575940628269628,720575940650745977,1
720575940628476716,720575940619917248,1
720575940628269628,720575940631017258,1
720575940628269628,720575940635356316,1
720575940628476716,720575940620922790,1
720575940628476716,720575940636659886,1
720575940628476716,720575940621900321,1
720575940628476716,720575940630794703,1
720575940627082261,720575940632107335,1
720575940613735948,720575940623082665,1
720575940613735948,720575940624742414,1
720575940613735948,720575940625931266,1
720575940613735948,720575940612643954,1
720575940613735948,720575940616312949,1
720575940613735948,720575940619506993,1
720575940613735948,720575940621082996,1
720575940614909579,720575940610430254,1
720575940613735948,720575940641509595,1
720575940613735948,720575940630318951,1
720575940613735948,720575940632107335,1
720575940613735948,720575940607287561,1
720575940613421890,720575940620576238,1
720575940613421890,720575940637928164,1
720575940613421890,720575940650745977,1
720575940613421890,720575940653360289,1
720575940613421890,720575940631017258,1
720575940613421890,720575940626071482,1
720575940613421890,720575940626878460,1
720575940613421890,720575940629579836,1
720575940614909579,720575940617242841,1
720575940618517440,720575940628708139,1
720575940618517440,720575940617145561,1
720575940618517440,720575940617691170,1
720575940618517440,720575940631758393,1
720575940618873723,720575940621082996,1
720575940618873723,720575940616682838,1
720575940618873723,720575940616312949,1
720575940618517440,720575940637390302,1
720575940618873723,720575940607511900,1
720575940614909579,720575940637390302,1
720575940614909579,720575940637391582,1
720575940614909579,720575940649675897,1
720575940614909579,720575940617691170,1
720575940614909579,720575940619823536,1
720575940614909579,720575940620341931,1
720575940614909579,720575940628836412,1
720575940616306210,720575940632344290,1
720575940616306210,720575940646288419,1
720575940616306210,720575940630794703,1
720575940616306210,720575940620812865,1
720575940616306210,720575940620922790,1
720575940616306210,720575940622944403,1
720575940616306210,720575940622950605,1
720575940616306210,720575940623082665,1
720575940616306210,720575940623979593,1
720575940639157968,720575940630166267,1
720575940639157968,720575940648330105,1
720575940639157968,720575940623082665,1
720575940639157968,720575940625931266,1
720575940639157968,720575940628743362,1
720575940658101121,720575940627741799,1
720575940658101121,720575940630318951,1
720575940658101121,720575940619301185,1
720575940636685894,720575940626455326,1
720575940636685894,720575940620812865,1
720575940636685894,720575940607511900,1
720575940636685894,720575940608442633,1
720575940636685894,720575940612643954,1
720575940636685894,720575940616312949,1
720575940639157968,720575940619301185,1
720575940636685894,720575940631758393,1
720575940636685894,720575940632107335,1
720575940636685894,720575940633515490,1
720575940636685894,720575940635779959,1
720575940658101121,720575940630777631,1
720575940610963734,720575940617691170,1
720575940610963734,720575940620576238,1
720575940610963734,720575940613338152,1
720575940610963734,720575940624859725,1
720575940610793395,720575940616312949,1
720575940658101121,720575940636659886,1
720575940658101121,720575940646288419,1
720575940610793395,720575940607287561,1
720575940610793395,720575940638940469,1
720575940610793395,720575940635779959,1
720575940610793395,720575940625931266,1
720575940610793395,720575940624317419,1
720575940610793395,720575940626455326,1
720575940610793395,720575940627741799,1
720575940607330499,720575940643542688,1
720575940607330499,720575940630996684,1
720575940607330499,720575940630318951,1
720575940610375726,720575940622338269,1
720575940610375726,720575940605280201,1
720575940610375726,720575940610430254,1
720575940610375726,720575940612857878,1
720575940607330499,720575940624406986,1
720575940603174368,720575940628609127,1
720575940603174368,720575940633515490,1
720575940603174368,720575940628743362,1
720575940603174368,720575940635779959,1
720575940603174368,720575940626455326,1
720575940607330499,720575940616682838,1
720575940607330499,720575940621082996,1
720575940607330499,720575940623082665,1
720575940603174368,720575940648330105,1
720575940612872173,720575940616312949,1
720575940612872173,720575940620922790,1
720575940612765846,720575940639358579,1
720575940612765846,720575940638163940,1
720575940612765846,720575940634953079,1
720575940612765846,720575940635356316,1
720575940612872173,720575940636461710,1
720575940612872173,720575940648330105,1
720575940613213151,720575940607287561,1
720575940613213151,720575940608442633,1
720575940612872173,720575940623082665,1
720575940612872173,720575940626135122,1
720575940612872173,720575940630794703,1
720575940610375726,720575940644747828,1
720575940610375726,720575940658674049,1
720575940612765846,720575940624859725,1
720575940603174368,720575940620488513,1
720575940636877936,720575940644747828,1
720575940636877936,720575940649675897,1
720575940637118174,720575940620341931,1
720575940643266852,720575940614293485,1
720575940637118174,720575940633832628,1
720575940637118174,720575940633142498,1
720575940637118174,720575940635779959,1
720575940637118174,720575940642733216,1
720575940634072756,720575940634655851,1
720575940634072756,720575940627644584,1
720575940634072756,720575940644747828,1
720575940636877936,720575940627644584,1
720575940636877936,720575940628836412,1
720575940636877936,720575940631758393,1
720575940636877936,720575940625343550,1
720575940636877936,720575940610430254,1
720575940652311030,720575940630868271,1
720575940652311030,720575940622701808,1
720575940652311030,720575940625615248,1
720575940652311030,720575940631017258,1
720575940603174368,720575940616312949,1
720575940603174368,720575940619506993,1
720575940652311030,720575940634953079,1
720575940652311030,720575940637109214,1
720575940652311030,720575940640747864,1
720575940643266852,720575940620423533,1
720575940643266852,720575940621284446,1
720575940643266852,720575940625615248,1
720575940643266852,720575940622701808,1
720575940643266852,720575940624859725,1
720575940652311030,720575940617691170,1
720575940652311030,720575940613338152,1
720575940652311030,720575940621284446,1
720575940643266852,720575940639358579,1
720575940643266852,720575940641509595,1
720575940622216009,720575940620390822,1
720575940622216009,720575940620576238,1
720575940622216009,720575940621284446,1
720575940622216009,720575940634652523,1
720575940622216009,720575940635356316,1
720575940622216009,720575940650745977,1
720575940621507475,720575940624859725,1
720575940621507475,720575940626878460,1
720575940621507475,720575940621284446,1
720575940622216009,720575940610523746,1
720575940621507475,720575940631198776,1
720575940627082261,720575940607287561,1
720575940627082261,720575940608186498,1
720575940625264659,720575940633515490,1
720575940627082261,720575940627741799,1
720575940627082261,720575940618910075,1
720575940627082261,720575940620922790,1
720575940627082261,720575940621082996,1
720575940624158650,720575940631198776,1
720575940624158650,720575940639358579,1
720575940624158650,720575940626878460,1
720575940624158650,720575940621861637,1
720575940624158650,720575940625615248,1
720575940625264659,720575940625931266,1
720575940625264659,720575940620812865,1
720575940625264659,720575940616682838,1
720575940625264659,720575940619301185,1
720575940625264659,720575940619506993,1
720575940614811222,720575940619676224,1
720575940614811222,720575940621462512,1
720575940614811222,720575940612755618,1
720575940613987635,720575940649649785,1
720575940614811222,720575940608071435,1
720575940614811222,720575940610430254,1
720575940620042375,720575940606196098,1
720575940618992449,720575940633541857,1
720575940618992449,720575940628708139,1
720575940618992449,720575940630498811,1
720575940618992449,720575940630794703,1
720575940618992449,720575940631844492,1
720575940618992449,720575940632107335,1
720575940613213151,720575940616312949,1
720575940613213151,720575940616682838,1
720575940613213151,720575940621082996,1
720575940613987635,720575940628836412,1
720575940613987635,720575940619823536,1
720575940620042375,720575940614293485,1
720575940620230497,720575940623082665,1
720575940620230497,720575940626455326,1
720575940620230497,720575940616312949,1
720575940620230497,720575940619301185,1
720575940620230497,720575940648330105,1
720575940621507475,720575940614293485,1
720575940620042375,720575940620576238,1
720575940620042375,720575940617691170,1
720575940620042375,720575940639358579,1
720575940620230497,720575940607511900,1
720575940620042375,720575940631017258,1
720575940620042375,720575940635356316,1
720575940620042375,720575940634652523,1
720575940618997297,720575940617691170,1
720575940618997297,720575940608071435,1
720575940618997297,720575940621085622,1
720575940618997297,720575940649675897,1
720575940618997297,720575940644747828,1
720575940618997297,720575940622338269,1
720575940618997297,720575940622495092,1
720575940618997297,720575940625926693,1
720575940618997297,720575940630076887,1
720575940617940304,720575940628743362,1
720575940617940304,720575940630446329,1
720575940617940304,720575940630794703,1
720575940617940304,720575940636659886,1
720575940617940304,720575940616682838,1
720575940617940304,720575940620812865,1
720575940617940304,720575940623082665,1
720575940617940304,720575940626455326,1
720575940617940304,720575940639077283,1
720575940618657950,720575940621085622,1
720575940618657950,720575940623398524,1
720575940618657950,720575940617691170,1
720575940618657950,720575940617145561,1
720575940621094527,720575940604861356,1
720575940620649084,720575940646288419,1
720575940620649084,720575940632107335,1
720575940620649084,720575940630166267,1
720575940620649084,720575940630318951,1
720575940620649084,720575940633515490,1
720575940620649084,720575940636461710,1
720575940621477402,720575940608071435,1
720575940621477402,720575940617242841,1
720575940621477402,720575940620341931,1
720575940621477402,720575940621085622,1
720575940621094527,720575940627644584,1
720575940621094527,720575940628836412,1
720575940621094527,720575940658674049,1
720575940621094527,720575940634475119,1
720575940619115845,720575940623979593,1
720575940619115845,720575940626135122,1
720575940619115845,720575940622950605,1
720575940619115845,720575940620922790,1
720575940619115845,720575940621900321,1
720575940619115845,720575940636659886,1
720575940619115845,720575940638940469,1
720575940620649084,720575940621900321,1
720575940620649084,720575940622944403,1
720575940620649084,720575940623082665,1
720575940620649084,720575940623979593,1
720575940620649084,720575940626455326,1
720575940620649084,720575940621082996,1
720575940620649084,720575940620922790,1
720575940619115845,720575940639077283,1
720575940620649084,720575940607511900,1
720575940619115845,720575940648330105,1
720575940620649084,720575940616312949,1
720575940614544034,720575940636309093,1
720575940614544034,720575940637391582,1
720575940614544034,720575940639358579,1
720575940614544034,720575940627644584,1
720575940614981087,720575940621462512,1
720575940614981087,720575940622338269,1
720575940614981087,720575940627644584,1
720575940614981087,720575940613647007,1
720575940614981087,720575940612623474,1
720575940614981087,720575940620341931,1
720575940614981087,720575940617903643,1
720575940614544034,720575940621216982,1
720575940618758178,720575940637109214,1
720575940618758178,720575940625615248,1
720575940618758178,720575940624859725,1
720575940618758178,720575940650745977,1
720575940618994880,720575940623398524,1
720575940618994880,720575940617691170,1
720575940618994880,720575940621085622,1
720575940618994880,720575940622338269,1
720575940616859259,720575940619402576,1
720575940616859259,720575940617691170,1
720575940616859259,720575940612623474,1
720575940617940304,720575940608442633,1
720575940617940304,720575940612643954,1
720575940616859259,720575940627110931,1
720575940616859259,720575940627644584,1
720575940616859259,720575940636309093,1
720575940615072373,720575940616312949,1
720575940615072373,720575940619917248,1
720575940615072373,720575940620488513,1
720575940614981087,720575940631758393,1
720575940614981087,720575940636309093,1
720575940615072373,720575940608442633,1
720575940614981087,720575940644747828,1
720575940615072373,720575940607287561,1
720575940615072373,720575940633515490,1
720575940615072373,720575940624317419,1
720575940615072373,720575940627741799,1
720575940615072373,720575940628743362,1
720575940636675817,720575940618910075,1
720575940636159198,720575940631758393,1
720575940636159198,720575940623398524,1
720575940636159198,720575940647165828,1
720575940636159198,720575940633832628,1
720575940636159198,720575940644747828,1
720575940636675817,720575940623082665,1
720575940636675817,720575940639077283,1
720575940639022243,720575940605280201,1
720575940636675817,720575940633541857,1
720575940639022243,720575940612623474,1
720575940639022243,720575940614677810,1
720575940636675817,720575940632107335,1
720575940636675817,720575940630777631,1
720575940636675817,720575940631758393,1
720575940634849375,720575940610430254,1
720575940634849375,720575940605280201,1
720575940632371737,720575940633541857,1
720575940632371737,720575940646288419,1
720575940632371737,720575940648330105,1
720575940636159198,720575940617691170,1
720575940634849375,720575940633142498,1
720575940634849375,720575940634475119,1
720575940641360091,720575940628743362,1
720575940641360091,720575940630166267,1
720575940641360091,720575940631198776,1
720575940641360091,720575940632107335,1
720575940654491553,720575940617691170,1
720575940641360091,720575940643542688,1
720575940654491553,720575940625926693,1
720575940639022243,720575940627194501,1
720575940641360091,720575940607287561,1
720575940641360091,720575940608442633,1
720575940641360091,720575940614293485,1
720575940641360091,720575940616312949,1
720575940639022243,720575940646582836,1
720575940639022243,720575940631443304,1
720575940639022243,720575940631758393,1
720575940625665564,720575940622701808,1
720575940625665564,720575940620576238,1
720575940625665564,720575940620423533,1
720575940629788012,720575940614677810,1
720575940625665564,720575940639358579,1
720575940625665564,720575940638163940,1
720575940625665564,720575940629579836,1
720575940625665564,720575940634953079,1
720575940621477402,720575940637391582,1
720575940621477402,720575940631443304,1
720575940624837927,720575940612755618,1
720575940621477402,720575940631576903,1
720575940621477402,720575940628836412,1
720575940621477402,720575940630536441,1
720575940624837927,720575940633142498,1
720575940624837927,720575940630076887,1
720575940624837927,720575940630691159,1
720575940624837927,720575940631758393,1
720575940629788012,720575940617242841,1
720575940629836087,720575940617145561,1
720575940632371737,720575940623979593,1
720575940632371737,720575940630777631,1
720575940632371737,720575940615682246,1
720575940629804544,720575940643950190,1
720575940629788012,720575940631758393,1
720575940629788012,720575940637390302,1
720575940629788012,720575940627194501,1
720575940629788012,720575940628836412,1
720575940629804544,720575940617691170,1
720575940629804544,720575940628836412,1
720575940618758178,720575940623082665,1
720575940631502509,720575940626135122,1
720575940631502509,720575940619676224,1
720575940631502509,720575940620497217,1
720575940631502509,720575940620938150,1
720575940631502509,720575940633541857,1
720575940631759161,720575940618943389,1
720575940631759161,720575940613338152,1
720575940631502509,720575940638940469,1
720575940631502509,720575940646288419,1
720575940631759161,720575940608186498,1
720575940630620747,720575940604861356,1
720575940630620747,720575940608071435,1
720575940630561484,720575940625931266,1
720575940630561484,720575940630166267,1
720575940630561484,720575940630996684,1
720575940630620747,720575940630794703,1
720575940632123439,720575940625343550,1
720575940632123439,720575940654661281,1
720575940632123439,720575940633142498,1
720575940634012015,720575940617691170,1
720575940634012015,720575940626878460,1
720575940634012015,720575940629579836,1
720575940634012015,720575940630868271,1
720575940634012015,720575940621861637,1
720575940634012015,720575940623082665,1
720575940631759161,720575940630868271,1
720575940631759161,720575940635356316,1
720575940631759161,720575940622701808,1
720575940631759161,720575940623082665,1
720575940631759161,720575940635789431,1
720575940631759161,720575940637109214,1
720575940632123439,720575940621085622,1
720575940632123439,720575940621216982,1
720575940631759161,720575940650745977,1
720575940632123439,720575940605280201,1
720575940632123439,720575940610181496,1
720575940632123439,720575940610430254,1
720575940627097733,720575940620922790,1
720575940627097733,720575940626135122,1
720575940627097733,720575940626455326,1
720575940627097733,720575940616312949,1
720575940627097733,720575940648330105,1
720575940627097733,720575940649649785,1
720575940627097733,720575940628708139,1
720575940627097733,720575940632107335,1
720575940627097733,720575940639077283,1
720575940627097733,720575940632344290,1
720575940626510211,720575940644146724,1
720575940626510211,720575940650745977,1
720575940626510211,720575940625615248,1
720575940626510211,720575940626878460,1
720575940626510211,720575940631198776,1
720575940626688893,720575940612755618,1
720575940626688893,720575940630498811,1
720575940626688893,720575940634655851,1
720575940626688893,720575940636309093,1
720575940626688893,720575940617691170,1
720575940626688893,720575940621462512,1
720575940626688893,720575940621216982,1
720575940628538679,720575940629579836,1
720575940628538679,720575940621284446,1
720575940630561484,720575940620488513,1
720575940630561484,720575940620812865,1
720575940628538679,720575940630868271,1
720575940628538679,720575940631198776,1
720575940628538679,720575940644146724,1
720575940628538679,720575940635356316,1
720575940628538679,720575940640747864,1
720575940628533356,720575940625615248,1
720575940628533356,720575940618943389,1
720575940628533356,720575940620423533,1
720575940628533356,720575940631198776,1
720575940628533356,720575940638163940,1
720575940612853354,720575940636461710,1
720575940612853354,720575940636659886,1
720575940612853354,720575940638940469,1
720575940612853354,720575940646288419,1
720575940612853354,720575940631758393,1
720575940613017059,720575940608442633,1
720575940613017059,720575940621082996,1
720575940613017059,720575940621900321,1
720575940613017059,720575940622950605,1
720575940613017059,720575940619506993,1
720575940613017059,720575940612643954,1
720575940612853354,720575940620812865,1
720575940612796786,720575940620497217,1
720575940612796786,720575940620812865,1
720575940612796786,720575940622944403,1
720575940612796786,720575940623979593,1
720575940612796786,720575940628708139,1
720575940606954114,720575940642733216,1
720575940612796786,720575940615682246,1
720575940612853354,720575940608442633,1
720575940612853354,720575940612643954,1
720575940612853354,720575940616312949,1
720575940612796786,720575940630498811,1
720575940617849920,720575940622495092,1
720575940617849920,720575940631758393,1
720575940617849920,720575940617145561,1
720575940617849920,720575940620341931,1
720575940618758178,720575940620390822,1
720575940618758178,720575940621861637,1
720575940617849920,720575940636309093,1
720575940613460034,720575940616312949,1
720575940613017059,720575940638940469,1
720575940613017059,720575940632107335,1
720575940613460034,720575940631758393,1
720575940613460034,720575940638940469,1
720575940613460034,720575940639077283,1
720575940613460034,720575940643542688,1
720575940613460034,720575940648330105,1
720575940613460034,720575940630794703,1
720575940613460034,720575940622950605,1
720575940637756349,720575940627644584,1
720575940637756349,720575940630536441,1
720575940637756349,720575940631576903,1
720575940637756349,720575940620341931,1
720575940637756349,720575940621085622,1
720575940637756349,720575940621462512,1
720575940637756349,720575940631443304,1
720575940643830126,720575940619506993,1
720575940637756349,720575940644747828,1
720575940643830126,720575940607287561,1
720575940637465054,720575940619823536,1
720575940637465054,720575940621216982,1
720575940637465054,720575940622338269,1
720575940637465054,720575940623398524,1
720575940634012015,720575940634953079,1
720575940634012015,720575940638163940,1
720575940634012015,720575940639358579,1
720575940637465054,720575940649675897,1
720575940637465054,720575940631758393,1
720575940637465054,720575940627644584,1
720575940637465054,720575940628836412,1
720575940606954114,720575940608071435,1
720575940659940225,720575940646288419,1
720575940659940225,720575940648330105,1
720575940659940225,720575940636659886,1
720575940606954114,720575940617242841,1
720575940659940225,720575940630650063,1
720575940659940225,720575940628743362,1
720575940659940225,720575940630318951,1
720575940659940225,720575940630996684,1
720575940606954114,720575940631758393,1
720575940606954114,720575940622338269,1
720575940643830126,720575940633515490,1
720575940643830126,720575940624406986,1
720575940643830126,720575940628743362,1
720575940643830126,720575940630996684,1
720575940659940225,720575940607511900,1
720575940659940225,720575940621082996,1
720575940659940225,720575940623082665,1
720575940659940225,720575940608442633,1
720575940659940225,720575940619506993,1
720575940659940225,720575940616682838,1
720575940644423204,720575940621216982,1
720575940644423204,720575940617145561,1
720575940644423204,720575940610430254,1
720575940606399068,720575940606909826,1
720575940606399068,720575940608071435,1
720575940606399068,720575940612623474,1
720575940644423204,720575940629564286,1
720575940644423204,720575940631758393,1
720575940644423204,720575940636309093,1
720575940642010056,720575940641509595,1
720575940642010056,720575940640747864,1
720575940642010056,720575940617691170,1
720575940642010056,720575940621284446,1
720575940642010056,720575940622701808,1
720575940642010056,720575940613338152,1
720575940642010056,720575940637109214,1
720575940642010056,720575940625615248,1
720575940606399068,720575940617691170,1
720575940611098517,720575940643542688,1
720575940611098517,720575940646288419,1
720575940611098517,720575940636659886,1
720575940611098517,720575940630318951,1
720575940611098517,720575940631758393,1
720575940611098517,720575940636461710,1
720575940611748594,720575940617242841,1
720575940611748594,720575940619823536,1
720575940611748594,720575940623398524,1
720575940611611378,720575940631758393,1
720575940611098517,720575940619301185,1
720575940611098517,720575940619506993,1
720575940611098517,720575940621900321,1
720575940611098517,720575940623082665,1
720575940606399068,720575940637390302,1
720575940606399068,720575940642733216,1
720575940611098517,720575940607287561,1
720575940611098517,720575940608442633,1
720575940642010056,720575940606196098,1
720575940632357284,720575940633832628,1
720575940632357284,720575940637391582,1
720575940632388138,720575940621900321,1
720575940632388138,720575940625926693,1
720575940631024682,720575940658674049,1
720575940631756136,720575940605280201,1
720575940631756136,720575940619823536,1
720575940631756136,720575940620938150,1
720575940631024682,720575940654661281,1
720575940631756136,720575940649675897,1
720575940631756136,720575940639684696,1
720575940631756136,720575940631443304,1
720575940631756136,720575940623398524,1
720575940634800759,720575940630446329,1
720575940634800759,720575940630777631,1
720575940634800759,720575940633541857,1
720575940639727861,720575940612643954,1
720575940634800759,720575940620922790,1
720575940634800759,720575940620497217,1
720575940634800759,720575940622950605,1
720575940634800759,720575940628836412,1
720575940639727861,720575940630446329,1
720575940639727861,720575940633515490,1
720575940639727861,720575940646288419,1
720575940639727861,720575940623082665,1
720575940639727861,720575940625931266,1
720575940639727861,720575940626300444,1
720575940633509471,720575940607287561,1
720575940633509471,720575940620488513,1
720575940632388138,720575940630446329,1
720575940632388138,720575940630498811,1
720575940633509471,720575940621082996,1
720575940633509471,720575940635779959,1
720575940633509471,720575940649649785,1
720575940633509471,720575940622950605,1
720575940633509471,720575940623082665,1
720575940633509471,720575940626455326,1
720575940633509471,720575940630794703,1
720575940622462472,720575940624859725,1
720575940622462472,720575940613338152,1
720575940622462472,720575940650745977,1
720575940622462472,720575940639358579,1
720575940622800653,720575940611918578,1
720575940622462472,720575940631017258,1
720575940622462472,720575940631198776,1
720575940622462472,720575940635356316,1
720575940621594723,720575940617145561,1
720575940621594723,720575940618910075,1
720575940621594723,720575940620497217,1
720575940621594723,720575940621900321,1
720575940621073117,720575940630794703,1
720575940621073117,720575940636659886,1
720575940621073117,720575940639077283,1
720575940621594723,720575940632344290,1
720575940621594723,720575940639358579,1
720575940621594723,720575940654661281,1
720575940621594723,720575940622495092,1
720575940621594723,720575940623082665,1
720575940621594723,720575940630446329,1
720575940622800653,720575940617691170,1
720575940625318163,720575940624859725,1
720575940625318163,720575940622701808,1
720575940625318163,720575940621861637,1
720575940625318163,720575940635789431,1
720575940626225173,720575940616682838,1
720575940626225173,720575940622950605,1
720575940626225173,720575940623979593,1
720575940625318163,720575940637928164,1
720575940626225173,720575940607511900,1
720575940622800653,720575940619402576,1
720575940622800653,720575940627644584,1
720575940622800653,720575940630076887,1
720575940622800653,720575940622338269,1
720575940622800653,720575940623398524,1
720575940622800653,720575940631576903,1
720575940622800653,720575940631758393,1
720575940622800653,720575940658674049,1
720575940622800653,720575940637390302,1
720575940622800653,720575940649649785,1
720575940622800653,720575940643950190,1
720575940615243020,720575940617242841,1
720575940615243020,720575940620341931,1
720575940614229159,720575940643542688,1
720575940615243020,720575940605221065,1
720575940615785228,720575940607287561,1
720575940615243020,720575940628836412,1
720575940615243020,720575940634655851,1
720575940614229159,720575940633515490,1
720575940611748594,720575940630691159,1
720575940611748594,720575940628836412,1
720575940614229159,720575940626455326,1
720575940614229159,720575940630166267,1
720575940614229159,720575940631758393,1
720575940614229159,720575940616312949,1
720575940614229159,720575940616682838,1
720575940614229159,720575940620488513,1
720575940619271384,720575940643542688,1
720575940619271384,720575940620812865,1
720575940619271384,720575940621900321,1
720575940619271384,720575940625931266,1
720575940619271384,720575940626135122,1
720575940619271384,720575940626455326,1
720575940621073117,720575940625931266,1
720575940621073117,720575940626455326,1
720575940621073117,720575940616312949,1
720575940621073117,720575940620488513,1
720575940621073117,720575940618910075,1
720575940615785228,720575940626455326,1
720575940615785228,720575940623082665,1
720575940615785228,720575940630318951,1
720575940615785228,720575940619917248,1
720575940615785228,720575940620488513,1
720575940615785228,720575940620812865,1
720575940615785228,720575940621900321,1
720575940619271384,720575940607511900,1
720575940619271384,720575940619676224,1
720575940615785228,720575940643542688,1
720575940615785228,720575940646288419,1
720575940619673936,720575940608071435,1
720575940619673936,720575940622495092,1
720575940619673936,720575940640770957,1
720575940619673936,720575940631758393,1
720575940619863174,720575940610523746,1
720575940619673936,720575940623979593,1
720575940619673936,720575940625926693,1
720575940612767126,720575940624661031,1
720575940612767126,720575940628996455,1
720575940613041123,720575940646288419,1
720575940613041123,720575940630794703,1
720575940614544034,720575940605280201,1
720575940613041123,720575940621900321,1
720575940613041123,720575940623979593,1
720575940613041123,720575940626135122,1
720575940613041123,720575940628708139,1
720575940619896581,720575940625931266,1
720575940619896581,720575940631758393,1
720575940621129181,720575940624859725,1
720575940621129181,720575940627741799,1
720575940621129181,720575940630166267,1
720575940621129181,720575940630318951,1
720575940621129181,720575940630794703,1
720575940621129181,720575940619301185,1
720575940621129181,720575940621900321,1
720575940619863174,720575940626878460,1
720575940619863174,720575940624859725,1
720575940619863174,720575940620576238,1
720575940619863174,720575940623082665,1
720575940619863174,720575940629579836,1
720575940619896581,720575940619506993,1
720575940619896581,720575940620488513,1
720575940610773714,720575940633515490,1
720575940610773714,720575940628743362,1
720575940610773714,720575940622950605,1
720575940611532949,720575940627194501,1
720575940611532949,720575940617691170,1
720575940603688224,720575940623082665,1
720575940603688224,720575940617691170,1
720575940603688224,720575940620390822,1
720575940603688224,720575940620576238,1
720575940610773714,720575940607287561,1
720575940610773714,720575940612643954,1
720575940603688224,720575940650745977,1
720575940603688224,720575940631198776,1
720575940603688224,720575940637928164,1
720575940611837809,720575940616312949,1
720575940611837809,720575940616682838,1
720575940611837809,720575940619301185,1
720575940611837809,720575940621082996,1
720575940611837809,720575940607287561,1
720575940611837809,720575940607511900,1
720575940611837809,720575940625931266,1
720575940611837809,720575940626455326,1
720575940611837809,720575940627741799,1
720575940611837809,720575940630166267,1
720575940611837809,720575940630318951,1
720575940611837809,720575940630996684,1
720575940611837809,720575940632107335,1
720575940611802330,720575940637928164,1
720575940611532949,720575940658674049,1
720575940611532949,720575940643950190,1
720575940611532949,720575940630691159,1
720575940611532949,720575940642733216,1
720575940611802330,720575940620423533,1
720575940611802330,720575940623082665,1
720575940611802330,720575940624661031,1
720575940621129181,720575940631844492,1
720575940630722757,720575940620812865,1
720575940630722757,720575940626455326,1
720575940630722757,720575940612643954,1
720575940629951292,720575940639358579,1
720575940630722757,720575940626878460,1
720575940630868013,720575940608071435,1
720575940630722757,720575940648330105,1
720575940630868013,720575940617691170,1
720575940630722757,720575940630996684,1
720575940629951292,720575940637390302,1
720575940628531308,720575940639358579,1
720575940628531308,720575940630868271,1
720575940629951292,720575940635779959,1
720575940629951292,720575940631443304,1
720575940629951292,720575940631758393,1
720575940630879533,720575940634953079,1
720575940630879533,720575940644146724,1
720575940630879533,720575940650745977,1
720575940631024682,720575940605221065,1
720575940631024682,720575940621085622,1
720575940631024682,720575940622495092,1
720575940631024682,720575940608071435,1
720575940631024682,720575940612623474,1
720575940631024682,720575940617145561,1
720575940630879533,720575940622701808,1
720575940630868013,720575940627644584,1
720575940630868013,720575940634640023,1
720575940630868013,720575940621216982,1
720575940630868013,720575940621085622,1
720575940630868013,720575940625343550,1
720575940630868013,720575940634655851,1
720575940630879533,720575940622100774,1
720575940630879533,720575940620423533,1
720575940630868013,720575940644747828,1
720575940630868013,720575940658674049,1
720575940630879533,720575940606196098,1
720575940630879533,720575940608186498,1
720575940622999944,720575940630691159,1
720575940622999944,720575940622338269,1
720575940622999944,720575940631758393,1
720575940625476708,720575940617691170,1
720575940622999944,720575940636309093,1
720575940622999944,720575940643950190,1
720575940621129181,720575940636461710,1
720575940621129181,720575940637928164,1
720575940621129181,720575940654661281,1
720575940622979475,720575940623979593,1
720575940622979475,720575940646288419,1
720575940622979475,720575940639077283,1
720575940622979475,720575940636461710,1
720575940622999944,720575940608071435,1
720575940622979475,720575940636659886,1
720575940622979475,720575940630794703,1
720575940622979475,720575940631758393,1
720575940622979475,720575940632107335,1
720575940625476708,720575940621216982,1
720575940628531308,720575940620576238,1
720575940628531308,720575940625926693,1
720575940625476708,720575940633832628,1
720575940625476708,720575940631443304,1
720575940626919409,720575940622950605,1
720575940626919409,720575940620812865,1
720575940626919409,720575940621082996,1
720575940626919409,720575940621900321,1
720575940626919409,720575940607511900,1
720575940626919409,720575940608442633,1
720575940611204323,720575940625931266,1
720575940611204323,720575940628743362,1
720575940611204323,720575940630318951,1
720575940611204323,720575940633515490,1
720575940611204323,720575940621082996,1
720575940611204323,720575940623082665,1
720575940611204323,720575940635779959,1
720575940612728466,720575940622100774,1
720575940608644654,720575940627110931,1
720575940608644654,720575940621216982,1
720575940608644654,720575940619676224,1
720575940608644654,720575940619823536,1
720575940611204323,720575940607287561,1
720575940611204323,720575940607511900,1
720575940608644654,720575940646582836,1
720575940608644654,720575940631758393,1
720575940608644654,720575940630498811,1
720575940608644654,720575940632344290,1
720575940613954769,720575940623082665,1
720575940612758934,720575940631758393,1
720575940613954769,720575940639077283,1
720575940614447922,720575940608071435,1
720575940613954769,720575940636659886,1
720575940613954769,720575940626455326,1
720575940612728466,720575940650745977,1
720575940612728466,720575940653360289,1
720575940612728466,720575940637928164,1
720575940612758934,720575940608442633,1
720575940612728466,720575940626878460,1
720575940612758934,720575940626455326,1
720575940612758934,720575940630166267,1
720575940612758934,720575940616682838,1
720575940612758934,720575940620488513,1
720575940633215339,720575940621861637,1
720575940633215339,720575940614293485,1
720575940633215339,720575940630868271,1
720575940633215339,720575940653360289,1
720575940635953343,720575940616682838,1
720575940633215339,720575940639358579,1
720575940632528671,720575940619917248,1
720575940632528671,720575940618910075,1
720575940632528671,720575940620497217,1
720575940630651223,720575940633515490,1
720575940632528671,720575940622495092,1
720575940632528671,720575940646288419,1
720575940633215339,720575940606196098,1
720575940632528671,720575940633541857,1
720575940632528671,720575940628708139,1
720575940632528671,720575940630498811,1
720575940632528671,720575940630777631,1
720575940632528671,720575940633142498,1
720575940654647457,720575940620922790,1
720575940654647457,720575940620938150,1
720575940649650041,720575940635779959,1
720575940654647457,720575940633541857,1
720575940654647457,720575940635779959,1
720575940654647457,720575940646288419,1
720575940654647457,720575940648330105,1
720575940654647457,720575940630498811,1
720575940654647457,720575940630794703,1
720575940654647457,720575940631844492,1
720575940649650041,720575940630318951,1
720575940635953343,720575940628743362,1
720575940635953343,720575940630166267,1
720575940635953343,720575940631758393,1
720575940635953343,720575940633515490,1
720575940635953343,720575940635779959,1
720575940635953343,720575940620488513,1
720575940635953343,720575940620922790,1
720575940635953343,720575940621082996,1
720575940635953343,720575940625931266,1
720575940635953343,720575940648330105,1
720575940649650041,720575940626300444,1
720575940649650041,720575940620488513,1
720575940649650041,720575940607511900,1
720575940649650041,720575940618910075,1
720575940649650041,720575940619506993,1
720575940614447922,720575940614677810,1
720575940626904561,720575940624317419,1
720575940626904561,720575940628743362,1
720575940626904561,720575940621861637,1
720575940626904561,720575940616312949,1
720575940626904561,720575940616682838,1
720575940626904561,720575940619506993,1
720575940627016859,720575940606196098,1
720575940627016859,720575940608186498,1
720575940627016859,720575940613338152,1
720575940626904561,720575940640747864,1
720575940626904561,720575940630166267,1
720575940626904561,720575940631198776,1
720575940626904561,720575940635356316,1
720575940624800188,720575940620576238,1
720575940629233145,720575940607511900,1
720575940629233145,720575940620497217,1
720575940629233145,720575940620812865,1
720575940628312049,720575940632344290,1
720575940628312049,720575940646288419,1
720575940629233145,720575940631758393,1
720575940629233145,720575940633541857,1
720575940629233145,720575940636659886,1
720575940629233145,720575940639077283,1
720575940629233145,720575940646288419,1
720575940629233145,720575940630691159,1
720575940629233145,720575940623082665,1
720575940629233145,720575940621900321,1
720575940629233145,720575940623979593,1
720575940629233145,720575940626455326,1
720575940628312049,720575940630446329,1
720575940628312049,720575940628708139,1
720575940627016859,720575940626878460,1
720575940627016859,720575940625615248,1
720575940627016859,720575940620576238,1
720575940627016859,720575940634953079,1
720575940628312049,720575940620922790,1
720575940628312049,720575940620938150,1
720575940628312049,720575940623082665,1
720575940627016859,720575940637109214,1
720575940627016859,720575940639358579,1
720575940627016859,720575940644146724,1
720575940627016859,720575940650745977,1
720575940624800188,720575940606196098,1
720575940614822506,720575940630691159,1
720575940614822506,720575940630794703,1
720575940614822506,720575940633142498,1
720575940614822506,720575940628708139,1
720575940614822506,720575940625926693,1
720575940614822506,720575940626135122,1
720575940614822506,720575940620922790,1
720575940616041913,720575940622950605,1
720575940620235968,720575940605113376,1
720575940616041913,720575940621900321,1
720575940616041913,720575940616312949,1
720575940616041913,720575940619506993,1
720575940616041913,720575940620812865,1
720575940614447922,720575940617691170,1
720575940623102396,720575940619402576,1
720575940623014328,720575940646288419,1
720575940623102396,720575940621462512,1
720575940623102396,720575940631443304,1
720575940623102396,720575940631758393,1
720575940623102396,720575940630397527,1
720575940623102396,720575940627194501,1
720575940620235968,720575940631758393,1
720575940620235968,720575940631443304,1
720575940623014328,720575940632107335,1
720575940623014328,720575940630777631,1
720575940623014328,720575940636659886,1
720575940623014328,720575940615682246,1
720575940623014328,720575940620922790,1
720575940620936870,720575940605113376,1
720575940620936870,720575940606909826,1
720575940620936870,720575940617145561,1
720575940616910310,720575940647165828,1
720575940616910310,720575940646582836,1
720575940616910310,720575940631758393,1
720575940616910310,720575940643950190,1
720575940620936870,720575940627644584,1
720575940620936870,720575940630691159,1
720575940620936870,720575940634655851,1
720575940620936870,720575940627110931,1
720575940620936870,720575940619402576,1
720575940620936870,720575940623398524,1
720575940616910310,720575940630794703,1
720575940616910310,720575940617145561,1
720575940616910310,720575940617242841,1
720575940616440098,720575940646582836,1
720575940616440098,720575940631758393,1
720575940616910310,720575940617691170,1
720575940622204157,720575940620488513,1
720575940622204157,720575940622950605,1
720575940622204157,720575940623082665,1
720575940622204157,720575940624317419,1
720575940622204157,720575940619506993,1
720575940622204157,720575940625931266,1
720575940622204157,720575940615682246,1
720575940622204157,720575940616312949,1
720575940622204157,720575940626455326,1
720575940622204157,720575940631758393,1
720575940622204157,720575940648330105,1
720575940622204157,720575940649649785,1
720575940621892829,720575940643950190,1
720575940620936870,720575940636309093,1
720575940621892829,720575940612857878,1
720575940621892829,720575940619823536,1
720575940621892829,720575940612755618,1
720575940620936870,720575940654661281,1
720575940620936870,720575940643950190,1
720575940620936870,720575940646582836,1
720575940621892829,720575940605113376,1
720575940621892829,720575940605280201,1
720575940621892829,720575940636309093,1
720575940621892829,720575940621462512,1
720575940621892829,720575940622338269,1
720575940613737647,720575940632107335,1
720575940613737647,720575940630318951,1
720575940613737647,720575940631758393,1
720575940613737647,720575940632344290,1
720575940613737647,720575940633515490,1
720575940613737647,720575940639077283,1
720575940613737647,720575940622950605,1
720575940613737647,720575940626455326,1
720575940614900886,720575940621284446,1
720575940614900886,720575940623082665,1
720575940614900886,720575940608186498,1
720575940613737647,720575940619917248,1
720575940613713704,720575940612623474,1
720575940613713704,720575940608071435,1
720575940610140378,720575940634953079,1
720575940610140378,720575940635789431,1
720575940610140378,720575940637109214,1
720575940610140378,720575940637928164,1
720575940613737647,720575940616682838,1
720575940613713704,720575940627110931,1
720575940613713704,720575940630498811,1
720575940616041913,720575940630166267,1
720575940616041913,720575940635779959,1
720575940616041913,720575940625931266,1
720575940616440098,720575940605221065,1
720575940616440098,720575940617691170,1
720575940614900886,720575940638163940,1
720575940614900886,720575940634953079,1
720575940614900886,720575940635356316,1
720575940614900886,720575940639358579,1
720575940614900886,720575940631017258,1
720575940614900886,720575940625926693,1
720575940619695809,720575940646288419,1
720575940619695809,720575940630446329,1
720575940619695809,720575940630777631,1
720575940619695809,720575940632107335,1
720575940619695809,720575940632344290,1
720575940619695809,720575940636659886,1
720575940619695809,720575940626135122,1
720575940619695809,720575940623979593,1
720575940619695809,720575940620922790,1
720575940619695809,720575940620497217,1
720575940619695809,720575940621462512,1
720575940630651223,720575940630996684,1
720575940627595848,720575940630076887,1
720575940627595848,720575940617691170,1
720575940628612112,720575940614293485,1
720575940627595848,720575940640770957,1
720575940627595848,720575940643950190,1
720575940627595848,720575940646582836,1
720575940627158098,720575940638940469,1
720575940627164242,720575940605280201,1
720575940627158098,720575940631758393,1
720575940627164242,720575940608071435,1
720575940627158098,720575940623082665,1
720575940627158098,720575940626135122,1
720575940627158098,720575940626455326,1
720575940627158098,720575940630498811,1
720575940627158098,720575940630777631,1
720575940627164242,720575940631758393,1
720575940627595848,720575940605113376,1
720575940627164242,720575940617691170,1
720575940627164242,720575940620341931,1
720575940627164242,720575940622338269,1
720575940630651223,720575940607287561,1
720575940629270060,720575940630996684,1
720575940629270060,720575940632107335,1
720575940629270060,720575940633515490,1
720575940630651223,720575940626455326,1
720575940630651223,720575940630318951,1
720575940630651223,720575940619506993,1
720575940628612112,720575940634953079,1
720575940628612112,720575940638163940,1
720575940628612112,720575940640747864,1
720575940629270060,720575940607511900,1
720575940629270060,720575940623082665,1
720575940629270060,720575940624317419,1
720575940629270060,720575940624406986,1
720575940629270060,720575940616682838,1
720575940629270060,720575940616312949,1
720575940629270060,720575940621082996,1
720575940627158098,720575940622944403,1
720575940627158098,720575940621900321,1
720575940623973961,720575940620423533,1
720575940623973961,720575940614293485,1
720575940623171847,720575940631758393,1
720575940623973961,720575940606196098,1
720575940623973961,720575940624661031,1
720575940625454640,720575940612623474,1
720575940625454640,720575940617691170,1
720575940625454640,720575940620497217,1
720575940623973961,720575940628996455,1
720575940625454640,720575940605280201,1
720575940622812003,720575940634475119,1
720575940622812003,720575940617691170,1
720575940622812003,720575940619823536,1
720575940622812003,720575940620497217,1
720575940622812003,720575940621216982,1
720575940622812003,720575940621462512,1
720575940623171847,720575940623398524,1
720575940623171847,720575940622338269,1
720575940622812003,720575940644747828,1
720575940623171847,720575940612857878,1
720575940626855171,720575940623082665,1
720575940626855171,720575940626135122,1
720575940626855171,720575940626455326,1
720575940626855171,720575940630446329,1
720575940626855171,720575940612643954,1
720575940626855171,720575940620812865,1
720575940626855171,720575940620922790,1
720575940626855171,720575940620938150,1
720575940626855171,720575940630777631,1
720575940627158098,720575940615682246,1
720575940627158098,720575940619917248,1
720575940626855171,720575940630794703,1
720575940626855171,720575940631844492,1
720575940625720341,720575940620576238,1
720575940625720341,720575940621861637,1
720575940625720341,720575940622100774,1
720575940625454640,720575940631758393,1
720575940625720341,720575940608186498,1
720575940625720341,720575940622701808,1
720575940625720341,720575940637109214,1
720575940625720341,720575940638163940,1
720575940625720341,720575940639358579,1
720575940625720341,720575940640747864,1
720575940625720341,720575940650745977,1
720575940625720341,720575940653360289,1
720575940625720341,720575940634953079,1
720575940625720341,720575940623082665,1
720575940625720341,720575940629579836,1
720575940626362696,720575940606196098,1
720575940626362696,720575940610523746,1
720575940626362696,720575940613338152,1
720575940625864964,720575940640747864,1
720575940625864964,720575940634953079,1
720575940625864964,720575940637928164,1
720575940625864964,720575940638163940,1
720575940626362696,720575940625615248,1
720575940626362696,720575940626878460,1
720575940626362696,720575940620390822,1
720575940625499153,720575940627741799,1
720575940625499153,720575940628743362,1
720575940625499153,720575940634953079,1
720575940625499153,720575940632107335,1
720575940625499153,720575940633515490,1
720575940625864964,720575940621284446,1
720575940625864964,720575940623082665,1
720575940625864964,720575940620576238,1
720575940625864964,720575940625615248,1
720575940625864964,720575940620423533,1
720575940627576488,720575940628708139,1
720575940627576488,720575940633541857,1
720575940627576488,720575940618910075,1
720575940627576488,720575940620497217,1
720575940627576488,720575940621900321,1
720575940629259638,720575940620423533,1
720575940629259638,720575940622701808,1
720575940629259638,720575940622950605,1
720575940627576488,720575940646288419,1
720575940627576488,720575940654661281,1
720575940626397565,720575940617242841,1
720575940626397565,720575940619402576,1
720575940626397565,720575940619676224,1
720575940626397565,720575940621216982,1
720575940626362696,720575940630868271,1
720575940626362696,720575940639358579,1
720575940626362696,720575940641509595,1
720575940626397565,720575940631443304,1
720575940626397565,720575940631758393,1
720575940626397565,720575940633142498,1
720575940626397565,720575940630076887,1
720575940626397565,720575940636309093,1
720575940626397565,720575940649649785,1
720575940626397565,720575940622338269,1
720575940626397565,720575940622495092,1
720575940622565887,720575940634953079,1
720575940622565887,720575940650745977,1
720575940622565887,720575940653360289,1
720575940622565887,720575940626878460,1
720575940623971819,720575940624317419,1
720575940623971819,720575940625931266,1
720575940623971819,720575940626300444,1
720575940623971819,720575940628743362,1
720575940623971819,720575940630996684,1
720575940623971819,720575940623082665,1
720575940623971819,720575940619301185,1
720575940623971819,720575940621082996,1
720575940623971819,720575940631758393,1
720575940618306112,720575940616682838,1
720575940618306112,720575940617691170,1
720575940618306112,720575940619506993,1
720575940618306112,720575940620938150,1
720575940618306112,720575940623082665,1
720575940618306112,720575940615682246,1
720575940617771521,720575940637672425,1
720575940617771521,720575940637928164,1
720575940617771521,720575940639358579,1
720575940618306112,720575940639077283,1
720575940622565887,720575940620423533,1
720575940618306112,720575940625931266,1
720575940625328915,720575940630868271,1
720575940625328915,720575940637672425,1
720575940625328915,720575940620423533,1
720575940625328915,720575940639358579,1
720575940625328915,720575940650745977,1
720575940625499153,720575940620812865,1
720575940625499153,720575940624406986,1
720575940625499153,720575940625931266,1
720575940625499153,720575940608442633,1
720575940625499153,720575940619506993,1
720575940624642492,720575940616682838,1
720575940624642492,720575940607287561,1
720575940624642492,720575940620812865,1
720575940624642492,720575940621082996,1
720575940624642492,720575940633515490,1
720575940624642492,720575940631758393,1
720575940625328915,720575940614629799,1
720575940624642492,720575940624317419,1
720575940624642492,720575940630166267,1
720575940624642492,720575940630318951,1
720575940629259638,720575940629579836,1
720575940637404750,720575940620938150,1
720575940637404750,720575940621216982,1
720575940637404750,720575940622338269,1
720575940637404750,720575940619402576,1
720575940637404750,720575940617691170,1
720575940637404750,720575940627194501,1
720575940637404750,720575940642603464,1
720575940637404750,720575940658674049,1
720575940637404750,720575940627644584,1
720575940637404750,720575940630691159,1
720575940637404750,720575940631758393,1
720575940637404750,720575940604861356,1
720575940635153294,720575940621900321,1
720575940635153294,720575940607287561,1
720575940635153294,720575940612643954,1
720575940635153294,720575940616312949,1
720575940635153294,720575940626455326,1
720575940635153294,720575940628743362,1
720575940635153294,720575940630318951,1
720575940652703393,720575940617242841,1
720575940652703393,720575940617691170,1
720575940652703393,720575940621216982,1
720575940652784289,720575940620488513,1
720575940652784289,720575940622950605,1
720575940652784289,720575940623082665,1
720575940652784289,720575940616682838,1
720575940652784289,720575940615682246,1
720575940652703393,720575940658674049,1
720575940652784289,720575940608442633,1
720575940638975285,720575940622701808,1
720575940638975285,720575940624661031,1
720575940638975285,720575940625926693,1
720575940638975285,720575940619676224,1
720575940638975285,720575940620390822,1
720575940638975285,720575940620423533,1
720575940638975285,720575940635356316,1
720575940638975285,720575940650745977,1
720575940638975285,720575940653360289,1
720575940638975285,720575940634953079,1
720575940638975285,720575940628996455,1
720575940638975285,720575940631017258,1
720575940632652077,720575940648330105,1
720575940630560505,720575940628708139,1
720575940630560505,720575940617691170,1
720575940630560505,720575940621216982,1
720575940630775891,720575940620423533,1
720575940630775891,720575940620576238,1
720575940630560505,720575940634640023,1
720575940630560505,720575940642603464,1
720575940630560505,720575940642733216,1
720575940630560505,720575940649649785,1
720575940630775891,720575940617691170,1
720575940629259638,720575940637928164,1
720575940629259638,720575940644146724,1
720575940630560505,720575940611918578,1
720575940630560505,720575940612623474,1
720575940629788983,720575940626135122,1
720575940629788983,720575940626455326,1
720575940632652077,720575940615682246,1
720575940632652077,720575940618910075,1
720575940632652077,720575940619506993,1
720575940632652077,720575940620922790,1
720575940632371040,720575940634655851,1
720575940632371040,720575940638940469,1
720575940632371040,720575940647165828,1
720575940632371040,720575940630794703,1
720575940632652077,720575940631844492,1
720575940632652077,720575940632107335,1
720575940632652077,720575940623979593,1
720575940632652077,720575940626455326,1
720575940632371040,720575940630498811,1
720575940630949187,720575940623082665,1
720575940630949187,720575940631198776,1
720575940632371040,720575940630446329,1
720575940632371040,720575940620497217,1
720575940632371040,720575940622944403,1
720575940632371040,720575940625926693,1
720575940632371040,720575940626135122,1
720575940630949187,720575940638163940,1
720575940630949187,720575940639358579,1
720575940630949187,720575940644146724,1
720575940632371040,720575940615682246,1
720575940633569784,720575940630868271,1
720575940633569784,720575940637928164,1
720575940633569784,720575940626878460,1
720575940633569784,720575940639358579,1
720575940633813785,720575940620576238,1
720575940633813785,720575940621861637,1
720575940633569784,720575940644146724,1
720575940632144813,720575940646288419,1
720575940632144813,720575940626135122,1
720575940632144813,720575940622944403,1
720575940632144813,720575940630498811,1
720575940633569784,720575940621284446,1
720575940633569784,720575940625615248,1
720575940633569784,720575940606196098,1
720575940633569784,720575940608186498,1
720575940635800431,720575940630996684,1
720575940635800431,720575940632107335,1
720575940635800431,720575940648330105,1
720575940635800431,720575940628743362,1
720575940635800431,720575940621082996,1
720575940635800431,720575940624317419,1
720575940635800431,720575940625931266,1
720575940635800431,720575940626455326,1
720575940636519598,720575940623082665,1
720575940636519598,720575940626135122,1
720575940636519598,720575940628708139,1
720575940636519598,720575940630446329,1
720575940636519598,720575940622944403,1
720575940636519598,720575940615682246,1
720575940635800431,720575940620488513,1
720575940633813785,720575940624859725,1
720575940633813785,720575940625615248,1
720575940633813785,720575940626878460,1
720575940635800431,720575940618910075,1
720575940635800431,720575940619301185,1
720575940633813785,720575940644146724,1
720575940635800431,720575940607287561,1
720575940635800431,720575940607511900,1
720575940632144813,720575940622495092,1
720575940632144813,720575940621900321,1
720575940630759507,720575940642733216,1
720575940631447363,720575940623082665,1
720575940631447363,720575940622950605,1
720575940631447363,720575940630318951,1
720575940631447363,720575940616312949,1
720575940631447363,720575940616682838,1
720575940631447363,720575940622701808,1
720575940631447363,720575940620812865,1
720575940629277687,720575940627644584,1
720575940629277687,720575940631443304,1
720575940629277687,720575940631576903,1
720575940629277687,720575940632344290,1
720575940629277687,720575940623398524,1
720575940629277687,720575940617145561,1
720575940630759507,720575940617691170,1
720575940629277687,720575940644747828,1
720575940630759507,720575940612857878,1
720575940632078929,720575940620423533,1
720575940632144813,720575940615682246,1
720575940632144813,720575940620938150,1
720575940632078929,720575940638163940,1
720575940631620921,720575940620488513,1
720575940631620921,720575940616682838,1
720575940631620921,720575940624317419,1
720575940631620921,720575940616312949,1
720575940631620921,720575940646288419,1
720575940632078929,720575940613338152,1
720575940631620921,720575940643542688,1
720575940631620921,720575940632107335,1
720575940614131131,720575940619506993,1
720575940614131131,720575940623082665,1
720575940613738415,720575940646288419,1
720575940614131131,720575940607287561,1
720575940614131131,720575940608442633,1
720575940614131131,720575940639077283,1
720575940614131131,720575940646288419,1
720575940614131131,720575940630498811,1
720575940609143672,720575940631758393,1
720575940609143672,720575940643542688,1
720575940609143672,720575940624406986,1
720575940609143672,720575940630166267,1
720575940613738415,720575940628743362,1
720575940613738415,720575940630166267,1
720575940613738415,720575940632107335,1
720575940613738415,720575940608442633,1
720575940613738415,720575940612643954,1
720575940613738415,720575940616312949,1
720575940613738415,720575940619506993,1
720575940613738415,720575940621900321,1
720575940615125307,720575940608186498,1
720575940616746123,720575940627741799,1
720575940616746123,720575940616312949,1
720575940616746123,720575940616682838,1
720575940616746123,720575940623082665,1
720575940616746123,720575940622950605,1
720575940616746123,720575940630996684,1
720575940616746123,720575940632107335,1
720575940617771521,720575940620576238,1
720575940616746123,720575940633515490,1
720575940617771521,720575940608186498,1
720575940617771521,720575940614629799,1
720575940615125307,720575940621284446,1
720575940615125307,720575940625926693,1
720575940615125307,720575940626071482,1
720575940615125307,720575940613338152,1
720575940615125307,720575940617691170,1
720575940615125307,720575940620390822,1
720575940615125307,720575940620423533,1
720575940615125307,720575940653360289,1
720575940616746123,720575940607511900,1
720575940616746123,720575940608442633,1
720575940615125307,720575940644146724,1
720575940615125307,720575940630868271,1
720575940615125307,720575940637928164,1
720575940609143672,720575940623082665,1
720575940638561102,720575940630166267,1
720575940638561102,720575940638940469,1
720575940638561102,720575940625931266,1
720575940653332385,720575940625931266,1
720575940653332385,720575940626455326,1
720575940653332385,720575940630166267,1
720575940653332385,720575940620812865,1
720575940653332385,720575940616312949,1
720575940636560730,720575940616312949,1
720575940636560730,720575940620488513,1
720575940636560730,720575940620497217,1
720575940636560730,720575940620812865,1
720575940636519598,720575940648330105,1
720575940636519598,720575940633541857,1
720575940636560730,720575940612643954,1
720575940636560730,720575940607287561,1
720575940636560730,720575940636461710,1
720575940636560730,720575940625931266,1
720575940636560730,720575940627741799,1
720575940653332385,720575940630318951,1
720575940653332385,720575940631758393,1
720575940608532675,720575940621216982,1
720575940609143672,720575940616312949,1
720575940609143672,720575940618910075,1
720575940609143672,720575940607511900,1
720575940608532675,720575940631758393,1
720575940608532675,720575940639358579,1
720575940608532675,720575940612623474,1
720575940605290441,720575940617145561,1
720575940605290441,720575940617242841,1
720575940605290441,720575940613647007,1
720575940653332385,720575940633515490,1
720575940653332385,720575940639077283,1
720575940605290441,720575940610430254,1
720575940605290441,720575940611918578,1
720575940605290441,720575940633142498,1
720575940612453603,720575940627194501,1
720575940612453603,720575940631576903,1
720575940612453603,720575940631758393,1
720575940613119459,720575940616312949,1
720575940613119459,720575940627741799,1
720575940613119459,720575940630446329,1
720575940613119459,720575940633515490,1
720575940613119459,720575940619506993,1
720575940613119459,720575940622950605,1
720575940613119459,720575940623082665,1
720575940612453603,720575940626555800,1
720575940610823010,720575940644146724,1
720575940610823010,720575940650745977,1
720575940610823010,720575940620576238,1
720575940610823010,720575940621861637,1
720575940612453603,720575940625926693,1
720575940612453603,720575940619823536,1
720575940612453603,720575940605280201,1
720575940612453603,720575940606909826,1
720575940612453603,720575940617691170,1
720575940617876048,720575940631844492,1
720575940617876048,720575940636659886,1
720575940617876048,720575940630794703,1
720575940617876048,720575940630498811,1
720575940636159039,720575940646288419,1
720575940613403458,720575940647165828,1
720575940613403458,720575940654661281,1
720575940618394453,720575940621900321,1
720575940618394453,720575940619917248,1
720575940618394453,720575940626135122,1
720575940613119459,720575940634652523,1
720575940616821393,720575940617691170,1
720575940616821393,720575940621462512,1
720575940616821393,720575940605221065,1
720575940613119459,720575940635779959,1
720575940613119459,720575940638940469,1
720575940613119459,720575940643542688,1
720575940617876048,720575940621900321,1
720575940617876048,720575940616312949,1
720575940617876048,720575940619506993,1
720575940617876048,720575940619917248,1
720575940616821393,720575940631758393,1
720575940616821393,720575940649649785,1
720575940616821393,720575940636309093,1
720575940610823010,720575940618943389,1
720575940654752417,720575940622100774,1
720575940654752417,720575940608186498,1
720575940654752417,720575940613338152,1
720575940654752417,720575940638163940,1
720575940654752417,720575940640747864,1
720575940654752417,720575940635789431,1
720575940654752417,720575940631198776,1
720575940639543715,720575940630996684,1
720575940639543715,720575940630166267,1
720575940639543715,720575940628609127,1
720575940639543715,720575940628743362,1
720575940649228665,720575940630446329,1
720575940649228665,720575940628708139,1
720575940649228665,720575940630498811,1
720575940649228665,720575940630996684,1
720575940649228665,720575940631844492,1
720575940649228665,720575940632107335,1
720575940649228665,720575940633541857,1
720575940649228665,720575940626135122,1
720575940649228665,720575940620497217,1
720575940649228665,720575940621900321,1
720575940609097058,720575940616312949,1
720575940609097058,720575940616682838,1
720575940609097058,720575940619506993,1
720575940609097058,720575940648330105,1
720575940610823010,720575940617691170,1
720575940609097058,720575940631758393,1
720575940607030281,720575940625615248,1
720575940607030281,720575940625926693,1
720575940607030281,720575940618943389,1
720575940607030281,720575940620423533,1
720575940607030281,720575940650745977,1
720575940609097058,720575940607287561,1
720575940619864912,720575940639077283,1
720575940619864912,720575940646288419,1
720575940619864912,720575940631758393,1
720575940619864912,720575940636461710,1
720575940606947714,720575940612857878,1
720575940617973021,720575940627741799,1
720575940617973021,720575940630166267,1
720575940617973021,720575940630318951,1
720575940637407209,720575940608071435,1
720575940619864912,720575940620812865,1
720575940619864912,720575940623979593,1
720575940619864912,720575940626455326,1
720575940617973021,720575940643542688,1
720575940619864912,720575940616312949,1
720575940623946988,720575940627644584,1
720575940623946988,720575940630397527,1
720575940623946988,720575940623398524,1
720575940623965513,720575940615682246,1
720575940623946988,720575940637391582,1
720575940623946988,720575940646582836,1
720575940623946988,720575940642733216,1
720575940621906345,720575940620341931,1
720575940621017921,720575940634640023,1
720575940621906345,720575940617691170,1
720575940621906345,720575940647165828,1
720575940621906345,720575940649649785,1
720575940621906345,720575940658674049,1
720575940623946988,720575940608071435,1
720575940621906345,720575940631758393,1
720575940621906345,720575940635779959,1
720575940621906345,720575940637391582,1
720575940617973021,720575940626455326,1
720575940615255090,720575940628609127,1
720575940615255090,720575940632107335,1
720575940615255090,720575940633515490,1
720575940615255090,720575940623082665,1
720575940615255090,720575940624317419,1
720575940615255090,720575940624406986,1
720575940615255090,720575940648330105,1
720575940606947714,720575940631576903,1
720575940615569723,720575940614677810,1
720575940615569723,720575940617145561,1
720575940614229758,720575940626455326,1
720575940614229758,720575940624317419,1
720575940614229758,720575940628743362,1
720575940614229758,720575940616312949,1
720575940615255090,720575940616312949,1
720575940614229758,720575940633515490,1
720575940614229758,720575940635789431,1
720575940614229758,720575940646288419,1
720575940617973021,720575940616312949,1
720575940615780353,720575940632107335,1
720575940617973021,720575940616682838,1
720575940606947714,720575940623398524,1
720575940606947714,720575940617242841,1
720575940606947714,720575940619823536,1
720575940617973021,720575940619301185,1
720575940617973021,720575940620488513,1
720575940617973021,720575940621900321,1
720575940615569723,720575940633142498,1
720575940615780353,720575940607511900,1
720575940615569723,720575940633832628,1
720575940615569723,720575940628836412,1
720575940615569723,720575940629564286,1
720575940615780353,720575940612643954,1
720575940615780353,720575940624406986,1
720575940615780353,720575940623082665,1
720575940615780353,720575940624317419,1
720575940615780353,720575940616312949,1
720575940615780353,720575940621082996,1
720575940623965513,720575940620497217,1
720575940623369668,720575940637390302,1
720575940623369668,720575940638940469,1
720575940623369668,720575940633541857,1
720575940623369668,720575940628708139,1
720575940623369668,720575940632344290,1
720575940623369668,720575940630446329,1
720575940623203012,720575940630166267,1
720575940623203012,720575940630318951,1
720575940623203012,720575940620812865,1
720575940623203012,720575940622950605,1
720575940623203012,720575940625931266,1
720575940623203012,720575940624317419,1
720575940623369668,720575940622950605,1
720575940628415079,720575940627644584,1
720575940628415079,720575940637391582,1
720575940630425119,720575940620576238,1
720575940628415079,720575940654661281,1
720575940628415079,720575940658674049,1
720575940630425119,720575940606196098,1
720575940628002822,720575940620497217,1
720575940628002822,720575940619506993,1
720575940628002822,720575940621462512,1
720575940628002822,720575940623082665,1
720575940623403773,720575940644747828,1
720575940628002822,720575940615682246,1
720575940628002822,720575940623979593,1
720575940628415079,720575940605221065,1
720575940628002822,720575940636461710,1
720575940628002822,720575940628708139,1
720575940628002822,720575940630794703,1
720575940623203012,720575940619506993,1
720575940618671495,720575940630446329,1
720575940618671495,720575940631758393,1
720575940618671495,720575940631844492,1
720575940618671495,720575940633541857,1
720575940618671495,720575940608071435,1
720575940618671495,720575940622950605,1
720575940620996621,720575940623082665,1
720575940620996621,720575940626135122,1
720575940620996621,720575940630777631,1
720575940618873723,720575940628609127,1
720575940618873723,720575940630166267,1
720575940618873723,720575940630318951,1
720575940618992449,720575940619676224,1
720575940618394453,720575940631844492,1
720575940618394453,720575940630446329,1
720575940618394453,720575940632344290,1
720575940618394453,720575940628708139,1
720575940618394453,720575940636659886,1
720575940618394453,720575940637391582,1
720575940618992449,720575940620812865,1
720575940618992449,720575940621900321,1
720575940618992449,720575940622944403,1
720575940618992449,720575940626135122,1
720575940621973018,720575940621216982,1
720575940621973018,720575940617691170,1
720575940623203012,720575940607287561,1
720575940621973018,720575940636309093,1
720575940621973018,720575940639684696,1
720575940621554968,720575940617691170,1
720575940620996621,720575940631844492,1
720575940620996621,720575940632344290,1
720575940621554968,720575940637390302,1
720575940621554968,720575940633142498,1
720575940621554968,720575940636309093,1
720575940621554968,720575940627110931,1
720575940635884911,720575940610430254,1
720575940634977893,720575940631198776,1
720575940634977893,720575940640747864,1
720575940634977893,720575940635356316,1
720575940635884911,720575940619823536,1
720575940635884911,720575940627110931,1
720575940635884911,720575940627194501,1
720575940635884911,720575940627644584,1
720575940635884911,720575940626555800,1
720575940635884911,720575940623398524,1
720575940634977893,720575940631017258,1
720575940634977893,720575940613338152,1
720575940634468463,720575940629564286,1
720575940634468463,720575940631758393,1
720575940634468463,720575940634475119,1
720575940634977893,720575940625615248,1
720575940634977893,720575940629579836,1
720575940634977893,720575940623082665,1
720575940634977893,720575940622701808,1
720575940638662352,720575940619917248,1
720575940638662352,720575940621462512,1
720575940638662352,720575940621900321,1
720575940638662352,720575940622495092,1
720575940638662352,720575940622944403,1
720575940638662352,720575940623082665,1
720575940637320381,720575940653360289,1
720575940639543715,720575940616312949,1
720575940639543715,720575940620488513,1
720575940638662352,720575940628708139,1
720575940638662352,720575940630777631,1
720575940638662352,720575940630794703,1
720575940638662352,720575940631758393,1
720575940638662352,720575940631844492,1
720575940638662352,720575940636659886,1
720575940638662352,720575940639077283,1
720575940637320381,720575940638163940,1
720575940637320381,720575940620576238,1
720575940637320381,720575940613338152,1
720575940637320381,720575940621284446,1
720575940637320381,720575940629579836,1
720575940637320381,720575940630868271,1
720575940637320381,720575940635356316,1
720575940637320381,720575940624859725,1
720575940631237433,720575940643542688,1
720575940631237433,720575940648330105,1
720575940631777567,720575940606909826,1
720575940631777567,720575940617145561,1
720575940631777567,720575940617691170,1
720575940631777567,720575940617903643,1
720575940631237433,720575940632107335,1
720575940631237433,720575940630318951,1
720575940631237433,720575940630777631,1
720575940631237433,720575940636461710,1
720575940631777567,720575940619823536,1
720575940631777567,720575940630498811,1
720575940631237433,720575940607511900,1
720575940630425119,720575940630868271,1
720575940631237433,720575940623082665,1
720575940631237433,720575940626135122,1
720575940613501855,720575940623082665,1
720575940631237433,720575940616312949,1
720575940632736045,720575940623398524,1
720575940632736045,720575940622495092,1
720575940632736045,720575940612755618,1
720575940632736045,720575940621216982,1
720575940632736045,720575940617691170,1
720575940632736045,720575940619823536,1
720575940632736045,720575940620341931,1
720575940632229788,720575940648330105,1
720575940634468463,720575940619676224,1
720575940634468463,720575940617903643,1
720575940632736045,720575940642603464,1
720575940634468463,720575940605221065,1
720575940634468463,720575940610430254,1
720575940632229788,720575940616682838,1
720575940632229788,720575940619301185,1
720575940632229788,720575940620812865,1
720575940632229788,720575940621082996,1
720575940631777567,720575940639684696,1
720575940631777567,720575940643950190,1
720575940631777567,720575940644747828,1
720575940632229788,720575940635779959,1
720575940632229788,720575940631758393,1
720575940632229788,720575940632107335,1
720575940632229788,720575940624317419,1
720575940628147718,720575940622338269,1
720575940628147718,720575940623398524,1
720575940628147718,720575940627110931,1
720575940628147718,720575940628708139,1
720575940629507706,720575940608186498,1
720575940629507706,720575940628996455,1
720575940629507706,720575940629579836,1
720575940629507706,720575940617691170,1
720575940628147718,720575940621462512,1
720575940627157008,720575940616312949,1
720575940627157008,720575940618910075,1
720575940627157008,720575940619506993,1
720575940627157008,720575940620488513,1
720575940627157008,720575940626455326,1
720575940627157008,720575940607287561,1
720575940628147718,720575940617242841,1
720575940628147718,720575940612623474,1
720575940628147718,720575940610430254,1
720575940627157008,720575940628743362,1
720575940627157008,720575940630794703,1
720575940627157008,720575940648330105,1
720575940631432403,720575940622950605,1
720575940631432403,720575940620812865,1
720575940631432403,720575940616682838,1
720575940631432403,720575940607511900,1
720575940631775032,720575940608442633,1
720575940631019468,720575940648330105,1
720575940629507706,720575940637672425,1
720575940631019468,720575940619301185,1
720575940631019468,720575940623082665,1
720575940631019468,720575940616682838,1
720575940629507706,720575940640747864,1
720575940631019468,720575940607511900,1
720575940631019468,720575940630166267,1
720575940631019468,720575940640747864,1
720575940631019468,720575940624317419,1
720575940631019468,720575940626455326,1
720575940631019468,720575940628609127,1
720575940631019468,720575940628743362,1
720575940623315347,720575940617691170,1
720575940622836455,720575940638163940,1
720575940622836455,720575940623082665,1
720575940622836455,720575940624661031,1
720575940622836455,720575940626071482,1
720575940622836455,720575940630868271,1
720575940622836455,720575940620423533,1
720575940623315347,720575940630397527,1
720575940623315347,720575940621085622,1
720575940623315347,720575940643950190,1
720575940621920452,720575940641509595,1
720575940622412838,720575940608186498,1
720575940621920452,720575940625926693,1
720575940622412838,720575940631198776,1
720575940622412838,720575940637672425,1
720575940622412838,720575940637928164,1
720575940622412838,720575940623082665,1
720575940622412838,720575940626878460,1
720575940626403400,720575940630318951,1
720575940625486692,720575940646582836,1
720575940625486692,720575940654661281,1
720575940626403400,720575940607287561,1
720575940625486692,720575940622338269,1
720575940626403400,720575940624317419,1
720575940626403400,720575940624406986,1
720575940626403400,720575940628743362,1
720575940626403400,720575940616682838,1
720575940623914954,720575940620341931,1
720575940623315347,720575940649649785,1
720575940623914954,720575940605221065,1
720575940623914954,720575940612857878,1
720575940625486692,720575940605221065,1
720575940625486692,720575940619402576,1
720575940623914954,720575940631758393,1
720575940623914954,720575940637390302,1
720575940631775032,720575940616682838,1
720575940605792434,720575940622950605,1
720575940605792434,720575940623082665,1
720575940605792434,720575940624317419,1
720575940605792434,720575940620812865,1
720575940605792434,720575940619917248,1
720575940605792434,720575940616682838,1
720575940605792434,720575940625931266,1
720575940605792434,720575940638940469,1
720575940605792434,720575940648330105,1
720575940605792434,720575940626300444,1
720575940605792434,720575940628743362,1
720575940605792434,720575940630318951,1
720575940605792434,720575940631758393,1
720575940649691513,720575940616312949,1
720575940649691513,720575940619301185,1
720575940649691513,720575940619917248,1
720575940649691513,720575940620488513,1
720575940645236078,720575940648330105,1
720575940645236078,720575940637109214,1
720575940649691513,720575940607287561,1
720575940649691513,720575940607511900,1
720575940649691513,720575940631758393,1
720575940649691513,720575940630794703,1
720575940649691513,720575940623082665,1
720575940649691513,720575940627741799,1
720575940649691513,720575940628743362,1
720575940606579465,720575940606196098,1
720575940606783362,720575940630446329,1
720575940606783362,720575940631758393,1
720575940606783362,720575940631844492,1
720575940606783362,720575940633541857,1
720575940610140378,720575940626878460,1
720575940610140378,720575940631017258,1
720575940610140378,720575940631198776,1
720575940610140378,720575940625615248,1
720575940610140378,720575940623082665,1
720575940606579465,720575940608186498,1
720575940606579465,720575940631198776,1
720575940606579465,720575940637672425,1
720575940606579465,720575940623082665,1
720575940606579465,720575940639358579,1
720575940606579465,720575940617691170,1
720575940606579465,720575940638163940,1
720575940606783362,720575940621861637,1
720575940606783362,720575940621900321,1
720575940606783362,720575940623979593,1
720575940606783362,720575940625926693,1
720575940606579465,720575940644146724,1
720575940632465945,720575940630166267,1
720575940632465945,720575940630996684,1
720575940632465945,720575940625931266,1
720575940632465945,720575940626455326,1
720575940635110286,720575940619823536,1
720575940632465945,720575940648330105,1
720575940631775032,720575940630318951,1
720575940631775032,720575940625931266,1
720575940631775032,720575940633515490,1
720575940631775032,720575940621082996,1
720575940631775032,720575940624317419,1
720575940632465945,720575940616682838,1
720575940631775032,720575940635779959,1
720575940631775032,720575940646288419,1
720575940645236078,720575940610430254,1
720575940645236078,720575940612643954,1
720575940642162573,720575940635779959,1
720575940645236078,720575940626455326,1
720575940645236078,720575940628743362,1
720575940645236078,720575940631758393,1
720575940645236078,720575940619917248,1
720575940642162573,720575940631758393,1
720575940642162573,720575940630996684,1
720575940635110286,720575940639358579,1
720575940635110286,720575940644747828,1
720575940642162573,720575940612643954,1
720575940635110286,720575940626555800,1
720575940635110286,720575940630536441,1
720575940635110286,720575940631443304,1
720575940635110286,720575940631758393,1
720575940642162573,720575940627741799,1
720575940642162573,720575940630166267,1
720575940642162573,720575940624317419,1
720575940642162573,720575940620488513,1
720575940642162573,720575940620812865,1
720575940631603267,720575940630794703,1
720575940629921398,720575940630076887,1
720575940629921398,720575940631443304,1
720575940629921398,720575940631576903,1
720575940646646148,720575940608186498,1
720575940630399995,720575940621900321,1
720575940630399995,720575940622944403,1
720575940630399995,720575940620497217,1
720575940630399995,720575940626135122,1
720575940630399995,720575940619917248,1
720575940629855340,720575940627644584,1
720575940629855340,720575940635779959,1
720575940629855340,720575940617691170,1
720575940629921398,720575940617691170,1
720575940629921398,720575940611918578,1
720575940629855340,720575940637390302,1
720575940629921398,720575940605280201,1
720575940605171121,720575940630536441,1
720575940631603267,720575940617242841,1
720575940646646148,720575940617691170,1
720575940630450852,720575940636461710,1
720575940605171121,720575940627644584,1
720575940631603267,720575940628708139,1
720575940646646148,720575940620390822,1
720575940631603267,720575940619917248,1
720575940631603267,720575940620938150,1
720575940631603267,720575940621900321,1
720575940605171121,720575940644747828,1
720575940630399995,720575940630650063,1
720575940630399995,720575940632107335,1
720575940630399995,720575940636461710,1
720575940630399995,720575940646288419,1
720575940646646148,720575940613338152,1
720575940630450852,720575940619506993,1
720575940630450852,720575940620497217,1
720575940630450852,720575940626455326,1
720575940630450852,720575940630318951,1
720575940630450852,720575940630777631,1
720575940630450852,720575940630794703,1
720575940630450852,720575940620938150,1
720575940637407209,720575940654661281,1
720575940624601236,720575940621082996,1
720575940624601236,720575940619506993,1
720575940624601236,720575940624317419,1
720575940637407209,720575940647165828,1
720575940624601236,720575940630318951,1
720575940606515292,720575940630076887,1
720575940623965513,720575940626135122,1
720575940623965513,720575940621462512,1
720575940623965513,720575940621900321,1
720575940637407209,720575940633832628,1
720575940623965513,720575940638940469,1
720575940623965513,720575940636461710,1
720575940623965513,720575940630794703,1
720575940623965513,720575940631576903,1
720575940623965513,720575940631758393,1
720575940623965513,720575940632107335,1
720575940624601236,720575940633515490,1
720575940627964204,720575940627110931,1
720575940627964204,720575940613647007,1
720575940627964204,720575940605221065,1
720575940627295802,720575940636659886,1
720575940628433511,720575940627194501,1
720575940629855340,720575940608071435,1
720575940627964204,720575940634475119,1
720575940606515292,720575940619823536,1
720575940627295802,720575940612643954,1
720575940606515292,720575940621085622,1
720575940627295802,720575940616682838,1
720575940624601236,720575940643542688,1
720575940627295802,720575940616312949,1
720575940627295802,720575940626455326,1
720575940627295802,720575940628743362,1
720575940627295802,720575940630318951,1
720575940627295802,720575940619917248,1
720575940627295802,720575940623082665,1
720575940619895329,720575940629564286,1
720575940619895329,720575940644747828,1
720575940620608238,720575940622495092,1
720575940620608238,720575940610430254,1
720575940620608238,720575940617691170,1
720575940609163986,720575940633541857,1
720575940609163986,720575940636659886,1
720575940609163986,720575940639077283,1
720575940609163986,720575940632344290,1
720575940636159039,720575940632107335,1
720575940609163986,720575940630794703,1
720575940613403458,720575940627194501,1
720575940613403458,720575940621216982,1
720575940613403458,720575940622338269,1
720575940613403458,720575940619676224,1
720575940613403458,720575940610430254,1
720575940613403458,720575940612623474,1
720575940613403458,720575940612857878,1
720575940613403458,720575940619402576,1
720575940613403458,720575940617691170,1
720575940621491696,720575940631758393,1
720575940621491696,720575940636309093,1
720575940621491696,720575940640770957,1
720575940621491696,720575940642603464,1
720575940621491696,720575940627110931,1
720575940621491696,720575940627644584,1
720575940621920452,720575940621861637,1
720575940621163636,720575940617691170,1
720575940621163636,720575940621462512,1
720575940621163636,720575940623398524,1
720575940620608238,720575940633142498,1
720575940621491696,720575940621216982,1
720575940621163636,720575940634655851,1
720575940621163636,720575940631198776,1
720575940609163986,720575940623979593,1
720575940646646148,720575940624661031,1
720575940646646148,720575940624859725,1
720575940633034336,720575940630996684,1
720575940605171121,720575940617691170,1
720575940633034336,720575940630166267,1
720575940633034336,720575940628743362,1
720575940635033701,720575940625931266,1
720575940635033701,720575940626455326,1
720575940635033701,720575940627741799,1
720575940635033701,720575940607511900,1
720575940635033701,720575940616312949,1
720575940635033701,720575940619301185,1
720575940635033701,720575940619506993,1
720575940631603267,720575940649649785,1
720575940631603267,720575940646288419,1
720575940633034336,720575940607287561,1
720575940633034336,720575940607511900,1
720575940605171121,720575940621216982,1
720575940646646148,720575940620423533,1
720575940631603267,720575940632344290,1
720575940646646148,720575940623082665,1
720575940633034336,720575940624317419,1
720575940633034336,720575940620812865,1
720575940633034336,720575940621082996,1
720575940633034336,720575940623082665,1
720575940605171121,720575940619676224,1
720575940605171121,720575940619823536,1
720575940633034336,720575940616682838,1
720575940635033701,720575940630318951,1
720575940606968450,720575940639358579,1
720575940606968450,720575940637928164,1
720575940606968450,720575940638163940,1
720575940606968450,720575940644146724,1
720575940606968450,720575940631198776,1
720575940609163986,720575940621900321,1
720575940609163986,720575940622950605,1
720575940609163986,720575940623082665,1
720575940609163986,720575940619506993,1
720575940636159039,720575940616312949,1
720575940636159039,720575940607287561,1
720575940606968450,720575940620423533,1
720575940606968450,720575940626878460,1
720575940606968450,720575940623082665,1
720575940606968450,720575940624661031,1
720575940606968450,720575940624859725,1
720575940614551954,720575940632107335,1
720575940614551954,720575940633515490,1
720575940614551954,720575940643542688,1
720575940617321243,720575940626878460,1
720575940617321243,720575940650745977,1
720575940618266491,720575940605221065,1
720575940618266491,720575940606909826,1
720575940617321243,720575940630868271,1
720575940617321243,720575940635356316,1
720575940614551954,720575940630318951,1
720575940614551954,720575940630166267,1
720575940611129571,720575940633142498,1
720575940611129571,720575940617242841,1
720575940611129571,720575940617691170,1
720575940614551954,720575940607287561,1
720575940614551954,720575940607511900,1
720575940614551954,720575940608442633,1
720575940614551954,720575940616312949,1
720575940618266491,720575940617691170,1
720575940619054027,720575940634652523,1
720575940619054027,720575940630868271,1
720575940619054027,720575940634953079,1
720575940619054027,720575940635356316,1
720575940619054027,720575940624859725,1
720575940619054027,720575940650745977,1
720575940619054027,720575940623082665,1
720575940619744960,720575940623398524,1
720575940619744960,720575940627110931,1
720575940619744960,720575940627194501,1
720575940619744960,720575940608071435,1
720575940619744960,720575940611918578,1
720575940619744960,720575940612623474,1
720575940618266491,720575940619402576,1
720575940618266491,720575940630076887,1
720575940619054027,720575940622100774,1
720575940618266491,720575940639358579,1
720575940618266491,720575940654661281,1
720575940618266491,720575940642733216,1
720575940618266491,720575940646582836,1
720575940618266491,720575940647165828,1
720575940618266491,720575940649675897,1
720575940619054027,720575940608186498,1
720575940604630496,720575940623082665,1
720575940604630496,720575940624661031,1
720575940604630496,720575940626878460,1
720575940604630496,720575940638163940,1
720575940604630496,720575940644146724,1
720575940604630496,720575940650745977,1
720575940604860332,720575940605221065,1
720575940604860332,720575940611918578,1
720575940604860332,720575940612857878,1
720575940604630496,720575940635356316,1
720575940604630496,720575940630868271,1
720575940604630496,720575940631017258,1
720575940604630496,720575940631198776,1
720575940639056061,720575940617242841,1
720575940639056061,720575940617691170,1
720575940639056061,720575940619402576,1
720575940639056061,720575940620341931,1
720575940639056061,720575940621216982,1
720575940639056061,720575940608071435,1
720575940639056061,720575940612755618,1
720575940604630496,720575940608186498,1
720575940639056061,720575940630446329,1
720575940639056061,720575940631758393,1
720575940639056061,720575940636309093,1
720575940639056061,720575940639684696,1
720575940639056061,720575940628836412,1
720575940639056061,720575940623398524,1
720575940610167987,720575940617691170,1
720575940606892162,720575940629579836,1
720575940606892162,720575940635356316,1
720575940610167987,720575940631198776,1
720575940610167987,720575940634953079,1
720575940610167987,720575940635356316,1
720575940610167987,720575940622701808,1
720575940610167987,720575940620576238,1
720575940610167987,720575940621284446,1
720575940604860332,720575940637390302,1
720575940604860332,720575940639684696,1
720575940604860332,720575940642733216,1
720575940604860332,720575940621216982,1
720575940604860332,720575940623979593,1
720575940604860332,720575940627110931,1
720575940606892162,720575940620576238,1
720575940606892162,720575940617691170,1
720575940626548234,720575940619402576,1
720575940626582842,720575940614677810,1
720575940626582842,720575940617691170,1
720575940626582842,720575940619823536,1
720575940626582842,720575940621462512,1
720575940626002494,720575940636461710,1
720575940626002494,720575940630794703,1
720575940626002494,720575940630777631,1
720575940625331006,720575940631576903,1
720575940625331006,720575940631758393,1
720575940625331006,720575940637390302,1
720575940625331006,720575940627644584,1
720575940625331006,720575940639358579,1
720575940625331006,720575940644747828,1
720575940626002494,720575940623082665,1
720575940626002494,720575940615682246,1
720575940625655464,720575940631222841,1
720575940629733314,720575940624859725,1
720575940629733314,720575940625615248,1
720575940629733314,720575940629579836,1
720575940629733314,720575940631198776,1
720575940629733314,720575940617691170,1
720575940629733314,720575940613338152,1
720575940631694137,720575940616682838,1
720575940631694137,720575940623082665,1
720575940631694137,720575940607287561,1
720575940629733314,720575940635356316,1
720575940629733314,720575940635789431,1
720575940629733314,720575940650745977,1
720575940629733314,720575940653360289,1
720575940628685059,720575940605113376,1
720575940626582842,720575940631758393,1
720575940629733314,720575940610523746,1
720575940628685059,720575940622338269,1
720575940628685059,720575940619402576,1
720575940628685059,720575940620497217,1
720575940620923980,720575940628609127,1
720575940620923980,720575940630166267,1
720575940620923980,720575940630318951,1
720575940620923980,720575940634652523,1
720575940620923980,720575940626878460,1
720575940620923980,720575940621082996,1
720575940620923980,720575940623082665,1
720575940620923980,720575940624406986,1
720575940621802751,720575940607287561,1
720575940621802751,720575940607511900,1
720575940621802751,720575940612643954,1
720575940620923980,720575940619917248,1
720575940620713129,720575940621462512,1
720575940620713129,720575940623398524,1
720575940620713129,720575940612623474,1
720575940619744960,720575940639684696,1
720575940620713129,720575940608071435,1
720575940620923980,720575940616312949,1
720575940620923980,720575940618910075,1
720575940620923980,720575940608442633,1
720575940620713129,720575940634655851,1
720575940620713129,720575940642603464,1
720575940620713129,720575940644747828,1
720575940622594601,720575940630691159,1
720575940622594601,720575940633142498,1
720575940622594601,720575940636309093,1
720575940622594601,720575940627644584,1
720575940623030015,720575940612643954,1
720575940625331006,720575940617691170,1
720575940623030015,720575940639077283,1
720575940623030015,720575940621900321,1
720575940623030015,720575940621082996,1
720575940623030015,720575940623082665,1
720575940623030015,720575940627741799,1
720575940622594601,720575940622495092,1
720575940621802751,720575940631758393,1
720575940621802751,720575940630996684,1
720575940621802751,720575940624406986,1
720575940621802751,720575940626455326,1
720575940621802751,720575940628743362,1
720575940621802751,720575940630166267,1
720575940621802751,720575940630777631,1
720575940621802751,720575940646288419,1
720575940622594601,720575940608071435,1
720575940622594601,720575940610430254,1
720575940619731392,720575940624859725,1
720575940619731392,720575940618943389,1
720575940619994759,720575940619676224,1
720575940619994759,720575940621085622,1
720575940619731392,720575940638163940,1
720575940619731392,720575940644146724,1
720575940619731392,720575940617691170,1
720575940619722576,720575940606909826,1
720575940619705983,720575940633832628,1
720575940619722576,720575940617691170,1
720575940619705983,720575940633142498,1
720575940619705983,720575940631758393,1
720575940619731392,720575940613338152,1
720575940619731392,720575940614293485,1
720575940619722576,720575940631576903,1
720575940621471732,720575940627644584,1
720575940621471732,720575940625343550,1
720575940621471732,720575940617242841,1
720575940622050186,720575940626555800,1
720575940622050186,720575940622338269,1
720575940622050186,720575940622495092,1
720575940622050186,720575940621216982,1
720575940621471732,720575940631758393,1
720575940621471732,720575940633832628,1
720575940622050186,720575940605221065,1
720575940622050186,720575940608071435,1
720575940622050186,720575940617691170,1
720575940619994759,720575940639684696,1
720575940621413670,720575940616682838,1
720575940621413670,720575940631758393,1
720575940621413670,720575940646288419,1
720575940621471732,720575940610430254,1
720575940621413670,720575940620497217,1
720575940621413670,720575940620922790,1
720575940621413670,720575940630794703,1
720575940621413670,720575940630691159,1
720575940617855133,720575940642733216,1
720575940617855133,720575940654661281,1
720575940617911360,720575940617691170,1
720575940617855133,720575940626455326,1
720575940617855133,720575940631758393,1
720575940617855133,720575940634640023,1
720575940617911360,720575940634953079,1
720575940617911360,720575940625615248,1
720575940614428722,720575940650745977,1
720575940614428722,720575940638163940,1
720575940614428722,720575940631017258,1
720575940614428722,720575940635356316,1
720575940617478427,720575940620576238,1
720575940617855133,720575940617691170,1
720575940617855133,720575940622338269,1
720575940617855133,720575940612623474,1
720575940617478427,720575940637109214,1
720575940617855133,720575940610430254,1
720575940618841910,720575940606909826,1
720575940619055969,720575940613338152,1
720575940619705983,720575940605113376,1
720575940619705983,720575940619402576,1
720575940619055969,720575940634953079,1
720575940617834560,720575940647165828,1
720575940617834560,720575940621085622,1
720575940618841910,720575940627194501,1
720575940617834560,720575940644747828,1
720575940617834560,720575940636309093,1
720575940617834560,720575940623398524,1
720575940629671491,720575940620812865,1
720575940629671491,720575940623082665,1
720575940629671491,720575940624317419,1
720575940629671491,720575940607287561,1
720575940629671491,720575940612643954,1
720575940629671491,720575940627741799,1
720575940629967756,720575940617691170,1
720575940629967756,720575940623398524,1
720575940629671491,720575940632107335,1
720575940629671491,720575940635789431,1
720575940629671491,720575940643542688,1
720575940627552168,720575940631758393,1
720575940629522474,720575940638163940,1
720575940629522474,720575940634953079,1
720575940629522474,720575940635356316,1
720575940629522474,720575940620390822,1
720575940629522474,720575940618943389,1
720575940629522474,720575940622701808,1
720575940629522474,720575940623082665,1
720575940629967756,720575940627644584,1
720575940632725459,720575940607287561,1
720575940631782447,720575940643542688,1
720575940632725459,720575940608442633,1
720575940632725459,720575940616312949,1
720575940631782447,720575940623082665,1
720575940631782447,720575940630318951,1
720575940631782447,720575940632107335,1
720575940632725459,720575940631758393,1
720575940632725459,720575940635779959,1
720575940632725459,720575940619506993,1
720575940632725459,720575940620488513,1
720575940632725459,720575940622950605,1
720575940632725459,720575940626455326,1
720575940632725459,720575940628743362,1
720575940629967756,720575940635779959,1
720575940631754527,720575940616643924,1
720575940631782447,720575940619506993,1
720575940631754527,720575940630498811,1
720575940631754527,720575940630794703,1
720575940631754527,720575940631758393,1
720575940631754527,720575940635779959,1
720575940624989214,720575940631758393,1
720575940624989214,720575940624317419,1
720575940624989214,720575940627741799,1
720575940624989214,720575940628743362,1
720575940625163139,720575940616312949,1
720575940623776437,720575940620576238,1
720575940623776437,720575940621284446,1
720575940623776437,720575940621861637,1
720575940622050186,720575940643950190,1
720575940622050186,720575940633142498,1
720575940623776437,720575940624859725,1
720575940623776437,720575940650745977,1
720575940623776437,720575940626878460,1
720575940623776437,720575940635356316,1
720575940623776437,720575940639358579,1
720575940626394609,720575940636309093,1
720575940626394609,720575940627110931,1
720575940626394609,720575940627644584,1
720575940626394609,720575940642733216,1
720575940626394609,720575940612623474,1
720575940626394609,720575940623398524,1
720575940627552168,720575940611918578,1
720575940627552168,720575940617145561,1
720575940627552168,720575940617691170,1
720575940626394609,720575940606909826,1
720575940626394609,720575940605280201,1
720575940625600048,720575940607511900,1
720575940625163139,720575940646288419,1
720575940625600048,720575940619301185,1
720575940625163139,720575940630166267,1
720575940625163139,720575940631758393,1
720575940625600048,720575940620488513,1
720575940625600048,720575940633515490,1
720575940625600048,720575940648330105,1
720575940625600048,720575940625931266,1
720575940625600048,720575940627741799,1
720575940631694137,720575940624406986,1
720575940632728476,720575940627194501,1
720575940634078200,720575940633832628,1
720575940634078200,720575940608071435,1
720575940634078200,720575940610430254,1
720575940634078200,720575940612623474,1
720575940634078200,720575940617145561,1
720575940634430103,720575940627644584,1
720575940634430103,720575940630536441,1
720575940634430103,720575940605113376,1
720575940634430103,720575940617691170,1
720575940632728476,720575940642733216,1
720575940632728476,720575940631758393,1
720575940632728476,720575940633142498,1
720575940632728476,720575940634655851,1
720575940633224555,720575940617145561,1
720575940633224555,720575940626135122,1
720575940633224555,720575940628708139,1
720575940633224555,720575940632107335,1
720575940633224555,720575940633541857,1
720575940633224555,720575940620497217,1
720575940633224555,720575940619917248,1
720575940633224555,720575940620922790,1
720575940633224555,720575940620938150,1
720575940633224555,720575940621900321,1
720575940633224555,720575940623082665,1
720575940634430103,720575940658674049,1
720575940604997152,720575940608071435,1
720575940604997152,720575940612623474,1
720575940604997152,720575940612857878,1
720575940604997152,720575940619823536,1
720575940636898281,720575940630536441,1
720575940636898281,720575940630076887,1
720575940636898281,720575940630498811,1
720575940636898281,720575940631758393,1
720575940604997152,720575940647165828,1
720575940604997152,720575940631576903,1
720575940634975851,720575940622100774,1
720575940634975851,720575940617691170,1
720575940636898281,720575940623398524,1
720575940636898281,720575940617242841,1
720575940634975851,720575940637391582,1
720575940636898281,720575940610430254,1
720575940629108094,720575940635779959,1
720575940630067816,720575940624859725,1
720575940630067816,720575940626878460,1
720575940630067816,720575940618943389,1
720575940630067816,720575940620423533,1
720575940630067816,720575940620576238,1
720575940628689963,720575940625615248,1
720575940628689963,720575940644146724,1
720575940629108094,720575940605280201,1
720575940629108094,720575940610430254,1
720575940630067816,720575940635356316,1
720575940631625272,720575940623398524,1
720575940631425235,720575940650745977,1
720575940631425235,720575940641509595,1
720575940632728476,720575940625343550,1
720575940631625272,720575940630691159,1
720575940631625272,720575940646582836,1
720575940632728476,720575940605280201,1
720575940631425235,720575940617691170,1
720575940631425235,720575940620576238,1
720575940631425235,720575940621284446,1
720575940631425235,720575940613338152,1
720575940630067816,720575940637109214,1
720575940631425235,720575940621861637,1
720575940631425235,720575940629579836,1
720575940631425235,720575940630868271,1
720575940631425235,720575940631198776,1
720575940631425235,720575940626878460,1
720575940618776833,720575940631758393,1
720575940617856340,720575940646582836,1
720575940619954091,720575940623398524,1
720575940619954091,720575940625926693,1
720575940619954091,720575940627110931,1
720575940619954091,720575940627194501,1
720575940619954091,720575940627390507,1
720575940618776833,720575940658674049,1
720575940619954091,720575940605113376,1
720575940619060321,720575940641509595,1
720575940619060321,720575940634652523,1
720575940619060321,720575940635356316,1
720575940617856340,720575940612857878,1
720575940619060321,720575940630868271,1
720575940617856340,720575940631758393,1
720575940617856340,720575940619823536,1
720575940619954091,720575940627644584,1
720575940621044701,720575940647165828,1
720575940621504269,720575940606909826,1
720575940621044701,720575940619402576,1
720575940621504269,720575940626555800,1
720575940621504269,720575940627390507,1
720575940621504269,720575940627644584,1
720575940621504269,720575940628836412,1
720575940621504269,720575940632344290,1
720575940621504269,720575940617242841,1
720575940621504269,720575940617691170,1
720575940621504269,720575940620938150,1
720575940619954091,720575940644747828,1
720575940619954091,720575940649649785,1
720575940620451916,720575940617691170,1
720575940619954091,720575940630397527,1
720575940619954091,720575940631576903,1
720575940619954091,720575940636309093,1
720575940620451916,720575940620341931,1
720575940620451916,720575940646582836,1
720575940621044701,720575940611918578,1
720575940620451916,720575940627644584,1
720575940613563187,720575940630868271,1
720575940613563187,720575940622100774,1
720575940613867682,720575940620497217,1
720575940613867682,720575940621462512,1
720575940611704813,720575940623082665,1
720575940611704813,720575940629579836,1
720575940613563187,720575940618943389,1
720575940613563187,720575940610523746,1
720575940613563187,720575940620423533,1
720575940617865280,720575940621216982,1
720575940617865280,720575940610430254,1
720575940617865280,720575940616643924,1
720575940619060321,720575940606196098,1
720575940614778454,720575940631758393,1
720575940613867682,720575940642733216,1
720575940613867682,720575940636309093,1
720575940613867682,720575940631443304,1
720575940614778454,720575940628836412,1
720575940614778454,720575940621085622,1
720575940614778454,720575940623398524,1
720575940612714671,720575940621085622,1
720575940609226702,720575940649675897,1
720575940612714671,720575940608071435,1
720575940612714671,720575940617691170,1
720575940612714671,720575940611918578,1
720575940613258975,720575940607511900,1
720575940613258975,720575940608442633,1
720575940613258975,720575940616682838,1
720575940612714671,720575940628836412,1
720575940607978820,720575940623398524,1
720575940607978820,720575940621216982,1
720575940607978820,720575940620341931,1
720575940639158480,720575940638940469,1
720575940607978820,720575940611918578,1
720575940607978820,720575940619823536,1
720575940609226702,720575940617691170,1
720575940609226702,720575940631758393,1
720575940607978820,720575940639358579,1
720575940616547648,720575940618943389,1
720575940613690031,720575940654661281,1
720575940616885298,720575940621462512,1
720575940616885298,720575940630691159,1
720575940613690031,720575940630446329,1
720575940613258975,720575940628743362,1
720575940613258975,720575940630498811,1
720575940613258975,720575940630996684,1
720575940613258975,720575940632107335,1
720575940613258975,720575940620922790,1
720575940613258975,720575940621082996,1
720575940613690031,720575940619917248,1
720575940613690031,720575940620922790,1
720575940613258975,720575940648330105,1
720575940613690031,720575940610430254,1
720575940613690031,720575940617242841,1
720575940639158480,720575940633541857,1
720575940632668973,720575940623398524,1
720575940632668973,720575940631758393,1
720575940632668973,720575940608071435,1
720575940632668973,720575940617691170,1
720575940632668973,720575940621216982,1
720575940632668973,720575940620341931,1
720575940632668973,720575940621085622,1
720575940632668973,720575940636309093,1
720575940632927405,720575940620938150,1
720575940632668973,720575940637390302,1
720575940632668973,720575940639684696,1
720575940632357984,720575940605280201,1
720575940632357984,720575940610430254,1
720575940632357984,720575940617242841,1
720575940632357984,720575940617691170,1
720575940631694137,720575940625931266,1
720575940631694137,720575940626455326,1
720575940631694137,720575940628743362,1
720575940631694137,720575940633515490,1
720575940632357984,720575940620341931,1
720575940632357984,720575940635779959,1
720575940632357984,720575940630536441,1
720575940632357984,720575940627110931,1
720575940636553306,720575940630868271,1
720575940636553306,720575940635356316,1
720575940636553306,720575940639358579,1
720575940636553306,720575940623082665,1
720575940636553306,720575940624859725,1
720575940636553306,720575940641509595,1
720575940639158480,720575940623979593,1
720575940639158480,720575940630777631,1
720575940639158480,720575940630794703,1
720575940639158480,720575940632107335,1
720575940639158480,720575940621900321,1
720575940636553306,720575940644146724,1
720575940639158480,720575940620922790,1
720575940639158480,720575940615682246,1
720575940639158480,720575940619506993,1
720575940636553306,720575940620423533,1
720575940633516980,720575940630868271,1
720575940633516980,720575940631198776,1
720575940633516980,720575940650745977,1
720575940626313546,720575940607287561,1
720575940626313546,720575940608442633,1
720575940626313546,720575940612643954,1
720575940624994941,720575940630446329,1
720575940624994941,720575940631844492,1
720575940624994941,720575940632107335,1
720575940624994941,720575940632344290,1
720575940624994941,720575940636659886,1
720575940624994941,720575940637390302,1
720575940626313546,720575940618910075,1
720575940626313546,720575940630318951,1
720575940626313546,720575940635779959,1
720575940626313546,720575940627741799,1
720575940626313546,720575940623082665,1
720575940626313546,720575940626455326,1
720575940626313546,720575940624406986,1
720575940624597228,720575940620341931,1
720575940623386506,720575940633142498,1
720575940624994941,720575940620497217,1
720575940624994941,720575940621900321,1
720575940624994941,720575940622944403,1
720575940624994941,720575940623082665,1
720575940624597228,720575940626555800,1
720575940624597228,720575940631576903,1
720575940624597228,720575940627110931,1
720575940624597228,720575940658674049,1
720575940628590595,720575940616312949,1
720575940628590595,720575940616682838,1
720575940628590595,720575940620488513,1
720575940628590595,720575940620812865,1
720575940628590595,720575940621082996,1
720575940628590595,720575940613338152,1
720575940628590595,720575940622100774,1
720575940627543695,720575940643950190,1
720575940628590595,720575940607287561,1
720575940628590595,720575940633515490,1
720575940628590595,720575940632107335,1
720575940628689963,720575940608186498,1
720575940628590595,720575940631758393,1
720575940628590595,720575940630318951,1
720575940627332100,720575940629579836,1
720575940627332100,720575940624859725,1
720575940627543695,720575940620341931,1
720575940627543695,720575940621462512,1
720575940627543695,720575940627194501,1
720575940627332100,720575940635356316,1
720575940627543695,720575940612623474,1
720575940621878021,720575940615682246,1
720575940621878021,720575940608442633,1
720575940621878021,720575940626135122,1
720575940621878021,720575940648330105,1
720575940621878021,720575940649649785,1
720575940621878021,720575940654661281,1
720575940621924103,720575940606909826,1
720575940621878021,720575940639077283,1
720575940621878021,720575940630166267,1
720575940621878021,720575940630777631,1
720575940621878021,720575940630794703,1
720575940621878021,720575940632344290,1
720575940617514726,720575940626455326,1
720575940617514726,720575940630794703,1
720575940617514726,720575940616312949,1
720575940617514726,720575940619506993,1
720575940617514726,720575940619917248,1
720575940617514726,720575940620488513,1
720575940619682625,720575940630166267,1
720575940619682625,720575940619301185,1
720575940621924103,720575940612755618,1
720575940622263510,720575940646582836,1
720575940622263510,720575940627644584,1
720575940623386506,720575940619402576,1
720575940621924103,720575940630498811,1
720575940621924103,720575940617691170,1
720575940621924103,720575940621085622,1
720575940621924103,720575940622338269,1
720575940622263510,720575940627110931,1
720575940622263510,720575940620341931,1
720575940605817522,720575940631758393,1
720575940605817522,720575940633142498,1
720575940605817522,720575940633515490,1
720575940605817522,720575940646288419,1
720575940606477660,720575940610430254,1
720575940608328713,720575940621216982,1
720575940606477660,720575940631758393,1
720575940608328713,720575940605221065,1
720575940606477660,720575940646582836,1
720575940605817522,720575940630794703,1
720575940645386884,720575940639077283,1
720575940645386884,720575940643542688,1
720575940645386884,720575940648330105,1
720575940656078241,720575940617691170,1
720575940645386884,720575940638940469,1
720575940645386884,720575940633515490,1
720575940645386884,720575940621900321,1
720575940645386884,720575940626455326,1
720575940645386884,720575940630318951,1
720575940605817522,720575940628743362,1
720575940605817522,720575940618910075,1
720575940605817522,720575940621900321,1
720575940605817522,720575940623082665,1
720575940605817522,720575940624317419,1
720575940605817522,720575940616682838,1
720575940656078241,720575940631758393,1
720575940656078241,720575940643950190,1
720575940605817522,720575940607287561,1
720575940605817522,720575940608442633,1
720575940611682739,720575940630076887,1
720575940611682739,720575940630691159,1
720575940610175218,720575940638163940,1
720575940611682739,720575940608071435,1
720575940611682739,720575940617903643,1
720575940611682739,720575940654661281,1
720575940610175218,720575940635356316,1
720575940611769059,720575940627741799,1
720575940611769059,720575940607511900,1
720575940611769059,720575940608442633,1
720575940611769059,720575940612643954,1
720575940608328713,720575940646582836,1
720575940608328713,720575940630650063,1
720575940608328713,720575940631443304,1
720575940608328713,720575940631758393,1
720575940608328713,720575940634475119,1
720575940610175218,720575940620423533,1
720575940645386884,720575940619506993,1
720575940629536894,720575940634655851,1
720575940629536894,720575940640770957,1
720575940629922166,720575940612857878,1
720575940629536894,720575940630076887,1
720575940629922166,720575940617145561,1
720575940629922166,720575940617691170,1
720575940629922166,720575940621462512,1
720575940629922166,720575940623979593,1
720575940629127109,720575940614677810,1
720575940629536894,720575940617242841,1
720575940629536894,720575940617691170,1
720575940629536894,720575940619402576,1
720575940639078717,720575940620423533,1
720575940639078717,720575940617691170,1
720575940639078717,720575940623082665,1
720575940639078717,720575940613338152,1
720575940639078717,720575940625615248,1
720575940645386884,720575940608442633,1
720575940645386884,720575940612643954,1
720575940639078717,720575940606196098,1
720575940637949161,720575940617691170,1
720575940637949161,720575940612623474,1
720575940637949161,720575940631758393,1
720575940637949161,720575940631443304,1
720575940637949161,720575940643950190,1
720575940637949161,720575940631576903,1
720575940637949161,720575940623398524,1
720575940621873246,720575940634655851,1
720575940621873246,720575940639684696,1
720575940621873246,720575940631758393,1
720575940621873246,720575940628836412,1
720575940621873246,720575940630397527,1
720575940621873246,720575940631443304,1
720575940621873246,720575940649675897,1
720575940622228812,720575940630691159,1
720575940622228812,720575940611918578,1
720575940622228812,720575940616643924,1
720575940622228812,720575940623398524,1
720575940620973848,720575940625615248,1
720575940620973848,720575940624859725,1
720575940620973848,720575940621284446,1
720575940620973848,720575940631198776,1
720575940620973848,720575940620576238,1
720575940620973848,720575940631017258,1
720575940620973848,720575940635356316,1
720575940620973848,720575940639358579,1
720575940620973848,720575940641509595,1
720575940620973848,720575940650745977,1
720575940621873246,720575940605221065,1
720575940622886925,720575940605280201,1
720575940622886925,720575940612623474,1
720575940622886925,720575940617691170,1
720575940622748868,720575940627110931,1
720575940622748868,720575940630691159,1
720575940622748868,720575940636309093,1
720575940622886925,720575940631576903,1
720575940622886925,720575940634475119,1
720575940622886925,720575940619402576,1
720575940622886925,720575940627110931,1
720575940622748868,720575940623398524,1
720575940622228812,720575940643950190,1
720575940622732493,720575940622950605,1
720575940622732493,720575940608442633,1
720575940622732493,720575940616312949,1
720575940622732493,720575940616682838,1
720575940622748868,720575940614677810,1
720575940622732493,720575940636461710,1
720575940622732493,720575940639077283,1
720575940622748868,720575940604861356,1
720575940619404982,720575940625615248,1
720575940619404982,720575940620423533,1
720575940619404982,720575940630868271,1
720575940620303040,720575940620576238,1
720575940620303040,720575940621284446,1
720575940619404982,720575940650745977,1
720575940612362663,720575940618910075,1
720575940612362663,720575940620497217,1
720575940612362663,720575940622950605,1
720575940611769059,720575940633515490,1
720575940611769059,720575940635789431,1
720575940611769059,720575940643542688,1
720575940617893461,720575940639358579,1
720575940612362663,720575940646288419,1
720575940612362663,720575940639077283,1
720575940612362663,720575940630446329,1
720575940612362663,720575940638940469,1
720575940612362663,720575940632344290,1
720575940620822593,720575940615682246,1
720575940620822593,720575940616682838,1
720575940620822593,720575940620488513,1
720575940620822593,720575940620922790,1
720575940620822593,720575940620938150,1
720575940620464204,720575940650745977,1
720575940620822593,720575940621900321,1
720575940620464204,720575940630868271,1
720575940620822593,720575940631844492,1
720575940620822593,720575940639077283,1
720575940620822593,720575940630794703,1
720575940620822593,720575940646288419,1
720575940620822593,720575940624317419,1
720575940620822593,720575940626455326,1
720575940620822593,720575940628708139,1
720575940620303040,720575940634953079,1
720575940620303040,720575940650745977,1
720575940620303040,720575940623082665,1
720575940620303040,720575940624661031,1
720575940620303040,720575940624859725,1
720575940620303040,720575940625615248,1
720575940620303040,720575940630868271,1
720575940620303040,720575940629579836,1
720575940620464204,720575940625615248,1
720575940620464204,720575940617691170,1
720575940620464204,720575940620576238,1
720575940612339370,720575940611918578,1
720575940612339370,720575940612857878,1
720575940612339370,720575940617903643,1
720575940612339370,720575940606909826,1
720575940611985448,720575940650745977,1
720575940612339370,720575940642733216,1
720575940612339370,720575940647165828,1
720575940610710130,720575940617691170,1
720575940610710130,720575940630650063,1
720575940610710130,720575940630397527,1
720575940611985448,720575940617691170,1
720575940617249629,720575940605280201,1
720575940617249629,720575940612623474,1
720575940617249629,720575940617691170,1
720575940613773890,720575940627110931,1
720575940613773890,720575940630691159,1
720575940613773890,720575940633832628,1
720575940617473051,720575940617691170,1
720575940617249629,720575940627390507,1
720575940617249629,720575940630498811,1
720575940617249629,720575940644747828,1
720575940612729714,720575940617242841,1
720575940612729714,720575940617691170,1
720575940612729714,720575940621216982,1
720575940612729714,720575940621462512,1
720575940612729714,720575940631758393,1
720575940612729714,720575940634655851,1
720575940648235641,720575940622100774,1
720575940604630240,720575940617145561,1
720575940604630240,720575940605113376,1
720575940604630240,720575940621216982,1
720575940648235641,720575940641509595,1
720575940634231999,720575940658674049,1
720575940634231999,720575940612623474,1
720575940632552343,720575940644747828,1
720575940632552343,720575940643950190,1
720575940632552343,720575940630397527,1
720575940632552343,720575940628836412,1
720575940632552343,720575940631758393,1
720575940634231999,720575940644747828,1
720575940634231999,720575940631576903,1
720575940634231999,720575940634655851,1
720575940634231999,720575940627110931,1
720575940604630240,720575940627110931,1
720575940608433476,720575940635356316,1
720575940608433476,720575940620390822,1
720575940608433476,720575940620576238,1
720575940608433476,720575940621284446,1
720575940608433476,720575940653360289,1
720575940610417893,720575940630076887,1
720575940610417893,720575940630691159,1
720575940610417893,720575940637390302,1
720575940610417893,720575940617903643,1
720575940608433476,720575940619676224,1
720575940608286556,720575940617145561,1
720575940608286556,720575940622495092,1
720575940604630240,720575940627644584,1
720575940604630240,720575940646582836,1
720575940608286556,720575940631443304,1
720575940608286556,720575940634655851,1
720575940625753621,720575940643950190,1
720575940625753621,720575940647165828,1
720575940625753621,720575940649649785,1
720575940625753621,720575940654661281,1
720575940625753621,720575940631758393,1
720575940626044924,720575940617691170,1
720575940626044924,720575940624859725,1
720575940626044924,720575940622701808,1
720575940625718696,720575940623398524,1
720575940625718696,720575940612857878,1
720575940625718696,720575940605113376,1
720575940625718696,720575940630397527,1
720575940625753621,720575940617145561,1
720575940625753621,720575940621216982,1
720575940625753621,720575940610430254,1
720575940625718696,720575940636309093,1
720575940625718696,720575940642733216,1
720575940625753621,720575940605221065,1
720575940625753621,720575940605280201,1
720575940626535434,720575940612755618,1
720575940626326952,720575940620423533,1
720575940626326952,720575940620576238,1
720575940626326952,720575940622701808,1
720575940626326952,720575940623082665,1
720575940626535434,720575940617691170,1
720575940626535434,720575940630691159,1
720575940626535434,720575940634655851,1
720575940626111175,720575940627110931,1
720575940626111175,720575940644747828,1
720575940626044924,720575940634652523,1
720575940626044924,720575940641509595,1
720575940626111175,720575940617242841,1
720575940626111175,720575940642603464,1
720575940626305028,720575940620576238,1
720575940626305028,720575940620423533,1
720575940626111175,720575940654661281,1
720575940626305028,720575940606196098,1
720575940626305028,720575940618943389,1
720575940622976973,720575940620341931,1
720575940622976973,720575940627644584,1
720575940622976973,720575940619676224,1
720575940624392220,720575940613338152,1
720575940624392220,720575940617691170,1
720575940622976973,720575940631443304,1
720575940622976973,720575940631576903,1
720575940622976973,720575940643950190,1
720575940622976973,720575940608071435,1
720575940617473051,720575940654661281,1
720575940618844353,720575940615682246,1
720575940617473051,720575940627194501,1
720575940617473051,720575940636309093,1
720575940617473051,720575940634640023,1
720575940618844353,720575940633541857,1
720575940618844353,720575940636659886,1
720575940618844353,720575940639077283,1
720575940618844353,720575940646288419,1
720575940618844353,720575940649649785,1
720575940618844353,720575940630498811,1
720575940618844353,720575940622950605,1
720575940624584835,720575940631198776,1
720575940624584835,720575940625615248,1
720575940624584835,720575940625926693,1
720575940624637884,720575940623398524,1
720575940624637884,720575940622495092,1
720575940624584835,720575940624661031,1
720575940624392220,720575940630868271,1
720575940624392220,720575940620423533,1
720575940624392220,720575940623082665,1
720575940624392220,720575940624859725,1
720575940624392220,720575940644146724,1
720575940624584835,720575940613338152,1
720575940614428722,720575940626878460,1
720575940626474889,720575940610523746,1
720575940626474889,720575940617691170,1
720575940625497488,720575940636309093,1
720575940625497488,720575940642733216,1
720575940626474889,720575940634652523,1
720575940626474889,720575940635356316,1
720575940626474889,720575940638163940,1
720575940626474889,720575940621861637,1
720575940625497488,720575940619823536,1
720575940625497488,720575940617242841,1
720575940625497488,720575940612623474,1
720575940625261834,720575940631758393,1
720575940625261834,720575940633515490,1
720575940625261834,720575940636659886,1
720575940625261834,720575940649649785,1
720575940625497488,720575940630794703,1
720575940625497488,720575940627644584,1
720575940625497488,720575940631443304,1
720575940625497488,720575940623398524,1
720575940625497488,720575940627194501,1
720575940628060166,720575940625615248,1
720575940628725455,720575940621462512,1
720575940627479829,720575940630794703,1
720575940627479829,720575940634655851,1
720575940627479829,720575940627644584,1
720575940627479829,720575940623398524,1
720575940627479829,720575940649649785,1
720575940628060166,720575940618943389,1
720575940628060166,720575940621861637,1
720575940624158906,720575940620576238,1
720575940624158906,720575940610523746,1
720575940624158906,720575940639358579,1
720575940624158906,720575940625615248,1
720575940623351443,720575940639077283,1
720575940623488270,720575940634475119,1
720575940623488270,720575940649649785,1
720575940623488270,720575940631576903,1
720575940624429036,720575940608071435,1
720575940625156901,720575940631576903,1
720575940625156901,720575940630498811,1
720575940625156901,720575940639684696,1
720575940625261834,720575940607511900,1
720575940625261834,720575940608442633,1
720575940625261834,720575940626455326,1
720575940625261834,720575940624317419,1
720575940625261834,720575940623082665,1
720575940625261834,720575940616682838,1
720575940625261834,720575940619301185,1
720575940625261834,720575940620488513,1
720575940624429036,720575940627194501,1
720575940624429036,720575940627644584,1
720575940624429036,720575940621216982,1
720575940624429036,720575940631758393,1
720575940625156901,720575940621085622,1
720575940624429036,720575940646582836,1
720575940625156901,720575940605113376,1
720575940625156901,720575940605221065,1
720575940605934001,720575940617691170,1
720575940605934001,720575940605280201,1
720575940606967682,720575940619402576,1
720575940605934001,720575940634655851,1
720575940641079029,720575940620497217,1
720575940641079029,720575940616312949,1
720575940641079029,720575940630446329,1
720575940641079029,720575940615682246,1
720575940641079029,720575940607511900,1
720575940641079029,720575940630777631,1
720575940644838766,720575940633832628,1
720575940641079029,720575940632107335,1
720575940641079029,720575940636659886,1
720575940644838766,720575940617691170,1
720575940610358501,720575940635356316,1
720575940610358501,720575940639358579,1
720575940610358501,720575940624661031,1
720575940614428722,720575940606196098,1
720575940606967682,720575940631758393,1
720575940610358501,720575940608186498,1
720575940606967682,720575940627110931,1
720575940606967682,720575940627644584,1
720575940610358501,720575940623082665,1
720575940610358501,720575940620423533,1
720575940632210145,720575940625931266,1
720575940632210145,720575940626135122,1
720575940632210145,720575940626300444,1
720575940632210145,720575940628743362,1
720575940632210145,720575940630318951,1
720575940632210145,720575940619506993,1
720575940632210145,720575940620812865,1
720575940634347360,720575940613338152,1
720575940634347360,720575940620576238,1
720575940632210145,720575940631758393,1
720575940634347360,720575940606196098,1
720575940632210145,720575940638940469,1
720575940634347360,720575940621284446,1
720575940628725455,720575940649649785,1
720575940628725455,720575940654661281,1
720575940628725455,720575940642733216,1
720575940630471695,720575940612857878,1
720575940628725455,720575940627644584,1
720575940628725455,720575940633142498,1
720575940628725455,720575940634655851,1
720575940632210145,720575940607287561,1
720575940630471695,720575940631758393,1
720575940630471695,720575940630498811,1
720575940630471695,720575940626555800,1
720575940630471695,720575940623398524,1
720575940630471695,720575940628836412,1
720575940636364133,720575940608071435,1
720575940635807087,720575940646288419,1
720575940636364133,720575940612623474,1
720575940635807087,720575940630166267,1
720575940635807087,720575940631758393,1
720575940636364133,720575940625343550,1
720575940636364133,720575940621216982,1
720575940636364133,720575940622338269,1
720575940635807087,720575940625931266,1
720575940635807087,720575940620812865,1
720575940635807087,720575940622950605,1
720575940635807087,720575940624317419,1
720575940634347360,720575940650745977,1
720575940635807087,720575940607287561,1
720575940635807087,720575940607511900,1
720575940635807087,720575940608442633,1
720575940635807087,720575940619301185,1
720575940635807087,720575940616682838,1
720575940623351443,720575940637390302,1
720575940631453763,720575940631758393,1
720575940631453763,720575940634655851,1
720575940631453763,720575940630650063,1
720575940631453763,720575940627194501,1
720575940633565154,720575940608442633,1
720575940633565154,720575940630318951,1
720575940633565154,720575940630996684,1
720575940633565154,720575940632107335,1
720575940633565154,720575940623082665,1
720575940633565154,720575940622950605,1
720575940633565154,720575940616682838,1
720575940633565154,720575940618910075,1
720575940633565154,720575940619917248,1
720575940633565154,720575940621900321,1
720575940631388231,720575940615682246,1
720575940631388231,720575940616682838,1
720575940631388231,720575940620488513,1
720575940631388231,720575940620922790,1
720575940631388231,720575940624317419,1
720575940631388231,720575940626455326,1
720575940629693239,720575940631758393,1
720575940629693239,720575940639358579,1
720575940629693239,720575940649649785,1
720575940631388231,720575940630794703,1
720575940631388231,720575940631758393,1
720575940637580659,720575940622100774,1
720575940637580659,720575940621861637,1
720575940637580659,720575940617691170,1
720575940605452064,720575940617145561,1
720575940605452064,720575940621085622,1
720575940637580659,720575940630868271,1
720575940637580659,720575940635356316,1
720575940636059226,720575940619506993,1
720575940636059226,720575940619917248,1
720575940636059226,720575940616312949,1
720575940636059226,720575940607287561,1
720575940636059226,720575940612643954,1
720575940636059226,720575940630996684,1
720575940627553691,720575940608442633,1
720575940626363791,720575940628708139,1
720575940626363791,720575940630794703,1
720575940626363791,720575940631844492,1
720575940626363791,720575940632344290,1
720575940627553691,720575940628743362,1
720575940627553691,720575940630794703,1
720575940627553691,720575940631758393,1
720575940627553691,720575940621082996,1
720575940627553691,720575940624317419,1
720575940627553691,720575940626455326,1
720575940623353013,720575940620488513,1
720575940623353013,720575940620812865,1
720575940623353013,720575940622950605,1
720575940623353013,720575940608442633,1
720575940626363791,720575940620922790,1
720575940626363791,720575940620938150,1
720575940626363791,720575940622944403,1
720575940626363791,720575940622950605,1
720575940626363791,720575940623082665,1
720575940623353013,720575940646288419,1
720575940623353013,720575940630777631,1
720575940623353013,720575940635779959,1
720575940623353013,720575940636659886,1
720575940623353013,720575940639077283,1
720575940623353013,720575940643542688,1
720575940627553691,720575940637928164,1
720575940629693239,720575940627644584,1
720575940629477674,720575940627644584,1
720575940629477674,720575940631758393,1
720575940629477674,720575940617145561,1
720575940629477674,720575940617242841,1
720575940629693239,720575940617242841,1
720575940628121287,720575940631198776,1
720575940628121287,720575940630868271,1
720575940628121287,720575940638163940,1
720575940628121287,720575940640747864,1
720575940628121287,720575940624661031,1
720575940628121287,720575940624859725,1
720575940628121287,720575940629579836,1
720575940605452064,720575940622495092,1
720575940620109191,720575940626878460,1
720575940620109191,720575940629579836,1
720575940620109191,720575940623082665,1
720575940620109191,720575940613338152,1
720575940620109191,720575940621284446,1
720575940620109191,720575940631017258,1
720575940621321412,720575940621085622,1
720575940621321412,720575940620938150,1
720575940617893461,720575940617691170,1
720575940613987730,720575940631443304,1
720575940613987730,720575940634640023,1
720575940618841910,720575940631758393,1
720575940617893461,720575940624859725,1
720575940617893461,720575940629579836,1
720575940617893461,720575940630868271,1
720575940622023262,720575940643950190,1
720575940622023262,720575940628836412,1
720575940622023262,720575940627644584,1
720575940623351443,720575940630498811,1
720575940623351443,720575940626135122,1
720575940623351443,720575940630446329,1
720575940623351443,720575940630777631,1
720575940623351443,720575940630794703,1
720575940623351443,720575940631844492,1
720575940623351443,720575940619917248,1
720575940623351443,720575940621900321,1
720575940623351443,720575940622495092,1
720575940621321412,720575940630397527,1
720575940621648008,720575940619402576,1
720575940621321412,720575940631758393,1
720575940621648008,720575940605221065,1
720575940621321412,720575940642733216,1
720575940621321412,720575940646582836,1
720575940621648008,720575940642733216,1
720575940621648008,720575940644747828,1
720575940622023262,720575940606909826,1
720575940621648008,720575940622338269,1
720575940613987730,720575940630076887,1
720575940608191836,720575940637672425,1
720575940608191836,720575940637928164,1
720575940608191836,720575940640747864,1
720575940608191836,720575940644146724,1
720575940608505795,720575940607511900,1
720575940608191836,720575940623082665,1
720575940608191836,720575940624661031,1
720575940608191836,720575940628996455,1
720575940608505795,720575940616682838,1
720575940608505795,720575940618910075,1
720575940608505795,720575940621082996,1
720575940608505795,720575940648330105,1
720575940607280818,720575940617242841,1
720575940605452064,720575940633142498,1
720575940607280818,720575940610430254,1
720575940607280818,720575940617691170,1
720575940607280818,720575940619823536,1
720575940607280818,720575940621462512,1
720575940605452064,720575940623398524,1
720575940605452064,720575940630650063,1
720575940607280818,720575940631758393,1
720575940607280818,720575940658674049,1
720575940608191836,720575940608186498,1
720575940608505795,720575940646288419,1
720575940613156067,720575940624661031,1
720575940613156067,720575940624859725,1
720575940613156067,720575940620423533,1
720575940613156067,720575940620576238,1
720575940613156067,720575940622701808,1
720575940613156067,720575940623082665,1
720575940613987730,720575940627390507,1
720575940613987730,720575940617242841,1
720575940613156067,720575940644146724,1
720575940613987730,720575940608071435,1
720575940612151538,720575940612755618,1
720575940612151538,720575940612857878,1
720575940612151538,720575940617691170,1
720575940610773171,720575940648330105,1
720575940612151538,720575940619823536,1
720575940610773171,720575940621900321,1
720575940610773171,720575940626135122,1
720575940612151538,720575940619676224,1
720575940613156067,720575940614293485,1
720575940613156067,720575940613338152,1
720575940612151538,720575940627110931,1
720575940612151538,720575940627644584,1
720575940612151538,720575940631576903,1
720575940612151538,720575940631758393,1
720575940632584787,720575940627194501,1
720575940632584787,720575940621462512,1
720575940632584787,720575940621216982,1
720575940633146007,720575940617691170,1
720575940633146007,720575940621216982,1
720575940633146007,720575940621462512,1
720575940632584787,720575940643950190,1
720575940632584787,720575940647165828,1
720575940633146007,720575940605113376,1
720575940632510048,720575940647165828,1
720575940630780755,720575940650745977,1
720575940632510048,720575940605221065,1
720575940632510048,720575940610430254,1
720575940632510048,720575940613647007,1
720575940632510048,720575940617242841,1
720575940632510048,720575940635779959,1
720575940637754019,720575940624859725,1
720575940637754019,720575940623082665,1
720575940637754019,720575940622701808,1
720575940637754019,720575940620423533,1
720575940603050668,720575940620423533,1
720575940603050668,720575940613338152,1
720575940637754019,720575940634953079,1
720575940637754019,720575940638163940,1
720575940636242039,720575940605113376,1
720575940636242039,720575940606909826,1
720575940636242039,720575940608071435,1
720575940636242039,720575940617242841,1
720575940633146007,720575940627644584,1
720575940636242039,720575940622495092,1
720575940636242039,720575940630650063,1
720575940627351751,720575940631576903,1
720575940627351751,720575940631758393,1
720575940627351751,720575940632344290,1
720575940627351751,720575940621085622,1
720575940628239671,720575940629579836,1
720575940628239671,720575940630868271,1
720575940628239671,720575940618943389,1
720575940626316802,720575940646582836,1
720575940626948485,720575940606909826,1
720575940626948485,720575940608071435,1
720575940626316802,720575940639358579,1
720575940626948485,720575940611918578,1
720575940626948485,720575940614677810,1
720575940626316802,720575940630536441,1
720575940626316802,720575940631576903,1
720575940626948485,720575940646582836,1
720575940629997561,720575940629579836,1
720575940629997561,720575940638163940,1
720575940629997561,720575940621861637,1
720575940629997561,720575940623082665,1
720575940630780755,720575940621861637,1
720575940630780755,720575940618943389,1
720575940629997561,720575940644146724,1
720575940630780755,720575940608186498,1
720575940629997561,720575940617691170,1
720575940629022875,720575940618943389,1
720575940629022875,720575940620576238,1
720575940629022875,720575940610523746,1
720575940629022875,720575940650745977,1
720575940616588608,720575940613647007,1
720575940615894173,720575940626878460,1
720575940615894173,720575940630868271,1
720575940616588608,720575940617145561,1
720575940616588608,720575940617691170,1
720575940618210251,720575940613338152,1
720575940616588608,720575940631758393,1
720575940617452689,720575940627194501,1
720575940617452689,720575940631443304,1
720575940617452689,720575940623398524,1
720575940614132667,720575940635356316,1
720575940615894173,720575940617691170,1
720575940615894173,720575940620423533,1
720575940615894173,720575940620576238,1
720575940614132667,720575940644146724,1
720575940614132667,720575940650745977,1
720575940619509744,720575940617691170,1
720575940618266747,720575940633142498,1
720575940618266747,720575940654661281,1
720575940619509744,720575940613338152,1
720575940621334980,720575940608071435,1
720575940619509744,720575940635356316,1
720575940619509744,720575940638163940,1
720575940619509744,720575940640747864,1
720575940619509744,720575940644146724,1
720575940618210251,720575940617691170,1
720575940618210251,720575940625615248,1
720575940618210251,720575940631198776,1
720575940618210251,720575940624859725,1
720575940618210251,720575940640747864,1
720575940618266747,720575940627194501,1
720575940618266747,720575940605280201,1
720575940618266747,720575940610430254,1
720575940618266747,720575940612623474,1
720575940618266747,720575940617145561,1
720575940607715420,720575940626878460,1
720575940608621614,720575940622701808,1
720575940608621614,720575940623082665,1
720575940607715420,720575940638163940,1
720575940608621614,720575940617691170,1
720575940603050668,720575940639358579,1
720575940606341250,720575940608071435,1
720575940606341250,720575940612755618,1
720575940603050668,720575940630868271,1
720575940603050668,720575940625926693,1
720575940603050668,720575940626878460,1
720575940606341250,720575940631222841,1
720575940606341250,720575940631576903,1
720575940606341250,720575940617691170,1
720575940606341250,720575940620341931,1
720575940606341250,720575940621216982,1
720575940614251670,720575940638163940,1
720575940614251670,720575940625615248,1
720575940614251670,720575940624859725,1
720575940614251670,720575940626878460,1
720575940615798540,720575940630318951,1
720575940615798540,720575940648330105,1
720575940617452689,720575940608071435,1
720575940615798540,720575940626300444,1
720575940615798540,720575940618910075,1
720575940615798540,720575940623082665,1
720575940608823509,720575940619823536,1
720575940608823509,720575940617242841,1
720575940608823509,720575940605280201,1
720575940608823509,720575940612623474,1
720575940608823509,720575940644747828,1
720575940608823509,720575940643950190,1
720575940614251670,720575940620576238,1
720575940608823509,720575940631576903,1
720575940608823509,720575940631758393,1
720575940608823509,720575940637391582,1
720575940626316802,720575940628836412,1
720575940613681458,720575940640747864,1
720575940613681458,720575940623082665,1
720575940613681458,720575940618943389,1
720575940613681458,720575940622701808,1
720575940614148283,720575940625615248,1
720575940614148283,720575940626878460,1
720575940603674656,720575940631198776,1
720575940603674656,720575940638163940,1
720575940603674656,720575940644146724,1
720575940603674656,720575940650745977,1
720575940603674656,720575940630868271,1
720575940603674656,720575940625615248,1
720575940609970801,720575940624859725,1
720575940609970801,720575940617691170,1
720575940617727435,720575940620423533,1
720575940617727435,720575940624859725,1
720575940619156565,720575940620576238,1
720575940619156565,720575940623082665,1
720575940617727435,720575940617691170,1
720575940615897245,720575940613338152,1
720575940615897245,720575940617691170,1
720575940614148283,720575940635356316,1
720575940614148283,720575940640747864,1
720575940614148283,720575940644146724,1
720575940615897245,720575940624859725,1
720575940630547916,720575940650745977,1
720575940631662049,720575940631758393,1
720575940631662049,720575940644747828,1
720575940631647043,720575940640770957,1
720575940631662049,720575940613647007,1
720575940631662049,720575940621085622,1
720575940630547916,720575940613338152,1
720575940630547916,720575940617691170,1
720575940629406012,720575940634655851,1
720575940630547916,720575940629579836,1
720575940630547916,720575940621284446,1
720575940651816950,720575940620576238,1
720575940651816950,720575940617691170,1
720575940651816950,720575940621284446,1
720575940651816950,720575940623082665,1
720575940603674656,720575940617691170,1
720575940651816950,720575940639358579,1
720575940651816950,720575940629579836,1
720575940651816950,720575940635356316,1
720575940632010567,720575940621216982,1
720575940632010567,720575940621085622,1
720575940632010567,720575940644747828,1
720575940633075163,720575940623082665,1
720575940633075163,720575940626878460,1
720575940633075163,720575940617691170,1
720575940621176670,720575940644146724,1
720575940621837601,720575940608186498,1
720575940621176670,720575940630868271,1
720575940621837601,720575940640747864,1
720575940621837601,720575940644146724,1
720575940621871484,720575940608071435,1
720575940621837601,720575940625615248,1
720575940621837601,720575940626878460,1
720575940620474582,720575940629579836,1
720575940620474582,720575940626878460,1
720575940621176670,720575940623082665,1
720575940625994728,720575940629564286,1
720575940625994728,720575940649649785,1
720575940626316802,720575940622338269,1
720575940626316802,720575940623398524,1
720575940626316802,720575940605113376,1
720575940626316802,720575940612623474,1
720575940626316802,720575940619823536,1
720575940625994728,720575940610181496,1
720575940621871484,720575940642603464,1
720575940622812808,720575940608071435,1
720575940622812808,720575940610430254,1
720575940622812808,720575940612857878,1
720575940621871484,720575940627644584,1
720575940621871484,720575940628836412,1
720575940622812808,720575940612623474,1
720575940622812808,720575940630536441,1
720575940622812808,720575940617145561,1
720575940622812808,720575940620341931,1
720575940622812808,720575940622338269,1
720575940618194708,720575940627644584,1
720575940618194708,720575940628836412,1
720575940618194708,720575940621085622,1
720575940618194708,720575940658674049,1
720575940618194708,720575940631758393,1
720575940618194708,720575940647165828,1
720575940619090785,720575940620423533,1
720575940619156565,720575940650745977,1
720575940621882401,720575940620576238,1
720575940619156565,720575940626878460,1
720575940619156565,720575940638163940,1
720575940621882401,720575940621284446,1
720575940618194708,720575940608186498,1
720575940621882401,720575940630868271,1
720575940621882401,720575940635356316,1
720575940621882401,720575940638163940,1
720575940621882401,720575940640747864,1
720575940621882401,720575940644146724,1
720575940621882401,720575940650745977,1
720575940618194708,720575940605113376,1
720575940620172397,720575940650745977,1
720575940620354241,720575940619823536,1
720575940620172397,720575940631198776,1
720575940620354241,720575940649675897,1
720575940620474582,720575940608186498,1
720575940620474582,720575940613338152,1
720575940620474582,720575940617691170,1
720575940620354241,720575940631576903,1
720575940620354241,720575940634655851,1
720575940620172397,720575940629579836,1
720575940619090785,720575940629579836,1
720575940619090785,720575940630868271,1
720575940619090785,720575940624859725,1
720575940619090785,720575940625615248,1
720575940619090785,720575940626878460,1
720575940620172397,720575940620576238,1
720575940620172397,720575940624859725,1
720575940620172397,720575940625615248,1
720575940619090785,720575940635356316,1
720575940619090785,720575940650745977,1
720575940628291407,720575940639358579,1
720575940628291407,720575940623082665,1
720575940629625466,720575940629579836,1
720575940629625466,720575940624859725,1
720575940627782148,720575940625926693,1
720575940627782148,720575940618943389,1
720575940626825853,720575940631758393,1
720575940626825853,720575940632107335,1
720575940627782148,720575940613338152,1
720575940628291407,720575940620423533,1
720575940630452388,720575940631198776,1
720575940630452388,720575940638163940,1
720575940630452388,720575940629579836,1
720575940630452388,720575940625615248,1
720575940630452388,720575940625926693,1
720575940630452388,720575940626878460,1
720575940630452388,720575940640747864,1
720575940630452388,720575940644146724,1
720575940629792620,720575940621861637,1
720575940629792620,720575940618943389,1
720575940629792620,720575940624859725,1
720575940629625466,720575940650745977,1
720575940629792620,720575940625615248,1
720575940630452388,720575940620390822,1
720575940630452388,720575940618943389,1
720575940629792620,720575940629579836,1
720575940629792620,720575940635356316,1
720575940629792620,720575940638163940,1
720575940626825853,720575940630996684,1
720575940624721084,720575940627390507,1
720575940624721084,720575940630691159,1
720575940624721084,720575940631758393,1
720575940624721084,720575940621085622,1
720575940624721084,720575940634655851,1
720575940625024125,720575940617691170,1
720575940625024125,720575940620423533,1
720575940624721084,720575940649675897,1
720575940624601731,720575940640747864,1
720575940621872645,720575940631758393,1
720575940621872645,720575940627644584,1
720575940624601731,720575940623082665,1
720575940625762447,720575940618943389,1
720575940625604839,720575940649675897,1
720575940626825853,720575940608442633,1
720575940625762447,720575940644146724,1
720575940626825853,720575940618910075,1
720575940626825853,720575940619245016,1
720575940625762447,720575940634953079,1
720575940625762447,720575940623082665,1
720575940625762447,720575940629579836,1
720575940625024125,720575940640747864,1
720575940625024125,720575940644146724,1
720575940625323795,720575940612857878,1
720575940625323795,720575940617145561,1
720575940625024125,720575940625615248,1
720575940625604839,720575940606909826,1
720575940625323795,720575940630691159,1
720575940625323795,720575940630076887,1
720575940625323795,720575940623398524,1
720575940630537676,720575940630868271,1
720575940615964884,720575940621861637,1
720575940615964884,720575940622701808,1
720575940615964884,720575940620423533,1
720575940615964884,720575940629579836,1
720575940617908820,720575940617691170,1
720575940617908820,720575940621216982,1
720575940617908820,720575940612623474,1
720575940617908820,720575940605113376,1
720575940617908820,720575940608071435,1
720575940614121147,720575940638163940,1
720575940614121147,720575940650745977,1
720575940614121147,720575940623082665,1
720575940614121147,720575940625615248,1
720575940615401433,720575940613338152,1
720575940615401433,720575940650745977,1
720575940615401433,720575940626878460,1
720575940615401433,720575940634953079,1
720575940615401433,720575940639358579,1
720575940615401433,720575940644146724,1
720575940615401433,720575940623082665,1
720575940619430326,720575940626878460,1
720575940619430326,720575940620576238,1
720575940619435399,720575940620576238,1
720575940619435399,720575940617691170,1
720575940619430326,720575940635356316,1
720575940618876062,720575940618943389,1
720575940617908820,720575940635779959,1
720575940617908820,720575940630498811,1
720575940617908820,720575940631443304,1
720575940617908820,720575940637390302,1
720575940617908820,720575940639358579,1
720575940617908820,720575940643950190,1
720575940618876062,720575940629579836,1
720575940618876062,720575940635356316,1
720575940618876062,720575940650745977,1
720575940618876062,720575940621284446,1
720575940618876062,720575940624859725,1
720575940618876062,720575940626878460,1
720575940633570808,720575940631198776,1
720575940633570808,720575940634953079,1
720575940633570808,720575940635356316,1
720575940633570808,720575940620576238,1
720575940633570808,720575940621284446,1
720575940633570808,720575940626878460,1
720575940633570808,720575940639358579,1
720575940634890175,720575940626878460,1
720575940634890175,720575940617691170,1
720575940634890175,720575940618943389,1
720575940631630561,720575940624859725,1
720575940630537676,720575940634953079,1
720575940633570808,720575940613338152,1
720575940631630561,720575940650745977,1
720575940631630561,720575940630868271,1
720575940631630561,720575940639358579,1
720575940646308148,720575940621284446,1
720575940646308148,720575940621861637,1
720575940646308148,720575940623082665,1
720575940646308148,720575940606196098,1
720575940646308148,720575940617691170,1
720575940646308148,720575940650745977,1
720575940646308148,720575940640747864,1
720575940637219918,720575940620341931,1
720575940637219918,720575940619676224,1
720575940634890175,720575940640747864,1
720575940637219918,720575940617903643,1
720575940639218165,720575940627110931,1
720575940639218165,720575940634475119,1
720575940639218165,720575940617691170,1
720575940630555340,720575940624859725,1
720575940630555340,720575940629579836,1
720575940630555340,720575940631198776,1
720575940630555340,720575940635356316,1
720575940630675730,720575940623398524,1
720575940630675730,720575940627390507,1
720575940630675730,720575940619402576,1
720575940630555340,720575940650745977,1
720575940630250543,720575940644146724,1
720575940630250543,720575940613338152,1
720575940628807503,720575940627194501,1
720575940628807503,720575940628708139,1
720575940628807503,720575940634640023,1
720575940630250543,720575940629579836,1
720575940630250543,720575940630868271,1
720575940630250543,720575940624859725,1
720575940630250543,720575940620423533,1
720575940636356836,720575940621085622,1
720575940636356836,720575940621216982,1
720575940636356836,720575940623398524,1
720575940632930458,720575940644146724,1
720575940636356836,720575940610181496,1
720575940636356836,720575940617691170,1
720575940637773117,720575940617691170,1
720575940637773117,720575940620423533,1
720575940637773117,720575940620576238,1
720575940636356836,720575940631443304,1
720575940636356836,720575940631576903,1
720575940632930458,720575940613338152,1
720575940632930458,720575940614293485,1
720575940632930458,720575940617691170,1
720575940632930458,720575940618943389,1
720575940630675730,720575940634655851,1
720575940630675730,720575940630498811,1
720575940630675730,720575940630691159,1
720575940630675730,720575940632344290,1
720575940630675730,720575940633142498,1
720575940630675730,720575940636309093,1
720575940632930458,720575940635356316,1
720575940632930458,720575940629579836,1
720575940632930458,720575940634953079,1
720575940623542972,720575940627390507,1
720575940623542972,720575940627194501,1
720575940623542972,720575940619402576,1
720575940624271716,720575940621462512,1
720575940623542972,720575940646582836,1
720575940624271716,720575940608071435,1
720575940624271716,720575940610430254,1
720575940623542972,720575940605113376,1
720575940622133206,720575940613338152,1
720575940621334980,720575940631443304,1
720575940621334980,720575940627194501,1
720575940621334980,720575940644747828,1
720575940621334980,720575940637391582,1
720575940622133206,720575940630868271,1
720575940622133206,720575940631198776,1
720575940622133206,720575940623082665,1
720575940622133206,720575940621861637,1
720575940625508400,720575940618943389,1
720575940625508400,720575940613338152,1
720575940628807503,720575940612755618,1
720575940628807503,720575940617691170,1
720575940628807503,720575940623398524,1
720575940628807503,720575940610430254,1
720575940625508400,720575940644146724,1
720575940625508400,720575940653360289,1
720575940624494373,720575940605280201,1
720575940624494373,720575940611918578,1
720575940624494373,720575940612623474,1
720575940624494373,720575940619402576,1
720575940624494373,720575940622495092,1
720575940625258506,720575940628836412,1
720575940624494373,720575940642733216,1
720575940624494373,720575940649649785,1
720575940613284063,720575940617691170,1
720575940613284063,720575940624859725,1
720575940610946070,720575940631758393,1
720575940613284063,720575940626878460,1
720575940614132667,720575940617691170,1
720575940613284063,720575940630868271,1
720575940613284063,720575940639358579,1
720575940610505426,720575940617242841,1
720575940610505426,720575940617691170,1
720575940610505426,720575940617903643,1
720575940609979505,720575940626878460,1
720575940609979505,720575940629579836,1
720575940610505426,720575940621085622,1
720575940610505426,720575940644747828,1
720575940610505426,720575940637390302,1
720575940610505426,720575940630691159,1
720575940610505426,720575940631758393,1
720575940610505426,720575940634475119,1
720575940621389764,720575940623082665,1
720575940621389764,720575940629579836,1
720575940621389764,720575940613338152,1
720575940621389764,720575940618943389,1
720575940621872645,720575940612623474,1
720575940621872645,720575940614677810,1
720575940621872645,720575940617242841,1
720575940621872645,720575940617691170,1
720575940621872645,720575940619402576,1
720575940621872645,720575940622338269,1
720575940621389764,720575940635356316,1
720575940621872645,720575940610430254,1
720575940621872645,720575940605113376,1
720575940621872645,720575940610181496,1
720575940621389764,720575940608186498,1
720575940621189637,720575940617691170,1
720575940621189637,720575940620576238,1
720575940614132667,720575940629579836,1
720575940614132667,720575940634953079,1
720575940621189637,720575940621861637,1
720575940621189637,720575940644146724,1
720575940621189637,720575940630868271,1
720575940621189637,720575940629579836,1
720575940609979505,720575940621861637,1
720575940644837655,720575940634953079,1
720575940644837655,720575940644146724,1
720575940644837655,720575940618943389,1
720575940644837655,720575940620423533,1
720575940644837655,720575940620576238,1
720575940644837655,720575940625615248,1
720575940646609028,720575940608442633,1
720575940646609028,720575940630318951,1
720575940646609028,720575940631758393,1
720575940646609028,720575940632107335,1
720575940646609028,720575940633515490,1
720575940646609028,720575940625931266,1
720575940637773117,720575940640747864,1
720575940637773117,720575940644146724,1
720575940637773117,720575940626878460,1
720575940637773117,720575940624859725,1
720575940644837655,720575940613338152,1
720575940641536397,720575940623398524,1
720575940607828233,720575940621462512,1
720575940607828233,720575940621216982,1
720575940607828233,720575940617145561,1
720575940607828233,720575940623398524,1
720575940607828233,720575940617242841,1
720575940605451552,720575940644146724,1
720575940607828233,720575940608071435,1
720575940607828233,720575940646582836,1
720575940607828233,720575940628836412,1
720575940607828233,720575940631576903,1
720575940607828233,720575940631758393,1
720575940607828233,720575940636309093,1
720575940605451552,720575940635356316,1
720575940646609028,720575940650745977,1
720575940605197745,720575940625926693,1
720575940605197745,720575940630498811,1
720575940605197745,720575940631576903,1
720575940605197745,720575940621216982,1
720575940605451552,720575940630868271,1
720575940605451552,720575940618943389,1
720575940605451552,720575940620423533,1
720575940629406012,720575940628836412,1
720575940621869918,720575940631758393,1
720575940622938637,720575940629579836,1
720575940622784611,720575940639358579,1
720575940623991333,720575940618943389,1
720575940623991333,720575940623082665,1
720575940623991333,720575940625615248,1
720575940623991333,720575940626878460,1
720575940622938637,720575940644146724,1
720575940623991333,720575940617691170,1
720575940622784611,720575940620423533,1
720575940622784611,720575940613338152,1
720575940621869918,720575940646582836,1
720575940622784611,720575940606196098,1
720575940622784611,720575940624661031,1
720575940622784611,720575940625615248,1
720575940623991333,720575940629579836,1
720575940625800741,720575940619402576,1
720575940624054675,720575940639358579,1
720575940624054675,720575940650745977,1
720575940625800741,720575940608071435,1
720575940625800741,720575940614677810,1
720575940628309186,720575940606196098,1
720575940628309186,720575940608186498,1
720575940625800741,720575940647165828,1
720575940628309186,720575940617691170,1
720575940625800741,720575940628836412,1
720575940625800741,720575940630794703,1
720575940624054675,720575940610523746,1
720575940624054675,720575940620390822,1
720575940623991333,720575940635356316,1
720575940623991333,720575940639358579,1
720575940623991333,720575940650745977,1
720575940624054675,720575940606196098,1
720575940624054675,720575940620576238,1
720575940624054675,720575940624661031,1
720575940624054675,720575940625615248,1
720575940619487414,720575940617691170,1
720575940619487414,720575940622338269,1
720575940618657334,720575940633541857,1
720575940618657334,720575940630318951,1
720575940618657334,720575940630691159,1
720575940618657334,720575940648330105,1
720575940618657334,720575940636461710,1
720575940618657334,720575940646288419,1
720575940619487414,720575940623398524,1
720575940620007457,720575940605221065,1
720575940620007457,720575940617145561,1
720575940619487414,720575940627644584,1
720575940619487414,720575940631576903,1
720575940618657334,720575940628708139,1
720575940618183559,720575940625931266,1
720575940618183559,720575940628743362,1
720575940618183559,720575940620812865,1
720575940618183559,720575940616312949,1
720575940618183559,720575940619506993,1
720575940618183559,720575940621082996,1
720575940618183559,720575940633515490,1
720575940618657334,720575940622944403,1
720575940618657334,720575940620922790,1
720575940618657334,720575940622495092,1
720575940618657334,720575940623082665,1
720575940618657334,720575940615682246,1
720575940620418774,720575940630318951,1
720575940620418774,720575940630777631,1
720575940620418774,720575940631758393,1
720575940620418774,720575940620488513,1
720575940620418774,720575940621900321,1
720575940620418774,720575940625931266,1
720575940620418774,720575940626300444,1
720575940621869918,720575940627194501,1
720575940620418774,720575940646288419,1
720575940621869918,720575940606909826,1
720575940621869918,720575940617242841,1
720575940620007457,720575940654661281,1
720575940620418774,720575940607287561,1
720575940620418774,720575940608442633,1
720575940620418774,720575940616312949,1
720575940620418774,720575940616682838,1
720575940620007457,720575940646582836,1
720575940620007457,720575940633142498,1
720575940620007457,720575940631758393,1
720575940642021064,720575940617903643,1
720575940641084405,720575940639684696,1
720575940641084405,720575940644747828,1
720575940643501472,720575940608442633,1
720575940642021064,720575940630691159,1
720575940642021064,720575940631758393,1
720575940642021064,720575940633142498,1
720575940642021064,720575940634475119,1
720575940636352357,720575940627390507,1
720575940636352357,720575940630397527,1
720575940636352357,720575940630650063,1
720575940636352357,720575940630691159,1
720575940636352357,720575940631576903,1
720575940636352357,720575940610430254,1
720575940636352357,720575940608071435,1
720575940636352357,720575940621216982,1
720575940636352357,720575940611918578,1
720575940641084405,720575940631758393,1
720575940641084405,720575940630498811,1
720575940636352357,720575940644747828,1
720575940636352357,720575940637390302,1
720575940641084405,720575940610430254,1
720575940606666953,720575940620922790,1
720575940606666953,720575940630536441,1
720575940606666953,720575940630777631,1
720575940606666953,720575940630794703,1
720575940606902741,720575940638163940,1
720575940606902741,720575940639358579,1
720575940606902741,720575940625926693,1
720575940646034740,720575940612623474,1
720575940643501472,720575940639077283,1
720575940643501472,720575940635779959,1
720575940643501472,720575940627741799,1
720575940643501472,720575940633515490,1
720575940606666953,720575940615682246,1
720575940646034740,720575940620341931,1
720575940646034740,720575940627644584,1
720575940629202167,720575940631198776,1
720575940629202167,720575940637109214,1
720575940629202167,720575940638163940,1
720575940629202167,720575940640747864,1
720575940629202167,720575940650745977,1
720575940629765647,720575940605221065,1
720575940629202167,720575940623082665,1
720575940629765647,720575940626135122,1
720575940629765647,720575940630691159,1
720575940629765647,720575940630777631,1
720575940629765647,720575940630794703,1
720575940629765647,720575940648330105,1
720575940629765647,720575940619917248,1
720575940629765647,720575940620922790,1
720575940629765647,720575940623979593,1
720575940629765647,720575940621900321,1
720575940629765647,720575940622944403,1
720575940630038156,720575940605221065,1
720575940628309186,720575940631017258,1
720575940628309186,720575940631198776,1
720575940628309186,720575940620423533,1
720575940628309186,720575940623082665,1
720575940629202167,720575940620423533,1
720575940629202167,720575940620576238,1
720575940629202167,720575940621284446,1
720575940629202167,720575940613338152,1
720575940631256168,720575940647165828,1
720575940633802009,720575940612643954,1
720575940631256168,720575940629564286,1
720575940631256168,720575940630650063,1
720575940633802009,720575940625931266,1
720575940633802009,720575940630996684,1
720575940633802009,720575940631758393,1
720575940633802009,720575940616312949,1
720575940633802009,720575940620488513,1
720575940633802009,720575940616682838,1
720575940633802009,720575940619301185,1
720575940633802009,720575940621082996,1
720575940633802009,720575940624317419,1
720575940633802009,720575940624406986,1
720575940630038156,720575940631758393,1
720575940630038156,720575940617691170,1
720575940630038156,720575940637391582,1
720575940631256168,720575940617242841,1
720575940631256168,720575940617691170,1
720575940631256168,720575940619676224,1
720575940631256168,720575940622338269,1
720575940631256168,720575940617145561,1
720575940631256168,720575940608071435,1
720575940630038156,720575940646582836,1
720575940630038156,720575940647165828,1
720575940631256168,720575940612755618,1
720575940628304578,720575940630536441,1
720575940628304578,720575940631758393,1
720575940628304578,720575940621462512,1
720575940628304578,720575940622338269,1
720575940628491792,720575940625926693,1
720575940628491792,720575940629564286,1
720575940628491792,720575940630650063,1
720575940628491792,720575940630691159,1
720575940628103806,720575940619301185,1
720575940628103806,720575940619506993,1
720575940628103806,720575940621082996,1
720575940626991771,720575940631758393,1
720575940626991771,720575940632344290,1
720575940626991771,720575940640770957,1
720575940628103806,720575940631758393,1
720575940628103806,720575940632107335,1
720575940628103806,720575940626455326,1
720575940628103806,720575940624317419,1
720575940629863737,720575940635356316,1
720575940629863737,720575940626878460,1
720575940629863737,720575940639358579,1
720575940630415268,720575940620576238,1
720575940630415268,720575940621284446,1
720575940629863737,720575940650745977,1
720575940629863737,720575940621861637,1
720575940629397079,720575940621900321,1
720575940629397079,720575940623082665,1
720575940629397079,720575940619506993,1
720575940629863737,720575940606196098,1
720575940629863737,720575940621284446,1
720575940629397079,720575940631758393,1
720575940622932809,720575940629579836,1
720575940622932809,720575940623082665,1
720575940623503111,720575940630498811,1
720575940623503111,720575940610181496,1
720575940623503111,720575940617691170,1
720575940623503111,720575940622338269,1
720575940621832542,720575940617691170,1
720575940621832542,720575940621216982,1
720575940621832542,720575940622338269,1
720575940621504269,720575940642733216,1
720575940621504269,720575940654661281,1
720575940621832542,720575940605113376,1
720575940621832542,720575940642733216,1
720575940622932809,720575940608186498,1
720575940621832542,720575940636659886,1
720575940625323326,720575940621085622,1
720575940625323326,720575940627644584,1
720575940624158352,720575940631758393,1
720575940624158352,720575940634655851,1
720575940624158352,720575940637391582,1
720575940625323326,720575940608071435,1
720575940626991771,720575940627110931,1
720575940626991771,720575940612857878,1
720575940626991771,720575940617691170,1
720575940624086251,720575940631758393,1
720575940624086251,720575940632344290,1
720575940624086251,720575940639077283,1
720575940624086251,720575940623082665,1
720575940624086251,720575940616312949,1
720575940624086251,720575940620488513,1
720575940624158352,720575940621085622,1
720575940624158352,720575940630498811,1
720575940624086251,720575940648330105,1
720575940610580377,720575940639358579,1
720575940613071587,720575940605221065,1
720575940610580377,720575940617691170,1
720575940610580377,720575940620576238,1
720575940610580377,720575940623082665,1
720575940613071587,720575940628836412,1
720575940613071587,720575940630650063,1
720575940613071587,720575940630794703,1
720575940613071587,720575940631576903,1
720575940613071587,720575940631758393,1
720575940613071587,720575940617691170,1
720575940613071587,720575940626555800,1
720575940609950869,720575940611918578,1
720575940609950869,720575940610430254,1
720575940608176514,720575940642733216,1
720575940609950869,720575940617691170,1
720575940608176514,720575940643950190,1
720575940608176514,720575940639684696,1
720575940608176514,720575940627194501,1
720575940608176514,720575940631443304,1
720575940609950869,720575940633142498,1
720575940609950869,720575940642733216,1
720575940610580377,720575940606196098,1
720575940609950869,720575940630650063,1
720575940609950869,720575940630498811,1
720575940613071587,720575940634640023,1
720575940617857053,720575940615682246,1
720575940617857053,720575940616312949,1
720575940617857053,720575940619506993,1
720575940617857053,720575940621900321,1
720575940617857053,720575940623082665,1
720575940617857053,720575940607511900,1
720575940617857053,720575940608442633,1
720575940617857053,720575940639077283,1
720575940617857053,720575940646288419,1
720575940617857053,720575940648330105,1
720575940618183559,720575940607287561,1
720575940617857053,720575940633541857,1
720575940617857053,720575940630166267,1
720575940613824012,720575940627110931,1
720575940613824012,720575940627644584,1
720575940613824012,720575940633832628,1
720575940613071587,720575940658674049,1
720575940613824012,720575940606909826,1
720575940616723549,720575940619823536,1
720575940616723549,720575940621216982,1
720575940613824012,720575940637390302,1
720575940613824012,720575940642603464,1
720575940616723549,720575940617691170,1
720575940635541623,720575940618943389,1
720575940632164269,720575940638163940,1
720575940632164269,720575940629579836,1
720575940632164269,720575940631198776,1
720575940635541623,720575940635356316,1
720575940635541623,720575940639358579,1
720575940643281262,720575940612623474,1
720575940635541623,720575940623082665,1
720575940630415268,720575940650745977,1
720575940632164269,720575940610523746,1
720575940632164269,720575940624859725,1
720575940632164269,720575940620390822,1
720575940643281262,720575940617691170,1
720575940605792946,720575940620341931,1
720575940659850113,720575940631758393,1
720575940659850113,720575940630076887,1
720575940605792946,720575940630691159,1
720575940605792946,720575940631758393,1
720575940643281262,720575940627110931,1
720575940643281262,720575940635779959,1
720575940643281262,720575940622495092,1
720575940659850113,720575940627644584,1
720575940659850113,720575940622338269,1
720575940659850113,720575940627194501,1
720575940659850113,720575940610430254,1
720575940659850113,720575940611918578,1
720575940659850113,720575940617691170,1
720575940629406012,720575940627644584,1
720575940615974493,720575940654661281,1
720575940619434887,720575940608071435,1
720575940619434887,720575940611918578,1
720575940615974493,720575940630691159,1
720575940615974493,720575940631758393,1
720575940619434887,720575940637390302,1
720575940619701631,720575940605113376,1
720575940619701631,720575940613647007,1
720575940619434887,720575940631758393,1
720575940619434887,720575940627644584,1
720575940615896989,720575940617691170,1
720575940615896989,720575940625615248,1
720575940615896989,720575940626878460,1
720575940615896989,720575940610523746,1
720575940615974493,720575940622495092,1
720575940615896989,720575940630868271,1
720575940615896989,720575940637928164,1
720575940615896989,720575940644146724,1
720575940619701631,720575940620341931,1
720575940622335112,720575940624859725,1
720575940622335112,720575940626878460,1
720575940622335112,720575940629579836,1
720575940619701631,720575940633142498,1
720575940619701631,720575940634655851,1
720575940619701631,720575940627644584,1
720575940621924615,720575940620423533,1
720575940621924615,720575940617691170,1
720575940613977041,720575940650745977,1
720575940649649529,720575940644146724,1
720575940649649529,720575940650745977,1
720575940610505621,720575940613338152,1
720575940607993668,720575940650745977,1
720575940607993668,720575940631198776,1
720575940607993668,720575940634652523,1
720575940607993668,720575940639358579,1
720575940607993668,720575940640747864,1
720575940645377668,720575940647165828,1
720575940645377668,720575940649675897,1
720575940649649529,720575940613338152,1
720575940649649529,720575940617691170,1
720575940645377668,720575940643950190,1
720575940645377668,720575940631758393,1
720575940645377668,720575940642733216,1
720575940645377668,720575940634655851,1
720575940649649529,720575940631198776,1
720575940649649529,720575940634953079,1
720575940649649529,720575940626878460,1
720575940649649529,720575940620576238,1
720575940649649529,720575940623082665,1
720575940649649529,720575940624859725,1
720575940611110468,720575940630166267,1
720575940611110468,720575940628743362,1
720575940611110468,720575940635779959,1
720575940611110468,720575940623082665,1
720575940611110468,720575940620922790,1
720575940613977041,720575940621861637,1
720575940613977041,720575940618943389,1
720575940611110468,720575940621082996,1
720575940610505621,720575940625615248,1
720575940610505621,720575940624859725,1
720575940610505621,720575940624661031,1
720575940610505621,720575940620576238,1
720575940610505621,720575940621284446,1
720575940610505621,720575940622701808,1
720575940611110468,720575940620488513,1
720575940610505621,720575940653360289,1
720575940626621498,720575940640747864,1
720575940626621498,720575940644146724,1
720575940626649433,720575940617242841,1
720575940626621498,720575940630868271,1
720575940626621498,720575940631198776,1
720575940626649433,720575940631758393,1
720575940627986220,720575940608186498,1
720575940626649433,720575940649649785,1
720575940626526218,720575940623082665,1
720575940626526218,720575940621861637,1
720575940626526218,720575940634953079,1
720575940626621498,720575940613338152,1
720575940628842839,720575940629579836,1
720575940628842839,720575940635356316,1
720575940628842839,720575940620576238,1
720575940628842839,720575940622701808,1
720575940628842839,720575940640747864,1
720575940629406012,720575940621216982,1
720575940629406012,720575940621462512,1
720575940629406012,720575940627194501,1
720575940629406012,720575940608071435,1
720575940629406012,720575940610430254,1
720575940629406012,720575940612857878,1
720575940629406012,720575940617691170,1
720575940627986220,720575940644146724,1
720575940627986220,720575940630868271,1
720575940628201259,720575940617242841,1
720575940628201259,720575940631758393,1
720575940628201259,720575940630691159,1
720575940628201259,720575940617691170,1
720575940628201259,720575940621085622,1
720575940628201259,720575940621216982,1
720575940628201259,720575940627644584,1
720575940628201259,720575940623398524,1
720575940625901002,720575940639684696,1
720575940623105023,720575940620938150,1
720575940622888205,720575940638163940,1
720575940622888205,720575940634953079,1
720575940622888205,720575940635356316,1
720575940623105023,720575940622338269,1
720575940623105023,720575940627194501,1
720575940623105023,720575940631758393,1
720575940622727572,720575940618943389,1
720575940622727572,720575940620423533,1
720575940622727572,720575940620576238,1
720575940622727572,720575940621284446,1
720575940622888205,720575940621861637,1
720575940622727572,720575940638163940,1
720575940622888205,720575940613338152,1
720575940625678613,720575940611918578,1
720575940625678613,720575940617691170,1
720575940625678613,720575940619676224,1
720575940625663674,720575940646582836,1
720575940625901002,720575940631443304,1
720575940625678613,720575940649675897,1
720575940624593132,720575940647165828,1
720575940624593132,720575940654661281,1
720575940625663674,720575940606909826,1
720575940625663674,720575940611918578,1
720575940624593132,720575940621216982,1
720575940624593132,720575940622338269,1
720575940625663674,720575940621085622,1
720575940625663674,720575940617691170,1
720575940625663674,720575940621216982,1
720575940625663674,720575940622338269,1
720575940620827713,720575940605221065,1
720575940620827713,720575940605280201,1
720575940620457904,720575940625343550,1
720575940620827713,720575940628836412,1
720575940620457904,720575940617691170,1
720575940619937718,720575940637672425,1
720575940619937718,720575940629579836,1
720575940619937718,720575940614629799,1
720575940619937718,720575940618943389,1
720575940619937718,720575940621861637,1
720575940619937718,720575940623082665,1
720575940620073606,720575940631443304,1
720575940620457904,720575940605221065,1
720575940620457904,720575940608071435,1
720575940620457904,720575940611918578,1
720575940620827713,720575940644747828,1
720575940624638396,720575940631576903,1
720575940624638396,720575940633832628,1
720575940624638396,720575940643950190,1
720575940624638396,720575940617691170,1
720575940624638396,720575940622495092,1
720575940624638396,720575940625343550,1
720575940624638396,720575940628836412,1
720575940625317139,720575940630498811,1
720575940625317139,720575940630650063,1
720575940625317139,720575940620497217,1
720575940625317139,720575940623082665,1
720575940621680133,720575940631758393,1
720575940621680133,720575940622338269,1
720575940621951453,720575940608442633,1
720575940621680133,720575940617691170,1
720575940621680133,720575940619823536,1
720575940621951453,720575940630794703,1
720575940621951453,720575940632107335,1
720575940621951453,720575940636659886,1
720575940621951453,720575940648330105,1
720575940621951453,720575940616682838,1
720575940621951453,720575940622950605,1
720575940621951453,720575940624317419,1
720575940610952089,720575940636659886,1
720575940610952089,720575940638940469,1
720575940610952089,720575940646288419,1
720575940610952089,720575940636461710,1
720575940612019570,720575940607511900,1
720575940610952089,720575940628708139,1
720575940610952089,720575940625926693,1
720575940610952089,720575940630446329,1
720575940610952089,720575940623979593,1
720575940612019570,720575940625931266,1
720575940612019570,720575940624406986,1
720575940612019570,720575940630166267,1
720575940612019570,720575940632107335,1
720575940612019570,720575940622950605,1
720575940610690162,720575940623082665,1
720575940610690162,720575940624859725,1
720575940610690162,720575940626878460,1
720575940610952089,720575940623082665,1
720575940610952089,720575940620922790,1
720575940610690162,720575940631017258,1
720575940610690162,720575940635356316,1
720575940610690162,720575940638163940,1
720575940610690162,720575940640747864,1
720575940617734603,720575940631198776,1
720575940617734603,720575940621284446,1
720575940619897734,720575940637672425,1
720575940619897734,720575940639358579,1
720575940619897734,720575940644146724,1
720575940617734603,720575940653360289,1
720575940619897734,720575940606196098,1
720575940619897734,720575940614293485,1
720575940619897734,720575940614629799,1
720575940619897734,720575940617691170,1
720575940619897734,720575940620576238,1
720575940616616075,720575940621082996,1
720575940616616075,720575940616312949,1
720575940616616075,720575940623082665,1
720575940616616075,720575940648330105,1
720575940616616075,720575940630996684,1
720575940616616075,720575940630166267,1
720575940625317139,720575940631844492,1
720575940633300927,720575940636309093,1
720575940633300927,720575940658674049,1
720575940633908887,720575940619402576,1
720575940638626613,720575940628609127,1
720575940638626613,720575940630794703,1
720575940638626613,720575940631758393,1
720575940633908887,720575940637390302,1
720575940633908887,720575940642733216,1
720575940638626613,720575940612643954,1
720575940633300927,720575940631758393,1
720575940632735021,720575940631576903,1
720575940632735021,720575940646582836,1
720575940633300927,720575940608071435,1
720575940632735021,720575940617691170,1
720575940633300927,720575940627110931,1
720575940633300927,720575940617691170,1
720575940633300927,720575940620341931,1
720575940633300927,720575940622100774,1
720575940638626613,720575940633541857,1
720575940644136983,720575940631758393,1
720575940644136983,720575940630498811,1
720575940644136983,720575940623398524,1
720575940645377668,720575940622338269,1
720575940645377668,720575940627390507,1
720575940645377668,720575940617242841,1
720575940645377668,720575940619823536,1
720575940645377668,720575940621216982,1
720575940639278325,720575940620488513,1
720575940639278325,720575940607511900,1
720575940639278325,720575940608442633,1
720575940644136983,720575940612755618,1
720575940644136983,720575940613647007,1
720575940639278325,720575940626878460,1
720575940639278325,720575940627741799,1
720575940639278325,720575940630996684,1
720575940639278325,720575940631758393,1
720575940639278325,720575940632107335,1
720575940639278325,720575940633515490,1
720575940628761039,720575940629579836,1
720575940628761039,720575940622701808,1
720575940628761039,720575940641509595,1
720575940628761039,720575940653360289,1
720575940626043454,720575940620423533,1
720575940626043454,720575940624661031,1
720575940625317139,720575940639077283,1
720575940626043454,720575940631198776,1
720575940628761039,720575940613338152,1
720575940628761039,720575940618943389,1
720575940628761039,720575940620390822,1
720575940628761039,720575940620423533,1
720575940628761039,720575940620576238,1
720575940626043454,720575940637672425,1
720575940626043454,720575940650745977,1
720575940628761039,720575940606196098,1
720575940629474090,720575940629579836,1
720575940630687827,720575940650745977,1
720575940631549743,720575940619917248,1
720575940630687827,720575940629579836,1
720575940630687827,720575940631198776,1
720575940632735021,720575940611918578,1
720575940631549743,720575940626135122,1
720575940631549743,720575940630446329,1
720575940629474090,720575940650745977,1
720575940630687827,720575940624859725,1
720575940630687827,720575940626878460,1
720575940625691669,720575940625615248,1
720575940625691669,720575940618943389,1
720575940625691669,720575940617691170,1
720575940625702949,720575940620423533,1
720575940625702949,720575940620576238,1
720575940625702949,720575940617691170,1
720575940625691669,720575940644146724,1
720575940625691669,720575940631198776,1
720575940625691669,720575940638163940,1
720575940625702949,720575940614293485,1
720575940621983777,720575940631198776,1
720575940621983777,720575940637109214,1
720575940621983777,720575940650745977,1
720575940622723683,720575940605221065,1
720575940622723683,720575940631222841,1
720575940622723683,720575940644747828,1
720575940622723683,720575940647165828,1
720575940622723683,720575940623398524,1
720575940626089980,720575940621284446,1
720575940626089980,720575940610523746,1
720575940626089980,720575940617691170,1
720575940626089980,720575940653360289,1
720575940626089980,720575940638163940,1
720575940626089980,720575940606196098,1
720575940625740169,720575940620390822,1
720575940625702949,720575940635356316,1
720575940625740169,720575940620812865,1
720575940625740169,720575940621082996,1
720575940625740169,720575940630996684,1
720575940625740169,720575940640747864,1
720575940625740169,720575940630166267,1
720575940625740169,720575940643542688,1
720575940625740169,720575940648330105,1
720575940625740169,720575940626455326,1
720575940625740169,720575940628743362,1
720575940615219778,720575940646582836,1
720575940615219778,720575940627644584,1
720575940617093533,720575940625615248,1
720575940617093533,720575940635356316,1
720575940617093533,720575940617691170,1
720575940614224490,720575940633832628,1
720575940614224490,720575940617145561,1
720575940614224490,720575940623398524,1
720575940615219778,720575940619823536,1
720575940614224490,720575940637391582,1
720575940615219778,720575940612755618,1
720575940620055790,720575940637391582,1
720575940620055790,720575940631758393,1
720575940620055790,720575940633142498,1
720575940620055790,720575940633832628,1
720575940620055790,720575940639684696,1
720575940620055790,720575940649649785,1
720575940620055790,720575940620341931,1
720575940621983777,720575940620423533,1
720575940621983777,720575940621284446,1
720575940617093533,720575940639358579,1
720575940617878080,720575940617691170,1
720575940616911262,720575940630498811,1
720575940616911262,720575940654661281,1
720575940617878080,720575940644146724,1
720575940617878080,720575940638163940,1
720575940620055790,720575940612755618,1
720575940634878047,720575940630498811,1
720575940634878047,720575940644747828,1
720575940634878047,720575940627194501,1
720575940634878047,720575940627110931,1
720575940634878047,720575940622338269,1
720575940634878047,720575940623398524,1
720575940635499888,720575940608442633,1
720575940635499888,720575940632107335,1
720575940635499888,720575940633515490,1
720575940635499888,720575940636461710,1
720575940635499888,720575940622950605,1
720575940635499888,720575940623082665,1
720575940631531055,720575940627644584,1
720575940631531055,720575940628836412,1
720575940633207962,720575940630691159,1
720575940633207962,720575940649675897,1
720575940631531055,720575940639684696,1
720575940635499888,720575940638940469,1
720575940635499888,720575940639077283,1
720575940646667828,720575940627644584,1
720575940646667828,720575940621462512,1
720575940646667828,720575940630650063,1
720575940646667828,720575940605113376,1
720575940646667828,720575940619402576,1
720575940605167025,720575940619301185,1
720575940605167025,720575940620812865,1
720575940605167025,720575940621082996,1
720575940646667828,720575940644747828,1
720575940605167025,720575940607287561,1
720575940637225798,720575940622495092,1
720575940637225798,720575940622950605,1
720575940637225798,720575940623979593,1
720575940635499888,720575940646288419,1
720575940637225798,720575940615682246,1
720575940639537213,720575940631222841,1
720575940639537213,720575940631576903,1
720575940637225798,720575940630318951,1
720575940637225798,720575940631844492,1
720575940637225798,720575940649649785,1
720575940639537213,720575940617903643,1
720575940631531055,720575940617691170,1
720575940626906142,720575940625615248,1
720575940626906142,720575940624859725,1
720575940626906142,720575940617691170,1
720575940626906142,720575940610523746,1
720575940626906142,720575940620576238,1
720575940626906142,720575940621861637,1
720575940626906142,720575940630868271,1
720575940628045318,720575940624859725,1
720575940626906142,720575940635356316,1
720575940626906142,720575940638163940,1
720575940628045318,720575940610523746,1
720575940626252273,720575940630536441,1
720575940626252273,720575940631758393,1
720575940626779398,720575940613647007,1
720575940626779398,720575940612755618,1
720575940626779398,720575940630498811,1
720575940626779398,720575940622495092,1
720575940631531055,720575940617242841,1
720575940630650711,720575940610430254,1
720575940629166587,720575940631017258,1
720575940629166587,720575940644146724,1
720575940631531055,720575940605113376,1
720575940630650711,720575940639358579,1
720575940630650711,720575940642733216,1
720575940630650711,720575940634953079,1
720575940631531055,720575940612857878,1
720575940630650711,720575940630691159,1
720575940630650711,720575940630868271,1
720575940630650711,720575940632344290,1
720575940628321539,720575940617242841,1
720575940628045318,720575940637672425,1
720575940628045318,720575940637928164,1
720575940628045318,720575940638163940,1
720575940628045318,720575940640747864,1
720575940629166587,720575940620423533,1
720575940629166587,720575940621284446,1
720575940629166587,720575940623082665,1
720575940629166587,720575940626878460,1
720575940629166587,720575940613338152,1
720575940626562665,720575940631443304,1
720575940626562665,720575940631758393,1
720575940626562665,720575940617691170,1
720575940626562665,720575940621216982,1
720575940626803279,720575940630318951,1
720575940626803279,720575940631758393,1
720575940626803279,720575940631844492,1
720575940626803279,720575940619506993,1
720575940626803279,720575940620812865,1
720575940626803279,720575940626135122,1
720575940624940814,720575940637390302,1
720575940624940814,720575940629564286,1
720575940624940814,720575940631443304,1
720575940624940814,720575940634475119,1
720575940624940814,720575940634655851,1
720575940625235033,720575940620497217,1
720575940625235033,720575940636461710,1
720575940625235033,720575940646288419,1
720575940625235033,720575940632344290,1
720575940625235033,720575940620922790,1
720575940625235033,720575940622944403,1
720575940625235033,720575940626135122,1
720575940625235033,720575940628708139,1
720575940625235033,720575940630691159,1
720575940628895831,720575940624661031,1
720575940630025788,720575940622701808,1
720575940628128079,720575940621462512,1
720575940626803279,720575940637390302,1
720575940628128079,720575940608071435,1
720575940628128079,720575940612623474,1
720575940628895831,720575940613338152,1
720575940628128079,720575940631222841,1
720575940628128079,720575940637391582,1
720575940628128079,720575940642733216,1
720575940628128079,720575940643950190,1
720575940628128079,720575940644747828,1
720575940628128079,720575940647165828,1
720575940628128079,720575940649649785,1
720575940621897249,720575940616643924,1
720575940621897249,720575940617242841,1
720575940621897249,720575940621462512,1
720575940622103275,720575940620390822,1
720575940622103275,720575940620423533,1
720575940622103275,720575940620576238,1
720575940622103275,720575940621284446,1
720575940621897249,720575940639358579,1
720575940622103275,720575940614293485,1
720575940622103275,720575940623082665,1
720575940621786807,720575940613338152,1
720575940621786807,720575940637109214,1
720575940621897249,720575940610430254,1
720575940621786807,720575940623082665,1
720575940621786807,720575940624661031,1
720575940623011720,720575940617691170,1
720575940622387677,720575940647165828,1
720575940623011720,720575940604861356,1
720575940624940814,720575940610430254,1
720575940624940814,720575940620341931,1
720575940623011720,720575940633832628,1
720575940622103275,720575940641509595,1
720575940622103275,720575940644146724,1
720575940622387677,720575940605113376,1
720575940622387677,720575940610430254,1
720575940622103275,720575940624661031,1
720575940622103275,720575940624859725,1
720575940622103275,720575940626878460,1
720575940622387677,720575940631222841,1
720575940622387677,720575940617242841,1
720575940622387677,720575940617691170,1
720575940622387677,720575940621216982,1
720575940606667977,720575940617691170,1
720575940606667977,720575940621216982,1
720575940606667977,720575940631758393,1
720575940606667977,720575940634655851,1
720575940639726555,720575940617691170,1
720575940639726555,720575940620423533,1
720575940639726555,720575940630868271,1
720575940645210222,720575940622701808,1
720575940639726555,720575940650745977,1
720575940645210222,720575940606196098,1
720575940639726555,720575940631198776,1
720575940639726555,720575940635356316,1
720575940639726555,720575940639358579,1
720575940612450730,720575940613647007,1
720575940612020008,720575940658674049,1
720575940612020008,720575940654661281,1
720575940612450730,720575940605280201,1
720575940612450730,720575940608071435,1
720575940612450730,720575940610430254,1
720575940612450730,720575940637390302,1
720575940612450730,720575940639684696,1
720575940612450730,720575940631758393,1
720575940612450730,720575940627194501,1
720575940612450730,720575940627644584,1
720575940612020008,720575940634475119,1
720575940608774776,720575940626878460,1
720575940608774776,720575940625615248,1
720575940608774776,720575940634953079,1
720575940612020008,720575940628836412,1
720575940612020008,720575940617242841,1
720575940612020008,720575940617691170,1
720575940631573039,720575940626878460,1
720575940631573039,720575940625615248,1
720575940631573039,720575940621284446,1
720575940631573039,720575940613338152,1
720575940631661281,720575940622944403,1
720575940631661281,720575940622950605,1
720575940631661281,720575940619506993,1
720575940631573039,720575940650745977,1
720575940630360377,720575940649649785,1
720575940630025788,720575940641509595,1
720575940630025788,720575940629579836,1
720575940630025788,720575940631198776,1
720575940630360377,720575940647165828,1
720575940630360377,720575940631758393,1
720575940630360377,720575940639684696,1
720575940630360377,720575940623398524,1
720575940635288943,720575940617691170,1
720575940635288943,720575940605113376,1
720575940635288943,720575940620341931,1
720575940632963245,720575940627110931,1
720575940632963245,720575940646582836,1
720575940635288943,720575940654661281,1
720575940635288943,720575940633142498,1
720575940635288943,720575940631576903,1
720575940631661281,720575940630446329,1
720575940632558675,720575940616682838,1
720575940632558675,720575940619301185,1
720575940632558675,720575940619506993,1
720575940632558675,720575940620922790,1
720575940631661281,720575940637390302,1
720575940631661281,720575940630794703,1
720575940631661281,720575940632107335,1
720575940631661281,720575940636461710,1
720575940632963245,720575940621216982,1
720575940632558675,720575940648330105,1
720575940632558675,720575940649649785,1
720575940632963245,720575940608071435,1
720575940632963245,720575940610430254,1
720575940632963245,720575940619823536,1
720575940632558675,720575940636461710,1
720575940632558675,720575940621900321,1
720575940632558675,720575940626455326,1
720575940632558675,720575940630166267,1
720575940632558675,720575940630318951,1
720575940620577652,720575940638940469,1
720575940603747616,720575940619506993,1
720575940603747616,720575940622944403,1
720575940603747616,720575940625926693,1
720575940603111392,720575940631758393,1
720575940603747616,720575940615682246,1
720575940603111392,720575940649649785,1
720575940603747616,720575940648330105,1
720575940603747616,720575940630777631,1
720575940603747616,720575940631758393,1
720575940603747616,720575940631844492,1
720575940636640602,720575940638940469,1
720575940603111392,720575940605221065,1
720575940603111392,720575940610430254,1
720575940636640602,720575940627741799,1
720575940636640602,720575940625931266,1
720575940636640602,720575940628609127,1
720575940603111392,720575940625926693,1
720575940603111392,720575940626555800,1
720575940603111392,720575940623398524,1
720575940603111392,720575940620341931,1
720575940603111392,720575940617691170,1
720575940611569301,720575940627194501,1
720575940610709106,720575940642603464,1
720575940610709106,720575940654661281,1
720575940611569301,720575940610181496,1
720575940611569301,720575940642733216,1
720575940611686809,720575940631758393,1
720575940611686809,720575940617242841,1
720575940611686809,720575940619402576,1
720575940611686809,720575940621462512,1
720575940611686809,720575940622338269,1
720575940610709106,720575940637390302,1
720575940609941653,720575940635356316,1
720575940609941653,720575940637928164,1
720575940609941653,720575940638163940,1
720575940609941653,720575940639358579,1
720575940609941653,720575940621284446,1
720575940609941653,720575940623082665,1
720575940610709106,720575940627110931,1
720575940610709106,720575940606909826,1
720575940610709106,720575940621216982,1
720575940636640602,720575940624317419,1
720575940628885591,720575940635356316,1
720575940628885591,720575940637928164,1
720575940628885591,720575940640747864,1
720575940628885591,720575940621861637,1
720575940628885591,720575940624661031,1
720575940628885591,720575940626878460,1
720575940630179159,720575940610181496,1
720575940630179159,720575940628836412,1
720575940630179159,720575940611918578,1
720575940630179159,720575940617691170,1
720575940628411612,720575940619402576,1
720575940628411612,720575940605221065,1
720575940626464901,720575940635356316,1
720575940626464901,720575940638163940,1
720575940628885591,720575940617691170,1
720575940630179159,720575940630397527,1
720575940634000495,720575940624859725,1
720575940634000495,720575940624661031,1
720575940634000495,720575940620576238,1
720575940634000495,720575940621284446,1
720575940636640602,720575940616312949,1
720575940636640602,720575940616682838,1
720575940636640602,720575940619506993,1
720575940636640602,720575940623082665,1
720575940634000495,720575940634953079,1
720575940634000495,720575940638163940,1
720575940636640602,720575940608442633,1
720575940636640602,720575940612643954,1
720575940631991879,720575940612857878,1
720575940631991879,720575940605280201,1
720575940630179159,720575940642733216,1
720575940630179159,720575940649649785,1
720575940631991879,720575940605113376,1
720575940631991879,720575940642603464,1
720575940631991879,720575940635779959,1
720575940631991879,720575940627644584,1
720575940631991879,720575940630397527,1
720575940631991879,720575940630498811,1
720575940631991879,720575940631758393,1
720575940611686809,720575940637391582,1
720575940621791356,720575940621085622,1
720575940621791356,720575940606909826,1
720575940621590250,720575940638163940,1
720575940621791356,720575940608071435,1
720575940621791356,720575940642733216,1
720575940622428087,720575940607511900,1
720575940621791356,720575940630650063,1
720575940621357147,720575940640770957,1
720575940621357147,720575940654661281,1
720575940621357147,720575940630498811,1
720575940621590250,720575940629579836,1
720575940621590250,720575940623082665,1
720575940621590250,720575940613338152,1
720575940621590250,720575940618943389,1
720575940621590250,720575940620423533,1
720575940623023544,720575940626071482,1
720575940624114494,720575940606196098,1
720575940622428087,720575940623979593,1
720575940622428087,720575940626135122,1
720575940622428087,720575940628708139,1
720575940622428087,720575940630166267,1
720575940622428087,720575940630446329,1
720575940622428087,720575940630498811,1
720575940622428087,720575940630777631,1
720575940622428087,720575940623082665,1
720575940622428087,720575940619301185,1
720575940622428087,720575940618910075,1
720575940622428087,720575940620497217,1
720575940622428087,720575940621900321,1
720575940622428087,720575940630794703,1
720575940622428087,720575940630996684,1
720575940623023544,720575940618943389,1
720575940622428087,720575940631758393,1
720575940622428087,720575940631844492,1
720575940623023544,720575940606196098,1
720575940618746747,720575940623398524,1
720575940618746747,720575940628836412,1
720575940618746747,720575940630076887,1
720575940618746747,720575940630498811,1
720575940618746747,720575940631758393,1
720575940618746747,720575940612623474,1
720575940618746747,720575940612857878,1
720575940620354849,720575940617691170,1
720575940620354849,720575940618943389,1
720575940620354849,720575940620423533,1
720575940620354849,720575940622701808,1
720575940618746747,720575940643950190,1
720575940612240918,720575940623979593,1
720575940612240918,720575940620922790,1
720575940612240918,720575940626878460,1
720575940612240918,720575940628708139,1
720575940611686809,720575940643950190,1
720575940612240918,720575940608442633,1
720575940612240918,720575940612643954,1
720575940618662939,720575940624661031,1
720575940618662939,720575940626878460,1
720575940618662939,720575940637928164,1
720575940618662939,720575940644146724,1
720575940618746747,720575940605221065,1
720575940612240918,720575940630166267,1
720575940612240918,720575940633515490,1
720575940612240918,720575940648330105,1
720575940618662939,720575940617691170,1
720575940618662939,720575940618943389,1
720575940620932684,720575940620812865,1
720575940620932684,720575940626455326,1
720575940620932684,720575940620922790,1
720575940620932684,720575940616682838,1
720575940620932684,720575940619506993,1
720575940620932684,720575940612643954,1
720575940621357147,720575940612755618,1
720575940621357147,720575940619402576,1
720575940621357147,720575940619676224,1
720575940620354849,720575940644146724,1
720575940620354849,720575940631198776,1
720575940620686761,720575940642603464,1
720575940620686761,720575940631222841,1
720575940620686761,720575940633142498,1
720575940620686761,720575940634475119,1
720575940620932684,720575940607511900,1
720575940620686761,720575940623398524,1
720575940620686761,720575940627194501,1
720575940620686761,720575940627644584,1
720575940620686761,720575940628836412,1
720575940612747158,720575940653360289,1
720575940614311842,720575940617242841,1
720575940614311842,720575940617903643,1
720575940612747158,720575940630318951,1
720575940614311842,720575940621085622,1
720575940614311842,720575940649675897,1
720575940615737531,720575940604861356,1
720575940615737531,720575940608071435,1
720575940614311842,720575940642603464,1
720575940614311842,720575940627110931,1
720575940614311842,720575940634475119,1
720575940616848192,720575940644747828,1
720575940616911262,720575940610430254,1
720575940612747158,720575940607511900,1
720575940612747158,720575940623082665,1
720575940612747158,720575940622701808,1
720575940612747158,720575940620812865,1
720575940612747158,720575940624317419,1
720575940612747158,720575940608442633,1
720575940612747158,720575940616312949,1
720575940615737531,720575940619823536,1
720575940616913822,720575940617691170,1
720575940616913822,720575940619823536,1
720575940616913822,720575940616643924,1
720575940616245365,720575940636309093,1
720575940616245365,720575940642733216,1
720575940616245365,720575940646582836,1
720575940616913822,720575940611918578,1
720575940616913822,720575940612623474,1
720575940616913822,720575940628836412,1
720575940616245365,720575940634640023,1
720575940617769217,720575940620341931,1
720575940616913822,720575940631758393,1
720575940616913822,720575940643950190,1
720575940615737531,720575940647165828,1
720575940616245365,720575940612623474,1
720575940616245365,720575940622338269,1
720575940616245365,720575940623398524,1
720575940616245365,720575940630691159,1
720575940616245365,720575940621085622,1
720575940610907490,720575940612755618,1
720575940610907490,720575940621216982,1
720575940608345867,720575940631758393,1
720575940608345867,720575940637391582,1
720575940610907490,720575940644747828,1
720575940610907490,720575940639684696,1
720575940610907490,720575940627194501,1
720575940610907490,720575940630397527,1
720575940610907490,720575940630498811,1
720575940610907490,720575940631758393,1
720575940610907490,720575940634655851,1
720575940605167025,720575940630318951,1
720575940605167025,720575940631758393,1
720575940605167025,720575940624317419,1
720575940605167025,720575940625931266,1
720575940608345867,720575940617691170,1
720575940608345867,720575940621462512,1
720575940608345867,720575940622495092,1
720575940605167025,720575940643542688,1
720575940608345867,720575940608071435,1
720575940608345867,720575940612857878,1
720575940612435198,720575940620576238,1
720575940612421290,720575940647165828,1
720575940616848192,720575940617691170,1
720575940616848192,720575940617903643,1
720575940616848192,720575940619676224,1
720575940612435198,720575940635356316,1
720575940612435198,720575940640747864,1
720575940611771029,720575940631576903,1
720575940611771029,720575940649675897,1
720575940612421290,720575940610430254,1
720575940612421290,720575940612623474,1
720575940612421290,720575940612857878,1
720575940611771029,720575940630076887,1
720575940611771029,720575940621085622,1
720575940611771029,720575940629564286,1
720575940612421290,720575940629564286,1
720575940612421290,720575940627644584,1
720575940612421290,720575940628836412,1
720575940612421290,720575940630397527,1
720575940612421290,720575940631758393,1
720575940612421290,720575940617691170,1
720575940612421290,720575940623398524,1
720575940612421290,720575940622338269,1
720575940622061803,720575940650745977,1
720575940622135501,720575940608442633,1
720575940622135501,720575940616312949,1
720575940622061803,720575940641509595,1
720575940622061803,720575940640747864,1
720575940622135501,720575940627741799,1
720575940622135501,720575940633515490,1
720575940622135501,720575940621082996,1
720575940622135501,720575940624406986,1
720575940621786295,720575940635356316,1
720575940621786295,720575940623082665,1
720575940621786295,720575940626878460,1
720575940622061803,720575940623082665,1
720575940622061803,720575940621284446,1
720575940622061803,720575940625926693,1
720575940622061803,720575940620576238,1
720575940622061803,720575940620423533,1
720575940626464901,720575940608186498,1
720575940623009549,720575940633142498,1
720575940623009549,720575940634655851,1
720575940623009549,720575940654661281,1
720575940623009549,720575940646582836,1
720575940623009549,720575940631758393,1
720575940626464901,720575940626071482,1
720575940626464901,720575940626878460,1
720575940626464901,720575940620423533,1
720575940626464901,720575940620576238,1
720575940626464901,720575940622701808,1
720575940623009549,720575940631443304,1
720575940622461149,720575940631758393,1
720575940622461149,720575940642603464,1
720575940623009549,720575940612623474,1
720575940622461149,720575940617145561,1
720575940622461149,720575940608071435,1
720575940623009549,720575940631222841,1
720575940623009549,720575940627644584,1
720575940623009549,720575940628836412,1
720575940623009549,720575940630498811,1
720575940623009549,720575940617242841,1
720575940623009549,720575940617691170,1
720575940620344837,720575940619823536,1
720575940619041133,720575940634953079,1
720575940619041133,720575940650745977,1
720575940619041133,720575940635356316,1
720575940620344837,720575940631576903,1
720575940620344837,720575940621216982,1
720575940620344837,720575940622495092,1
720575940619041133,720575940608186498,1
720575940619041133,720575940610523746,1
720575940617769217,720575940627110931,1
720575940617769217,720575940631758393,1
720575940617769217,720575940637391582,1
720575940619041133,720575940623082665,1
720575940619041133,720575940624859725,1
720575940621322534,720575940617145561,1
720575940621322534,720575940610430254,1
720575940621084771,720575940642603464,1
720575940621322534,720575940627194501,1
720575940621322534,720575940637391582,1
720575940620495830,720575940616682838,1
720575940620495830,720575940619301185,1
720575940620495830,720575940619917248,1
720575940620495830,720575940616312949,1
720575940620495830,720575940624317419,1
720575940620495830,720575940607511900,1
720575940620495830,720575940632107335,1
720575940620577652,720575940639077283,1
720575940620273023,720575940649649785,1
720575940620273023,720575940627194501,1
720575940620273023,720575940630397527,1
720575940620273023,720575940631222841,1
720575940620422494,720575940630446329,1
720575940620422494,720575940630794703,1
720575940620422494,720575940631844492,1
720575940620422494,720575940626135122,1
720575940620422494,720575940621900321,1
720575940620422494,720575940615682246,1
720575940620422494,720575940624317419,1
720575940615764422,720575940628708139,1
720575940615764422,720575940630794703,1
720575940615764422,720575940631758393,1
720575940615764422,720575940617242841,1
720575940615764422,720575940619917248,1
720575940615764422,720575940637391582,1
720575940620273023,720575940608071435,1
720575940620273023,720575940617691170,1
720575940617650481,720575940632107335,1
720575940617650481,720575940630318951,1
720575940617650481,720575940633515490,1
720575940621413926,720575940607287561,1
720575940621413926,720575940608442633,1
720575940621413926,720575940616682838,1
720575940621413926,720575940619506993,1
720575940621023297,720575940654661281,1
720575940621023297,720575940644747828,1
720575940621413926,720575940620488513,1
720575940621023297,720575940631758393,1
720575940621023297,720575940642603464,1
720575940622891277,720575940608071435,1
720575940621413926,720575940634652523,1
720575940621413926,720575940621082996,1
720575940621413926,720575940624317419,1
720575940621413926,720575940626135122,1
720575940620422494,720575940633541857,1
720575940620682662,720575940631443304,1
720575940620682662,720575940617145561,1
720575940620422494,720575940636461710,1
720575940620422494,720575940637390302,1
720575940620422494,720575940649649785,1
720575940620682662,720575940606909826,1
720575940620682662,720575940608071435,1
720575940620682662,720575940610181496,1
720575940621023297,720575940619402576,1
720575940620682662,720575940634655851,1
720575940621023297,720575940605113376,1
720575940621023297,720575940617691170,1
720575940615764422,720575940605221065,1
720575940608772821,720575940613338152,1
720575940608772821,720575940614293485,1
720575940608772821,720575940617691170,1
720575940608655918,720575940643542688,1
720575940608772821,720575940629579836,1
720575940608772821,720575940623082665,1
720575940608772821,720575940620423533,1
720575940608772821,720575940624859725,1
720575940608383243,720575940627194501,1
720575940608383243,720575940629564286,1
720575940608383243,720575940621216982,1
720575940608383243,720575940623398524,1
720575940608383243,720575940622495092,1
720575940608655918,720575940628743362,1
720575940608655918,720575940623082665,1
720575940608655918,720575940621082996,1
720575940608655918,720575940624406986,1
720575940608655918,720575940625931266,1
720575940608655918,720575940608442633,1
720575940608655918,720575940616312949,1
720575940614282238,720575940617691170,1
720575940614282238,720575940619823536,1
720575940614282238,720575940605280201,1
720575940612766102,720575940632107335,1
720575940612766102,720575940630318951,1
720575940614282238,720575940627194501,1
720575940608772821,720575940638163940,1
720575940612754582,720575940627110931,1
720575940612754582,720575940608071435,1
720575940612754582,720575940617145561,1
720575940612766102,720575940620488513,1
720575940612766102,720575940616312949,1
720575940612766102,720575940624317419,1
720575940612754582,720575940634640023,1
720575940612754582,720575940654661281,1
720575940612766102,720575940607511900,1
720575940633004383,720575940625615248,1
720575940633004383,720575940626878460,1
720575940633908124,720575940613338152,1
720575940633908124,720575940620423533,1
720575940633004383,720575940635789431,1
720575940633004383,720575940638163940,1
720575940631880217,720575940625926693,1
720575940631880217,720575940621284446,1
720575940631880217,720575940620576238,1
720575940633004383,720575940606196098,1
720575940631880217,720575940650745977,1
720575940636045175,720575940639077283,1
720575940636551086,720575940605280201,1
720575940636551086,720575940608071435,1
720575940636045175,720575940632107335,1
720575940636551086,720575940616643924,1
720575940636045175,720575940626135122,1
720575940636045175,720575940630318951,1
720575940636551086,720575940631443304,1
720575940636551086,720575940631758393,1
720575940636551086,720575940621462512,1
720575940636045175,720575940624317419,1
720575940636045175,720575940623979593,1
720575940633908124,720575940630868271,1
720575940633908124,720575940629579836,1
720575940633908124,720575940631198776,1
720575940633908124,720575940634953079,1
720575940633908124,720575940635356316,1
720575940633908124,720575940624859725,1
720575940633908124,720575940625615248,1
720575940633908124,720575940626878460,1
720575940636045175,720575940622950605,1
720575940636045175,720575940614629799,1
720575940636045175,720575940619917248,1
720575940636045175,720575940621082996,1
720575940633908124,720575940644146724,1
720575940636045175,720575940608442633,1
720575940624537836,720575940619402576,1
720575940624537836,720575940617242841,1
720575940622930957,720575940637391582,1
720575940622930957,720575940643950190,1
720575940622930957,720575940647165828,1
720575940622930957,720575940654661281,1
720575940624537836,720575940628836412,1
720575940625476964,720575940616682838,1
720575940625476964,720575940620488513,1
720575940625476964,720575940620497217,1
720575940625476964,720575940607287561,1
720575940624537836,720575940630076887,1
720575940624537836,720575940630498811,1
720575940624537836,720575940643950190,1
720575940622891277,720575940631576903,1
720575940622891277,720575940626555800,1
720575940622891277,720575940627390507,1
720575940622891277,720575940617691170,1
720575940622891277,720575940654661281,1
720575940622930957,720575940622338269,1
720575940622930957,720575940627644584,1
720575940622930957,720575940631758393,1
720575940622930957,720575940621085622,1
720575940627568646,720575940619823536,1
720575940627568646,720575940621462512,1
720575940626792209,720575940640770957,1
720575940627568646,720575940605113376,1
720575940627568646,720575940612623474,1
720575940627568646,720575940649675897,1
720575940627568646,720575940637391582,1
720575940627568646,720575940639684696,1
720575940631880217,720575940606196098,1
720575940627568646,720575940629564286,1
720575940627568646,720575940630794703,1
720575940625476964,720575940636461710,1
720575940625476964,720575940636659886,1
720575940625476964,720575940648330105,1
720575940625476964,720575940650745977,1
720575940626792209,720575940605113376,1
720575940626792209,720575940608071435,1
720575940625476964,720575940632107335,1
720575940625476964,720575940630318951,1
720575940626792209,720575940627644584,1
720575940626792209,720575940631758393,1
720575940626792209,720575940621085622,1
720575940608383243,720575940617691170,1
720575940622857447,720575940630868271,1
720575940622857447,720575940620576238,1
720575940622857447,720575940621284446,1
720575940624574922,720575940623979593,1
720575940624574922,720575940621900321,1
720575940624574922,720575940622944403,1
720575940624574922,720575940622950605,1
720575940624574922,720575940628708139,1
720575940624574922,720575940620938150,1
720575940622857447,720575940635356316,1
720575940622857447,720575940638163940,1
720575940621892122,720575940647165828,1
720575940622697196,720575940612857878,1
720575940621892122,720575940630650063,1
720575940621892122,720575940622338269,1
720575940621892122,720575940623398524,1
720575940621892122,720575940625343550,1
720575940621892122,720575940630498811,1
720575940622697196,720575940646582836,1
720575940622697196,720575940621216982,1
720575940622697196,720575940623398524,1
720575940624574922,720575940630498811,1
720575940626277382,720575940608186498,1
720575940626277382,720575940620390822,1
720575940624574922,720575940631758393,1
720575940625560189,720575940614293485,1
720575940625560189,720575940617691170,1
720575940625560189,720575940620576238,1
720575940624574922,720575940631844492,1
720575940624574922,720575940632344290,1
720575940624574922,720575940633541857,1
720575940624574922,720575940637390302,1
720575940624574922,720575940646288419,1
720575940625560189,720575940608186498,1
720575940626075079,720575940605113376,1
720575940625560189,720575940635356316,1
720575940625560189,720575940640747864,1
720575940625560189,720575940650745977,1
720575940625560189,720575940624859725,1
720575940625560189,720575940626071482,1
720575940625560189,720575940626878460,1
720575940618326292,720575940621900321,1
720575940618326292,720575940622950605,1
720575940618326292,720575940623082665,1
720575940618326292,720575940623979593,1
720575940618326292,720575940628708139,1
720575940618326292,720575940630446329,1
720575940618326292,720575940620922790,1
720575940618326292,720575940630691159,1
720575940617650722,720575940650745977,1
720575940618326292,720575940630777631,1
720575940620520513,720575940616312949,1
720575940620520513,720575940619506993,1
720575940620520513,720575940608442633,1
720575940618326292,720575940639358579,1
720575940615764422,720575940643950190,1
720575940615764422,720575940648330105,1
720575940617650722,720575940608186498,1
720575940617650722,720575940629579836,1
720575940617650722,720575940639358579,1
720575940617650722,720575940640747864,1
720575940617650722,720575940623082665,1
720575940617650722,720575940625615248,1
720575940621073840,720575940617691170,1
720575940621073840,720575940619676224,1
720575940620607982,720575940630794703,1
720575940620607982,720575940635779959,1
720575940620607982,720575940658674049,1
720575940620607982,720575940628836412,1
720575940621892122,720575940605221065,1
720575940621073840,720575940630076887,1
720575940621073840,720575940627110931,1
720575940621073840,720575940627644584,1
720575940621073840,720575940631758393,1
720575940621073840,720575940633832628,1
720575940621073840,720575940634475119,1
720575940621073840,720575940637390302,1
720575940620520513,720575940628609127,1
720575940620520513,720575940628743362,1
720575940620520513,720575940632107335,1
720575940620520513,720575940633515490,1
720575940620520513,720575940623082665,1
720575940620520513,720575940625931266,1
720575940620520513,720575940626455326,1
720575940620520513,720575940626878460,1
720575940620607982,720575940627194501,1
720575940620607982,720575940614677810,1
720575940636135543,720575940623398524,1
720575940636135543,720575940608071435,1
720575940636135543,720575940612623474,1
720575940636135543,720575940627194501,1
720575940636135543,720575940627390507,1
720575940636135543,720575940658674049,1
720575940638925877,720575940612857878,1
720575940636135543,720575940627644584,1
720575940636135543,720575940636309093,1
720575940636135543,720575940634655851,1
720575940633886765,720575940650745977,1
720575940633226603,720575940639358579,1
720575940633226603,720575940650745977,1
720575940633226603,720575940637109214,1
720575940633226603,720575940637672425,1
720575940633226603,720575940626878460,1
720575940633226603,720575940628996455,1
720575940633226603,720575940631198776,1
720575940633226603,720575940634953079,1
720575940633886765,720575940644146724,1
720575940633886765,720575940629579836,1
720575940633886765,720575940623082665,1
720575940606680706,720575940612643954,1
720575940606680706,720575940620922790,1
720575940606680706,720575940620938150,1
720575940606680706,720575940621900321,1
720575940646263331,720575940633541857,1
720575940606680706,720575940639077283,1
720575940606680706,720575940649649785,1
720575940606680706,720575940633541857,1
720575940606680706,720575940628708139,1
720575940606680706,720575940630777631,1
720575940606680706,720575940631844492,1
720575940606680706,720575940632344290,1
720575940646263331,720575940630536441,1
720575940638925877,720575940630076887,1
720575940638925877,720575940633142498,1
720575940638925877,720575940619402576,1
720575940638925877,720575940622338269,1
720575940638925877,720575940627390507,1
720575940646263331,720575940605113376,1
720575940646263331,720575940627644584,1
720575940646263331,720575940608071435,1
720575940646263331,720575940621216982,1
720575940646263331,720575940617691170,1
720575940626953732,720575940629564286,1
720575940626953732,720575940630076887,1
720575940626953732,720575940621462512,1
720575940626953732,720575940605113376,1
720575940626550504,720575940643542688,1
720575940626550504,720575940646288419,1
720575940626953732,720575940611918578,1
720575940626953732,720575940617903643,1
720575940626953732,720575940633832628,1
720575940628217643,720575940604861356,1
720575940628217643,720575940605113376,1
720575940626277382,720575940650745977,1
720575940626277382,720575940644146724,1
720575940626550504,720575940607511900,1
720575940626277382,720575940635356316,1
720575940626550504,720575940626455326,1
720575940626550504,720575940628743362,1
720575940626550504,720575940618910075,1
720575940626550504,720575940620812865,1
720575940631827527,720575940623398524,1
720575940631827527,720575940610430254,1
720575940631827527,720575940619823536,1
720575940633226603,720575940620423533,1
720575940633226603,720575940622701808,1
720575940633226603,720575940623082665,1
720575940633226603,720575940624661031,1
720575940631827527,720575940630076887,1
720575940631827527,720575940634655851,1
720575940631434722,720575940605280201,1
720575940628217643,720575940643950190,1
720575940628217643,720575940632107335,1
720575940631434722,720575940633142498,1
720575940631434722,720575940636309093,1
720575940631434722,720575940637390302,1
720575940631434722,720575940646582836,1
720575940631434722,720575940619402576,1
720575940631434722,720575940619823536,1
720575940636551086,720575940634655851,1
720575940631594809,720575940631576903,1
720575940632481363,720575940616682838,1
720575940631594809,720575940620341931,1
720575940636114239,720575940619506993,1
720575940636114239,720575940619917248,1
720575940636114239,720575940620488513,1
720575940632481363,720575940628743362,1
720575940632481363,720575940631758393,1
720575940636114239,720575940608442633,1
720575940631408610,720575940613338152,1
720575940631408610,720575940620423533,1
720575940631408610,720575940620576238,1
720575940630300613,720575940648330105,1
720575940630300613,720575940643542688,1
720575940630300613,720575940646288419,1
720575940630300613,720575940649649785,1
720575940631408610,720575940606196098,1
720575940631408610,720575940639358579,1
720575940631594809,720575940605221065,1
720575940631408610,720575940624859725,1
720575940631408610,720575940626878460,1
720575940636114239,720575940630777631,1
720575940648205945,720575940632107335,1
720575940648205945,720575940635779959,1
720575940648205945,720575940620812865,1
720575940648205945,720575940621082996,1
720575940648205945,720575940625931266,1
720575940652837793,720575940627194501,1
720575940636114239,720575940631844492,1
720575940644413732,720575940608186498,1
720575940648205945,720575940608442633,1
720575940648205945,720575940607511900,1
720575940644413732,720575940629579836,1
720575940644413732,720575940631198776,1
720575940648205945,720575940607287561,1
720575940644413732,720575940638163940,1
720575940627245701,720575940607511900,1
720575940627245701,720575940620812865,1
720575940626864414,720575940636309093,1
720575940626864414,720575940631576903,1
720575940627924935,720575940607287561,1
720575940627924935,720575940616312949,1
720575940627924935,720575940616682838,1
720575940627245701,720575940625931266,1
720575940627245701,720575940627741799,1
720575940625834900,720575940633515490,1
720575940625834900,720575940635779959,1
720575940625834900,720575940618910075,1
720575940625834900,720575940622950605,1
720575940625834900,720575940623082665,1
720575940626864414,720575940619823536,1
720575940626864414,720575940617691170,1
720575940626864414,720575940622338269,1
720575940626864414,720575940610181496,1
720575940626864414,720575940612755618,1
720575940626864414,720575940612857878,1
720575940627924935,720575940620488513,1
720575940629671235,720575940628708139,1
720575940629671235,720575940630536441,1
720575940629671235,720575940631443304,1
720575940629671235,720575940631576903,1
720575940629671235,720575940632344290,1
720575940629671235,720575940622338269,1
720575940630300613,720575940626455326,1
720575940630300613,720575940632344290,1
720575940630300613,720575940623082665,1
720575940630300613,720575940608442633,1
720575940630300613,720575940619506993,1
720575940630300613,720575940620812865,1
720575940630300613,720575940620922790,1
720575940629671235,720575940621216982,1
720575940627924935,720575940630318951,1
720575940627924935,720575940630996684,1
720575940627924935,720575940632107335,1
720575940627924935,720575940625931266,1
720575940627924935,720575940624317419,1
720575940629671235,720575940613647007,1
720575940629671235,720575940612623474,1
720575940652837793,720575940654661281,1
720575940619693003,720575940613338152,1
720575940618572422,720575940630777631,1
720575940618572422,720575940628708139,1
720575940618572422,720575940630650063,1
720575940618572422,720575940630794703,1
720575940618572422,720575940635779959,1
720575940618572422,720575940631758393,1
720575940618572422,720575940633142498,1
720575940619693003,720575940617691170,1
720575940619693003,720575940624859725,1
720575940619693003,720575940629579836,1
720575940619693003,720575940634953079,1
720575940619693003,720575940621284446,1
720575940618572422,720575940627741799,1
720575940617982800,720575940624859725,1
720575940617982800,720575940626878460,1
720575940617982800,720575940623082665,1
720575940617982800,720575940620390822,1
720575940617982800,720575940620423533,1
720575940617982800,720575940621284446,1
720575940617982800,720575940630868271,1
720575940618572422,720575940623082665,1
720575940617982800,720575940650745977,1
720575940619693003,720575940638163940,1
720575940620537071,720575940642603464,1
720575940620537071,720575940644747828,1
720575940620537071,720575940627644584,1
720575940620537071,720575940628836412,1
720575940620537071,720575940631576903,1
720575940620577652,720575940626135122,1
720575940620577652,720575940628708139,1
720575940620577652,720575940630446329,1
720575940620577652,720575940632344290,1
720575940620577652,720575940636659886,1
720575940620577652,720575940623979593,1
720575940620577652,720575940622944403,1
720575940620577652,720575940615682246,1
720575940620577652,720575940620812865,1
720575940620577652,720575940621900321,1
720575940620507862,720575940619823536,1
720575940620507862,720575940617691170,1
720575940619693003,720575940644146724,1
720575940620507862,720575940611918578,1
720575940620537071,720575940617903643,1
720575940620537071,720575940621085622,1
720575940620507862,720575940644747828,1
720575940608447241,720575940635789431,1
720575940608447241,720575940638163940,1
720575940608447241,720575940629579836,1
720575940608447241,720575940625615248,1
720575940615346363,720575940622495092,1
720575940608447241,720575940644146724,1
720575940615346363,720575940620497217,1
720575940615346363,720575940617691170,1
720575940615346363,720575940619676224,1
720575940606496011,720575940622950605,1
720575940606496011,720575940625931266,1
720575940606496011,720575940608442633,1
720575940606496011,720575940618910075,1
720575940608447241,720575940622100774,1
720575940606496011,720575940630691159,1
720575940606496011,720575940636461710,1
720575940606496011,720575940636659886,1
720575940606496011,720575940639077283,1
720575940617436305,720575940613647007,1
720575940617436305,720575940617242841,1
720575940617436305,720575940620497217,1
720575940617436305,720575940630794703,1
720575940617436305,720575940631222841,1
720575940617436305,720575940631443304,1
720575940617436305,720575940636659886,1
720575940616345403,720575940617691170,1
720575940616345403,720575940621284446,1
720575940616345403,720575940621861637,1
720575940615346363,720575940634655851,1
720575940616345403,720575940613338152,1
720575940616345403,720575940650745977,1
720575940616345403,720575940653360289,1
720575940617436305,720575940608071435,1
720575940616345403,720575940625926693,1
720575940616345403,720575940626878460,1
720575940616345403,720575940629579836,1
720575940602605536,720575940638163940,1
720575940602605536,720575940639358579,1
720575940605362610,720575940613338152,1
720575940602605536,720575940631198776,1
720575940602605536,720575940630868271,1
720575940605362610,720575940626878460,1
720575940605362610,720575940623082665,1
720575940605362610,720575940621284446,1
720575940602605536,720575940626878460,1
720575940642948887,720575940625615248,1
720575940602605536,720575940624859725,1
720575940602605536,720575940621284446,1
720575940602605536,720575940613338152,1
720575940602605536,720575940614293485,1
720575940602605536,720575940617691170,1
720575940608768213,720575940646582836,1
720575940608768213,720575940649649785,1
720575940610784179,720575940605221065,1
720575940610784179,720575940615682246,1
720575940610784179,720575940618910075,1
720575940608768213,720575940627644584,1
720575940608768213,720575940630536441,1
720575940608768213,720575940633142498,1
720575940610784179,720575940619917248,1
720575940610784179,720575940630318951,1
720575940610784179,720575940630777631,1
720575940610784179,720575940632344290,1
720575940610784179,720575940633541857,1
720575940610784179,720575940636659886,1
720575940610784179,720575940620488513,1
720575940610784179,720575940620922790,1
720575940610784179,720575940621900321,1
720575940610784179,720575940622950605,1
720575940610784179,720575940623082665,1
720575940610784179,720575940626455326,1
720575940608393739,720575940621462512,1
720575940608393739,720575940619402576,1
720575940608393739,720575940622495092,1
720575940608393739,720575940623398524,1
720575940608393739,720575940611918578,1
720575940608393739,720575940613647007,1
720575940608768213,720575940617145561,1
720575940608768213,720575940617691170,1
720575940608768213,720575940619823536,1
720575940608768213,720575940621216982,1
720575940608393739,720575940630498811,1
720575940608393739,720575940630397527,1
720575940608393739,720575940637391582,1
720575940637316029,720575940636659886,1
720575940637316029,720575940632107335,1
720575940637316029,720575940643542688,1
720575940637316029,720575940620812865,1
720575940637316029,720575940620922790,1
720575940637316029,720575940623082665,1
720575940637316029,720575940630318951,1
720575940637707069,720575940625615248,1
720575940637707069,720575940618943389,1
720575940637707069,720575940617691170,1
720575940637707069,720575940620390822,1
720575940637707069,720575940620423533,1
720575940637707069,720575940621284446,1
720575940637707069,720575940626878460,1
720575940637222470,720575940616682838,1
720575940637222470,720575940619506993,1
720575940637222470,720575940623082665,1
720575940636551086,720575940637391582,1
720575940637222470,720575940607287561,1
720575940637222470,720575940607511900,1
720575940637316029,720575940607511900,1
720575940637316029,720575940610430254,1
720575940637222470,720575940630318951,1
720575940637222470,720575940630996684,1
720575940637222470,720575940632107335,1
720575940637222470,720575940634652523,1
720575940642022088,720575940623979593,1
720575940642022088,720575940626455326,1
720575940642022088,720575940628708139,1
720575940642022088,720575940630498811,1
720575940642022088,720575940630777631,1
720575940642022088,720575940622944403,1
720575940642022088,720575940619506993,1
720575940642022088,720575940619676224,1
720575940642022088,720575940620497217,1
720575940642022088,720575940622495092,1
720575940642022088,720575940631844492,1
720575940642022088,720575940633541857,1
720575940642022088,720575940636659886,1
720575940642022088,720575940637390302,1
720575940642022088,720575940638940469,1
720575940639515965,720575940612623474,1
720575940637707069,720575940638163940,1
720575940639515965,720575940644747828,1
720575940639515965,720575940622338269,1
720575940639515965,720575940625343550,1
720575940623546638,720575940620341931,1
720575940623546638,720575940610430254,1
720575940623978789,720575940610523746,1
720575940623978789,720575940613338152,1
720575940623546638,720575940649675897,1
720575940623546638,720575940658674049,1
720575940623546638,720575940630691159,1
720575940623546638,720575940631758393,1
720575940623546638,720575940637391582,1
720575940622075274,720575940628708139,1
720575940622075274,720575940630777631,1
720575940622075274,720575940639077283,1
720575940622075274,720575940622944403,1
720575940622075274,720575940621900321,1
720575940622075274,720575940625926693,1
720575940623377555,720575940623082665,1
720575940623377555,720575940624317419,1
720575940623377555,720575940628743362,1
720575940623377555,720575940622950605,1
720575940623377555,720575940615682246,1
720575940622075274,720575940654661281,1
720575940623377555,720575940612643954,1
720575940623377555,720575940616312949,1
720575940624453868,720575940643542688,1
720575940625266057,720575940605280201,1
720575940625266057,720575940610430254,1
720575940624453868,720575940630166267,1
720575940624453868,720575940628743362,1
720575940625266057,720575940637391582,1
720575940625266057,720575940631758393,1
720575940625266057,720575940633142498,1
720575940625266057,720575940634655851,1
720575940625266057,720575940639358579,1
720575940625266057,720575940643950190,1
720575940625266057,720575940621216982,1
720575940623978789,720575940620423533,1
720575940623978789,720575940631017258,1
720575940623978789,720575940631198776,1
720575940623978789,720575940626071482,1
720575940624453868,720575940616682838,1
720575940624453868,720575940619506993,1
720575940624453868,720575940620488513,1
720575940623978789,720575940650745977,1
720575940622075274,720575940620497217,1
720575940622075274,720575940619506993,1
720575940616208965,720575940630868271,1
720575940616208965,720575940640747864,1
720575940616208965,720575940621861637,1
720575940616208965,720575940623082665,1
720575940616208965,720575940626878460,1
720575940617650481,720575940623082665,1
720575940617650481,720575940621082996,1
720575940617650481,720575940624406986,1
720575940617650481,720575940625931266,1
720575940617650481,720575940610430254,1
720575940617650481,720575940619917248,1
720575940613727399,720575940625931266,1
720575940613727399,720575940622950605,1
720575940613727399,720575940628743362,1
720575940613727399,720575940619506993,1
720575940613727399,720575940616682838,1
720575940613727399,720575940620812865,1
720575940613727399,720575940630446329,1
720575940622067113,720575940610181496,1
720575940622067113,720575940617691170,1
720575940620500417,720575940644747828,1
720575940622067113,720575940627194501,1
720575940622067113,720575940621085622,1
720575940622067113,720575940622495092,1
720575940622067113,720575940631576903,1
720575940620500417,720575940627110931,1
720575940619960926,720575940623979593,1
720575940619960926,720575940620497217,1
720575940619960926,720575940621900321,1
720575940619960926,720575940623082665,1
720575940619960926,720575940628708139,1
720575940620500417,720575940621216982,1
720575940620500417,720575940621085622,1
720575940620500417,720575940617691170,1
720575940619960926,720575940631844492,1
720575940619960926,720575940633541857,1
720575940620500417,720575940608071435,1
720575940632182692,720575940627110931,1
720575940632182692,720575940621085622,1
720575940630679895,720575940633142498,1
720575940630679895,720575940634655851,1
720575940630679895,720575940637391582,1
720575940630679895,720575940647165828,1
720575940630679895,720575940649649785,1
720575940632182692,720575940617903643,1
720575940632582807,720575940623082665,1
720575940632582807,720575940613338152,1
720575940630679895,720575940631758393,1
720575940630679895,720575940631443304,1
720575940629502506,720575940631576903,1
720575940629502506,720575940639358579,1
720575940629502506,720575940642733216,1
720575940630679895,720575940605113376,1
720575940629502506,720575940622495092,1
720575940630679895,720575940608071435,1
720575940630679895,720575940627644584,1
720575940630679895,720575940614677810,1
720575940630679895,720575940617242841,1
720575940636920542,720575940624859725,1
720575940636920542,720575940621861637,1
720575940636920542,720575940629579836,1
720575940633402082,720575940646582836,1
720575940636920542,720575940620576238,1
720575940633402082,720575940644747828,1
720575940637186638,720575940624859725,1
720575940637186638,720575940626878460,1
720575940632582807,720575940626878460,1
720575940633402082,720575940617691170,1
720575940633402082,720575940619402576,1
720575940632582807,720575940630868271,1
720575940633402082,720575940620341931,1
720575940633402082,720575940631222841,1
720575940633402082,720575940621216982,1
720575940629502506,720575940619402576,1
720575940626874097,720575940636659886,1
720575940626874097,720575940639077283,1
720575940626874097,720575940646288419,1
720575940626874097,720575940630446329,1
720575940626874097,720575940626135122,1
720575940626874097,720575940622950605,1
720575940626874097,720575940623082665,1
720575940626874097,720575940628708139,1
720575940627775938,720575940624859725,1
720575940624644739,720575940620423533,1
720575940624644739,720575940623082665,1
720575940624644739,720575940624859725,1
720575940624644739,720575940626878460,1
720575940626874097,720575940615682246,1
720575940626874097,720575940620497217,1
720575940624644739,720575940644146724,1
720575940629271596,720575940621216982,1
720575940629271596,720575940605221065,1
720575940629271596,720575940617903643,1
720575940629502506,720575940604861356,1
720575940629502506,720575940613647007,1
720575940629271596,720575940627194501,1
720575940629271596,720575940639358579,1
720575940629271596,720575940642733216,1
720575940628800762,720575940646288419,1
720575940627775938,720575940634953079,1
720575940627775938,720575940635356316,1
720575940627775938,720575940650745977,1
720575940628800762,720575940615682246,1
720575940628800762,720575940639077283,1
720575940628800762,720575940630777631,1
720575940628800762,720575940631844492,1
720575940628800762,720575940638940469,1
720575940628800762,720575940626135122,1
720575940628800762,720575940619917248,1
720575940628800762,720575940620497217,1
720575940628800762,720575940621900321,1
720575940628800762,720575940622944403,1
720575940613797295,720575940626135122,1
720575940613797295,720575940627644584,1
720575940613797295,720575940628609127,1
720575940613797295,720575940619917248,1
720575940613797295,720575940642603464,1
720575940613797295,720575940647165828,1
720575940613797295,720575940658674049,1
720575940613797295,720575940632344290,1
720575940613797295,720575940637672425,1
720575940612008818,720575940647165828,1
720575940612435454,720575940613338152,1
720575940613797295,720575940617903643,1
720575940612435454,720575940634953079,1
720575940613797295,720575940605113376,1
720575940618292939,720575940635356316,1
720575940619516144,720575940617691170,1
720575940619516144,720575940618943389,1
720575940619516144,720575940620423533,1
720575940619358257,720575940644747828,1
720575940619516144,720575940613338152,1
720575940619516144,720575940634953079,1
720575940619516144,720575940635356316,1
720575940619516144,720575940650745977,1
720575940620274497,720575940605221065,1
720575940620274497,720575940611918578,1
720575940619516144,720575940625615248,1
720575940619516144,720575940626878460,1
720575940619516144,720575940631198776,1
720575940619358257,720575940617691170,1
720575940618292939,720575940637928164,1
720575940619358257,720575940605221065,1
720575940619358257,720575940632344290,1
720575940619358257,720575940630446329,1
720575940619358257,720575940630498811,1
720575940619358257,720575940635779959,1
720575940603721248,720575940623082665,1
720575940603721248,720575940620423533,1
720575940603721248,720575940617691170,1
720575940603721248,720575940625615248,1
720575940603721248,720575940635356316,1
720575940603721248,720575940640747864,1
720575940644946211,720575940616312949,1
720575940644946211,720575940616682838,1
720575940644946211,720575940617145561,1
720575940644946211,720575940618910075,1
720575940644946211,720575940619506993,1
720575940644946211,720575940607511900,1
720575940637186638,720575940630868271,1
720575940637186638,720575940650745977,1
720575940644946211,720575940635779959,1
720575940644946211,720575940636461710,1
720575940644946211,720575940648330105,1
720575940644946211,720575940633515490,1
720575940603721248,720575940606196098,1
720575940644946211,720575940626300444,1
720575940605338290,720575940646582836,1
720575940605338290,720575940649649785,1
720575940612008818,720575940612857878,1
720575940612008818,720575940614677810,1
720575940605338290,720575940631758393,1
720575940605338290,720575940631576903,1
720575940612008818,720575940627194501,1
720575940612008818,720575940627644584,1
720575940612008818,720575940630536441,1
720575940612008818,720575940631758393,1
720575940612008818,720575940617145561,1
720575940612008818,720575940617691170,1
720575940612008818,720575940620341931,1
720575940612008818,720575940621216982,1
720575940604770249,720575940623082665,1
720575940604770249,720575940624661031,1
720575940605338290,720575940605113376,1
720575940605338290,720575940610430254,1
720575940605338290,720575940617691170,1
720575940604770249,720575940630868271,1
720575940604770249,720575940638163940,1
720575940604770249,720575940634953079,1
720575940624060208,720575940650745977,1
720575940608820600,720575940643950190,1
720575940608820600,720575940622338269,1
720575940608820600,720575940617691170,1
720575940608820600,720575940620341931,1
720575940608820600,720575940621462512,1
720575940609871253,720575940623082665,1
720575940609871253,720575940625926693,1
720575940609871253,720575940629579836,1
720575940603719712,720575940634475119,1
720575940603719712,720575940637391582,1
720575940604489649,720575940607511900,1
720575940603719712,720575940630691159,1
720575940604489649,720575940625931266,1
720575940604489649,720575940635779959,1
720575940604489649,720575940616312949,1
720575940604489649,720575940616682838,1
720575940604489649,720575940621900321,1
720575940604489649,720575940622944403,1
720575940604489649,720575940622950605,1
720575940604489649,720575940623082665,1
720575940615066335,720575940624317419,1
720575940615066335,720575940626300444,1
720575940615066335,720575940626455326,1
720575940615136059,720575940617691170,1
720575940614313996,720575940622944403,1
720575940614313996,720575940626135122,1
720575940609871253,720575940635356316,1
720575940609871253,720575940644146724,1
720575940614313996,720575940615682246,1
720575940615066335,720575940617691170,1
720575940615066335,720575940621082996,1
720575940614313996,720575940630777631,1
720575940614313996,720575940631844492,1
720575940614313996,720575940636659886,1
720575940632835810,720575940620390822,1
720575940632835810,720575940620423533,1
720575940637846618,720575940622701808,1
720575940632835810,720575940650745977,1
720575940632585043,720575940617691170,1
720575940632585043,720575940622701808,1
720575940631088402,720575940634953079,1
720575940631088402,720575940635356316,1
720575940631088402,720575940639358579,1
720575940631088402,720575940650745977,1
720575940632585043,720575940610523746,1
720575940632585043,720575940650745977,1
720575940632585043,720575940641509595,1
720575940632585043,720575940630868271,1
720575940637846618,720575940623082665,1
720575940648276089,720575940612623474,1
720575940648276089,720575940617903643,1
720575940603719712,720575940615750562,1
720575940603719712,720575940617903643,1
720575940648276089,720575940643950190,1
720575940648276089,720575940630794703,1
720575940648276089,720575940634655851,1
720575940648276089,720575940637390302,1
720575940648276089,720575940605113376,1
720575940637846618,720575940639358579,1
720575940637846618,720575940625615248,1
720575940637846618,720575940629579836,1
720575940637964521,720575940634655851,1
720575940637964521,720575940644747828,1
720575940637964521,720575940649649785,1
720575940637964521,720575940622950605,1
720575940621529980,720575940622495092,1
720575940621529980,720575940619402576,1
720575940621529980,720575940647165828,1
720575940623370180,720575940611918578,1
720575940623370180,720575940612623474,1
720575940621529980,720575940627644584,1
720575940620883917,720575940637391582,1
720575940620883917,720575940628708139,1
720575940620883917,720575940626555800,1
720575940621415885,720575940625615248,1
720575940621415885,720575940620390822,1
720575940621415885,720575940617691170,1
720575940621415885,720575940618943389,1
720575940623582904,720575940650745977,1
720575940624060208,720575940631198776,1
720575940623582904,720575940613338152,1
720575940623370180,720575940622338269,1
720575940623582904,720575940625615248,1
720575940623582904,720575940629579836,1
720575940623582904,720575940620390822,1
720575940623582904,720575940620576238,1
720575940623582904,720575940623082665,1
720575940620883917,720575940623398524,1
720575940614925963,720575940624661031,1
720575940614925963,720575940626878460,1
720575940614925963,720575940623082665,1
720575940614925963,720575940617691170,1
720575940614925963,720575940650745977,1
720575940616222438,720575940615682246,1
720575940616222438,720575940620488513,1
720575940614925963,720575940629579836,1
720575940614925963,720575940637109214,1
720575940615136059,720575940644146724,1
720575940615136059,720575940650745977,1
720575940615447764,720575940610430254,1
720575940615136059,720575940641509595,1
720575940615447764,720575940616643924,1
720575940615447764,720575940617242841,1
720575940614925963,720575940608186498,1
720575940614925963,720575940610523746,1
720575940615447764,720575940627644584,1
720575940615447764,720575940630397527,1
720575940616222438,720575940621082996,1
720575940620883917,720575940621462512,1
720575940620012321,720575940617691170,1
720575940619412596,720575940635356316,1
720575940620012321,720575940608071435,1
720575940620012321,720575940610181496,1
720575940620012321,720575940612857878,1
720575940620883917,720575940617691170,1
720575940620883917,720575940621216982,1
720575940620883917,720575940608071435,1
720575940620012321,720575940630691159,1
720575940620012321,720575940631576903,1
720575940620012321,720575940631758393,1
720575940616222438,720575940632107335,1
720575940619412596,720575940608186498,1
720575940616222438,720575940631758393,1
720575940616222438,720575940626300444,1
720575940616222438,720575940626455326,1
720575940619412596,720575940625615248,1
720575940619412596,720575940620576238,1
720575940619412596,720575940613338152,1
720575940619412596,720575940620423533,1
720575940615409625,720575940624859725,1
720575940615409625,720575940625615248,1
720575940615409625,720575940620423533,1
720575940615409625,720575940629579836,1
720575940617238457,720575940620390822,1
720575940617238457,720575940614293485,1
720575940617238457,720575940620576238,1
720575940617238457,720575940621284446,1
720575940617238457,720575940622701808,1
720575940617238457,720575940610523746,1
720575940614742687,720575940610430254,1
720575940614318482,720575940643950190,1
720575940614742687,720575940612857878,1
720575940614318482,720575940635779959,1
720575940614742687,720575940637390302,1
720575940614742687,720575940649649785,1
720575940614742687,720575940631758393,1
720575940614742687,720575940630794703,1
720575940618422592,720575940621085622,1
720575940618422592,720575940623398524,1
720575940618422592,720575940626555800,1
720575940618422592,720575940630691159,1
720575940618131505,720575940637390302,1
720575940618131505,720575940639077283,1
720575940618131505,720575940646288419,1
720575940618131505,720575940649649785,1
720575940618422592,720575940617242841,1
720575940618422592,720575940633832628,1
720575940620682934,720575940619823536,1
720575940620682934,720575940623398524,1
720575940620682934,720575940617691170,1
720575940618422592,720575940634655851,1
720575940618422592,720575940647165828,1
720575940617238457,720575940644146724,1
720575940617238457,720575940626878460,1
720575940617238457,720575940629579836,1
720575940618131505,720575940627644584,1
720575940618131505,720575940626135122,1
720575940618131505,720575940628708139,1
720575940618131505,720575940622950605,1
720575940618131505,720575940616682838,1
720575940618131505,720575940617691170,1
720575940618131505,720575940621900321,1
720575940613272799,720575940640747864,1
720575940613272799,720575940644146724,1
720575940613272799,720575940650745977,1
720575940613272799,720575940624859725,1
720575940613272799,720575940630868271,1
720575940614027059,720575940624859725,1
720575940614027059,720575940626878460,1
720575940614027059,720575940617691170,1
720575940611343218,720575940630650063,1
720575940611343218,720575940631758393,1
720575940611343218,720575940627644584,1
720575940611343218,720575940619823536,1
720575940611343218,720575940637390302,1
720575940611343218,720575940646582836,1
720575940613864498,720575940626555800,1
720575940618292939,720575940624859725,1
720575940618292939,720575940620576238,1
720575940618292939,720575940621284446,1
720575940618292939,720575940623082665,1
720575940613864498,720575940633142498,1
720575940614318482,720575940627110931,1
720575940613864498,720575940643950190,1
720575940614318482,720575940612857878,1
720575940616569227,720575940617691170,1
720575940614027059,720575940638163940,1
720575940614027059,720575940639358579,1
720575940616569227,720575940605113376,1
720575940616569227,720575940605221065,1
720575940616569227,720575940636309093,1
720575940616569227,720575940637390302,1
720575940616569227,720575940635779959,1
720575940616569227,720575940627194501,1
720575940616569227,720575940630498811,1
720575940628076038,720575940643950190,1
720575940628076038,720575940649675897,1
720575940628138246,720575940607287561,1
720575940628138246,720575940608442633,1
720575940628076038,720575940634655851,1
720575940628076038,720575940629564286,1
720575940628138246,720575940620812865,1
720575940628374121,720575940613647007,1
720575940628138246,720575940628743362,1
720575940628138246,720575940630996684,1
720575940626937347,720575940626555800,1
720575940626937347,720575940617691170,1
720575940626937347,720575940614677810,1
720575940628076038,720575940612857878,1
720575940628076038,720575940617691170,1
720575940628076038,720575940621462512,1
720575940626937347,720575940633832628,1
720575940626937347,720575940654661281,1
720575940628076038,720575940605280201,1
720575940628374121,720575940620341931,1
720575940631553164,720575940625926693,1
720575940631553164,720575940623082665,1
720575940631553164,720575940626878460,1
720575940632552343,720575940623398524,1
720575940631553164,720575940634953079,1
720575940628374121,720575940630498811,1
720575940628374121,720575940631576903,1
720575940628374121,720575940621462512,1
720575940628374121,720575940627110931,1
720575940628374121,720575940642733216,1
720575940629921654,720575940617691170,1
720575940628374121,720575940644747828,1
720575940622781389,720575940623082665,1
720575940622348424,720575940647165828,1
720575940622348424,720575940631758393,1
720575940622864920,720575940616312949,1
720575940622864920,720575940607287561,1
720575940620682934,720575940643950190,1
720575940621121206,720575940617691170,1
720575940620682934,720575940637391582,1
720575940621121206,720575940636309093,1
720575940621121206,720575940619402576,1
720575940621121206,720575940621462512,1
720575940621121206,720575940623398524,1
720575940622864920,720575940620488513,1
720575940623203767,720575940644747828,1
720575940624112058,720575940614293485,1
720575940624112058,720575940629579836,1
720575940624112058,720575940626878460,1
720575940624112058,720575940621861637,1
720575940622864920,720575940620812865,1
720575940622864920,720575940626300444,1
720575940622864920,720575940630166267,1
720575940622864920,720575940630996684,1
720575940622864920,720575940621082996,1
720575940622864920,720575940621900321,1
720575940622864920,720575940624742414,1
720575940623203767,720575940619402576,1
720575940623203767,720575940619676224,1
720575940623203767,720575940617242841,1
720575940622864920,720575940633515490,1
720575940622864920,720575940648330105,1
720575940623203767,720575940611918578,1
720575940629814060,720575940616312949,1
720575940625768073,720575940630868271,1
720575940625768073,720575940631198776,1
720575940626251778,720575940606196098,1
720575940626251778,720575940624859725,1
720575940626251778,720575940610523746,1
720575940624396524,720575940629579836,1
720575940624396524,720575940630868271,1
720575940624396524,720575940624859725,1
720575940624396524,720575940625615248,1
720575940625768073,720575940613338152,1
720575940625768073,720575940620423533,1
720575940624396524,720575940637109214,1
720575940624396524,720575940640747864,1
720575940624396524,720575940644146724,1
720575940626251778,720575940629579836,1
720575940626911262,720575940650745977,1
720575940626911262,720575940634652523,1
720575940629814060,720575940607287561,1
720575940629814060,720575940608442633,1
720575940629335115,720575940644146724,1
720575940626911262,720575940630868271,1
720575940626251778,720575940631017258,1
720575940626251778,720575940638163940,1
720575940626911262,720575940606196098,1
720575940626911262,720575940629579836,1
720575940626911262,720575940620390822,1
720575940626911262,720575940620576238,1
720575940620862273,720575940606909826,1
720575940620310625,720575940658674049,1
720575940620310625,720575940633832628,1
720575940620310625,720575940640770957,1
720575940620310625,720575940631758393,1
720575940621762330,720575940613338152,1
720575940621762330,720575940620576238,1
720575940620862273,720575940623979593,1
720575940620862273,720575940630691159,1
720575940620862273,720575940630650063,1
720575940620862273,720575940631758393,1
720575940620862273,720575940633142498,1
720575940620310625,720575940632344290,1
720575940620310625,720575940631576903,1
720575940620274497,720575940630397527,1
720575940620274497,720575940632344290,1
720575940620274497,720575940619402576,1
720575940620274497,720575940622495092,1
720575940620310625,720575940623398524,1
720575940620310625,720575940628836412,1
720575940620310625,720575940612857878,1
720575940620310625,720575940605280201,1
720575940621762330,720575940623082665,1
720575940622837482,720575940630498811,1
720575940622837482,720575940630794703,1
720575940622837482,720575940631443304,1
720575940622837482,720575940631576903,1
720575940622837482,720575940620341931,1
720575940622837482,720575940623398524,1
720575940622837482,720575940634640023,1
720575940622837482,720575940636309093,1
720575940624396524,720575940617691170,1
720575940624396524,720575940620423533,1
720575940624396524,720575940608186498,1
720575940622837482,720575940649675897,1
720575940622694182,720575940608071435,1
720575940622694182,720575940617145561,1
720575940622694182,720575940617242841,1
720575940621762330,720575940628996455,1
720575940621762330,720575940631198776,1
720575940621762330,720575940637672425,1
720575940621762330,720575940635356316,1
720575940622694182,720575940637390302,1
720575940622694182,720575940643950190,1
720575940622694182,720575940631758393,1
720575940622694182,720575940626555800,1
720575940622694182,720575940628836412,1
720575940629814060,720575940616682838,1
720575940643404744,720575940639077283,1
720575940643404744,720575940646288419,1
720575940643404744,720575940648330105,1
720575940643404744,720575940636659886,1
720575940643404744,720575940628609127,1
720575940643404744,720575940623082665,1
720575940643404744,720575940623979593,1
720575940643404744,720575940630777631,1
720575940643404744,720575940632344290,1
720575940603773798,720575940615682246,1
720575940603773798,720575940628708139,1
720575940603773798,720575940630446329,1
720575940603773798,720575940630498811,1
720575940603773798,720575940630777631,1
720575940603773798,720575940620938150,1
720575940603773798,720575940623979593,1
720575940603773798,720575940622944403,1
720575940643404744,720575940622944403,1
720575940639506749,720575940626878460,1
720575940639506749,720575940622100774,1
720575940639506749,720575940621861637,1
720575940643404744,720575940615682246,1
720575940643404744,720575940620922790,1
720575940639506749,720575940640747864,1
720575940639506749,720575940635356316,1
720575940639506749,720575940637928164,1
720575940639506749,720575940644146724,1
720575940611111061,720575940605280201,1
720575940611111061,720575940608071435,1
720575940611111061,720575940613647007,1
720575940611111061,720575940617242841,1
720575940610210034,720575940631017258,1
720575940611111061,720575940634655851,1
720575940611111061,720575940642733216,1
720575940611111061,720575940646582836,1
720575940611343218,720575940605113376,1
720575940611343218,720575940605280201,1
720575940611111061,720575940623398524,1
720575940611111061,720575940627194501,1
720575940611111061,720575940629564286,1
720575940610210034,720575940624859725,1
720575940606941397,720575940623398524,1
720575940606941397,720575940627194501,1
720575940606941397,720575940610430254,1
720575940606941397,720575940617691170,1
720575940610210034,720575940621284446,1
720575940610210034,720575940620423533,1
720575940610210034,720575940622701808,1
720575940606941397,720575940631758393,1
720575940630881989,720575940629579836,1
720575940630881989,720575940630868271,1
720575940630881989,720575940631017258,1
720575940630881989,720575940623082665,1
720575940630881989,720575940621861637,1
720575940630881989,720575940635356316,1
720575940631868999,720575940630536441,1
720575940631868999,720575940630650063,1
720575940631868999,720575940631576903,1
720575940631868999,720575940612623474,1
720575940631868999,720575940612755618,1
720575940631868999,720575940622338269,1
720575940631868999,720575940631758393,1
720575940629814060,720575940625931266,1
720575940629814060,720575940624317419,1
720575940629814060,720575940630166267,1
720575940629814060,720575940624406986,1
720575940629814060,720575940619301185,1
720575940629814060,720575940619506993,1
720575940629814060,720575940631758393,1
720575940630881989,720575940613338152,1
720575940630881989,720575940608186498,1
720575940629814060,720575940632107335,1
720575940629814060,720575940643542688,1
720575940633146475,720575940619917248,1
720575940633146475,720575940620497217,1
720575940632919265,720575940631443304,1
720575940632919265,720575940631758393,1
720575940633146475,720575940621900321,1
720575940633146475,720575940622944403,1
720575940633146475,720575940632344290,1
720575940633146475,720575940631758393,1
720575940633146475,720575940623082665,1
720575940633146475,720575940623979593,1
720575940633146475,720575940630446329,1
720575940633146475,720575940630777631,1
720575940632098375,720575940620488513,1
720575940631868999,720575940639684696,1
720575940632919265,720575940617691170,1
720575940632098375,720575940630318951,1
720575940632098375,720575940631758393,1
720575940632098375,720575940632107335,1
720575940632098375,720575940636659886,1
720575940626496275,720575940613338152,1
720575940626496275,720575940610523746,1
720575940626496275,720575940625615248,1
720575940626496275,720575940625926693,1
720575940626496275,720575940629579836,1
720575940626496275,720575940623082665,1
720575940625292606,720575940631443304,1
720575940626124743,720575940607287561,1
720575940626124743,720575940608442633,1
720575940625292606,720575940622338269,1
720575940625292606,720575940619823536,1
720575940625292606,720575940621216982,1
720575940626124743,720575940630166267,1
720575940626124743,720575940627741799,1
720575940626124743,720575940630996684,1
720575940626124743,720575940631758393,1
720575940626124743,720575940612643954,1
720575940626124743,720575940618910075,1
720575940626124743,720575940619506993,1
720575940627166522,720575940630691159,1
720575940627166522,720575940605280201,1
720575940627166522,720575940608071435,1
720575940627166522,720575940610181496,1
720575940627166522,720575940617145561,1
720575940627166522,720575940617691170,1
720575940628163402,720575940613647007,1
720575940628163402,720575940634655851,1
720575940628163402,720575940636659886,1
720575940628163402,720575940637391582,1
720575940628163402,720575940627644584,1
720575940626901278,720575940648330105,1
720575940626496275,720575940631198776,1
720575940626901278,720575940616312949,1
720575940626901278,720575940616682838,1
720575940626901278,720575940619506993,1
720575940626901278,720575940608442633,1
720575940626496275,720575940634953079,1
720575940626496275,720575940638163940,1
720575940626901278,720575940646288419,1
720575940626901278,720575940631758393,1
720575940626901278,720575940632107335,1
720575940626901278,720575940630166267,1
720575940626901278,720575940641509595,1
720575940626901278,720575940630318951,1
720575940626901278,720575940621082996,1
720575940614816598,720575940622338269,1
720575940622222921,720575940623082665,1
720575940621146294,720575940634640023,1
720575940621146294,720575940636461710,1
720575940621146294,720575940638940469,1
720575940622222921,720575940644146724,1
720575940622222921,720575940635356316,1
720575940622737812,720575940613338152,1
720575940622222921,720575940624859725,1
720575940621146294,720575940632344290,1
720575940619597761,720575940635779959,1
720575940619597761,720575940631758393,1
720575940619597761,720575940617691170,1
720575940619597761,720575940627644584,1
720575940621146294,720575940631758393,1
720575940621146294,720575940626135122,1
720575940621146294,720575940618910075,1
720575940621146294,720575940620922790,1
720575940621146294,720575940621900321,1
720575940622737812,720575940616312949,1
720575940624532979,720575940605221065,1
720575940624532979,720575940606909826,1
720575940623986469,720575940636659886,1
720575940623986469,720575940649649785,1
720575940623986469,720575940638940469,1
720575940623986469,720575940648330105,1
720575940625292606,720575940605221065,1
720575940624532979,720575940634655851,1
720575940625292606,720575940608071435,1
720575940625292606,720575940612623474,1
720575940624532979,720575940623398524,1
720575940624532979,720575940626555800,1
720575940624532979,720575940630498811,1
720575940623986469,720575940630166267,1
720575940622737812,720575940635779959,1
720575940622737812,720575940636461710,1
720575940622737812,720575940646288419,1
720575940622737812,720575940630318951,1
720575940623986469,720575940608442633,1
720575940622737812,720575940623082665,1
720575940622737812,720575940619917248,1
720575940622737812,720575940626135122,1
720575940623986469,720575940625931266,1
720575940623986469,720575940626135122,1
720575940623986469,720575940626455326,1
720575940623986469,720575940621082996,1
720575940623986469,720575940616312949,1
720575940623986469,720575940617145561,1
720575940623986469,720575940618910075,1
720575940629834796,720575940613338152,1
720575940609133102,720575940610430254,1
720575940609133102,720575940612623474,1
720575940609133102,720575940623398524,1
720575940609133102,720575940610181496,1
720575940647739513,720575940633832628,1
720575940609935310,720575940612623474,1
720575940609133102,720575940627194501,1
720575940609133102,720575940630650063,1
720575940634967962,720575940631758393,1
720575940634967962,720575940637390302,1
720575940647739513,720575940605221065,1
720575940634967962,720575940627644584,1
720575940647739513,720575940608071435,1
720575940647739513,720575940631758393,1
720575940647739513,720575940617242841,1
720575940647739513,720575940612623474,1
720575940647739513,720575940617691170,1
720575940614037811,720575940617691170,1
720575940614037811,720575940605280201,1
720575940614037811,720575940608071435,1
720575940614037811,720575940617145561,1
720575940614037811,720575940620497217,1
720575940611453107,720575940653360289,1
720575940611453107,720575940630446329,1
720575940611453107,720575940631758393,1
720575940611453107,720575940633515490,1
720575940614037811,720575940639684696,1
720575940614816598,720575940617242841,1
720575940614816598,720575940617691170,1
720575940614037811,720575940631758393,1
720575940611453107,720575940628743362,1
720575940609935310,720575940628836412,1
720575940609935310,720575940631758393,1
720575940609935310,720575940646582836,1
720575940609935310,720575940617691170,1
720575940609935310,720575940627194501,1
720575940609935310,720575940639684696,1
720575940611453107,720575940623082665,1
720575940611453107,720575940621082996,1
720575940611453107,720575940620812865,1
720575940611453107,720575940607287561,1
720575940611453107,720575940607511900,1
720575940611453107,720575940608442633,1
720575940611453107,720575940620488513,1
720575940634967962,720575940619823536,1
720575940630411535,720575940620938150,1
720575940630411535,720575940621900321,1
720575940629917228,720575940637390302,1
720575940629917228,720575940627644584,1
720575940631048267,720575940605221065,1
720575940630411535,720575940646288419,1
720575940631048267,720575940610430254,1
720575940631048267,720575940612755618,1
720575940630411535,720575940648330105,1
720575940630411535,720575940630498811,1
720575940630411535,720575940630794703,1
720575940630411535,720575940633541857,1
720575940630411535,720575940636659886,1
720575940630411535,720575940637390302,1
720575940629834796,720575940625926693,1
720575940629834796,720575940621861637,1
720575940629917228,720575940617691170,1
720575940629917228,720575940621462512,1
720575940629917228,720575940622495092,1
720575940629917228,720575940608071435,1
720575940629834796,720575940631198776,1
720575940629834796,720575940638163940,1
720575940629834796,720575940644146724,1
720575940633785369,720575940642603464,1
720575940633785369,720575940649675897,1
720575940633785369,720575940627390507,1
720575940633785369,720575940627644584,1
720575940633785369,720575940631576903,1
720575940634464869,720575940635356316,1
720575940634967962,720575940608071435,1
720575940634967962,720575940610430254,1
720575940634464869,720575940625615248,1
720575940634464869,720575940626878460,1
720575940631048267,720575940630498811,1
720575940631048267,720575940631576903,1
720575940631048267,720575940631758393,1
720575940631048267,720575940633142498,1
720575940631048267,720575940621216982,1
720575940631048267,720575940617691170,1
720575940633785369,720575940617242841,1
720575940633785369,720575940617691170,1
720575940633785369,720575940612857878,1
720575940631089935,720575940620341931,1
720575940630912512,720575940636309093,1
720575940630912512,720575940654661281,1
720575940631089935,720575940605221065,1
720575940631089935,720575940639358579,1
720575940631089935,720575940642733216,1
720575940630912512,720575940630076887,1
720575940630868525,720575940624406986,1
720575940630868525,720575940626455326,1
720575940630868525,720575940620488513,1
720575940630868525,720575940628743362,1
720575940630868525,720575940620922790,1
720575940630868525,720575940608442633,1
720575940630868525,720575940616682838,1
720575940630868525,720575940619301185,1
720575940630912512,720575940621085622,1
720575940630912512,720575940608071435,1
720575940630868525,720575940631758393,1
720575940630868525,720575940633515490,1
720575940630868525,720575940635779959,1
720575940630912512,720575940606909826,1
720575940630868525,720575940639077283,1
720575940630868525,720575940648330105,1
720575940634951007,720575940617242841,1
720575940636146409,720575940631198776,1
720575940636146409,720575940635356316,1
720575940636146409,720575940630868271,1
720575940636146409,720575940639358579,1
720575940636146409,720575940626878460,1
720575940636665262,720575940630777631,1
720575940636665262,720575940631844492,1
720575940636665262,720575940632344290,1
720575940636665262,720575940636659886,1
720575940636665262,720575940621900321,1
720575940636665262,720575940620497217,1
720575940636665262,720575940622950605,1
720575940634951007,720575940627110931,1
720575940634951007,720575940627644584,1
720575940634951007,720575940630691159,1
720575940634951007,720575940617691170,1
720575940634951007,720575940620497217,1
720575940634951007,720575940620938150,1
720575940634951007,720575940622495092,1
720575940636146409,720575940613338152,1
720575940636146409,720575940617691170,1
720575940636146409,720575940620576238,1
720575940634951007,720575940637390302,1
720575940628269391,720575940642733216,1
720575940626930947,720575940620576238,1
720575940626930947,720575940623082665,1
720575940626930947,720575940624859725,1
720575940625329029,720575940653360289,1
720575940626930947,720575940613338152,1
720575940626930947,720575940637928164,1
720575940626930947,720575940640747864,1
720575940626930947,720575940650745977,1
720575940627097361,720575940606196098,1
720575940626930947,720575940626878460,1
720575940626930947,720575940631017258,1
720575940626930947,720575940631198776,1
720575940625329029,720575940638163940,1
720575940624114494,720575940631017258,1
720575940624114494,720575940635356316,1
720575940624114494,720575940637109214,1
720575940624114494,720575940638163940,1
720575940624114494,720575940624661031,1
720575940624114494,720575940624859725,1
720575940624114494,720575940625926693,1
720575940624114494,720575940629579836,1
720575940625329029,720575940629579836,1
720575940625329029,720575940631198776,1
720575940625329029,720575940635356316,1
720575940625329029,720575940625615248,1
720575940625329029,720575940617691170,1
720575940625329029,720575940624859725,1
720575940625329029,720575940620576238,1
720575940625329029,720575940623082665,1
720575940627210373,720575940637390302,1
720575940627210373,720575940646288419,1
720575940628269391,720575940610430254,1
720575940628269391,720575940614677810,1
720575940627210373,720575940623082665,1
720575940627210373,720575940624317419,1
720575940627210373,720575940626135122,1
720575940627210373,720575940630777631,1
720575940627210373,720575940630794703,1
720575940628269391,720575940631443304,1
720575940628269391,720575940631758393,1
720575940628269391,720575940637390302,1
720575940628269391,720575940622338269,1
720575940627097361,720575940617691170,1
720575940627210373,720575940619506993,1
720575940627210373,720575940620497217,1
720575940627210373,720575940620922790,1
720575940627210373,720575940621900321,1
720575940627097361,720575940635356316,1
720575940627097361,720575940640747864,1
720575940627097361,720575940644146724,1
720575940616578646,720575940617145561,1
720575940616578646,720575940617691170,1
720575940616578646,720575940621216982,1
720575940616578646,720575940623398524,1
720575940612606673,720575940643542688,1
720575940612606673,720575940640747864,1
720575940612606673,720575940634953079,1
720575940612606673,720575940633515490,1
720575940616578646,720575940646582836,1
720575940616578646,720575940639684696,1
720575940618662939,720575940614629799,1
720575940616578646,720575940631222841,1
720575940616578646,720575940631443304,1
720575940612606673,720575940630166267,1
720575940610669786,720575940630794703,1
720575940610669786,720575940635779959,1
720575940610669786,720575940637928164,1
720575940610669786,720575940623082665,1
720575940610669786,720575940624442564,1
720575940610669786,720575940625931266,1
720575940610669786,720575940626455326,1
720575940610669786,720575940649649785,1
720575940612606673,720575940607511900,1
720575940612606673,720575940616682838,1
720575940619535563,720575940619506993,1
720575940619535563,720575940620812865,1
720575940619535563,720575940621082996,1
720575940619535563,720575940621900321,1
720575940619155029,720575940631758393,1
720575940619155029,720575940636309093,1
720575940619155029,720575940637391582,1
720575940619155029,720575940646582836,1
720575940619535563,720575940635779959,1
720575940619535563,720575940637672425,1
720575940619535563,720575940631758393,1
720575940619535563,720575940643542688,1
720575940619535563,720575940646288419,1
720575940619535563,720575940632107335,1
720575940619535563,720575940628743362,1
720575940619535563,720575940630166267,1
720575940619535563,720575940630318951,1
720575940619155029,720575940630650063,1
720575940619090529,720575940631198776,1
720575940619090529,720575940629579836,1
720575940619090529,720575940639358579,1
720575940619155029,720575940604861356,1
720575940619090529,720575940623082665,1
720575940619090529,720575940625615248,1
720575940619090529,720575940626878460,1
720575940619155029,720575940621085622,1
720575940619155029,720575940627110931,1
720575940619155029,720575940610430254,1
720575940619155029,720575940617145561,1
720575940603673120,720575940637928164,1
720575940603673120,720575940639358579,1
720575940603673120,720575940624661031,1
720575940603673120,720575940625615248,1
720575940607351747,720575940621861637,1
720575940607351747,720575940620576238,1
720575940607351747,720575940621284446,1
720575940607351747,720575940623082665,1
720575940639593587,720575940622338269,1
720575940639593587,720575940619402576,1
720575940639593587,720575940605221065,1
720575940639593587,720575940610430254,1
720575940603673120,720575940608186498,1
720575940639593587,720575940631758393,1
720575940609940373,720575940623082665,1
720575940609940373,720575940625615248,1
720575940609940373,720575940608186498,1
720575940609940373,720575940613338152,1
720575940610669786,720575940610523746,1
720575940610669786,720575940614629799,1
720575940610669786,720575940618910075,1
720575940609940373,720575940626878460,1
720575940609940373,720575940639358579,1
720575940609940373,720575940635356316,1
720575940607351747,720575940637109214,1
720575940608801749,720575940605113376,1
720575940608801749,720575940612755618,1
720575940608801749,720575940617691170,1
720575940607351747,720575940634953079,1
720575940608801749,720575940620341931,1
720575940608801749,720575940631758393,1
720575940608801749,720575940631576903,1
720575940608801749,720575940620938150,1
720575940608801749,720575940627644584,1
720575940615696070,720575940644146724,1
720575940619147349,720575940610523746,1
720575940615696070,720575940635356316,1
720575940615696070,720575940634953079,1
720575940619147349,720575940624859725,1
720575940619147349,720575940625926693,1
720575940619147349,720575940620423533,1
720575940615696070,720575940625615248,1
720575940620411841,720575940626555800,1
720575940621413158,720575940620488513,1
720575940621413158,720575940620812865,1
720575940615696070,720575940620390822,1
720575940615696070,720575940620576238,1
720575940615696070,720575940617691170,1
720575940615696070,720575940621861637,1
720575940621413158,720575940624317419,1
720575940615696070,720575940614293485,1
720575940619147349,720575940629579836,1
720575940620020257,720575940619506993,1
720575940620020257,720575940627741799,1
720575940620020257,720575940608442633,1
720575940620020257,720575940607287561,1
720575940620020257,720575940607511900,1
720575940620187305,720575940617691170,1
720575940620187305,720575940620423533,1
720575940620187305,720575940608186498,1
720575940620020257,720575940630318951,1
720575940620020257,720575940630794703,1
720575940620020257,720575940646288419,1
720575940619977566,720575940639358579,1
720575940619977566,720575940638163940,1
720575940619147349,720575940638163940,1
720575940619977566,720575940610523746,1
720575940619977566,720575940614293485,1
720575940619147349,720575940639358579,1
720575940619147349,720575940630868271,1
720575940619147349,720575940634953079,1
720575940619147349,720575940635356316,1
720575940619977566,720575940629579836,1
720575940619977566,720575940630868271,1
720575940619977566,720575940634953079,1
720575940619977566,720575940617691170,1
720575940619977566,720575940623082665,1
720575940604935340,720575940620497217,1
720575940603642982,720575940635356316,1
720575940604935340,720575940605221065,1
720575940604935340,720575940617242841,1
720575940619254448,720575940622701808,1
720575940619254448,720575940620812865,1
720575940639409315,720575940642733216,1
720575940639409315,720575940627644584,1
720575940639409315,720575940632344290,1
720575940603642982,720575940626878460,1
720575940603642982,720575940618943389,1
720575940603642982,720575940620390822,1
720575940603642982,720575940623082665,1
720575940619254448,720575940631758393,1
720575940620333958,720575940608186498,1
720575940620333958,720575940614293485,1
720575940620333958,720575940614629799,1
720575940620333958,720575940620576238,1
720575940620126076,720575940646288419,1
720575940620333958,720575940622701808,1
720575940620126076,720575940623979593,1
720575940620126076,720575940632107335,1
720575940620126076,720575940632344290,1
720575940620333958,720575940623082665,1
720575940620411841,720575940617691170,1
720575940620333958,720575940629579836,1
720575940620333958,720575940631198776,1
720575940619375701,720575940622495092,1
720575940619254448,720575940643542688,1
720575940619375701,720575940608071435,1
720575940620126076,720575940621900321,1
720575940620126076,720575940618910075,1
720575940620126076,720575940619917248,1
720575940620126076,720575940620938150,1
720575940619375701,720575940647165828,1
720575940619375701,720575940625343550,1
720575940619375701,720575940631222841,1
720575940620187305,720575940623082665,1
720575940629942844,720575940630498811,1
720575940629942844,720575940630536441,1
720575940629942844,720575940631758393,1
720575940629942844,720575940632344290,1
720575940629942844,720575940634640023,1
720575940629978666,720575940621216982,1
720575940629942844,720575940647165828,1
720575940629942844,720575940658674049,1
720575940629978666,720575940612857878,1
720575940627768567,720575940634953079,1
720575940627861736,720575940617242841,1
720575940627768567,720575940625615248,1
720575940627768567,720575940629579836,1
720575940627768567,720575940630868271,1
720575940627861736,720575940623398524,1
720575940629942844,720575940617242841,1
720575940629942844,720575940620341931,1
720575940629942844,720575940622338269,1
720575940627861736,720575940630498811,1
720575940629942844,720575940605113376,1
720575940629978666,720575940627194501,1
720575940631054540,720575940624661031,1
720575940631054540,720575940625926693,1
720575940631054540,720575940623082665,1
720575940631054540,720575940634953079,1
720575940631054540,720575940618943389,1
720575940631054540,720575940620423533,1
720575940631054540,720575940622701808,1
720575940631088402,720575940620576238,1
720575940631054540,720575940644146724,1
720575940631054540,720575940650745977,1
720575940631088402,720575940613338152,1
720575940629978666,720575940627644584,1
720575940629978666,720575940639358579,1
720575940630109756,720575940620341931,1
720575940630109756,720575940640770957,1
720575940630109756,720575940646582836,1
720575940630109756,720575940631758393,1
720575940630109756,720575940627390507,1
720575940622398728,720575940621861637,1
720575940622398728,720575940620423533,1
720575940622398728,720575940620576238,1
720575940622398728,720575940622701808,1
720575940622398728,720575940623082665,1
720575940622398728,720575940613338152,1
720575940622398728,720575940635356316,1
720575940622398728,720575940638163940,1
720575940622398728,720575940639358579,1
720575940622398728,720575940629579836,1
720575940622398728,720575940631198776,1
720575940620187305,720575940640747864,1
720575940620187305,720575940635356316,1
720575940621174192,720575940613338152,1
720575940621174192,720575940638163940,1
720575940621174192,720575940629579836,1
720575940621174192,720575940631017258,1
720575940621174192,720575940635356316,1
720575940622398728,720575940606196098,1
720575940621174192,720575940617691170,1
720575940627483413,720575940617691170,1
720575940627483413,720575940627110931,1
720575940624494996,720575940630650063,1
720575940624494996,720575940631576903,1
720575940627483413,720575940610181496,1
720575940627483413,720575940631443304,1
720575940627768567,720575940618943389,1
720575940627768567,720575940617691170,1
720575940622670835,720575940626135122,1
720575940622670835,720575940630498811,1
720575940622670835,720575940630794703,1
720575940622670835,720575940617145561,1
720575940622670835,720575940620497217,1
720575940622670835,720575940622950605,1
720575940624494996,720575940623398524,1
720575940624494996,720575940612623474,1
720575940624494996,720575940617691170,1
720575940622670835,720575940631758393,1
720575940622670835,720575940639077283,1
720575940622670835,720575940631844492,1
720575940622670835,720575940632107335,1
720575940622670835,720575940632344290,1
720575940622670835,720575940637390302,1
720575940622633203,720575940617691170,1
720575940622249949,720575940631017258,1
720575940622249949,720575940631198776,1
720575940622249949,720575940644146724,1
720575940622249949,720575940637109214,1
720575940622249949,720575940638163940,1
720575940622249949,720575940630868271,1
720575940622249949,720575940606196098,1
720575940622191177,720575940631758393,1
720575940622249949,720575940624859725,1
720575940622249949,720575940625615248,1
720575940622249949,720575940620576238,1
720575940622249949,720575940621284446,1
720575940623679495,720575940642603464,1
720575940623679495,720575940644747828,1
720575940623679495,720575940631576903,1
720575940623679495,720575940631758393,1
720575940623878327,720575940638940469,1
720575940623878327,720575940623082665,1
720575940623878327,720575940624859725,1
720575940623878327,720575940636461710,1
720575940623878327,720575940632107335,1
720575940622633203,720575940634953079,1
720575940623400189,720575940617691170,1
720575940622633203,720575940653360289,1
720575940623400189,720575940605280201,1
720575940623400189,720575940625343550,1
720575940623679495,720575940617691170,1
720575940623400189,720575940631758393,1
720575940623400189,720575940636309093,1
720575940618989421,720575940626878460,1
720575940618989421,720575940620390822,1
720575940618989421,720575940620423533,1
720575940618989421,720575940621284446,1
720575940619090529,720575940620576238,1
720575940618989421,720575940635356316,1
720575940618989421,720575940637109214,1
720575940618989421,720575940650745977,1
720575940614816598,720575940626555800,1
720575940614816598,720575940627194501,1
720575940614816598,720575940627644584,1
720575940614816598,720575940630691159,1
720575940618545903,720575940644146724,1
720575940618545903,720575940621284446,1
720575940618545903,720575940625615248,1
720575940618545903,720575940635356316,1
720575940621413158,720575940630166267,1
720575940621999044,720575940621085622,1
720575940621999044,720575940622338269,1
720575940621999044,720575940617691170,1
720575940621999044,720575940623398524,1
720575940621999044,720575940610430254,1
720575940622191177,720575940608071435,1
720575940621999044,720575940627644584,1
720575940621999044,720575940631758393,1
720575940621999044,720575940637390302,1
720575940621925417,720575940640747864,1
720575940621887270,720575940620341931,1
720575940621413158,720575940635789431,1
720575940621887270,720575940617691170,1
720575940621413158,720575940641509595,1
720575940621413158,720575940646288419,1
720575940621925417,720575940639358579,1
720575940621925417,720575940631198776,1
720575940621925417,720575940637672425,1
720575940621925417,720575940606196098,1
720575940634914552,720575940637391582,1
720575940634914552,720575940639358579,1
720575940634914552,720575940642733216,1
720575940634914552,720575940631758393,1
720575940634989560,720575940624859725,1
720575940634989560,720575940622100774,1
720575940634989560,720575940621284446,1
720575940631801631,720575940623398524,1
720575940631801631,720575940627194501,1
720575940631801631,720575940621900321,1
720575940631801631,720575940617691170,1
720575940631801631,720575940610430254,1
720575940631801631,720575940612857878,1
720575940631801631,720575940620341931,1
720575940634914552,720575940605280201,1
720575940634914552,720575940606909826,1
720575940631801631,720575940658674049,1
720575940631801631,720575940628708139,1
720575940631801631,720575940630794703,1
720575940636991856,720575940624317419,1
720575940636991856,720575940625931266,1
720575940636991856,720575940626455326,1
720575940636991856,720575940627741799,1
720575940636991856,720575940620488513,1
720575940636991856,720575940607511900,1
720575940636991856,720575940608442633,1
720575940636991856,720575940619301185,1
720575940639409315,720575940617691170,1
720575940639409315,720575940612623474,1
720575940636991856,720575940632107335,1
720575940639409315,720575940604861356,1
720575940636447630,720575940650745977,1
720575940634989560,720575940631198776,1
720575940636447630,720575940613338152,1
720575940636447630,720575940620423533,1
720575940636447630,720575940620576238,1
720575940634989560,720575940634953079,1
720575940634989560,720575940637928164,1
720575940634989560,720575940644146724,1
720575940634989560,720575940653360289,1
720575940636447630,720575940635356316,1
720575940636447630,720575940644146724,1
720575940636447630,720575940631198776,1
720575940636447630,720575940629579836,1
720575940629895484,720575940632107335,1
720575940629895484,720575940648330105,1
720575940629895484,720575940649649785,1
720575940629895484,720575940630996684,1
720575940629895484,720575940621900321,1
720575940629895484,720575940626455326,1
720575940630078348,720575940627644584,1
720575940630078348,720575940631443304,1
720575940630078348,720575940608071435,1
720575940630078348,720575940619402576,1
720575940629895484,720575940619506993,1
720575940629895484,720575940618910075,1
720575940625940456,720575940643950190,1
720575940625940456,720575940622338269,1
720575940625940456,720575940627110931,1
720575940625940456,720575940627194501,1
720575940629895484,720575940607287561,1
720575940629895484,720575940616682838,1
720575940628225852,720575940627390507,1
720575940628225852,720575940630794703,1
720575940628225852,720575940631758393,1
720575940631498819,720575940632107335,1
720575940631498819,720575940633541857,1
720575940631498819,720575940631844492,1
720575940631498819,720575940628708139,1
720575940631498819,720575940630794703,1
720575940631603768,720575940634655851,1
720575940631603768,720575940630498811,1
720575940631603768,720575940630691159,1
720575940631603768,720575940646582836,1
720575940631603768,720575940617691170,1
720575940631603768,720575940621216982,1
720575940631603768,720575940622338269,1
720575940631498819,720575940622944403,1
720575940631062603,720575940605113376,1
720575940631062603,720575940622495092,1
720575940631062603,720575940608071435,1
720575940631498819,720575940618910075,1
720575940631498819,720575940620497217,1
720575940631062603,720575940639684696,1
720575940631062603,720575940642733216,1
720575940622803850,720575940623082665,1
720575940624288520,720575940621462512,1
720575940624125114,720575940638163940,1
720575940625732496,720575940617691170,1
720575940624125114,720575940629579836,1
720575940622803850,720575940631198776,1
720575940622803850,720575940635356316,1
720575940622803850,720575940638163940,1
720575940622803850,720575940626878460,1
720575940624125114,720575940622100774,1
720575940624125114,720575940613338152,1
720575940624125114,720575940620576238,1
720575940625732496,720575940620423533,1
720575940627552680,720575940625615248,1
720575940627552680,720575940626878460,1
720575940627552680,720575940617691170,1
720575940627552680,720575940620423533,1
720575940627552680,720575940650745977,1
720575940627552680,720575940644146724,1
720575940628610811,720575940616643924,1
720575940628610811,720575940619917248,1
720575940628610811,720575940620938150,1
720575940627552680,720575940634652523,1
720575940627552680,720575940634953079,1
720575940627552680,720575940635789431,1
720575940625732496,720575940638163940,1
720575940625732496,720575940635356316,1
720575940625732496,720575940623082665,1
720575940627264082,720575940648330105,1
720575940627552680,720575940606196098,1
720575940627264082,720575940630777631,1
720575940627264082,720575940621900321,1
720575940627264082,720575940625926693,1
720575940627264082,720575940626455326,1
720575940622803850,720575940621861637,1
720575940620588653,720575940634655851,1
720575940620588653,720575940636309093,1
720575940620588653,720575940644747828,1
720575940620588653,720575940654661281,1
720575940620588653,720575940627390507,1
720575940621948810,720575940623082665,1
720575940621948810,720575940620423533,1
720575940621948810,720575940617691170,1
720575940620588653,720575940622338269,1
720575940619713200,720575940626878460,1
720575940619713200,720575940620576238,1
720575940619713200,720575940620423533,1
720575940619713200,720575940618943389,1
720575940620588653,720575940621462512,1
720575940620588653,720575940608071435,1
720575940620588653,720575940610430254,1
720575940620588653,720575940612623474,1
720575940620588653,720575940613647007,1
720575940620588653,720575940617691170,1
720575940619713200,720575940634953079,1
720575940619713200,720575940635356316,1
720575940619713200,720575940639358579,1
720575940619713200,720575940644146724,1
720575940622538461,720575940627644584,1
720575940622112636,720575940635356316,1
720575940622112636,720575940638163940,1
720575940622112636,720575940639358579,1
720575940622803850,720575940620423533,1
720575940622538461,720575940631576903,1
720575940622538461,720575940643950190,1
720575940621948810,720575940650745977,1
720575940622112636,720575940610523746,1
720575940621948810,720575940639358579,1
720575940621948810,720575940629579836,1
720575940621948810,720575940635356316,1
720575940622112636,720575940631198776,1
720575940622112636,720575940625615248,1
720575940622112636,720575940621861637,1
720575940643547296,720575940627644584,1
720575940604934572,720575940608186498,1
720575940643547296,720575940617691170,1
720575940643547296,720575940625343550,1
720575940604934572,720575940629579836,1
720575940604934572,720575940623082665,1
720575940604934572,720575940622701808,1
720575940604934572,720575940614293485,1
720575940604934572,720575940620423533,1
720575940604934572,720575940621284446,1
720575940639733211,720575940637390302,1
720575940639733211,720575940643950190,1
720575940639733211,720575940644747828,1
720575940640756621,720575940625615248,1
720575940640756621,720575940635356316,1
720575940640756621,720575940626878460,1
720575940610336610,720575940625615248,1
720575940610336610,720575940626878460,1
720575940610336610,720575940622701808,1
720575940610336610,720575940623082665,1
720575940610336610,720575940631017258,1
720575940613532831,720575940620423533,1
720575940610336610,720575940635356316,1
720575940610336610,720575940640747864,1
720575940610336610,720575940644146724,1
720575940604934572,720575940631198776,1
720575940609149394,720575940612623474,1
720575940610336610,720575940613338152,1
720575940632583831,720575940634953079,1
720575940632583831,720575940630868271,1
720575940633312482,720575940623082665,1
720575940633312482,720575940624859725,1
720575940633312482,720575940608186498,1
720575940628610811,720575940639077283,1
720575940628610811,720575940633541857,1
720575940628610811,720575940636461710,1
720575940628610811,720575940636659886,1
720575940628610811,720575940638940469,1
720575940628610811,720575940632107335,1
720575940628610811,720575940632344290,1
720575940628610811,720575940622944403,1
720575940628610811,720575940623082665,1
720575940628610811,720575940628708139,1
720575940628610811,720575940630536441,1
720575940632583831,720575940624859725,1
720575940638619358,720575940650745977,1
720575940638619358,720575940631017258,1
720575940639733211,720575940605221065,1
720575940639733211,720575940605280201,1
720575940638619358,720575940629579836,1
720575940639733211,720575940619676224,1
720575940639733211,720575940621462512,1
720575940633312482,720575940629579836,1
720575940633312482,720575940650745977,1
720575940635465908,720575940605280201,1
720575940635465908,720575940617691170,1
720575940635465908,720575940620341931,1
720575940633312482,720575940638163940,1
720575940635465908,720575940627644584,1
720575940628002348,720575940621462512,1
720575940627908624,720575940638163940,1
720575940627908624,720575940640747864,1
720575940627908624,720575940650745977,1
720575940628002348,720575940606909826,1
720575940628002348,720575940608071435,1
720575940628002348,720575940617691170,1
720575940628152838,720575940617691170,1
720575940628002348,720575940658674049,1
720575940628152838,720575940606196098,1
720575940627908624,720575940634953079,1
720575940627561854,720575940647165828,1
720575940627561854,720575940649649785,1
720575940627908624,720575940610523746,1
720575940627561854,720575940627644584,1
720575940627561854,720575940625343550,1
720575940627561854,720575940637391582,1
720575940627561854,720575940633832628,1
720575940627908624,720575940625615248,1
720575940627908624,720575940623082665,1
720575940628152838,720575940620423533,1
720575940628152838,720575940620576238,1
720575940630878253,720575940620423533,1
720575940630878253,720575940617691170,1
720575940630878253,720575940640747864,1
720575940630878253,720575940650745977,1
720575940633773849,720575940605221065,1
720575940633773849,720575940608071435,1
720575940630878253,720575940639358579,1
720575940633773849,720575940616643924,1
720575940630878253,720575940638163940,1
720575940630878253,720575940634953079,1
720575940630878253,720575940635356316,1
720575940629545027,720575940633142498,1
720575940628152838,720575940635356316,1
720575940628152838,720575940630868271,1
720575940628152838,720575940631198776,1
720575940628152838,720575940635789431,1
720575940628152838,720575940638163940,1
720575940628152838,720575940625926693,1
720575940629545027,720575940605113376,1
720575940629545027,720575940630076887,1
720575940629545027,720575940621085622,1
720575940629545027,720575940621216982,1
720575940626651288,720575940620423533,1
720575940624648067,720575940638163940,1
720575940624648067,720575940644146724,1
720575940626651288,720575940623082665,1
720575940626651288,720575940638163940,1
720575940626651288,720575940640747864,1
720575940626834762,720575940607511900,1
720575940626834762,720575940608442633,1
720575940626651288,720575940635356316,1
720575940626651288,720575940631198776,1
720575940624648067,720575940635356316,1
720575940624648067,720575940617691170,1
720575940624648067,720575940629579836,1
720575940624648067,720575940620576238,1
720575940624648067,720575940621284446,1
720575940626834762,720575940616682838,1
720575940627003547,720575940650745977,1
720575940627336209,720575940612623474,1
720575940627003547,720575940644146724,1
720575940627336209,720575940617242841,1
720575940627336209,720575940617691170,1
720575940627003547,720575940631198776,1
720575940627003547,720575940629579836,1
720575940627003547,720575940641509595,1
720575940627561854,720575940608071435,1
720575940627336209,720575940644747828,1
720575940627336209,720575940654661281,1
720575940627561854,720575940610430254,1
720575940627561854,720575940617691170,1
720575940627003547,720575940626878460,1
720575940626834762,720575940628609127,1
720575940626834762,720575940630794703,1
720575940626834762,720575940633515490,1
720575940626834762,720575940635779959,1
720575940626834762,720575940621082996,1
720575940626834762,720575940619917248,1
720575940626834762,720575940620488513,1
720575940627003547,720575940623082665,1
720575940627003547,720575940624859725,1
720575940627003547,720575940620423533,1
720575940627003547,720575940614293485,1
720575940617166749,720575940605113376,1
720575940615507641,720575940642733216,1
720575940617166749,720575940619676224,1
720575940617166749,720575940631576903,1
720575940617166749,720575940622338269,1
720575940612668018,720575940624859725,1
720575940612668018,720575940626878460,1
720575940612668018,720575940620576238,1
720575940612668018,720575940621861637,1
720575940612668018,720575940629579836,1
720575940612668018,720575940650745977,1
720575940612668018,720575940630868271,1
720575940612668018,720575940635356316,1
720575940612668018,720575940644146724,1
720575940619036911,720575940616643924,1
720575940619036911,720575940619823536,1
720575940618526912,720575940635789431,1
720575940618526912,720575940644146724,1
720575940618526912,720575940650745977,1
720575940619036911,720575940608071435,1
720575940619036911,720575940610430254,1
720575940619036911,720575940622495092,1
720575940619036911,720575940634655851,1
720575940619036911,720575940630691159,1
720575940619036911,720575940644747828,1
720575940619036911,720575940646582836,1
720575940619036911,720575940647165828,1
720575940618371777,720575940644747828,1
720575940618371777,720575940623398524,1
720575940618371777,720575940627390507,1
720575940618371777,720575940631758393,1
720575940618526912,720575940626878460,1
720575940618526912,720575940629579836,1
720575940618526912,720575940624661031,1
720575940612668018,720575940617691170,1
720575940645269614,720575940631222841,1
720575940639071029,720575940654661281,1
720575940645269614,720575940617242841,1
720575940639071029,720575940643950190,1
720575940608015627,720575940649649785,1
720575940608015627,720575940617691170,1
720575940633773849,720575940639358579,1
720575940633773849,720575940642733216,1
720575940633773849,720575940644747828,1
720575940633773849,720575940622338269,1
720575940633773849,720575940623398524,1
720575940639071029,720575940636309093,1
720575940639071029,720575940630446329,1
720575940639071029,720575940630691159,1
720575940639071029,720575940605221065,1
720575940639071029,720575940610430254,1
720575940639071029,720575940617242841,1
720575940639071029,720575940622338269,1
720575940610470130,720575940617691170,1
720575940610743282,720575940631576903,1
720575940610743282,720575940634655851,1
720575940610743282,720575940639684696,1
720575940610743282,720575940646582836,1
720575940611450134,720575940643950190,1
720575940611450134,720575940646582836,1
720575940612668018,720575940613338152,1
720575940611450134,720575940623398524,1
720575940611450134,720575940625926693,1
720575940611450134,720575940628836412,1
720575940610470130,720575940639358579,1
720575940610470130,720575940621861637,1
720575940610470130,720575940624859725,1
720575940610470130,720575940625615248,1
720575940610743282,720575940622495092,1
720575940610743282,720575940625343550,1
720575940610743282,720575940621216982,1
720575940610743282,720575940617145561,1
720575940610743282,720575940617691170,1
720575940610743282,720575940620341931,1
720575940623400445,720575940631758393,1
720575940614348394,720575940627194501,1
720575940614348394,720575940630498811,1
720575940612576254,720575940631758393,1
720575940612576254,720575940631576903,1
720575940614348394,720575940631758393,1
720575940614348394,720575940619823536,1
720575940614348394,720575940621216982,1
720575940616097163,720575940617691170,1
720575940612576254,720575940628836412,1
720575940616097163,720575940621216982,1
720575940616097163,720575940613647007,1
720575940612576254,720575940631443304,1
720575940614348394,720575940617242841,1
720575940614207850,720575940608071435,1
720575940639274574,720575940627644584,1
720575940614207850,720575940614677810,1
720575940639274574,720575940631758393,1
720575940614207850,720575940627194501,1
720575940614207850,720575940631758393,1
720575940617249108,720575940620341931,1
720575940615373398,720575940627110931,1
720575940615373398,720575940627644584,1
720575940617249108,720575940623398524,1
720575940617395412,720575940613647007,1
720575940617395412,720575940621085622,1
720575940617395412,720575940610430254,1
720575940617249108,720575940633142498,1
720575940617395412,720575940604861356,1
720575940614983274,720575940621085622,1
720575940614983274,720575940617691170,1
720575940616097163,720575940637390302,1
720575940616097163,720575940637391582,1
720575940616097163,720575940639684696,1
720575940616097163,720575940644747828,1
720575940614983274,720575940649649785,1
720575940615373398,720575940610430254,1
720575940615373398,720575940616643924,1
720575940614983274,720575940644747828,1
720575940614983274,720575940630650063,1
720575940614983274,720575940631758393,1
720575940614983274,720575940633142498,1
720575940614983274,720575940637391582,1
720575940631967575,720575940626878460,1
720575940659577217,720575940619506993,1
720575940659577217,720575940618910075,1
720575940631967575,720575940620390822,1
720575940659577217,720575940617145561,1
720575940631967575,720575940624859725,1
720575940605606274,720575940621462512,1
720575940632839085,720575940617691170,1
720575940631967575,720575940639358579,1
720575940659577217,720575940620497217,1
720575940659577217,720575940646288419,1
720575940631017932,720575940630868271,1
720575940631017932,720575940634953079,1
720575940631017932,720575940628996455,1
720575940631017932,720575940624661031,1
720575940631017932,720575940641509595,1
720575940637434601,720575940616643924,1
720575940637434601,720575940621216982,1
720575940639274574,720575940617691170,1
720575940659577217,720575940628708139,1
720575940637434601,720575940642733216,1
720575940636135799,720575940621462512,1
720575940636135799,720575940622495092,1
720575940659577217,720575940636659886,1
720575940636135799,720575940623979593,1
720575940659577217,720575940636461710,1
720575940659577217,720575940621900321,1
720575940632839085,720575940642733216,1
720575940659577217,720575940622944403,1
720575940636135799,720575940640770957,1
720575940605606274,720575940605221065,1
720575940637434601,720575940605113376,1
720575940605606274,720575940605113376,1
720575940605606274,720575940604861356,1
720575940636135799,720575940628836412,1
720575940636135799,720575940636309093,1
720575940605606274,720575940608071435,1
720575940605606274,720575940606909826,1
720575940617395412,720575940622495092,1
720575940626536714,720575940608071435,1
720575940624597788,720575940633541857,1
720575940624597788,720575940642603464,1
720575940626536714,720575940631758393,1
720575940626536714,720575940633832628,1
720575940626536714,720575940637390302,1
720575940626536714,720575940630498811,1
720575940626536714,720575940627194501,1
720575940626536714,720575940626555800,1
720575940626536714,720575940628836412,1
720575940621730687,720575940621216982,1
720575940621730687,720575940617145561,1
720575940624597788,720575940621085622,1
720575940624597788,720575940621216982,1
720575940621730687,720575940639684696,1
720575940624597788,720575940608071435,1
720575940627550214,720575940610430254,1
720575940628412892,720575940613647007,1
720575940628412892,720575940605280201,1
720575940628412892,720575940608071435,1
720575940628215056,720575940654661281,1
720575940628412892,720575940605221065,1
720575940628215056,720575940631758393,1
720575940628215056,720575940637390302,1
720575940628412892,720575940644747828,1
720575940629020794,720575940617691170,1
720575940628412892,720575940623398524,1
720575940627550214,720575940622338269,1
720575940627550214,720575940631222841,1
720575940627550214,720575940631443304,1
720575940627550214,720575940621462512,1
720575940627550214,720575940621216982,1
720575940627550214,720575940617691170,1
720575940627550214,720575940619402576,1
720575940627550214,720575940621085622,1
720575940628215056,720575940617242841,1
720575940628215056,720575940621462512,1
720575940627550214,720575940639684696,1
720575940627550214,720575940646582836,1
720575940627550214,720575940647165828,1
720575940621730687,720575940605113376,1
720575940620041125,720575940621085622,1
720575940620020769,720575940648330105,1
720575940620041125,720575940605280201,1
720575940620041125,720575940608071435,1
720575940620041125,720575940614677810,1
720575940620424641,720575940608071435,1
720575940620041125,720575940646582836,1
720575940620424641,720575940614677810,1
720575940620424641,720575940617691170,1
720575940620041125,720575940636659886,1
720575940620041125,720575940637391582,1
720575940620020769,720575940633515490,1
720575940617395412,720575940658674049,1
720575940620020769,720575940607511900,1
720575940620020769,720575940615682246,1
720575940617395412,720575940631443304,1
720575940617395412,720575940631758393,1
720575940620020769,720575940626135122,1
720575940620020769,720575940630318951,1
720575940620020769,720575940632107335,1
720575940620020769,720575940626455326,1
720575940620020769,720575940623082665,1
720575940620020769,720575940623979593,1
720575940621581802,720575940617242841,1
720575940621581802,720575940619676224,1
720575940621581802,720575940619823536,1
720575940620600700,720575940636309093,1
720575940620600700,720575940630794703,1
720575940620600700,720575940631576903,1
720575940620600700,720575940631758393,1
720575940620600700,720575940646582836,1
720575940621581802,720575940636309093,1
720575940621581802,720575940636659886,1
720575940621581802,720575940639358579,1
720575940621581802,720575940643950190,1
720575940621581802,720575940627644584,1
720575940620424641,720575940630498811,1
720575940620424641,720575940631758393,1
720575940620600700,720575940605113376,1
720575940620600700,720575940622338269,1
720575940620600700,720575940626555800,1
720575940620600700,720575940610430254,1
720575940617807517,720575940617242841,1
720575940617807517,720575940617691170,1
720575940617807517,720575940605280201,1
720575940612576254,720575940617691170,1
720575940612576254,720575940617242841,1
720575940617807517,720575940630691159,1
720575940612576254,720575940608071435,1
720575940617807517,720575940631576903,1
720575940617807517,720575940633142498,1
720575940617807517,720575940634655851,1
720575940659577217,720575940630691159,1
720575940646229283,720575940610430254,1
720575940617807517,720575940630650063,1
720575940617807517,720575940621216982,1
720575940617807517,720575940627644584,1
720575940617118016,720575940619506993,1
720575940617118016,720575940607511900,1
720575940617118016,720575940632107335,1
720575940617410205,720575940608071435,1
720575940617118016,720575940627741799,1
720575940612576254,720575940619402576,1
720575940617118016,720575940630318951,1
720575940609873358,720575940649675897,1
720575940646229283,720575940622495092,1
720575940620124028,720575940621861637,1
720575940620124028,720575940617691170,1
720575940620124028,720575940619676224,1
720575940620124028,720575940650745977,1
720575940621017840,720575940608071435,1
720575940620124028,720575940628996455,1
720575940620124028,720575940631198776,1
720575940619078592,720575940620576238,1
720575940646229283,720575940612857878,1
720575940619078592,720575940617691170,1
720575940619078592,720575940623082665,1
720575940619078592,720575940638163940,1
720575940646229283,720575940619402576,1
720575940619078592,720575940635356316,1
720575940646229283,720575940617242841,1
720575940619078592,720575940624859725,1
720575940616964766,720575940654661281,1
720575940617492805,720575940623082665,1
720575940617492805,720575940620576238,1
720575940618190238,720575940605280201,1
720575940617492805,720575940641509595,1
720575940618190238,720575940604861356,1
720575940618190238,720575940612857878,1
720575940613532831,720575940644146724,1
720575940613532831,720575940650745977,1
720575940613532831,720575940626878460,1
720575940613532831,720575940635356316,1
720575940614283006,720575940617691170,1
720575940614283006,720575940658674049,1
720575940614283006,720575940631758393,1
720575940659577217,720575940630498811,1
720575940616964766,720575940612857878,1
720575940618337300,720575940641509595,1
720575940618337300,720575940638163940,1
720575940618337300,720575940631198776,1
720575940618337300,720575940635356316,1
720575940616964766,720575940635779959,1
720575940639274574,720575940649675897,1
720575940616964766,720575940623398524,1
720575940618190238,720575940630691159,1
720575940618190238,720575940649649785,1
720575940618190238,720575940658674049,1
720575940618190238,720575940628836412,1
720575940618190238,720575940617691170,1
720575940618190238,720575940619823536,1
720575940618190238,720575940622495092,1
720575940618337300,720575940608186498,1
720575940618337300,720575940622100774,1
720575940618337300,720575940625926693,1
720575940618337300,720575940617691170,1
720575940618337300,720575940620576238,1
720575940627543624,720575940619402576,1
720575940627543624,720575940623398524,1
720575940627543624,720575940633832628,1
720575940625754389,720575940644747828,1
720575940625754389,720575940649675897,1
720575940627543624,720575940617903643,1
720575940627543624,720575940610430254,1
720575940629166592,720575940617691170,1
720575940629166592,720575940605113376,1
720575940629166592,720575940613647007,1
720575940629166592,720575940617242841,1
720575940624524234,720575940622495092,1
720575940624524234,720575940623398524,1
720575940624524234,720575940627194501,1
720575940624524234,720575940630397527,1
720575940624524234,720575940617242841,1
720575940625754389,720575940622338269,1
720575940624524234,720575940631758393,1
720575940624524234,720575940637390302,1
720575940625754389,720575940610430254,1
720575940630026856,720575940639358579,1
720575940630026856,720575940629579836,1
720575940630026856,720575940635356316,1
720575940631017932,720575940621861637,1
720575940631017932,720575940620576238,1
720575940631017932,720575940623082665,1
720575940629166592,720575940637391582,1
720575940629166592,720575940633142498,1
720575940629166592,720575940625926693,1
720575940629166592,720575940627110931,1
720575940629166592,720575940631576903,1
720575940630026856,720575940623082665,1
720575940630026856,720575940625926693,1
720575940630026856,720575940617691170,1
720575940630026856,720575940620423533,1
720575940630026856,720575940620576238,1
720575940621700190,720575940622701808,1
720575940621700190,720575940621284446,1
720575940621700190,720575940620576238,1
720575940609873358,720575940622338269,1
720575940621700190,720575940617691170,1
720575940621700190,720575940634953079,1
720575940621700190,720575940638163940,1
720575940621700190,720575940624859725,1
720575940621700190,720575940625615248,1
720575940621017840,720575940627644584,1
720575940646229283,720575940627110931,1
720575940621017840,720575940646582836,1
720575940609873358,720575940625926693,1
720575940646229283,720575940627194501,1
720575940621017840,720575940631758393,1
720575940621017840,720575940632344290,1
720575940622768266,720575940637390302,1
720575940622768266,720575940631576903,1
720575940646229283,720575940639684696,1
720575940622768266,720575940636309093,1
720575940646229283,720575940640770957,1
720575940622768266,720575940630691159,1
720575940609873358,720575940610430254,1
720575940622768266,720575940627194501,1
720575940622768266,720575940628836412,1
720575940622855560,720575940611918578,1
720575940622855560,720575940631443304,1
720575940622855560,720575940612755618,1
720575940659577217,720575940633541857,1
720575940622855560,720575940622495092,1
720575940659577217,720575940632344290,1
720575940609873358,720575940617691170,1
720575940622288152,720575940605221065,1
720575940622288152,720575940613647007,1
720575940622288152,720575940631758393,1
720575940622768266,720575940617242841,1
720575940622288152,720575940633142498,1
720575940609873358,720575940617242841,1
720575940622768266,720575940605221065,1
720575940622768266,720575940610430254,1
720575940623400445,720575940631576903,1
720575940618419776,720575940624406986,1
720575940618419776,720575940620812865,1
720575940618419776,720575940607511900,1
720575940618419776,720575940608186498,1
720575940618905766,720575940617242841,1
720575940618419776,720575940635779959,1
720575940618419776,720575940630318951,1
720575940618419776,720575940637109214,1
720575940618015773,720575940617145561,1
720575940618015773,720575940617691170,1
720575940618015773,720575940606909826,1
720575940617649969,720575940631198776,1
720575940617649969,720575940635356316,1
720575940617649969,720575940638163940,1
720575940617649969,720575940641509595,1
720575940617649969,720575940650745977,1
720575940618015773,720575940642733216,1
720575940618015773,720575940633142498,1
720575940618015773,720575940631222841,1
720575940618015773,720575940622338269,1
720575940618015773,720575940622495092,1
720575940618015773,720575940627110931,1
720575940624157675,720575940622338269,1
720575940624157675,720575940619823536,1
720575940624157675,720575940620341931,1
720575940624157675,720575940619402576,1
720575940624157675,720575940605221065,1
720575940624884920,720575940608071435,1
720575940624884920,720575940616643924,1
720575940624157675,720575940631758393,1
720575940618905766,720575940631443304,1
720575940618905766,720575940634655851,1
720575940619834965,720575940608071435,1
720575940619834965,720575940627390507,1
720575940619834965,720575940630794703,1
720575940619834965,720575940619402576,1
720575940619834965,720575940617242841,1
720575940619834965,720575940622338269,1
720575940617370909,720575940627644584,1
720575940617370909,720575940622338269,1
720575940617370909,720575940617691170,1
720575940617370909,720575940623398524,1
720575940617456798,720575940621284446,1
720575940617456798,720575940613338152,1
720575940617370909,720575940612755618,1
720575940612896106,720575940644146724,1
720575940612896106,720575940650745977,1
720575940615961684,720575940617145561,1
720575940612896106,720575940639358579,1
720575940612896106,720575940634953079,1
720575940617370909,720575940610181496,1
720575940615961684,720575940634640023,1
720575940615961684,720575940630794703,1
720575940615961684,720575940631443304,1
720575940617021441,720575940631198776,1
720575940617021441,720575940638163940,1
720575940617021441,720575940641509595,1
720575940617021441,720575940650745977,1
720575940617021441,720575940624661031,1
720575940617021441,720575940626878460,1
720575940617649969,720575940622701808,1
720575940617649969,720575940620576238,1
720575940617649969,720575940624859725,1
720575940617649969,720575940625615248,1
720575940617456798,720575940638163940,1
720575940617456798,720575940635356316,1
720575940617456798,720575940631198776,1
720575940617456798,720575940650745977,1
720575940617456798,720575940629579836,1
720575940617021441,720575940621284446,1
720575940617021441,720575940610523746,1
720575940616076761,720575940629564286,1
720575940616076761,720575940631758393,1
720575940624884920,720575940623398524,1
720575940632434340,720575940643950190,1
720575940632434340,720575940631576903,1
720575940632434340,720575940631222841,1
720575940632434340,720575940628836412,1
720575940632434340,720575940627194501,1
720575940632532255,720575940634475119,1
720575940632532255,720575940643950190,1
720575940633210475,720575940610430254,1
720575940632135249,720575940630868271,1
720575940632135249,720575940632344290,1
720575940632135249,720575940634655851,1
720575940632135249,720575940626555800,1
720575940632434340,720575940619402576,1
720575940632434340,720575940621462512,1
720575940632135249,720575940646582836,1
720575940632135249,720575940649675897,1
720575940632135249,720575940654661281,1
720575940632135249,720575940658674049,1
720575940632434340,720575940612857878,1
720575940633210475,720575940612857878,1
720575940637954532,720575940620341931,1
720575940637954532,720575940608071435,1
720575940633493660,720575940630691159,1
720575940633493660,720575940631576903,1
720575940633493660,720575940631758393,1
720575940633493660,720575940633832628,1
720575940633493660,720575940635779959,1
720575940637954532,720575940637391582,1
720575940637954532,720575940646582836,1
720575940637954532,720575940647165828,1
720575940637954532,720575940654661281,1
720575940637954532,720575940658674049,1
720575940638480061,720575940605221065,1
720575940637954532,720575940627390507,1
720575940637954532,720575940631758393,1
720575940633210475,720575940634655851,1
720575940633210475,720575940642603464,1
720575940633210475,720575940644747828,1
720575940633210475,720575940649675897,1
720575940633210475,720575940617691170,1
720575940633493660,720575940621216982,1
720575940633493660,720575940617242841,1
720575940633493660,720575940617691170,1
720575940626792778,720575940635789431,1
720575940626792778,720575940650745977,1
720575940628120655,720575940610430254,1
720575940628868943,720575940617691170,1
720575940628868943,720575940627110931,1
720575940628120655,720575940630691159,1
720575940628120655,720575940631443304,1
720575940628120655,720575940631758393,1
720575940628120655,720575940649675897,1
720575940628868943,720575940605280201,1
720575940626792778,720575940634953079,1
720575940624884920,720575940640770957,1
720575940626792778,720575940608186498,1
720575940626792778,720575940614293485,1
720575940626792778,720575940617691170,1
720575940624884920,720575940633142498,1
720575940626792778,720575940628996455,1
720575940626792778,720575940629579836,1
720575940626792778,720575940631198776,1
720575940630764741,720575940622701808,1
720575940630764741,720575940623082665,1
720575940630764741,720575940625615248,1
720575940630764741,720575940621284446,1
720575940632135249,720575940605113376,1
720575940632135249,720575940608071435,1
720575940632135249,720575940614677810,1
720575940632135249,720575940617145561,1
720575940632135249,720575940617691170,1
720575940630764741,720575940630868271,1
720575940630764741,720575940631198776,1
720575940630764741,720575940635356316,1
720575940630222895,720575940620423533,1
720575940630222895,720575940613338152,1
720575940630222895,720575940622701808,1
720575940628868943,720575940646582836,1
720575940630222895,720575940635356316,1
720575940630222895,720575940639358579,1
720575940630222895,720575940640747864,1
720575940630222895,720575940624859725,1
720575940630222895,720575940626878460,1
720575940622276365,720575940629579836,1
720575940622276365,720575940630868271,1
720575940622276365,720575940625926693,1
720575940622276365,720575940625615248,1
720575940622276365,720575940624859725,1
720575940623586999,720575940627390507,1
720575940623586999,720575940631576903,1
720575940623586999,720575940649649785,1
720575940624596355,720575940608186498,1
720575940622276365,720575940653360289,1
720575940623586999,720575940617691170,1
720575940623586999,720575940623398524,1
720575940621518218,720575940622701808,1
720575940621518218,720575940623082665,1
720575940621518218,720575940638163940,1
720575940621518218,720575940639358579,1
720575940624729528,720575940620341931,1
720575940624729528,720575940617691170,1
720575940625777939,720575940619676224,1
720575940624729528,720575940633142498,1
720575940624596355,720575940623082665,1
720575940624596355,720575940622701808,1
720575940624596355,720575940613338152,1
720575940624596355,720575940620423533,1
720575940624596355,720575940620576238,1
720575940624711655,720575940617691170,1
720575940624711655,720575940619823536,1
720575940624711655,720575940621216982,1
720575940624596355,720575940635356316,1
720575940624596355,720575940630868271,1
720575940624596355,720575940634953079,1
720575940624596355,720575940641509595,1
720575940617963480,720575940623398524,1
720575940617902676,720575940644146724,1
720575940617963480,720575940617242841,1
720575940618182535,720575940620576238,1
720575940618182535,720575940621861637,1
720575940617845076,720575940649675897,1
720575940617845076,720575940646582836,1
720575940617845076,720575940631576903,1
720575940617845076,720575940631758393,1
720575940617902676,720575940634953079,1
720575940617902676,720575940622701808,1
720575940617902676,720575940624859725,1
720575940618182535,720575940624661031,1
720575940620407628,720575940625343550,1
720575940620407628,720575940627194501,1
720575940620407628,720575940631576903,1
720575940620407628,720575940617242841,1
720575940620407628,720575940617903643,1
720575940620407628,720575940620341931,1
720575940621228894,720575940623082665,1
720575940621228894,720575940640747864,1
720575940620407628,720575940644747828,1
720575940620407628,720575940612623474,1
720575940618182535,720575940644146724,1
720575940618182535,720575940650745977,1
720575940618182535,720575940634652523,1
720575940618182535,720575940634953079,1
720575940619658433,720575940643950190,1
720575940619658433,720575940654661281,1
720575940620407628,720575940605221065,1
720575940619658433,720575940623398524,1
720575940619658433,720575940628836412,1
720575940612896106,720575940623082665,1
720575940606893186,720575940605221065,1
720575940606893186,720575940610181496,1
720575940606893186,720575940610430254,1
720575940606893186,720575940611918578,1
720575940606893186,720575940612623474,1
720575940606893186,720575940612857878,1
720575940606893186,720575940614677810,1
720575940641936584,720575940627644584,1
720575940641936584,720575940636309093,1
720575940606893186,720575940627194501,1
720575940606893186,720575940617242841,1
720575940606893186,720575940619402576,1
720575940606893186,720575940621216982,1
720575940634490735,720575940617691170,1
720575940634490735,720575940617903643,1
720575940641936584,720575940610430254,1
720575940641936584,720575940621216982,1
720575940634490735,720575940627390507,1
720575940634490735,720575940633142498,1
720575940634490735,720575940629564286,1
720575940634490735,720575940634655851,1
720575940634490735,720575940642603464,1
720575940608456715,720575940622338269,1
720575940612896106,720575940621861637,1
720575940608456715,720575940647165828,1
720575940608456715,720575940608071435,1
720575940607337155,720575940620576238,1
720575940606893186,720575940649649785,1
720575940606893186,720575940649675897,1
720575940607337155,720575940608186498,1
720575940607337155,720575940634953079,1
720575940607337155,720575940640747864,1
720575940607337155,720575940644146724,1
720575940608456715,720575940605113376,1
720575940607337155,720575940623082665,1
720575940607337155,720575940624859725,1
720575940607337155,720575940625615248,1
720575940630475513,720575940627194501,1
720575940630475513,720575940627110931,1
720575940626786859,720575940627110931,1
720575940626786859,720575940610430254,1
720575940626786859,720575940613647007,1
720575940626786859,720575940619823536,1
720575940626786859,720575940617242841,1
720575940626786859,720575940617691170,1
720575940626786859,720575940627644584,1
720575940627194426,720575940617691170,1
720575940626786859,720575940630691159,1
720575940626786859,720575940642603464,1
720575940626353905,720575940613338152,1
720575940625777939,720575940649649785,1
720575940626353905,720575940638163940,1
720575940626353905,720575940626878460,1
720575940626353905,720575940620423533,1
720575940626353905,720575940624661031,1
720575940629782091,720575940626555800,1
720575940629782091,720575940635779959,1
720575940629782091,720575940617242841,1
720575940629782091,720575940619823536,1
720575940630475513,720575940617242841,1
720575940630475513,720575940617691170,1
720575940630475513,720575940622338269,1
720575940630475513,720575940608071435,1
720575940629782091,720575940643950190,1
720575940627194426,720575940643950190,1
720575940627194426,720575940646582836,1
720575940627687940,720575940604861356,1
720575940627194426,720575940627644584,1
720575940627194426,720575940628836412,1
720575940627687940,720575940634640023,1
720575940627687940,720575940637390302,1
720575940629782091,720575940605113376,1
720575940627687940,720575940623398524,1
720575940627687940,720575940630397527,1
720575940627687940,720575940630498811,1
720575940638480061,720575940617145561,1
720575940642338464,720575940629579836,1
720575940642338464,720575940622701808,1
720575940642338464,720575940624859725,1
720575940642338464,720575940635356316,1
720575940642338464,720575940637928164,1
720575940642338464,720575940638163940,1
720575940605000550,720575940604861356,1
720575940605000550,720575940605280201,1
720575940605000550,720575940608071435,1
720575940605000550,720575940610430254,1
720575940647153796,720575940630498811,1
720575940642338464,720575940653360289,1
720575940647153796,720575940620497217,1
720575940647153796,720575940623082665,1
720575940647153796,720575940623979593,1
720575940640688592,720575940622495092,1
720575940640688592,720575940621216982,1
720575940640688592,720575940608071435,1
720575940640688592,720575940635779959,1
720575940642338464,720575940614293485,1
720575940642338464,720575940617691170,1
720575940642338464,720575940613338152,1
720575940607280306,720575940631758393,1
720575940607280306,720575940610430254,1
720575940607280306,720575940608071435,1
720575940607280306,720575940619823536,1
720575940608517385,720575940619506993,1
720575940608517385,720575940622100774,1
720575940608517385,720575940624406986,1
720575940607280306,720575940642733216,1
720575940608517385,720575940607511900,1
720575940605000550,720575940631576903,1
720575940605000550,720575940631443304,1
720575940605000550,720575940631758393,1
720575940605000550,720575940626555800,1
720575940605000550,720575940622495092,1
720575940606483467,720575940623082665,1
720575940632111780,720575940617242841,1
720575940632111780,720575940622495092,1
720575940632111780,720575940627194501,1
720575940632111780,720575940612857878,1
720575940632111780,720575940612623474,1
720575940628711631,720575940635356316,1
720575940628711631,720575940641509595,1
720575940637810239,720575940612623474,1
720575940637810239,720575940614677810,1
720575940637810239,720575940617691170,1
720575940632111780,720575940628836412,1
720575940632111780,720575940631758393,1
720575940632111780,720575940649675897,1
720575940628711631,720575940608186498,1
720575940628300529,720575940627194501,1
720575940628300529,720575940617242841,1
720575940628300529,720575940617691170,1
720575940628300529,720575940623398524,1
720575940628711631,720575940629579836,1
720575940628711631,720575940620423533,1
720575940639116888,720575940619676224,1
720575940639116888,720575940622338269,1
720575940639116888,720575940617691170,1
720575940639116888,720575940612755618,1
720575940639116888,720575940614677810,1
720575940639116888,720575940639684696,1
720575940639116888,720575940627194501,1
720575940639057085,720575940649649785,1
720575940637810239,720575940644747828,1
720575940637810239,720575940630076887,1
720575940637810239,720575940627644584,1
720575940639057085,720575940617903643,1
720575940639057085,720575940630076887,1
720575940639057085,720575940637391582,1
720575940639057085,720575940622338269,1
720575940608517385,720575940626455326,1
720575940620684156,720575940630498811,1
720575940620746093,720575940639358579,1
720575940620746093,720575940635356316,1
720575940620746093,720575940637109214,1
720575940620746093,720575940637928164,1
720575940620746093,720575940638163940,1
720575940620746093,720575940650745977,1
720575940620746093,720575940653360289,1
720575940620746093,720575940634953079,1
720575940620746093,720575940631198776,1
720575940620684156,720575940628836412,1
720575940620232363,720575940628836412,1
720575940620232363,720575940630397527,1
720575940620232363,720575940630498811,1
720575940620232363,720575940605280201,1
720575940620232363,720575940621462512,1
720575940620684156,720575940621216982,1
720575940620684156,720575940617691170,1
720575940620232363,720575940644747828,1
720575940620684156,720575940608071435,1
720575940623010253,720575940630794703,1
720575940623010253,720575940631222841,1
720575940623010253,720575940631758393,1
720575940623010253,720575940633142498,1
720575940623010253,720575940617691170,1
720575940623400445,720575940620341931,1
720575940623400445,720575940621085622,1
720575940623010253,720575940646582836,1
720575940623400445,720575940612857878,1
720575940622965944,720575940613338152,1
720575940621296639,720575940642733216,1
720575940621296639,720575940640770957,1
720575940621296639,720575940634655851,1
720575940622965944,720575940624661031,1
720575940622965944,720575940625615248,1
720575940623010253,720575940605280201,1
720575940622965944,720575940639358579,1
720575940622965944,720575940626878460,1
720575940622965944,720575940630868271,1
720575940619813637,720575940658674049,1
720575940611660714,720575940620390822,1
720575940611660714,720575940620423533,1
720575940611660714,720575940620576238,1
720575940611660714,720575940621861637,1
720575940609153746,720575940638163940,1
720575940611660714,720575940606196098,1
720575940611660714,720575940610523746,1
720575940611660714,720575940629579836,1
720575940611660714,720575940625615248,1
720575940608517385,720575940631758393,1
720575940608517385,720575940630318951,1
720575940609153746,720575940625615248,1
720575940609153746,720575940626878460,1
720575940609153746,720575940623082665,1
720575940619813637,720575940649649785,1
720575940619672656,720575940633142498,1
720575940619672656,720575940623979593,1
720575940619672656,720575940627110931,1
720575940619672656,720575940630691159,1
720575940619813637,720575940627110931,1
720575940619813637,720575940630076887,1
720575940619813637,720575940637390302,1
720575940619813637,720575940621085622,1
720575940619813637,720575940612755618,1
720575940619813637,720575940617242841,1
720575940619813637,720575940617691170,1
720575940619813637,720575940617903643,1
720575940616109398,720575940617691170,1
720575940616109398,720575940621085622,1
720575940616109398,720575940622338269,1
720575940616109398,720575940608071435,1
720575940616109398,720575940610430254,1
720575940616109398,720575940612623474,1
720575940616109398,720575940612857878,1
720575940619672656,720575940610430254,1
720575940619672656,720575940617242841,1
720575940619672656,720575940617691170,1
720575940616109398,720575940639684696,1
720575940616109398,720575940630691159,1
720575940616109398,720575940633142498,1
720575940613434178,720575940631198776,1
720575940613434178,720575940640747864,1
720575940613434178,720575940624859725,1
720575940614714518,720575940636309093,1
720575940614714518,720575940621216982,1
720575940614714518,720575940625343550,1
720575940612717202,720575940631222841,1
720575940612717202,720575940631443304,1
720575940612686358,720575940637391582,1
720575940612686358,720575940644747828,1
720575940612717202,720575940617145561,1
720575940613434178,720575940614293485,1
720575940613434178,720575940620576238,1
720575940613434178,720575940621284446,1
720575940612717202,720575940644747828,1
720575940613434178,720575940610523746,1
720575940618667143,720575940642733216,1
720575940618667143,720575940647165828,1
720575940618667143,720575940627644584,1
720575940619995418,720575940649649785,1
720575940617628962,720575940631758393,1
720575940617628962,720575940627194501,1
720575940617628962,720575940633142498,1
720575940617628962,720575940643950190,1
720575940617628962,720575940612623474,1
720575940617628962,720575940622338269,1
720575940618667143,720575940619676224,1
720575940617628962,720575940646582836,1
720575940618667143,720575940612623474,1
720575940612686358,720575940631758393,1
720575940659316609,720575940642733216,1
720575940659316609,720575940617691170,1
720575940659316609,720575940627644584,1
720575940605552742,720575940613647007,1
720575940605552742,720575940626555800,1
720575940605552742,720575940631758393,1
720575940605552742,720575940620341931,1
720575940605552742,720575940621216982,1
720575940638480061,720575940634655851,1
720575940638480061,720575940631576903,1
720575940638480061,720575940631758393,1
720575940645858948,720575940616682838,1
720575940638480061,720575940621085622,1
720575940638480061,720575940621216982,1
720575940638480061,720575940630498811,1
720575940645858948,720575940615682246,1
720575940645858948,720575940646288419,1
720575940645858948,720575940635789431,1
720575940645858948,720575940648330105,1
720575940659316609,720575940605113376,1
720575940659316609,720575940606909826,1
720575940645858948,720575940622950605,1
720575940645858948,720575940626455326,1
720575940645858948,720575940633515490,1
720575940645858948,720575940630318951,1
720575940645858948,720575940630446329,1
720575940612686358,720575940631576903,1
720575940611586453,720575940625615248,1
720575940611586453,720575940644146724,1
720575940612686358,720575940622338269,1
720575940612686358,720575940605113376,1
720575940612686358,720575940619402576,1
720575940610347929,720575940623082665,1
720575940605552742,720575940636309093,1
720575940611586453,720575940621861637,1
720575940610347929,720575940638163940,1
720575940610347929,720575940635356316,1
720575940625900900,720575940626555800,1
720575940625900900,720575940619402576,1
720575940625900900,720575940619676224,1
720575940627028773,720575940612755618,1
720575940625900900,720575940631443304,1
720575940625900900,720575940647165828,1
720575940625900900,720575940631758393,1
720575940625900900,720575940644747828,1
720575940625171289,720575940620390822,1
720575940625171289,720575940620576238,1
720575940625171289,720575940621284446,1
720575940625171289,720575940623082665,1
720575940625171289,720575940617691170,1
720575940623129087,720575940644146724,1
720575940625171289,720575940608186498,1
720575940625171289,720575940613338152,1
720575940625171289,720575940629579836,1
720575940625171289,720575940630868271,1
720575940625171289,720575940635356316,1
720575940625171289,720575940624661031,1
720575940627244699,720575940620423533,1
720575940627244699,720575940620576238,1
720575940627244699,720575940622701808,1
720575940627244699,720575940623082665,1
720575940627094917,720575940650745977,1
720575940627244699,720575940613338152,1
720575940627244699,720575940635356316,1
720575940627244699,720575940638163940,1
720575940627094917,720575940639358579,1
720575940627094917,720575940638163940,1
720575940627094917,720575940620576238,1
720575940627094917,720575940608186498,1
720575940627028773,720575940658674049,1
720575940627094917,720575940629579836,1
720575940627094917,720575940623082665,1
720575940627094917,720575940625615248,1
720575940620955149,720575940620576238,1
720575940622217033,720575940608186498,1
720575940622217033,720575940613338152,1
720575940620955149,720575940635356316,1
720575940620955149,720575940629579836,1
720575940620272064,720575940650745977,1
720575940620051580,720575940630650063,1
720575940620051580,720575940631198776,1
720575940620051580,720575940639358579,1
720575940620051580,720575940644146724,1
720575940620051580,720575940624859725,1
720575940620272064,720575940640747864,1
720575940620272064,720575940624661031,1
720575940622549759,720575940627194501,1
720575940622549759,720575940631758393,1
720575940622549759,720575940633142498,1
720575940622549759,720575940634475119,1
720575940623129087,720575940618943389,1
720575940623129087,720575940629579836,1
720575940623129087,720575940625615248,1
720575940622217033,720575940620423533,1
720575940622217033,720575940621861637,1
720575940622217033,720575940629579836,1
720575940622549759,720575940616643924,1
720575940622549759,720575940617691170,1
720575940622217033,720575940638163940,1
720575940622217033,720575940634953079,1
720575940622217033,720575940639358579,1
720575940622549759,720575940605221065,1
720575940619435399,720575940624859725,1
720575940646602372,720575940612857878,1
720575940646602372,720575940617691170,1
720575940639846488,720575940630794703,1
720575940639846488,720575940647165828,1
720575940650260214,720575940614677810,1
720575940646602372,720575940627644584,1
720575940646602372,720575940631758393,1
720575940646602372,720575940633142498,1
720575940654606753,720575940627110931,1
720575940611579541,720575940612857878,1
720575940605036418,720575940637109214,1
720575940605036418,720575940637928164,1
720575940611579541,720575940605113376,1
720575940611579541,720575940605221065,1
720575940611579541,720575940610430254,1
720575940611579541,720575940632344290,1
720575940611579541,720575940630498811,1
720575940611579541,720575940647165828,1
720575940605036418,720575940614293485,1
720575940605036418,720575940610523746,1
720575940605036418,720575940629579836,1
720575940605036418,720575940631198776,1
720575940605036418,720575940625926693,1
720575940629236242,720575940613338152,1
720575940629236242,720575940614293485,1
720575940628447491,720575940627644584,1
720575940628447491,720575940631576903,1
720575940628447491,720575940631758393,1
720575940629236242,720575940625615248,1
720575940629236242,720575940630868271,1
720575940629236242,720575940618943389,1
720575940629236242,720575940620423533,1
720575940629236242,720575940620576238,1
720575940628190780,720575940617691170,1
720575940627165010,720575940631222841,1
720575940627165010,720575940631758393,1
720575940627165010,720575940644747828,1
720575940627165010,720575940639684696,1
720575940628447491,720575940617242841,1
720575940628447491,720575940617691170,1
720575940628190780,720575940631758393,1
720575940630525967,720575940644146724,1
720575940630525967,720575940650745977,1
720575940638445894,720575940608071435,1
720575940638445894,720575940612623474,1
720575940638445894,720575940616643924,1
720575940638445894,720575940617691170,1
720575940630525967,720575940638163940,1
720575940639846488,720575940621085622,1
720575940639846488,720575940620341931,1
720575940639846488,720575940616643924,1
720575940639846488,720575940617691170,1
720575940639846488,720575940619823536,1
720575940630525967,720575940620390822,1
720575940630525967,720575940622701808,1
720575940630525967,720575940608186498,1
720575940629236242,720575940635356316,1
720575940630525967,720575940613338152,1
720575940630525967,720575940631198776,1
720575940630525967,720575940629579836,1
720575940630525967,720575940631017258,1
720575940630525967,720575940626878460,1
720575940620754529,720575940622338269,1
720575940617516760,720575940653360289,1
720575940620754529,720575940610430254,1
720575940620754529,720575940611918578,1
720575940621359142,720575940613338152,1
720575940620754529,720575940636309093,1
720575940620754529,720575940632344290,1
720575940620754529,720575940639684696,1
720575940617516760,720575940644146724,1
720575940617438865,720575940630794703,1
720575940617438865,720575940631758393,1
720575940617438865,720575940643950190,1
720575940617438865,720575940627390507,1
720575940617438865,720575940617691170,1
720575940617516760,720575940631198776,1
720575940617516760,720575940634953079,1
720575940617516760,720575940635356316,1
720575940617516760,720575940620576238,1
720575940617516760,720575940621861637,1
720575940621462797,720575940649649785,1
720575940622773784,720575940608071435,1
720575940622773784,720575940612623474,1
720575940622773784,720575940617691170,1
720575940621462797,720575940630397527,1
720575940621462797,720575940631443304,1
720575940621462797,720575940631758393,1
720575940621462797,720575940636309093,1
720575940621462797,720575940637391582,1
720575940622773784,720575940630498811,1
720575940622773784,720575940631443304,1
720575940622773784,720575940631576903,1
720575940622773784,720575940631758393,1
720575940622773784,720575940636309093,1
720575940622773784,720575940623398524,1
720575940622773784,720575940621216982,1
720575940622773784,720575940627644584,1
720575940621359142,720575940631198776,1
720575940621359142,720575940623082665,1
720575940621359142,720575940620390822,1
720575940621359142,720575940621284446,1
720575940621462797,720575940621085622,1
720575940621462797,720575940621462512,1
720575940621462797,720575940617145561,1
720575940621462797,720575940605221065,1
720575940621462797,720575940608071435,1
720575940621462797,720575940610430254,1
720575940611936474,720575940633142498,1
720575940611936474,720575940631758393,1
720575940611936474,720575940627644584,1
720575940611936474,720575940639684696,1
720575940611936474,720575940643950190,1
720575940611946482,720575940605113376,1
720575940611936474,720575940621216982,1
720575940611946482,720575940610430254,1
720575940611946482,720575940612623474,1
720575940611946482,720575940631758393,1
720575940611946482,720575940633832628,1
720575940611733997,720575940610181496,1
720575940611733997,720575940617242841,1
720575940611733997,720575940617691170,1
720575940611733997,720575940640770957,1
720575940611733997,720575940646582836,1
720575940611936474,720575940608071435,1
720575940611936474,720575940613647007,1
720575940611733997,720575940630498811,1
720575940611733997,720575940627644584,1
720575940616702262,720575940619823536,1
720575940616702262,720575940622338269,1
720575940616702262,720575940622495092,1
720575940615323990,720575940643950190,1
720575940616702262,720575940605113376,1
720575940616702262,720575940610181496,1
720575940616702262,720575940633832628,1
720575940616702262,720575940637390302,1
720575940616702262,720575940631758393,1
720575940616702262,720575940654661281,1
720575940617438865,720575940608071435,1
720575940616702262,720575940631443304,1
720575940615323990,720575940637391582,1
720575940612690338,720575940625926693,1
720575940612690338,720575940623398524,1
720575940612690338,720575940617691170,1
720575940615323990,720575940637390302,1
720575940615323990,720575940626555800,1
720575940615323990,720575940633142498,1
720575940615323990,720575940636309093,1
720575940615323990,720575940612755618,1
720575940615323990,720575940616643924,1
720575940617201113,720575940622495092,1
720575940617201113,720575940627644584,1
720575940617201113,720575940622338269,1
720575940617201113,720575940617242841,1
720575940617201113,720575940617691170,1
720575940617201113,720575940619823536,1
720575940619259477,720575940617242841,1
720575940619259477,720575940617691170,1
720575940619259477,720575940617903643,1
720575940619259477,720575940605221065,1
720575940617201113,720575940631443304,1
720575940617201113,720575940631758393,1
720575940617201113,720575940642603464,1
720575940617201113,720575940646582836,1
720575940615270962,720575940621861637,1
720575940615270962,720575940620576238,1
720575940615270962,720575940641509595,1
720575940615270962,720575940644146724,1
720575940615270962,720575940637928164,1
720575940615270962,720575940630868271,1
720575940618671751,720575940617145561,1
720575940618671751,720575940617691170,1
720575940618671751,720575940622338269,1
720575940618671751,720575940625343550,1
720575940618224709,720575940631758393,1
720575940618224709,720575940639358579,1
720575940620276801,720575940620390822,1
720575940618671751,720575940630691159,1
720575940618671751,720575940649649785,1
720575940620276801,720575940606196098,1
720575940618224709,720575940627644584,1
720575940619259477,720575940636309093,1
720575940619259477,720575940631758393,1
720575940619259477,720575940635779959,1
720575940619259477,720575940649649785,1
720575940618224709,720575940605113376,1
720575940618224709,720575940605221065,1
720575940619259477,720575940623398524,1
720575940618224709,720575940621462512,1
720575940618224709,720575940617691170,1
720575940618224709,720575940619402576,1
720575940644607854,720575940644747828,1
720575940644607854,720575940627110931,1
720575940644607854,720575940622338269,1
720575940612352423,720575940621216982,1
720575940612352423,720575940617242841,1
720575940612352423,720575940612623474,1
720575940644607854,720575940617242841,1
720575940638995005,720575940628743362,1
720575940638995005,720575940631758393,1
720575940642108301,720575940637390302,1
720575940644607854,720575940611918578,1
720575940642108301,720575940633541857,1
720575940642108301,720575940623082665,1
720575940642108301,720575940630446329,1
720575940642108301,720575940630536441,1
720575940642108301,720575940632344290,1
720575940614861974,720575940618943389,1
720575940614861974,720575940621284446,1
720575940614861974,720575940623082665,1
720575940614861974,720575940624859725,1
720575940614861974,720575940610523746,1
720575940614861974,720575940625615248,1
720575940612725906,720575940650745977,1
720575940614861974,720575940630868271,1
720575940614861974,720575940629579836,1
720575940612352423,720575940631758393,1
720575940612725906,720575940620576238,1
720575940612352423,720575940642733216,1
720575940612352423,720575940654661281,1
720575940612725906,720575940629579836,1
720575940612725906,720575940624859725,1
720575940612725906,720575940626878460,1
720575940625333822,720575940644747828,1
720575940625333822,720575940649649785,1
720575940625343546,720575940613647007,1
720575940625343546,720575940617145561,1
720575940625333822,720575940627644584,1
720575940625333822,720575940627110931,1
720575940625333822,720575940627390507,1
720575940625343546,720575940649675897,1
720575940625942458,720575940612623474,1
720575940625343546,720575940642603464,1
720575940625942458,720575940623398524,1
720575940625343546,720575940630076887,1
720575940625343546,720575940634475119,1
720575940625343546,720575940637390302,1
720575940624375088,720575940622338269,1
720575940624375088,720575940622495092,1
720575940624375088,720575940608071435,1
720575940624375088,720575940612857878,1
720575940624375088,720575940619823536,1
720575940625333822,720575940617242841,1
720575940625333822,720575940612623474,1
720575940624375088,720575940631443304,1
720575940624375088,720575940631758393,1
720575940626547817,720575940631443304,1
720575940626547817,720575940630498811,1
720575940626547817,720575940608071435,1
720575940626547817,720575940614677810,1
720575940626547817,720575940619823536,1
720575940626547817,720575940649675897,1
720575940627165010,720575940627644584,1
720575940626430339,720575940649649785,1
720575940625942458,720575940639684696,1
720575940625942458,720575940647165828,1
720575940625942458,720575940635779959,1
720575940625942458,720575940630498811,1
720575940626430339,720575940646582836,1
720575940626430339,720575940621462512,1
720575940621475085,720575940613338152,1
720575940621475085,720575940618943389,1
720575940620282758,720575940639684696,1
720575940620282758,720575940658674049,1
720575940621475085,720575940629579836,1
720575940621475085,720575940635356316,1
720575940621475085,720575940626878460,1
720575940620282758,720575940620341931,1
720575940620276801,720575940639358579,1
720575940620276801,720575940641509595,1
720575940620282758,720575940605221065,1
720575940620282758,720575940617145561,1
720575940621658502,720575940631758393,1
720575940621658502,720575940632344290,1
720575940621658502,720575940642733216,1
720575940621658502,720575940627644584,1
720575940621658502,720575940622338269,1
720575940623426633,720575940631443304,1
720575940623426633,720575940621216982,1
720575940623426633,720575940636309093,1
720575940621658502,720575940647165828,1
720575940621658502,720575940654661281,1
720575940623426633,720575940605113376,1
720575940623426633,720575940617691170,1
720575940621541514,720575940631017258,1
720575940621541514,720575940631198776,1
720575940621541514,720575940620423533,1
720575940621541514,720575940621284446,1
720575940621658502,720575940617242841,1
720575940621658502,720575940620341931,1
720575940621658502,720575940613647007,1
720575940621541514,720575940634652523,1
720575940621541514,720575940637928164,1
720575940621541514,720575940650745977,1
720575940621658502,720575940605113376,1
720575940622773784,720575940637391582,1
720575940629632894,720575940644747828,1
720575940629632894,720575940634475119,1
720575940629632894,720575940627110931,1
720575940629632894,720575940621085622,1
720575940629632894,720575940630536441,1
720575940630436603,720575940614629799,1
720575940630436603,720575940625615248,1
720575940630436603,720575940626071482,1
720575940630436603,720575940620423533,1
720575940630436603,720575940620576238,1
720575940629222759,720575940605280201,1
720575940629222759,720575940617145561,1
720575940629222759,720575940617242841,1
720575940629222759,720575940620341931,1
720575940629222759,720575940605113376,1
720575940628975482,720575940630498811,1
720575940628975482,720575940631576903,1
720575940628975482,720575940649675897,1
720575940629222759,720575940627194501,1
720575940630436603,720575940629579836,1
720575940632377375,720575940631222841,1
720575940632377375,720575940630691159,1
720575940632377375,720575940634655851,1
720575940632377375,720575940617242841,1
720575940632377375,720575940617691170,1
720575940632377375,720575940621216982,1
720575940634937951,720575940619402576,1
720575940632377375,720575940647165828,1
720575940634937951,720575940612857878,1
720575940632377375,720575940649649785,1
720575940634937951,720575940611918578,1
720575940634937951,720575940612623474,1
720575940634937951,720575940617691170,1
720575940630436603,720575940630868271,1
720575940631764281,720575940617242841,1
720575940631764281,720575940617691170,1
720575940630436603,720575940635356316,1
720575940630436603,720575940637672425,1
720575940630436603,720575940640747864,1
720575940632377375,720575940605221065,1
720575940631764281,720575940631443304,1
720575940631764281,720575940631758393,1
720575940631764281,720575940627390507,1
720575940625507888,720575940636659886,1
720575940625507888,720575940622950605,1
720575940625507888,720575940623979593,1
720575940625507888,720575940628708139,1
720575940625507888,720575940630498811,1
720575940625507888,720575940630777631,1
720575940625780648,720575940627644584,1
720575940625780648,720575940630076887,1
720575940625780648,720575940621216982,1
720575940625507888,720575940621900321,1
720575940624770574,720575940621216982,1
720575940623985189,720575940627644584,1
720575940624770574,720575940608071435,1
720575940624770574,720575940622495092,1
720575940625507888,720575940620922790,1
720575940625507888,720575940617242841,1
720575940625507888,720575940620497217,1
720575940624770574,720575940627644584,1
720575940625780648,720575940646582836,1
720575940628375255,720575940627644584,1
720575940628375255,720575940630650063,1
720575940628353244,720575940639684696,1
720575940628353244,720575940658674049,1
720575940628975482,720575940620341931,1
720575940628975482,720575940627194501,1
720575940628375255,720575940643950190,1
720575940628975482,720575940608071435,1
720575940628350211,720575940617145561,1
720575940628350211,720575940617903643,1
720575940628350211,720575940637390302,1
720575940628353244,720575940625343550,1
720575940628350211,720575940658674049,1
720575940628353244,720575940612623474,1
720575940628353244,720575940619676224,1
720575940628353244,720575940621085622,1
720575940607930716,720575940644747828,1
720575940607930716,720575940649649785,1
720575940607930716,720575940642733216,1
720575940609179331,720575940631576903,1
720575940611943976,720575940610430254,1
720575940609179331,720575940621216982,1
720575940609179331,720575940626555800,1
720575940652809377,720575940650745977,1
720575940652809377,720575940631198776,1
720575940652809377,720575940637928164,1
720575940652809377,720575940639358579,1
720575940652809377,720575940640747864,1
720575940606968962,720575940617691170,1
720575940607930716,720575940617691170,1
720575940607930716,720575940610430254,1
720575940607930716,720575940620341931,1
720575940607930716,720575940621085622,1
720575940606968962,720575940634475119,1
720575940606968962,720575940654661281,1
720575940612266213,720575940627110931,1
720575940612266213,720575940636309093,1
720575940612266213,720575940623398524,1
720575940612266213,720575940619676224,1
720575940613501855,720575940617691170,1
720575940613501855,720575940618943389,1
720575940613501855,720575940620423533,1
720575940613501855,720575940621284446,1
720575940613501855,720575940610523746,1
720575940613501855,720575940613338152,1
720575940611943976,720575940631576903,1
720575940611943976,720575940631758393,1
720575940611943976,720575940617242841,1
720575940612178418,720575940654661281,1
720575940612178418,720575940612755618,1
720575940612178418,720575940617691170,1
720575940652809377,720575940631017258,1
720575940637835839,720575940649649785,1
720575940637970665,720575940605221065,1
720575940637970665,720575940617691170,1
720575940637835839,720575940631443304,1
720575940637835839,720575940633142498,1
720575940637835839,720575940633832628,1
720575940637835839,720575940636309093,1
720575940637970665,720575940643950190,1
720575940637970665,720575940631576903,1
720575940638964131,720575940608071435,1
720575940637970665,720575940631758393,1
720575940637970665,720575940631443304,1
720575940634937951,720575940649649785,1
720575940634937951,720575940627110931,1
720575940634937951,720575940630498811,1
720575940634937951,720575940631758393,1
720575940637835839,720575940621216982,1
720575940637835839,720575940617242841,1
720575940637835839,720575940619823536,1
720575940637835839,720575940622338269,1
720575940637835839,720575940612857878,1
720575940637540952,720575940621216982,1
720575940637540952,720575940631222841,1
720575940637540952,720575940631758393,1
720575940638964131,720575940612755618,1
720575940640646864,720575940635779959,1
720575940640646864,720575940627390507,1
720575940640646864,720575940633142498,1
720575940640646864,720575940631443304,1
720575940640646864,720575940631758393,1
720575940652809377,720575940629579836,1
720575940652809377,720575940624859725,1
720575940652809377,720575940619676224,1
720575940652809377,720575940620423533,1
720575940652809377,720575940621284446,1
720575940652809377,720575940621861637,1
720575940638964131,720575940630650063,1
720575940638964131,720575940630691159,1
720575940638964131,720575940619402576,1
720575940638964131,720575940621216982,1
720575940640646864,720575940617242841,1
720575940638964131,720575940646582836,1
720575940638964131,720575940640770957,1
720575940640646864,720575940604861356,1
720575940640646864,720575940605113376,1
720575940640646864,720575940605221065,1
720575940630063676,720575940610430254,1
720575940630063676,720575940612857878,1
720575940630063676,720575940608071435,1
720575940629133056,720575940629579836,1
720575940629133056,720575940631198776,1
720575940628787962,720575940642733216,1
720575940628917980,720575940614677810,1
720575940628787962,720575940631758393,1
720575940628787962,720575940627390507,1
720575940628917980,720575940637390302,1
720575940628917980,720575940631758393,1
720575940628917980,720575940627644584,1
720575940628917980,720575940631576903,1
720575940631835673,720575940621284446,1
720575940631835673,720575940622701808,1
720575940631835673,720575940623082665,1
720575940631835673,720575940624859725,1
720575940631835673,720575940617691170,1
720575940631835673,720575940635356316,1
720575940631835673,720575940637109214,1
720575940631835673,720575940638163940,1
720575940631835673,720575940639358579,1
720575940631835673,720575940640747864,1
720575940631835673,720575940631017258,1
720575940630063676,720575940640770957,1
720575940631667937,720575940617242841,1
720575940630063676,720575940625343550,1
720575940630063676,720575940631758393,1
720575940631667937,720575940643950190,1
720575940631667937,720575940631758393,1
720575940631667937,720575940633832628,1
720575940625300254,720575940623398524,1
720575940625300254,720575940610430254,1
720575940625300254,720575940621216982,1
720575940625300254,720575940619823536,1
720575940623165737,720575940632107335,1
720575940625564816,720575940619506993,1
720575940625564816,720575940608442633,1
720575940622972686,720575940623398524,1
720575940622972686,720575940621216982,1
720575940622972686,720575940627390507,1
720575940622972686,720575940627644584,1
720575940622972686,720575940613647007,1
720575940622773784,720575940647165828,1
720575940623165737,720575940619301185,1
720575940623165737,720575940619506993,1
720575940622972686,720575940631758393,1
720575940622972686,720575940633142498,1
720575940622972686,720575940633832628,1
720575940622972686,720575940642733216,1
720575940622972686,720575940646582836,1
720575940625564816,720575940623082665,1
720575940625564816,720575940624317419,1
720575940627112723,720575940647165828,1
720575940627931466,720575940617691170,1
720575940627931466,720575940644747828,1
720575940628787962,720575940605113376,1
720575940625564816,720575940627741799,1
720575940625564816,720575940625931266,1
720575940625564816,720575940626300444,1
720575940625564816,720575940635779959,1
720575940627112723,720575940617145561,1
720575940627112723,720575940628836412,1
720575940627112723,720575940630076887,1
720575940627112723,720575940627110931,1
720575940614888854,720575940631443304,1
720575940614888854,720575940644747828,1
720575940614888854,720575940619823536,1
720575940614888854,720575940621216982,1
720575940614888854,720575940622338269,1
720575940615101452,720575940622495092,1
720575940615101452,720575940605113376,1
720575940615101452,720575940608071435,1
720575940615101452,720575940619823536,1
720575940615101452,720575940619402576,1
720575940614862230,720575940616682838,1
720575940614862230,720575940619301185,1
720575940614862230,720575940607511900,1
720575940614862230,720575940607287561,1
720575940614845802,720575940631758393,1
720575940614888854,720575940611918578,1
720575940614888854,720575940612623474,1
720575940614862230,720575940624317419,1
720575940614862230,720575940624406986,1
720575940614862230,720575940628609127,1
720575940614862230,720575940630318951,1
720575940615101452,720575940628836412,1
720575940621178206,720575940639358579,1
720575940621178206,720575940644146724,1
720575940623369412,720575940649649785,1
720575940623985189,720575940610430254,1
720575940621178206,720575940606196098,1
720575940615101452,720575940631758393,1
720575940615101452,720575940649675897,1
720575940615101452,720575940639684696,1
720575940621178206,720575940626878460,1
720575940621178206,720575940631017258,1
720575940621178206,720575940620423533,1
720575940621178206,720575940621284446,1
720575940621178206,720575940624661031,1
720575940621178206,720575940625615248,1
720575940652799649,720575940623398524,1
720575940652799649,720575940608071435,1
720575940652799649,720575940612755618,1
720575940646697780,720575940642733216,1
720575940607804939,720575940613338152,1
720575940652799649,720575940649649785,1
720575940646697780,720575940643950190,1
720575940632617164,720575940631758393,1
720575940646697780,720575940604861356,1
720575940646697780,720575940605221065,1
720575940646697780,720575940631758393,1
720575940646697780,720575940622495092,1
720575940613773566,720575940621216982,1
720575940613773566,720575940617691170,1
720575940613773566,720575940631758393,1
720575940613773566,720575940617242841,1
720575940610353381,720575940641509595,1
720575940613773566,720575940612857878,1
720575940614845802,720575940620341931,1
720575940614845802,720575940621216982,1
720575940613773566,720575940644747828,1
720575940614845802,720575940608071435,1
720575940610353381,720575940631758393,1
720575940607804939,720575940640747864,1
720575940607804939,720575940650745977,1
720575940607804939,720575940631198776,1
720575940610353381,720575940620341931,1
720575940610029432,720575940643950190,1
720575940610029432,720575940647165828,1
720575940638995005,720575940624406986,1
720575940638995005,720575940623082665,1
720575940634839487,720575940627644584,1
720575940634839487,720575940628836412,1
720575940634839487,720575940621216982,1
720575940634839487,720575940631222841,1
720575940634839487,720575940631443304,1
720575940637164260,720575940621085622,1
720575940637164260,720575940621216982,1
720575940634839487,720575940639358579,1
720575940634839487,720575940631758393,1
720575940631627843,720575940627390507,1
720575940631627843,720575940621216982,1
720575940631627843,720575940605113376,1
720575940631627843,720575940612623474,1
720575940631627843,720575940612755618,1
720575940631627843,720575940617242841,1
720575940631627843,720575940617691170,1
720575940634839487,720575940605221065,1
720575940634839487,720575940617691170,1
720575940631627843,720575940631758393,1
720575940631627843,720575940632344290,1
720575940631627843,720575940637390302,1
720575940631627843,720575940642603464,1
720575940631627843,720575940647165828,1
720575940637740989,720575940630691159,1
720575940637740989,720575940631758393,1
720575940637740989,720575940637390302,1
720575940637740989,720575940649675897,1
720575940637788494,720575940627194501,1
720575940637788494,720575940621085622,1
720575940637788494,720575940605113376,1
720575940637788494,720575940608071435,1
720575940637788494,720575940612623474,1
720575940637372894,720575940604861356,1
720575940637372894,720575940617691170,1
720575940637164260,720575940631443304,1
720575940637372894,720575940619823536,1
720575940637372894,720575940631758393,1
720575940637372894,720575940646582836,1
720575940630228271,720575940650745977,1
720575940626975899,720575940620390822,1
720575940626975899,720575940635356316,1
720575940627185767,720575940620576238,1
720575940627185767,720575940621284446,1
720575940626975899,720575940641509595,1
720575940626975899,720575940618943389,1
720575940626668304,720575940639358579,1
720575940626950147,720575940605280201,1
720575940626950147,720575940617145561,1
720575940626668304,720575940629579836,1
720575940626668304,720575940631198776,1
720575940626950147,720575940631222841,1
720575940626950147,720575940634475119,1
720575940630228271,720575940613338152,1
720575940630228271,720575940617691170,1
720575940630228271,720575940620423533,1
720575940630228271,720575940620576238,1
720575940627282002,720575940649649785,1
720575940627282002,720575940654661281,1
720575940627282002,720575940630794703,1
720575940630228271,720575940631017258,1
720575940630228271,720575940637109214,1
720575940630228271,720575940626878460,1
720575940630228271,720575940622701808,1
720575940630228271,720575940623082665,1
720575940630228271,720575940624859725,1
720575940630228271,720575940625615248,1
720575940630228271,720575940625926693,1
720575940627185767,720575940629579836,1
720575940627185767,720575940626878460,1
720575940627282002,720575940621085622,1
720575940627282002,720575940627110931,1
720575940627185767,720575940638163940,1
720575940627282002,720575940617145561,1
720575940627282002,720575940613647007,1
720575940619974689,720575940631198776,1
720575940619974689,720575940639358579,1
720575940619974689,720575940644146724,1
720575940619974689,720575940653360289,1
720575940619974689,720575940621284446,1
720575940619974689,720575940622100774,1
720575940619974689,720575940624859725,1
720575940620226729,720575940608071435,1
720575940620226729,720575940633142498,1
720575940620226729,720575940634475119,1
720575940620226729,720575940649649785,1
720575940620226729,720575940658674049,1
720575940620828912,720575940605221065,1
720575940620226729,720575940627194501,1
720575940620226729,720575940612755618,1
720575940620226729,720575940617242841,1
720575940620226729,720575940621462512,1
720575940618592390,720575940624317419,1
720575940618592390,720575940624406986,1
720575940618592390,720575940620812865,1
720575940618592390,720575940621082996,1
720575940618592390,720575940630318951,1
720575940618592390,720575940633515490,1
720575940618592390,720575940635779959,1
720575940620828912,720575940608071435,1
720575940615019231,720575940617242841,1
720575940614822742,720575940644747828,1
720575940615019231,720575940608071435,1
720575940615019231,720575940637391582,1
720575940616162373,720575940614677810,1
720575940615019231,720575940632344290,1
720575940615019231,720575940627644584,1
720575940615019231,720575940628836412,1
720575940615019231,720575940631443304,1
720575940620828912,720575940623398524,1
720575940614822742,720575940610430254,1
720575940620828912,720575940621216982,1
720575940620828912,720575940612623474,1
720575940620828912,720575940619823536,1
720575940614822742,720575940612857878,1
720575940614822742,720575940630691159,1
720575940614822742,720575940631758393,1
720575940614822742,720575940617691170,1
720575940659297153,720575940624859725,1
720575940659297153,720575940620390822,1
720575940615289759,720575940621900321,1
720575940615289759,720575940623082665,1
720575940615289759,720575940626135122,1
720575940659297153,720575940635789431,1
720575940615289759,720575940615682246,1
720575940644805143,720575940612623474,1
720575940644805143,720575940613647007,1
720575940644805143,720575940619676224,1
720575940644805143,720575940605280201,1
720575940644805143,720575940620341931,1
720575940637788494,720575940631758393,1
720575940637788494,720575940640770957,1
720575940659297153,720575940613338152,1
720575940644805143,720575940623398524,1
720575940615289759,720575940630777631,1
720575940618548975,720575940617691170,1
720575940618548975,720575940624859725,1
720575940618548975,720575940613338152,1
720575940618548975,720575940638163940,1
720575940618548975,720575940639358579,1
720575940618548975,720575940634953079,1
720575940618592390,720575940608442633,1
720575940618548975,720575940625615248,1
720575940615289759,720575940630794703,1
720575940615344315,720575940620576238,1
720575940615289759,720575940637390302,1
720575940615289759,720575940633541857,1
720575940615344315,720575940606196098,1
720575940615344315,720575940638163940,1
720575940615344315,720575940629579836,1
720575940615344315,720575940631198776,1
720575940615344315,720575940623082665,1
720575940604806345,720575940610523746,1
720575940643063200,720575940627644584,1
720575940643063200,720575940631576903,1
720575940643063200,720575940631758393,1
720575940604806345,720575940623082665,1
720575940604806345,720575940624859725,1
720575940604806345,720575940620390822,1
720575940604806345,720575940620423533,1
720575940604806345,720575940620576238,1
720575940643063200,720575940627110931,1
720575940637539647,720575940630076887,1
720575940637539647,720575940649649785,1
720575940639286606,720575940630650063,1
720575940643063200,720575940612623474,1
720575940608524483,720575940621462512,1
720575940608524483,720575940617691170,1
720575940608524483,720575940612857878,1
720575940609104579,720575940608186498,1
720575940609104579,720575940617691170,1
720575940608524483,720575940654661281,1
720575940608524483,720575940642733216,1
720575940604806345,720575940634652523,1
720575940604806345,720575940638163940,1
720575940604806345,720575940640747864,1
720575940604806345,720575940641509595,1
720575940607310531,720575940631198776,1
720575940607310531,720575940635356316,1
720575940607310531,720575940625615248,1
720575940607310531,720575940626878460,1
720575940630414700,720575940610430254,1
720575940629140071,720575940628996455,1
720575940629140071,720575940630868271,1
720575940630414700,720575940636309093,1
720575940630414700,720575940644747828,1
720575940632019247,720575940605113376,1
720575940632019247,720575940605221065,1
720575940630414700,720575940631758393,1
720575940629020794,720575940631576903,1
720575940629020794,720575940631758393,1
720575940629020794,720575940644747828,1
720575940629140071,720575940608186498,1
720575940634294367,720575940629564286,1
720575940634294367,720575940630076887,1
720575940634294367,720575940630691159,1
720575940632433828,720575940636309093,1
720575940634294367,720575940605221065,1
720575940634294367,720575940610430254,1
720575940634294367,720575940617242841,1
720575940637539647,720575940621085622,1
720575940637539647,720575940627110931,1
720575940637539647,720575940619402576,1
720575940637539647,720575940617691170,1
720575940634294367,720575940644747828,1
720575940634294367,720575940637390302,1
720575940632019247,720575940642733216,1
720575940632019247,720575940644747828,1
720575940632019247,720575940623398524,1
720575940632433828,720575940627194501,1
720575940632433828,720575940630498811,1
720575940632433828,720575940631222841,1
720575940632433828,720575940631758393,1
720575940632433828,720575940617145561,1
720575940632433828,720575940622338269,1
720575940609104579,720575940620423533,1
720575940622771082,720575940633142498,1
720575940622771082,720575940642733216,1
720575940623008440,720575940622495092,1
720575940623008440,720575940622950605,1
720575940623008440,720575940628708139,1
720575940621845018,720575940647165828,1
720575940621845018,720575940627644584,1
720575940622302488,720575940622338269,1
720575940622771082,720575940608071435,1
720575940622771082,720575940611918578,1
720575940622771082,720575940612857878,1
720575940622771082,720575940605221065,1
720575940622302488,720575940643950190,1
720575940626294090,720575940631198776,1
720575940626294090,720575940634652523,1
720575940626294090,720575940639358579,1
720575940626294090,720575940625615248,1
720575940626294090,720575940640747864,1
720575940626294090,720575940610523746,1
720575940626668304,720575940623082665,1
720575940626668304,720575940620576238,1
720575940626294090,720575940653360289,1
720575940624974010,720575940627194501,1
720575940624974010,720575940639684696,1
720575940624974010,720575940619402576,1
720575940624974010,720575940616643924,1
720575940625372293,720575940658674049,1
720575940625372293,720575940617691170,1
720575940610906521,720575940630691159,1
720575940610906521,720575940631758393,1
720575940610906521,720575940634640023,1
720575940610906521,720575940643950190,1
720575940611855729,720575940608071435,1
720575940611855729,720575940643950190,1
720575940611855729,720575940636309093,1
720575940620828912,720575940627390507,1
720575940611855729,720575940627644584,1
720575940611855729,720575940630076887,1
720575940609104579,720575940628996455,1
720575940609104579,720575940629579836,1
720575940609104579,720575940631017258,1
720575940609104579,720575940634953079,1
720575940609104579,720575940635356316,1
720575940609104579,720575940621861637,1
720575940610906521,720575940617691170,1
720575940610906521,720575940619676224,1
720575940610906521,720575940626555800,1
720575940609104579,720575940650745977,1
720575940621086134,720575940620341931,1
720575940621086134,720575940619823536,1
720575940621086134,720575940608071435,1
720575940621845018,720575940621216982,1
720575940621845018,720575940622495092,1
720575940621086134,720575940639358579,1
720575940621845018,720575940604861356,1
720575940621845018,720575940605113376,1
720575940620998424,720575940613338152,1
720575940620828912,720575940630498811,1
720575940620828912,720575940644747828,1
720575940620998424,720575940631017258,1
720575940620998424,720575940622100774,1
720575940620442817,720575940619402576,1
720575940620425310,720575940647165828,1
720575940620425310,720575940633832628,1
720575940620425310,720575940637391582,1
720575940620442817,720575940636309093,1
720575940620551901,720575940610430254,1
720575940620551901,720575940612857878,1
720575940620442817,720575940623398524,1
720575940620442817,720575940627644584,1
720575940620442817,720575940633142498,1
720575940620223398,720575940626135122,1
720575940620223398,720575940623082665,1
720575940620223398,720575940618910075,1
720575940620223398,720575940621462512,1
720575940620223398,720575940621900321,1
720575940620223398,720575940630446329,1
720575940620425310,720575940621085622,1
720575940620425310,720575940627110931,1
720575940620223398,720575940630498811,1
720575940620223398,720575940632107335,1
720575940620223398,720575940632344290,1
720575940620425310,720575940605113376,1
720575940621174704,720575940634655851,1
720575940621174704,720575940631576903,1
720575940621174704,720575940627194501,1
720575940621174704,720575940644747828,1
720575940621174704,720575940617145561,1
720575940621174704,720575940621462512,1
720575940622013564,720575940627110931,1
720575940622013564,720575940631758393,1
720575940622013564,720575940637390302,1
720575940622013564,720575940644747828,1
720575940622305304,720575940610181496,1
720575940620685436,720575940644146724,1
720575940620551901,720575940654661281,1
720575940620685436,720575940631017258,1
720575940620685436,720575940631198776,1
720575940616162373,720575940617691170,1
720575940610101210,720575940639358579,1
720575940610101210,720575940625926693,1
720575940610101210,720575940626878460,1
720575940609184210,720575940629579836,1
720575940609184210,720575940631198776,1
720575940609184210,720575940624859725,1
720575940610101210,720575940620576238,1
720575940609184210,720575940640747864,1
720575940612778646,720575940635356316,1
720575940614200426,720575940625926693,1
720575940614200426,720575940627110931,1
720575940614200426,720575940631758393,1
720575940614200426,720575940617242841,1
720575940614200426,720575940623398524,1
720575940614200426,720575940612857878,1
720575940614200426,720575940642733216,1
720575940619769008,720575940610430254,1
720575940619769008,720575940617145561,1
720575940614036019,720575940617691170,1
720575940614036019,720575940622338269,1
720575940614036019,720575940613647007,1
720575940612778646,720575940640747864,1
720575940614036019,720575940632344290,1
720575940614036019,720575940631443304,1
720575940614036019,720575940631758393,1
720575940633932951,720575940630318951,1
720575940633932951,720575940631758393,1
720575940633932951,720575940633515490,1
720575940633932951,720575940636461710,1
720575940633932951,720575940639077283,1
720575940633932951,720575940619301185,1
720575940633932951,720575940619506993,1
720575940633932951,720575940621900321,1
720575940633932951,720575940622950605,1
720575940634001007,720575940620576238,1
720575940634001007,720575940623082665,1
720575940634001007,720575940624859725,1
720575940634001007,720575940608186498,1
720575940634001007,720575940613338152,1
720575940632805037,720575940623398524,1
720575940632805037,720575940614677810,1
720575940632805037,720575940617691170,1
720575940632805037,720575940617903643,1
720575940632805037,720575940621462512,1
720575940632805037,720575940619402576,1
720575940632805037,720575940643950190,1
720575940632805037,720575940644747828,1
720575940633932951,720575940607287561,1
720575940632805037,720575940630397527,1
720575940632805037,720575940631443304,1
720575940632805037,720575940631576903,1
720575940637315418,720575940617691170,1
720575940637315418,720575940610523746,1
720575940637315418,720575940626878460,1
720575940638995005,720575940616682838,1
720575940638995005,720575940606196098,1
720575940637315418,720575940630868271,1
720575940637315418,720575940631017258,1
720575940637315418,720575940639358579,1
720575940637315418,720575940644146724,1
720575940634001007,720575940638163940,1
720575940634836671,720575940614677810,1
720575940634836671,720575940619402576,1
720575940634001007,720575940629579836,1
720575940634836671,720575940631576903,1
720575940634836671,720575940631758393,1
720575940634836671,720575940636309093,1
720575940634836671,720575940622495092,1
720575940632805037,720575940608071435,1
720575940626772357,720575940630076887,1
720575940626772357,720575940640770957,1
720575940627077032,720575940605221065,1
720575940627077032,720575940610181496,1
720575940627077032,720575940631443304,1
720575940627077032,720575940631576903,1
720575940627077032,720575940631758393,1
720575940627077032,720575940642733216,1
720575940627077032,720575940630498811,1
720575940627077032,720575940611918578,1
720575940627077032,720575940612857878,1
720575940627077032,720575940620341931,1
720575940622305304,720575940631576903,1
720575940622305304,720575940654661281,1
720575940622305304,720575940619402576,1
720575940622305304,720575940619823536,1
720575940622305304,720575940621216982,1
720575940622305304,720575940627644584,1
720575940624428019,720575940627194501,1
720575940624428019,720575940625343550,1
720575940624428019,720575940612755618,1
720575940624428019,720575940623398524,1
720575940632805037,720575940605113376,1
720575940629804857,720575940634953079,1
720575940629804857,720575940639358579,1
720575940629804857,720575940624859725,1
720575940630146135,720575940634655851,1
720575940630146135,720575940642733216,1
720575940630146135,720575940621216982,1
720575940630146135,720575940622495092,1
720575940630146135,720575940623398524,1
720575940628741881,720575940619402576,1
720575940628983963,720575940613647007,1
720575940628983963,720575940608071435,1
720575940628983963,720575940621462512,1
720575940628741881,720575940627194501,1
720575940628983963,720575940634655851,1
720575940628983963,720575940625343550,1
720575940628983963,720575940626555800,1
720575940628983963,720575940631758393,1
720575940628983963,720575940630650063,1
720575940626794027,720575940613338152,1
720575940626794027,720575940617691170,1
720575940626794027,720575940618943389,1
720575940624577613,720575940643950190,1
720575940626794027,720575940621284446,1
720575940626794027,720575940635789431,1
720575940626794027,720575940622100774,1
720575940626794027,720575940626878460,1
720575940624577613,720575940630650063,1
720575940624563075,720575940646288419,1
720575940624577613,720575940608071435,1
720575940624577613,720575940610430254,1
720575940624563075,720575940638940469,1
720575940624563075,720575940636659886,1
720575940624577613,720575940612857878,1
720575940624563075,720575940630446329,1
720575940624563075,720575940631844492,1
720575940624563075,720575940632107335,1
720575940624577613,720575940612623474,1
720575940624577613,720575940626555800,1
720575940624577613,720575940627194501,1
720575940624577613,720575940627644584,1
720575940624577613,720575940617691170,1
720575940624577613,720575940617903643,1
720575940624577613,720575940619402576,1
720575940628830551,720575940639358579,1
720575940628830551,720575940650745977,1
720575940630039547,720575940605221065,1
720575940628830551,720575940631017258,1
720575940630039547,720575940621216982,1
720575940630039547,720575940620938150,1
720575940630039547,720575940617145561,1
720575940630039547,720575940619402576,1
720575940628724284,720575940631758393,1
720575940628724284,720575940632344290,1
720575940628724284,720575940617691170,1
720575940628724284,720575940621216982,1
720575940628830551,720575940620576238,1
720575940628724284,720575940647165828,1
720575940619414132,720575940620423533,1
720575940617811540,720575940644747828,1
720575940619414132,720575940608186498,1
720575940619414132,720575940621861637,1
720575940619414132,720575940622701808,1
720575940619414132,720575940623082665,1
720575940619414132,720575940624859725,1
720575940619414132,720575940625926693,1
720575940616162373,720575940634655851,1
720575940616162373,720575940630691159,1
720575940616162373,720575940631758393,1
720575940616162373,720575940628836412,1
720575940616162373,720575940636309093,1
720575940616162373,720575940627644584,1
720575940616162373,720575940646582836,1
720575940617811540,720575940605113376,1
720575940617811540,720575940630076887,1
720575940617811540,720575940633832628,1
720575940617811540,720575940634655851,1
720575940617811540,720575940636309093,1
720575940617811540,720575940622338269,1
720575940619414132,720575940635356316,1
720575940622948872,720575940621082996,1
720575940622948872,720575940623082665,1
720575940622948872,720575940618910075,1
720575940622948872,720575940612643954,1
720575940624563075,720575940620922790,1
720575940624563075,720575940622950605,1
720575940624563075,720575940605280201,1
720575940622948872,720575940630318951,1
720575940622948872,720575940630996684,1
720575940622948872,720575940632107335,1
720575940622948872,720575940635779959,1
720575940621866861,720575940642603464,1
720575940621553535,720575940621462512,1
720575940621553535,720575940627644584,1
720575940619414132,720575940637109214,1
720575940621866861,720575940621085622,1
720575940621866861,720575940630691159,1
720575940621553535,720575940631758393,1
720575940621553535,720575940633142498,1
720575940630039547,720575940630076887,1
720575940630039547,720575940630691159,1
720575940645819268,720575940619676224,1
720575940645819268,720575940627110931,1
720575940645819268,720575940627194501,1
720575940645819268,720575940612623474,1
720575940645819268,720575940612857878,1
720575940645819268,720575940627644584,1
720575940652875169,720575940619402576,1
720575940652875169,720575940620423533,1
720575940645819268,720575940646582836,1
720575940645819268,720575940630498811,1
720575940645819268,720575940636309093,1
720575940641866912,720575940626071482,1
720575940641866912,720575940630868271,1
720575940641866912,720575940635356316,1
720575940641866912,720575940638163940,1
720575940644843031,720575940619676224,1
720575940644843031,720575940627644584,1
720575940644843031,720575940631758393,1
720575940641866912,720575940653360289,1
720575940641866912,720575940641509595,1
720575940641866912,720575940644146724,1
720575940644843031,720575940608071435,1
720575940652875169,720575940621216982,1
720575940652875169,720575940622338269,1
720575940604999526,720575940631576903,1
720575940604999526,720575940620341931,1
720575940604999526,720575940617242841,1
720575940604999526,720575940621216982,1
720575940609184210,720575940614293485,1
720575940604999526,720575940639684696,1
720575940604999526,720575940642733216,1
720575940604999526,720575940658674049,1
720575940609184210,720575940608186498,1
720575940604963942,720575940608071435,1
720575940652875169,720575940649649785,1
720575940604963942,720575940617145561,1
720575940604963942,720575940617691170,1
720575940652875169,720575940630794703,1
720575940652875169,720575940631758393,1
720575940604963942,720575940634655851,1
720575940604963942,720575940649649785,1
720575940604999526,720575940611918578,1
720575940604963942,720575940631758393,1
720575940604963942,720575940630650063,1
720575940604963942,720575940622338269,1
720575940604963942,720575940628836412,1
720575940632980378,720575940627194501,1
720575940632848045,720575940653360289,1
720575940632980378,720575940608071435,1
720575940632980378,720575940617691170,1
720575940632980378,720575940613647007,1
720575940632980378,720575940616643924,1
720575940632980378,720575940627644584,1
720575940633186771,720575940620341931,1
720575940633186771,720575940614677810,1
720575940632980378,720575940631758393,1
720575940632980378,720575940646582836,1
720575940632848045,720575940614293485,1
720575940632848045,720575940606196098,1
720575940630039547,720575940631576903,1
720575940630039547,720575940631758393,1
720575940630039547,720575940643950190,1
720575940632848045,720575940618943389,1
720575940632848045,720575940630868271,1
720575940632848045,720575940635356316,1
720575940632848045,720575940620423533,1
720575940633186771,720575940622338269,1
720575940639069493,720575940608071435,1
720575940635659486,720575940641509595,1
720575940639069493,720575940612755618,1
720575940635659486,720575940635356316,1
720575940635659486,720575940631198776,1
720575940635659486,720575940631017258,1
720575940635659486,720575940634953079,1
720575940639069493,720575940620341931,1
720575940641866912,720575940606196098,1
720575940639069493,720575940631443304,1
720575940639069493,720575940622338269,1
720575940639069493,720575940627644584,1
720575940635659486,720575940610523746,1
720575940633186771,720575940627390507,1
720575940633186771,720575940631576903,1
720575940633186771,720575940631758393,1
720575940633186771,720575940637391582,1
720575940635659486,720575940625926693,1
720575940635659486,720575940620576238,1
720575940629500542,720575940650745977,1
720575940629839863,720575940617242841,1
720575940629839863,720575940619676224,1
720575940629500542,720575940620423533,1
720575940629500542,720575940623082665,1
720575940629839863,720575940621085622,1
720575940629839863,720575940621216982,1
720575940630218552,720575940605280201,1
720575940630218552,720575940608071435,1
720575940630218552,720575940617903643,1
720575940629839863,720575940634655851,1
720575940629500542,720575940618943389,1
720575940624851864,720575940617903643,1
720575940624480148,720575940642733216,1
720575940629500542,720575940613338152,1
720575940624851864,720575940630076887,1
720575940624851864,720575940636309093,1
720575940631448531,720575940617691170,1
720575940631448531,720575940621085622,1
720575940631448531,720575940631758393,1
720575940630592460,720575940635356316,1
720575940630592460,720575940639358579,1
720575940634117216,720575940624859725,1
720575940634117216,720575940622701808,1
720575940634117216,720575940623082665,1
720575940634117216,720575940626878460,1
720575940634117216,720575940608186498,1
720575940630218552,720575940654661281,1
720575940630218552,720575940634475119,1
720575940630218552,720575940631222841,1
720575940630592460,720575940631198776,1
720575940630592460,720575940624859725,1
720575940616677661,720575940634475119,1
720575940620811073,720575940627644584,1
720575940620811073,720575940612623474,1
720575940620811073,720575940621216982,1
720575940621810871,720575940629564286,1
720575940621810871,720575940634475119,1
720575940621810871,720575940605113376,1
720575940621810871,720575940610430254,1
720575940621810871,720575940612755618,1
720575940621810871,720575940617242841,1
720575940621810871,720575940617691170,1
720575940621810871,720575940617903643,1
720575940620811073,720575940605221065,1
720575940620469742,720575940605221065,1
720575940619872372,720575940646582836,1
720575940620469742,720575940616643924,1
720575940620469742,720575940617691170,1
720575940620469742,720575940617903643,1
720575940619872372,720575940630650063,1
720575940619872372,720575940631758393,1
720575940620469742,720575940631758393,1
720575940620469742,720575940637391582,1
720575940620469742,720575940643950190,1
720575940620469742,720575940620341931,1
720575940623947500,720575940622338269,1
720575940623947500,720575940621462512,1
720575940623947500,720575940608071435,1
720575940623947500,720575940612623474,1
720575940623947500,720575940617145561,1
720575940623947500,720575940621085622,1
720575940623947500,720575940617691170,1
720575940622861971,720575940653360289,1
720575940623947500,720575940633142498,1
720575940623947500,720575940644747828,1
720575940624480148,720575940604861356,1
720575940624480148,720575940605113376,1
720575940622861971,720575940623082665,1
720575940622861971,720575940613338152,1
720575940622861971,720575940644146724,1
720575940622861971,720575940637109214,1
720575940634117216,720575940638163940,1
720575940612739186,720575940627110931,1
720575940613764364,720575940635356316,1
720575940613764364,720575940618943389,1
720575940605997513,720575940606196098,1
720575940605997513,720575940613338152,1
720575940605424416,720575940605280201,1
720575940605424416,720575940627194501,1
720575940605997513,720575940631198776,1
720575940605997513,720575940634953079,1
720575940605997513,720575940617691170,1
720575940605997513,720575940620390822,1
720575940605997513,720575940620423533,1
720575940605997513,720575940621861637,1
720575940616672822,720575940625615248,1
720575940616672822,720575940635356316,1
720575940616672822,720575940621861637,1
720575940616672822,720575940620423533,1
720575940616672822,720575940637928164,1
720575940616677661,720575940629564286,1
720575940616677661,720575940633142498,1
720575940616672822,720575940639358579,1
720575940616672822,720575940617691170,1
720575940614744991,720575940634953079,1
720575940614744991,720575940626878460,1
720575940615476667,720575940605280201,1
720575940614744991,720575940618943389,1
720575940614744991,720575940620423533,1
720575940614744991,720575940624859725,1
720575940614744991,720575940625615248,1
720575940615476667,720575940649675897,1
720575940615476667,720575940621085622,1
720575940604478176,720575940644747828,1
720575940637595507,720575940622701808,1
720575940637595507,720575940624661031,1
720575940637595507,720575940617691170,1
720575940637595507,720575940620390822,1
720575940637595507,720575940620576238,1
720575940637595507,720575940624859725,1
720575940637737021,720575940616643924,1
720575940636488878,720575940606196098,1
720575940636488878,720575940610523746,1
720575940637595507,720575940613338152,1
720575940636488878,720575940631198776,1
720575940636488878,720575940638163940,1
720575940637737021,720575940617145561,1
720575940604319078,720575940630794703,1
720575940604319078,720575940632107335,1
720575940604319078,720575940621900321,1
720575940604319078,720575940620922790,1
720575940604319078,720575940619917248,1
720575940604319078,720575940619506993,1
720575940604478176,720575940633142498,1
720575940604478176,720575940617691170,1
720575940637737021,720575940639684696,1
720575940637737021,720575940642733216,1
720575940637737021,720575940643950190,1
720575940637737021,720575940619823536,1
720575940637737021,720575940627194501,1
720575940637737021,720575940627644584,1
720575940637907428,720575940626878460,1
720575940637907428,720575940625926693,1
720575940637907428,720575940630868271,1
720575940637907428,720575940617691170,1
720575940637907428,720575940620423533,1
720575940637907428,720575940623082665,1
720575940634468197,720575940631198776,1
720575940634468197,720575940639358579,1
720575940634920543,720575940625615248,1
720575940634920543,720575940623082665,1
720575940634920543,720575940608186498,1
720575940634362999,720575940624859725,1
720575940634362999,720575940620576238,1
720575940634362999,720575940626878460,1
720575940634362999,720575940617691170,1
720575940634362999,720575940629579836,1
720575940634468197,720575940618943389,1
720575940637169998,720575940649675897,1
720575940637169998,720575940654661281,1
720575940639588723,720575940621085622,1
720575940637169998,720575940634475119,1
720575940639588723,720575940642733216,1
720575940639588723,720575940647165828,1
720575940639588723,720575940632344290,1
720575940639588723,720575940627644584,1
720575940635884143,720575940617691170,1
720575940635884143,720575940610181496,1
720575940635884143,720575940619823536,1
720575940635884143,720575940608071435,1
720575940637169998,720575940626555800,1
720575940635884143,720575940658674049,1
720575940637169998,720575940612857878,1
720575940633056467,720575940643950190,1
720575940626513171,720575940636309093,1
720575940626513171,720575940630076887,1
720575940626513171,720575940630794703,1
720575940626513171,720575940631576903,1
720575940626513171,720575940631758393,1
720575940626694479,720575940644146724,1
720575940628687259,720575940617691170,1
720575940626694479,720575940635356316,1
720575940626694479,720575940623082665,1
720575940626694479,720575940624859725,1
720575940626694479,720575940626878460,1
720575940625642340,720575940635356316,1
720575940625642340,720575940639358579,1
720575940625642340,720575940621861637,1
720575940625642340,720575940625615248,1
720575940625642340,720575940626878460,1
720575940626513171,720575940605221065,1
720575940626513171,720575940606909826,1
720575940626513171,720575940612857878,1
720575940632068383,720575940634953079,1
720575940632068383,720575940638163940,1
720575940632068383,720575940644146724,1
720575940632068383,720575940626878460,1
720575940633056467,720575940628836412,1
720575940633056467,720575940634655851,1
720575940632068383,720575940650745977,1
720575940633056467,720575940617691170,1
720575940633056467,720575940617242841,1
720575940633056467,720575940620341931,1
720575940628687259,720575940644747828,1
720575940631686308,720575940627194501,1
720575940628687259,720575940631443304,1
720575940628687259,720575940628836412,1
720575940628687259,720575940630498811,1
720575940628687259,720575940630536441,1
720575940628687259,720575940630691159,1
720575940632068383,720575940620423533,1
720575940632068383,720575940622701808,1
720575940644710964,720575940617903643,1
720575940617079257,720575940605113376,1
720575940617079257,720575940611918578,1
720575940616087323,720575940628836412,1
720575940617079257,720575940612623474,1
720575940617079257,720575940627644584,1
720575940617079257,720575940628836412,1
720575940617079257,720575940631758393,1
720575940617079257,720575940617145561,1
720575940617079257,720575940619402576,1
720575940617079257,720575940620497217,1
720575940617079257,720575940621085622,1
720575940616087323,720575940622338269,1
720575940612090321,720575940637390302,1
720575940613364461,720575940619506993,1
720575940612090321,720575940621216982,1
720575940616087323,720575940617242841,1
720575940616087323,720575940621085622,1
720575940613364461,720575940621900321,1
720575940613364461,720575940631758393,1
720575940613364461,720575940624317419,1
720575940613364461,720575940636659886,1
720575940613364461,720575940648330105,1
720575940617079257,720575940632344290,1
720575940617814429,720575940622701808,1
720575940617814429,720575940618943389,1
720575940617529318,720575940640747864,1
720575940619872372,720575940619676224,1
720575940619872372,720575940621462512,1
720575940617814429,720575940640747864,1
720575940617814429,720575940644146724,1
720575940617529318,720575940644146724,1
720575940617529318,720575940639358579,1
720575940617529318,720575940610523746,1
720575940617529318,720575940617691170,1
720575940617079257,720575940643950190,1
720575940617079257,720575940646582836,1
720575940617079257,720575940654661281,1
720575940617529318,720575940623082665,1
720575940617529318,720575940625615248,1
720575940617529318,720575940626878460,1
720575940604766153,720575940629579836,1
720575940604766153,720575940608186498,1
720575940607337923,720575940620423533,1
720575940607337923,720575940620576238,1
720575940604766153,720575940644146724,1
720575940604766153,720575940638163940,1
720575940644747572,720575940613338152,1
720575940644710964,720575940642603464,1
720575940644710964,720575940649675897,1
720575940644747572,720575940617691170,1
720575940644710964,720575940633832628,1
720575940644747572,720575940625615248,1
720575940644747572,720575940620576238,1
720575940611210865,720575940630536441,1
720575940611210865,720575940631758393,1
720575940611210865,720575940617691170,1
720575940612023983,720575940649675897,1
720575940612090321,720575940605113376,1
720575940612023983,720575940631758393,1
720575940612023983,720575940617691170,1
720575940612023983,720575940621085622,1
720575940607337923,720575940638163940,1
720575940607337923,720575940626878460,1
720575940607337923,720575940623082665,1
720575940607337923,720575940622701808,1
720575940607348931,720575940633142498,1
720575940607337923,720575940650745977,1
720575940607348931,720575940617691170,1
720575940625642340,720575940621284446,1
720575940623191334,720575940617242841,1
720575940623166471,720575940629579836,1
720575940623166471,720575940630868271,1
720575940623166471,720575940635356316,1
720575940623191334,720575940631758393,1
720575940623191334,720575940635779959,1
720575940623191334,720575940621216982,1
720575940623191334,720575940622495092,1
720575940623191334,720575940627644584,1
720575940622204669,720575940627110931,1
720575940622204669,720575940631758393,1
720575940622204669,720575940634475119,1
720575940622204669,720575940608071435,1
720575940623166471,720575940620576238,1
720575940623166471,720575940621284446,1
720575940623166471,720575940621861637,1
720575940623166471,720575940618943389,1
720575940623166471,720575940617691170,1
720575940624232974,720575940608186498,1
720575940625158437,720575940635356316,1
720575940625158437,720575940650745977,1
720575940625158437,720575940624859725,1
720575940625807108,720575940617691170,1
720575940625807108,720575940621861637,1
720575940625158437,720575940623082665,1
720575940624232974,720575940629579836,1
720575940624232974,720575940623082665,1
720575940624232974,720575940620423533,1
720575940624232974,720575940620576238,1
720575940624232974,720575940622701808,1
720575940624232974,720575940644146724,1
720575940624232974,720575940634953079,1
720575940624232974,720575940635356316,1
720575940611664281,720575940635356316,1
720575940611664281,720575940641509595,1
720575940611664281,720575940650745977,1
720575940614772383,720575940613338152,1
720575940611664281,720575940631198776,1
720575940611664281,720575940631017258,1
720575940611664281,720575940629579836,1
720575940614772383,720575940635356316,1
720575940614772383,720575940622701808,1
720575940614772383,720575940623082665,1
720575940611664281,720575940624661031,1
720575940610658674,720575940630691159,1
720575940608662485,720575940637391582,1
720575940608662485,720575940654661281,1
720575940611664281,720575940620576238,1
720575940611664281,720575940621861637,1
720575940611664281,720575940610523746,1
720575940618779118,720575940641509595,1
720575940618779118,720575940629579836,1
720575940618779118,720575940620576238,1
720575940618779118,720575940624859725,1
720575940621403844,720575940627644584,1
720575940621403844,720575940631758393,1
720575940621403844,720575940611918578,1
720575940621403844,720575940614677810,1
720575940618779118,720575940617691170,1
720575940616052625,720575940650745977,1
720575940618779118,720575940613338152,1
720575940633093483,720575940626878460,1
720575940633093483,720575940629579836,1
720575940633093483,720575940625615248,1
720575940633551540,720575940618943389,1
720575940633551540,720575940619676224,1
720575940633093483,720575940635356316,1
720575940633551540,720575940613338152,1
720575940629823563,720575940634655851,1
720575940631842956,720575940643950190,1
720575940631842956,720575940635779959,1
720575940634954164,720575940605280201,1
720575940634954164,720575940610430254,1
720575940634954164,720575940617242841,1
720575940634954164,720575940617691170,1
720575940634638990,720575940631198776,1
720575940634638990,720575940641509595,1
720575940634954164,720575940644747828,1
720575940634954164,720575940646582836,1
720575940635386616,720575940612857878,1
720575940634954164,720575940634640023,1
720575940634954164,720575940623979593,1
720575940634954164,720575940627194501,1
720575940633551540,720575940639358579,1
720575940633551540,720575940635356316,1
720575940633551540,720575940640747864,1
720575940633551540,720575940644146724,1
720575940633551540,720575940650745977,1
720575940633551540,720575940621284446,1
720575940634638990,720575940623082665,1
720575940634638990,720575940624859725,1
720575940634638990,720575940620576238,1
720575940634638990,720575940617691170,1
720575940627243623,720575940608186498,1
720575940626758489,720575940625343550,1
720575940626758489,720575940631222841,1
720575940627243623,720575940618943389,1
720575940627243623,720575940622701808,1
720575940627243623,720575940626878460,1
720575940626655321,720575940617691170,1
720575940626655321,720575940613338152,1
720575940625807108,720575940635356316,1
720575940625807108,720575940641509595,1
720575940626758489,720575940608071435,1
720575940626655321,720575940624859725,1
720575940629515306,720575940630650063,1
720575940629515306,720575940630691159,1
720575940629515306,720575940633142498,1
720575940629515306,720575940620938150,1
720575940629823563,720575940619676224,1
720575940629823563,720575940617691170,1
720575940629823563,720575940621216982,1
720575940629515306,720575940617691170,1
720575940628209212,720575940625615248,1
720575940628209212,720575940625926693,1
720575940628209212,720575940626878460,1
720575940628209212,720575940613338152,1
720575940628209212,720575940617691170,1
720575940629515306,720575940617145561,1
720575940629515306,720575940605221065,1
720575940629515306,720575940612623474,1
720575940629515306,720575940612755618,1
720575940629515306,720575940614677810,1
720575940628209212,720575940638163940,1
720575940628209212,720575940629579836,1
720575940627426837,720575940613647007,1
720575940626305679,720575940621861637,1
720575940627426837,720575940617145561,1
720575940627426837,720575940627644584,1
720575940627426837,720575940622338269,1
720575940625223690,720575940638163940,1
720575940625223690,720575940635356316,1
720575940625223690,720575940640747864,1
720575940625223690,720575940641509595,1
720575940625223690,720575940644146724,1
720575940625223690,720575940630868271,1
720575940625223690,720575940624859725,1
720575940625223690,720575940625615248,1
720575940626242054,720575940630691159,1
720575940626242054,720575940644747828,1
720575940626242054,720575940658674049,1
720575940626242054,720575940617242841,1
720575940628408055,720575940617242841,1
720575940628408055,720575940627644584,1
720575940628408055,720575940644747828,1
720575940627426837,720575940649649785,1
720575940627426837,720575940635779959,1
720575940627426837,720575940637391582,1
720575940627426837,720575940647165828,1
720575940627426837,720575940654661281,1
720575940627854568,720575940621085622,1
720575940627854568,720575940617145561,1
720575940627854568,720575940617691170,1
720575940627854568,720575940622338269,1
720575940627621626,720575940630868271,1
720575940627621626,720575940653360289,1
720575940627854568,720575940610430254,1
720575940620179821,720575940629579836,1
720575940620179821,720575940631198776,1
720575940620179821,720575940634953079,1
720575940620576494,720575940617691170,1
720575940620576494,720575940619823536,1
720575940620576494,720575940616643924,1
720575940620576494,720575940617242841,1
720575940620179821,720575940638163940,1
720575940620179821,720575940641509595,1
720575940620179821,720575940650745977,1
720575940620576494,720575940605280201,1
720575940620576494,720575940608071435,1
720575940620576494,720575940627644584,1
720575940618544367,720575940623082665,1
720575940618544367,720575940620390822,1
720575940618544367,720575940620576238,1
720575940616677661,720575940647165828,1
720575940616677661,720575940637390302,1
720575940616677661,720575940642603464,1
720575940616677661,720575940644747828,1
720575940616677661,720575940658674049,1
720575940618544367,720575940613338152,1
720575940620179821,720575940621861637,1
720575940624584579,720575940630691159,1
720575940624584579,720575940637391582,1
720575940624584579,720575940644747828,1
720575940624584579,720575940612623474,1
720575940625223690,720575940606196098,1
720575940625223690,720575940620423533,1
720575940625223690,720575940623082665,1
720575940621922398,720575940617691170,1
720575940621922398,720575940621284446,1
720575940621922398,720575940622100774,1
720575940621922398,720575940622701808,1
720575940620576494,720575940642603464,1
720575940620576494,720575940647165828,1
720575940624584579,720575940605221065,1
720575940621922398,720575940628996455,1
720575940649020025,720575940608071435,1
720575940649020025,720575940616643924,1
720575940649020025,720575940605280201,1
720575940606347394,720575940621216982,1
720575940606347394,720575940622495092,1
720575940606347394,720575940623398524,1
720575940606347394,720575940627194501,1
720575940649020025,720575940631443304,1
720575940606347394,720575940619823536,1
720575940635656670,720575940631198776,1
720575940635656670,720575940623082665,1
720575940635656670,720575940626878460,1
720575940635656670,720575940644146724,1
720575940635803876,720575940631758393,1
720575940635803876,720575940630498811,1
720575940607792139,720575940633142498,1
720575940607792139,720575940639684696,1
720575940608662485,720575940605113376,1
720575940608662485,720575940605280201,1
720575940607792139,720575940630536441,1
720575940607792139,720575940617691170,1
720575940607792139,720575940630498811,1
720575940608662485,720575940627110931,1
720575940608662485,720575940631758393,1
720575940608662485,720575940621216982,1
720575940608662485,720575940622338269,1
720575940608662485,720575940623398524,1
720575940606452681,720575940624859725,1
720575940606347394,720575940636309093,1
720575940606452681,720575940613338152,1
720575940606452681,720575940644146724,1
720575940607792139,720575940608071435,1
720575940607792139,720575940610430254,1
720575940607792139,720575940612857878,1
720575940606452681,720575940625615248,1
720575940606452681,720575940629579836,1
720575940631177035,720575940620576238,1
720575940631177035,720575940623082665,1
720575940631177035,720575940624859725,1
720575940631177035,720575940618943389,1
720575940630935570,720575940633142498,1
720575940630935570,720575940636309093,1
720575940630935570,720575940642733216,1
720575940630935570,720575940631758393,1
720575940631177035,720575940650745977,1
720575940631177035,720575940626878460,1
720575940631177035,720575940629579836,1
720575940631177035,720575940635356316,1
720575940630906029,720575940639358579,1
720575940630906029,720575940620576238,1
720575940630906029,720575940644146724,1
720575940630935570,720575940605221065,1
720575940630935570,720575940630650063,1
720575940630935570,720575940608071435,1
720575940630935570,720575940617242841,1
720575940630935570,720575940617691170,1
720575940635150990,720575940623082665,1
720575940635150990,720575940626878460,1
720575940635150990,720575940613338152,1
720575940635656670,720575940613338152,1
720575940635150990,720575940631198776,1
720575940635150990,720575940634953079,1
720575940633040223,720575940624661031,1
720575940633040223,720575940620423533,1
720575940633040223,720575940617691170,1
720575940633040223,720575940621284446,1
720575940633040223,720575940653360289,1
720575940635150990,720575940606196098,1
720575940633040223,720575940635356316,1
720575940633040223,720575940630868271,1
720575940614899851,720575940634953079,1
720575940614899851,720575940635356316,1
720575940619802539,720575940640747864,1
720575940619802539,720575940639358579,1
720575940620363691,720575940605280201,1
720575940611111829,720575940628836412,1
720575940611111829,720575940634475119,1
720575940611111829,720575940622338269,1
720575940611111829,720575940625343550,1
720575940614899851,720575940629579836,1
720575940614899851,720575940626878460,1
720575940611111829,720575940647165828,1
720575940614899851,720575940608186498,1
720575940622890509,720575940617691170,1
720575940622890509,720575940619402576,1
720575940620931750,720575940638163940,1
720575940622890509,720575940605113376,1
720575940623543303,720575940617691170,1
720575940622890509,720575940647165828,1
720575940622890509,720575940628836412,1
720575940620931750,720575940629579836,1
720575940620363691,720575940643950190,1
720575940620363691,720575940644747828,1
720575940620363691,720575940630794703,1
720575940620363691,720575940617691170,1
720575940620931750,720575940625926693,1
720575940620931750,720575940625615248,1
720575940611111829,720575940621462512,1
720575940605180337,720575940626878460,1
720575940605180337,720575940620423533,1
720575940605180337,720575940639358579,1
720575940605180337,720575940640747864,1
720575940605664446,720575940617691170,1
720575940605180337,720575940629579836,1
720575940603751782,720575940624859725,1
720575940603751782,720575940629579836,1
720575940603751782,720575940617691170,1
720575940603751782,720575940623082665,1
720575940603751782,720575940620423533,1
720575940603751782,720575940621284446,1
720575940605180337,720575940617691170,1
720575940603751782,720575940635356316,1
720575940603751782,720575940639358579,1
720575940603751782,720575940644146724,1
720575940606483723,720575940644146724,1
720575940610945558,720575940610430254,1
720575940611111829,720575940614677810,1
720575940611111829,720575940617691170,1
720575940611111829,720575940612623474,1
720575940610945558,720575940630536441,1
720575940610945558,720575940631222841,1
720575940610945558,720575940636309093,1
720575940611111829,720575940611918578,1
720575940610945558,720575940654661281,1
720575940605664446,720575940643950190,1
720575940605664446,720575940630498811,1
720575940605664446,720575940630650063,1
720575940605664446,720575940631576903,1
720575940605664446,720575940633142498,1
720575940606483723,720575940625926693,1
720575940630613835,720575940629579836,1
720575940630613835,720575940626878460,1
720575940630613835,720575940623082665,1
720575940630613835,720575940640747864,1
720575940630613835,720575940620423533,1
720575940630477305,720575940627110931,1
720575940630613835,720575940618943389,1
720575940630477305,720575940636309093,1
720575940630477305,720575940639684696,1
720575940630477305,720575940646582836,1
720575940633560545,720575940644747828,1
720575940635696535,720575940605113376,1
720575940635696535,720575940608071435,1
720575940635696535,720575940617691170,1
720575940633560545,720575940622338269,1
720575940636375653,720575940617691170,1
720575940636375653,720575940613338152,1
720575940636375653,720575940618943389,1
720575940636375653,720575940620576238,1
720575940635696535,720575940627644584,1
720575940636375653,720575940608186498,1
720575940630917293,720575940639358579,1
720575940630917293,720575940640747864,1
720575940630917293,720575940644146724,1
720575940631875097,720575940650745977,1
720575940633560545,720575940613647007,1
720575940633560545,720575940617145561,1
720575940633560545,720575940617691170,1
720575940631875097,720575940629579836,1
720575940631875097,720575940635356316,1
720575940625969640,720575940618943389,1
720575940625969640,720575940620423533,1
720575940625969640,720575940620576238,1
720575940625969640,720575940629579836,1
720575940625969640,720575940614293485,1
720575940626951171,720575940617691170,1
720575940626951171,720575940627110931,1
720575940625969640,720575940635356316,1
720575940627150090,720575940616643924,1
720575940623543303,720575940639358579,1
720575940625721866,720575940621085622,1
720575940623543303,720575940627194501,1
720575940625969640,720575940606196098,1
720575940625969640,720575940608186498,1
720575940625969640,720575940613338152,1
720575940625721866,720575940627644584,1
720575940625721866,720575940631222841,1
720575940627150090,720575940610430254,1
720575940627150090,720575940617242841,1
720575940630265952,720575940617691170,1
720575940628056375,720575940634953079,1
720575940630265952,720575940644146724,1
720575940630265952,720575940624859725,1
720575940630265952,720575940626878460,1
720575940627150090,720575940619823536,1
720575940628056375,720575940623082665,1
720575940628056375,720575940618943389,1
720575940623438665,720575940627194501,1
720575940623438665,720575940631758393,1
720575940621391636,720575940644146724,1
720575940623554748,720575940630996684,1
720575940623554748,720575940633515490,1
720575940623554748,720575940607511900,1
720575940623554748,720575940616682838,1
720575940623554748,720575940618910075,1
720575940623554748,720575940620488513,1
720575940621391636,720575940639358579,1
720575940621391636,720575940638163940,1
720575940621391636,720575940613338152,1
720575940621391636,720575940617691170,1
720575940619723088,720575940644747828,1
720575940621391636,720575940624859725,1
720575940621391636,720575940629579836,1
720575940621391636,720575940620576238,1
720575940624107706,720575940613338152,1
720575940624572052,720575940630868271,1
720575940624572052,720575940644146724,1
720575940625532689,720575940605113376,1
720575940625532689,720575940610430254,1
720575940624107706,720575940620423533,1
720575940624107706,720575940617691170,1
720575940624107706,720575940635356316,1
720575940624107706,720575940641509595,1
720575940624107706,720575940644146724,1
720575940624107706,720575940626878460,1
720575940624107706,720575940630868271,1
720575940617090082,720575940631017258,1
720575940617090082,720575940623082665,1
720575940617090082,720575940620423533,1
720575940617090082,720575940621861637,1
720575940617941046,720575940621861637,1
720575940617090082,720575940635356316,1
720575940619435399,720575940650745977,1
720575940621071203,720575940611918578,1
720575940621071203,720575940617145561,1
720575940621071203,720575940620341931,1
720575940621071203,720575940621216982,1
720575940619435399,720575940630868271,1
720575940621071203,720575940630498811,1
720575940621071203,720575940631758393,1
720575940619668212,720575940629579836,1
720575940619668212,720575940639358579,1
720575940619668212,720575940617691170,1
720575940619668212,720575940623082665,1
720575940619723088,720575940605113376,1
720575940619723088,720575940605221065,1
720575940619723088,720575940620341931,1
720575940619723088,720575940617691170,1
720575940617941046,720575940637109214,1
720575940617941046,720575940638163940,1
720575940617941046,720575940644146724,1
720575940617941046,720575940653360289,1
720575940619336942,720575940605280201,1
720575940619336942,720575940612857878,1
720575940617941046,720575940624859725,1
720575940619336942,720575940640770957,1
720575940619336942,720575940644747828,1
720575940619668212,720575940613338152,1
720575940619336942,720575940621462512,1
720575940619336942,720575940631758393,1
720575940632233628,720575940626878460,1
720575940632473440,720575940621861637,1
720575940632473440,720575940630868271,1
720575940632233628,720575940635356316,1
720575940629211666,720575940634652523,1
720575940629211666,720575940635356316,1
720575940629211666,720575940644146724,1
720575940629211666,720575940650745977,1
720575940629211666,720575940626878460,1
720575940629211666,720575940629579836,1
720575940629211666,720575940630868271,1
720575940632233628,720575940613338152,1
720575940630751535,720575940649649785,1
720575940630751535,720575940617691170,1
720575940630751535,720575940617903643,1
720575940633989999,720575940625615248,1
720575940633989999,720575940629579836,1
720575940633989999,720575940620423533,1
720575940654810785,720575940617691170,1
720575940633989999,720575940631198776,1
720575940633989999,720575940634953079,1
720575940633989999,720575940644146724,1
720575940633989999,720575940650745977,1
720575940632929690,720575940613338152,1
720575940632473440,720575940634953079,1
720575940632473440,720575940650745977,1
720575940632929690,720575940640747864,1
720575940632929690,720575940639358579,1
720575940632929690,720575940644146724,1
720575940632929690,720575940650745977,1
720575940632929690,720575940626878460,1
720575940632929690,720575940630868271,1
720575940627630154,720575940631198776,1
720575940627630154,720575940623082665,1
720575940627630154,720575940625615248,1
720575940627776450,720575940634953079,1
720575940627776450,720575940635356316,1
720575940627776450,720575940613338152,1
720575940625786899,720575940617145561,1
720575940625786899,720575940617691170,1
720575940625786899,720575940617903643,1
720575940625786899,720575940620938150,1
720575940625786899,720575940630076887,1
720575940625786899,720575940631758393,1
720575940625786899,720575940647165828,1
720575940625786899,720575940649649785,1
720575940629201423,720575940635356316,1
720575940629201423,720575940637928164,1
720575940629201423,720575940638163940,1
720575940629201423,720575940639358579,1
720575940629201423,720575940625615248,1
720575940629201423,720575940644146724,1
720575940629211666,720575940620423533,1
720575940629211666,720575940620576238,1
720575940629211666,720575940621284446,1
720575940629211666,720575940623082665,1
720575940629079707,720575940620576238,1
720575940629079707,720575940617691170,1
720575940627776450,720575940650745977,1
720575940629079707,720575940614293485,1
720575940629201423,720575940613338152,1
720575940629201423,720575940617691170,1
720575940629079707,720575940638163940,1
720575940629079707,720575940625615248,1
720575940629079707,720575940629579836,1
720575940629079707,720575940630868271,1
720575940629079707,720575940635356316,1
720575940636375653,720575940621284446,1
720575940625642340,720575940620576238,1
720575940643504288,720575940624859725,1
720575940643504288,720575940629579836,1
720575940643504288,720575940630868271,1
720575940643504288,720575940617691170,1
720575940643504288,720575940618943389,1
720575940643504288,720575940620576238,1
720575940607981636,720575940620423533,1
720575940639749109,720575940629579836,1
720575940639749109,720575940626878460,1
720575940639749109,720575940638163940,1
720575940639749109,720575940623082665,1
720575940639749109,720575940624859725,1
720575940639749109,720575940640747864,1
720575940640487669,720575940658674049,1
720575940640487669,720575940617691170,1
720575940640487669,720575940612623474,1
720575940612339810,720575940606196098,1
720575940610943897,720575940650745977,1
720575940610943897,720575940629579836,1
720575940610943897,720575940631198776,1
720575940610943897,720575940634953079,1
720575940610943897,720575940635356316,1
720575940610943897,720575940638163940,1
720575940610943897,720575940640747864,1
720575940612339810,720575940625926693,1
720575940612339810,720575940626071482,1
720575940612339810,720575940631017258,1
720575940612339810,720575940631198776,1
720575940612339810,720575940619676224,1
720575940612339810,720575940621284446,1
720575940612339810,720575940621861637,1
720575940612339810,720575940622701808,1
720575940612339810,720575940624859725,1
720575940607981636,720575940644146724,1
720575940607981636,720575940638163940,1
720575940607981636,720575940626878460,1
720575940607981636,720575940630868271,1
720575940607981636,720575940631198776,1
720575940610943897,720575940623082665,1
720575940610943897,720575940624859725,1
720575940610943897,720575940625615248,1
720575940610943897,720575940626878460,1
720575940610943897,720575940620576238,1
720575940610943897,720575940617691170,1
720575940634442091,720575940620341931,1
720575940634442091,720575940627194501,1
720575940634442091,720575940630498811,1
720575940633043295,720575940640747864,1
720575940633043295,720575940644146724,1
720575940634442091,720575940631758393,1
720575940636246446,720575940627110931,1
720575940634442091,720575940658674049,1
720575940633043295,720575940634953079,1
720575940633043295,720575940625615248,1
720575940632932506,720575940635356316,1
720575940632932506,720575940639358579,1
720575940637704765,720575940625926693,1
720575940637704765,720575940626878460,1
720575940637704765,720575940617691170,1
720575940637704765,720575940620576238,1
720575940637704765,720575940621284446,1
720575940637704765,720575940621861637,1
720575940637704765,720575940653360289,1
720575940637704765,720575940650745977,1
720575940637704765,720575940629579836,1
720575940637704765,720575940631198776,1
720575940637704765,720575940638163940,1
720575940637704765,720575940640747864,1
720575940637695395,720575940620576238,1
720575940636246446,720575940628836412,1
720575940636246446,720575940658674049,1
720575940636246446,720575940643950190,1
720575940637695395,720575940625615248,1
720575940637695395,720575940641509595,1
720575940637704765,720575940613338152,1
720575940637695395,720575940634953079,1
720575940619519909,720575940621462512,1
720575940619519909,720575940622338269,1
720575940619519909,720575940623398524,1
720575940618992749,720575940634953079,1
720575940618992749,720575940635356316,1
720575940618992749,720575940644146724,1
720575940619519909,720575940643950190,1
720575940619519909,720575940658674049,1
720575940622102763,720575940613338152,1
720575940622102763,720575940614293485,1
720575940619519909,720575940627644584,1
720575940619519909,720575940631758393,1
720575940618586459,720575940634953079,1
720575940618586459,720575940637928164,1
720575940618586459,720575940644146724,1
720575940618586459,720575940631198776,1
720575940618992749,720575940621861637,1
720575940618992749,720575940618943389,1
720575940622972365,720575940605221065,1
720575940622972365,720575940610430254,1
720575940622972365,720575940617691170,1
720575940622641132,720575940631198776,1
720575940625642340,720575940613338152,1
720575940625642340,720575940620423533,1
720575940622972365,720575940631758393,1
720575940622102763,720575940639358579,1
720575940622102763,720575940617691170,1
720575940622102763,720575940625615248,1
720575940622641132,720575940623082665,1
720575940622641132,720575940622701808,1
720575940618586459,720575940626878460,1
720575940616547904,720575940621861637,1
720575940616547904,720575940625615248,1
720575940615465433,720575940644146724,1
720575940616647990,720575940623082665,1
720575940616647990,720575940620576238,1
720575940616647990,720575940626878460,1
720575940616547904,720575940644146724,1
720575940616547904,720575940650745977,1
720575940612339810,720575940639358579,1
720575940612339810,720575940640747864,1
720575940612339810,720575940650745977,1
720575940615465433,720575940626878460,1
720575940615465433,720575940635356316,1
720575940615465433,720575940620576238,1
720575940615465433,720575940625926693,1
720575940616095517,720575940630498811,1
720575940616095517,720575940630397527,1
720575940618586459,720575940606196098,1
720575940616095517,720575940617691170,1
720575940616095517,720575940627390507,1
720575940618586459,720575940623082665,1
720575940618586459,720575940617691170,1
720575940618770230,720575940617145561,1
720575940618770230,720575940617242841,1
720575940618770230,720575940617691170,1
720575940618770230,720575940621085622,1
720575940618770230,720575940613647007,1
720575940616647990,720575940634953079,1
720575940616647990,720575940638163940,1
720575940616647990,720575940644146724,1
720575940616647990,720575940650745977,1
720575940618770230,720575940634475119,1
720575940618770230,720575940631758393,1
720575940616095517,720575940608071435,1
720575940616095517,720575940610430254,1
720575940609132642,720575940630691159,1
720575940609132642,720575940633832628,1
720575940609132642,720575940637390302,1
720575940608633134,720575940638163940,1
720575940612706706,720575940626878460,1
720575940612706706,720575940606196098,1
720575940608631342,720575940634475119,1
720575940608633134,720575940622701808,1
720575940608633134,720575940613338152,1
720575940618396399,720575940624859725,1
720575940618396399,720575940625615248,1
720575940618396399,720575940617691170,1
720575940618396399,720575940620390822,1
720575940619742656,720575940617691170,1
720575940619742656,720575940620576238,1
720575940618396399,720575940639358579,1
720575940618396399,720575940644146724,1
720575940617924432,720575940613338152,1
720575940617924432,720575940620423533,1
720575940612706706,720575940631017258,1
720575940612706706,720575940634953079,1
720575940617924432,720575940638163940,1
720575940617924432,720575940644146724,1
720575940617924432,720575940624859725,1
720575940637277117,720575940617691170,1
720575940637277117,720575940621861637,1
720575940636513882,720575940637391582,1
720575940636513882,720575940642603464,1
720575940636513882,720575940654661281,1
720575940636513882,720575940633832628,1
720575940639258613,720575940610430254,1
720575940639258613,720575940612857878,1
720575940636375653,720575940635356316,1
720575940636375653,720575940631198776,1
720575940636375653,720575940644146724,1
720575940636375653,720575940650745977,1
720575940636375653,720575940624859725,1
720575940636375653,720575940629579836,1
720575940636513882,720575940629564286,1
720575940636513882,720575940630691159,1
720575940636513882,720575940608071435,1
720575940636513882,720575940620341931,1
720575940639258613,720575940616643924,1
720575940603045804,720575940634640023,1
720575940603045804,720575940634475119,1
720575940603045804,720575940621085622,1
720575940603045804,720575940623398524,1
720575940603045804,720575940627110931,1
720575940606549961,720575940626878460,1
720575940606549961,720575940635356316,1
720575940606549961,720575940617691170,1
720575940639258613,720575940637391582,1
720575940639258613,720575940639684696,1
720575940639258613,720575940617145561,1
720575940603045804,720575940608071435,1
720575940646598788,720575940619823536,1
720575940646598788,720575940623398524,1
720575940627741562,720575940625926693,1
720575940627741562,720575940631198776,1
720575940627741562,720575940620423533,1
720575940627741562,720575940620390822,1
720575940627741562,720575940621284446,1
720575940627741562,720575940623082665,1
720575940628506732,720575940617691170,1
720575940628506732,720575940620576238,1
720575940628506732,720575940621861637,1
720575940627741562,720575940635356316,1
720575940627741562,720575940638163940,1
720575940627741562,720575940639358579,1
720575940627741562,720575940641509595,1
720575940624941326,720575940621216982,1
720575940624941326,720575940610430254,1
720575940623438571,720575940649649785,1
720575940624941326,720575940608071435,1
720575940624941326,720575940611918578,1
720575940624941326,720575940643950190,1
720575940624941326,720575940639684696,1
720575940624941326,720575940644747828,1
720575940624941326,720575940654661281,1
720575940624941326,720575940627194501,1
720575940624941326,720575940627644584,1
720575940624941326,720575940630536441,1
720575940624941326,720575940631576903,1
720575940632718291,720575940610523746,1
720575940632353499,720575940625615248,1
720575940632353499,720575940625926693,1
720575940632718291,720575940631198776,1
720575940632718291,720575940625926693,1
720575940629332606,720575940631576903,1
720575940628506732,720575940638163940,1
720575940628506732,720575940630868271,1
720575940629332606,720575940630691159,1
720575940632353499,720575940614293485,1
720575940632353499,720575940618943389,1
720575940629332606,720575940633142498,1
720575940629332606,720575940633832628,1
720575940620403649,720575940621284446,1
720575940620403649,720575940614293485,1
720575940620403649,720575940631198776,1
720575940620403649,720575940608186498,1
720575940621561226,720575940634953079,1
720575940619742656,720575940638163940,1
720575940619742656,720575940629579836,1
720575940619742656,720575940630868271,1
720575940620058236,720575940629579836,1
720575940620058236,720575940618943389,1
720575940623328231,720575940642603464,1
720575940623328231,720575940633832628,1
720575940623328231,720575940631758393,1
720575940623438571,720575940612623474,1
720575940623328231,720575940627110931,1
720575940623328231,720575940629564286,1
720575940623328231,720575940630076887,1
720575940623328231,720575940630691159,1
720575940623438571,720575940634475119,1
720575940623438571,720575940634655851,1
720575940623438571,720575940637391582,1
720575940622005025,720575940620423533,1
720575940622005025,720575940621284446,1
720575940622005025,720575940622701808,1
720575940622005025,720575940625615248,1
720575940622005025,720575940613338152,1
720575940622005025,720575940626878460,1
720575940623328231,720575940619402576,1
720575940622005025,720575940644146724,1
720575940623328231,720575940610430254,1
720575940623328231,720575940617242841,1
720575940622005025,720575940635356316,1
720575940622005025,720575940629579836,1
720575940622005025,720575940630868271,1
720575940622005025,720575940634953079,1
720575940610944022,720575940637391582,1
720575940612607953,720575940608071435,1
720575940612607953,720575940610181496,1
720575940612607953,720575940612623474,1
720575940610944022,720575940619823536,1
720575940610944022,720575940622338269,1
720575940612607953,720575940627110931,1
720575940612607953,720575940627194501,1
720575940612607953,720575940620497217,1
720575940612607953,720575940619823536,1
720575940612607953,720575940620341931,1
720575940608386315,720575940644747828,1
720575940610386661,720575940634953079,1
720575940610386661,720575940644146724,1
720575940610386661,720575940650745977,1
720575940610386661,720575940624859725,1
720575940618201620,720575940647165828,1
720575940615134918,720575940629579836,1
720575940618201620,720575940631758393,1
720575940618201620,720575940627644584,1
720575940618201620,720575940631443304,1
720575940615252786,720575940621216982,1
720575940615252786,720575940619676224,1
720575940615134918,720575940644146724,1
720575940616955229,720575940619506993,1
720575940612607953,720575940631576903,1
720575940612607953,720575940632344290,1
720575940612607953,720575940647165828,1
720575940612607953,720575940649649785,1
720575940616955229,720575940646288419,1
720575940618201620,720575940608071435,1
720575940618201620,720575940610430254,1
720575940618201620,720575940614677810,1
720575940616955229,720575940625926693,1
720575940616955229,720575940628708139,1
720575940616955229,720575940630777631,1
720575940616955229,720575940631844492,1
720575940644609134,720575940620390822,1
720575940644609134,720575940620423533,1
720575940644609134,720575940606196098,1
720575940644609134,720575940613338152,1
720575940644609134,720575940622701808,1
720575940644609134,720575940628996455,1
720575940644609134,720575940630868271,1
720575940644609134,720575940626878460,1
720575940636553646,720575940637391582,1
720575940636553646,720575940646582836,1
720575940636553646,720575940654661281,1
720575940640276955,720575940635356316,1
720575940640276955,720575940617691170,1
720575940640276955,720575940624859725,1
720575940605507249,720575940623082665,1
720575940608386315,720575940622495092,1
720575940608386315,720575940623398524,1
720575940608386315,720575940626555800,1
720575940608386315,720575940631443304,1
720575940605507249,720575940639358579,1
720575940605507249,720575940640747864,1
720575940605507249,720575940650745977,1
720575940608386315,720575940605113376,1
720575940649536377,720575940621216982,1
720575940644609134,720575940638163940,1
720575940644609134,720575940639358579,1
720575940644609134,720575940650745977,1
720575940644609134,720575940653360289,1
720575940605507249,720575940620576238,1
720575940605507249,720575940620423533,1
720575940649536377,720575940631758393,1
720575940649536377,720575940637391582,1
720575940649536377,720575940644747828,1
720575940615252786,720575940627194501,1
720575940621290017,720575940627644584,1
720575940621290017,720575940612857878,1
720575940621290017,720575940636309093,1
720575940621864965,720575940622338269,1
720575940621864965,720575940620341931,1
720575940621864965,720575940621216982,1
720575940621290017,720575940646582836,1
720575940621290017,720575940643950190,1
720575940621290017,720575940658674049,1
720575940621864965,720575940617242841,1
720575940621087408,720575940649675897,1
720575940621087408,720575940643950190,1
720575940621087408,720575940605113376,1
720575940621087408,720575940611918578,1
720575940621087408,720575940612857878,1
720575940620572125,720575940639358579,1
720575940620572125,720575940626878460,1
720575940621087408,720575940623398524,1
720575940627587078,720575940621284446,1
720575940627587078,720575940617691170,1
720575940629088450,720575940622338269,1
720575940629088450,720575940623398524,1
720575940627587078,720575940644146724,1
720575940627587078,720575940634953079,1
720575940627587078,720575940638163940,1
720575940621864965,720575940627644584,1
720575940621864965,720575940654661281,1
720575940627043666,720575940618943389,1
720575940627043666,720575940620423533,1
720575940621864965,720575940647165828,1
720575940621864965,720575940643950190,1
720575940627587078,720575940606196098,1
720575940627043666,720575940630868271,1
720575940627043666,720575940631198776,1
720575940627043666,720575940638163940,1
720575940627043666,720575940623082665,1
720575940627043666,720575940625615248,1
720575940620572125,720575940625615248,1
720575940616887966,720575940623082665,1
720575940616887966,720575940625615248,1
720575940615901597,720575940639358579,1
720575940617293201,720575940625343550,1
720575940617293201,720575940627644584,1
720575940617293201,720575940630076887,1
720575940617293201,720575940631758393,1
720575940617293201,720575940642603464,1
720575940617873984,720575940608071435,1
720575940616887966,720575940634953079,1
720575940617293201,720575940617242841,1
720575940617293201,720575940617691170,1
720575940615901597,720575940617691170,1
720575940615252786,720575940630691159,1
720575940615252786,720575940631443304,1
720575940615252786,720575940634655851,1
720575940615901597,720575940631198776,1
720575940615901597,720575940626878460,1
720575940615901597,720575940625615248,1
720575940615901597,720575940620576238,1
720575940615901597,720575940623082665,1
720575940620572125,720575940624859725,1
720575940618980299,720575940639358579,1
720575940618980299,720575940640747864,1
720575940618980299,720575940650745977,1
720575940618980299,720575940626071482,1
720575940618980299,720575940626555800,1
720575940620572125,720575940608186498,1
720575940620572125,720575940622701808,1
720575940620572125,720575940620576238,1
720575940620572125,720575940617691170,1
720575940617873984,720575940630498811,1
720575940617873984,720575940632344290,1
720575940617873984,720575940623398524,1
720575940617873984,720575940620341931,1
720575940618980299,720575940621861637,1
720575940618980299,720575940613338152,1
720575940636553646,720575940622338269,1
720575940619556437,720575940633142498,1
720575940619556437,720575940644747828,1
720575940619556437,720575940620341931,1
720575940619556437,720575940621216982,1
720575940620211622,720575940618943389,1
720575940620004129,720575940621085622,1
720575940620004129,720575940629564286,1
720575940619369198,720575940611918578,1
720575940619369198,720575940612857878,1
720575940619369198,720575940614677810,1
720575940619369198,720575940617903643,1
720575940619369198,720575940605280201,1
720575940619404214,720575940617691170,1
720575940619369198,720575940605221065,1
720575940619404214,720575940620390822,1
720575940619404214,720575940620423533,1
720575940619369198,720575940649675897,1
720575940619369198,720575940649649785,1
720575940619556437,720575940608071435,1
720575940619556437,720575940612623474,1
720575940619369198,720575940627110931,1
720575940620211622,720575940620576238,1
720575940622096589,720575940621216982,1
720575940622096589,720575940622495092,1
720575940622096589,720575940608071435,1
720575940622542517,720575940619402576,1
720575940622542517,720575940621462512,1
720575940622542517,720575940612755618,1
720575940620211622,720575940644146724,1
720575940621090659,720575940608186498,1
720575940620211622,720575940630868271,1
720575940620211622,720575940623082665,1
720575940620211622,720575940624859725,1
720575940620211622,720575940625926693,1
720575940620211622,720575940626878460,1
720575940620211622,720575940629579836,1
720575940621090659,720575940623082665,1
720575940621090659,720575940626878460,1
720575940621090659,720575940614293485,1
720575940621090659,720575940620576238,1
720575940614186602,720575940640747864,1
720575940616589888,720575940608186498,1
720575940616589888,720575940613338152,1
720575940614186602,720575940639358579,1
720575940614186602,720575940635356316,1
720575940616589888,720575940630868271,1
720575940616589888,720575940634953079,1
720575940616589888,720575940635356316,1
720575940616589888,720575940620423533,1
720575940616589888,720575940625615248,1
720575940616589888,720575940625926693,1
720575940614186602,720575940626878460,1
720575940614010419,720575940617691170,1
720575940614010419,720575940620423533,1
720575940614010419,720575940620576238,1
720575940614186602,720575940621284446,1
720575940614186602,720575940623082665,1
720575940614186602,720575940625615248,1
720575940614010419,720575940644146724,1
720575940618266900,720575940612857878,1
720575940617293268,720575940630076887,1
720575940617293268,720575940631222841,1
720575940617293268,720575940634475119,1
720575940618266900,720575940642733216,1
720575940618266900,720575940621085622,1
720575940618266900,720575940627644584,1
720575940618266900,720575940623398524,1
720575940618266900,720575940627194501,1
720575940618266900,720575940628836412,1
720575940618266900,720575940630650063,1
720575940616589888,720575940650745977,1
720575940617034753,720575940608071435,1
720575940617034753,720575940612857878,1
720575940617034753,720575940617691170,1
720575940617293268,720575940606909826,1
720575940617293268,720575940610181496,1
720575940617034753,720575940646582836,1
720575940617034753,720575940639684696,1
720575940629010331,720575940622950605,1
720575940629010331,720575940631758393,1
720575940629010331,720575940632107335,1
720575940627912492,720575940658674049,1
720575940629010331,720575940621082996,1
720575940629010331,720575940616682838,1
720575940629010331,720575940620488513,1
720575940630612620,720575940621284446,1
720575940630612620,720575940624661031,1
720575940627205386,720575940631758393,1
720575940627205386,720575940622338269,1
720575940627205386,720575940627644584,1
720575940627205386,720575940630691159,1
720575940627912492,720575940631758393,1
720575940627912492,720575940634640023,1
720575940627912492,720575940612623474,1
720575940627912492,720575940613647007,1
720575940627912492,720575940621462512,1
720575940636026089,720575940613647007,1
720575940636026089,720575940617903643,1
720575940631801401,720575940642733216,1
720575940631801401,720575940631758393,1
720575940636553646,720575940608071435,1
720575940636553646,720575940619823536,1
720575940636026089,720575940627390507,1
720575940636026089,720575940629564286,1
720575940636026089,720575940654661281,1
720575940630612620,720575940650745977,1
720575940630612620,720575940644146724,1
720575940630902083,720575940623398524,1
720575940630902083,720575940627644584,1
720575940630612620,720575940638163940,1
720575940630612620,720575940635356316,1
720575940630612620,720575940637109214,1
720575940630902083,720575940628836412,1
720575940631801401,720575940621216982,1
720575940631801401,720575940621462512,1
720575940631801401,720575940622495092,1
720575940631801401,720575940612857878,1
720575940631801401,720575940613647007,1
720575940630902083,720575940643950190,1
720575940630902083,720575940631758393,1
720575940623441387,720575940630868271,1
720575940623441387,720575940625926693,1
720575940623441387,720575940634953079,1
720575940622981902,720575940617691170,1
720575940622981902,720575940621216982,1
720575940622981902,720575940621462512,1
720575940622542517,720575940636309093,1
720575940622542517,720575940631222841,1
720575940622542517,720575940631758393,1
720575940622981902,720575940643950190,1
720575940622981902,720575940649649785,1
720575940623441387,720575940613338152,1
720575940622981902,720575940623398524,1
720575940626331978,720575940624859725,1
720575940626663440,720575940623082665,1
720575940626663440,720575940625615248,1
720575940626663440,720575940617691170,1
720575940626663440,720575940620576238,1
720575940626663440,720575940629579836,1
720575940626663440,720575940644146724,1
720575940626663440,720575940638163940,1
720575940626663440,720575940631198776,1
720575940626663440,720575940634953079,1
720575940626663440,720575940635356316,1
720575940626586823,720575940612623474,1
720575940626331978,720575940631198776,1
720575940626586823,720575940631758393,1
720575940626586823,720575940634475119,1
720575940630733137,720575940608071435,1
720575940630733137,720575940614677810,1
720575940630385403,720575940634953079,1
720575940630385403,720575940639358579,1
720575940630733137,720575940619676224,1
720575940630733137,720575940630794703,1
720575940630733137,720575940631758393,1
720575940630733137,720575940633832628,1
720575940630733137,720575940636659886,1
720575940630966840,720575940605280201,1
720575940630733137,720575940620922790,1
720575940628640079,720575940630868271,1
720575940628640079,720575940622701808,1
720575940628640079,720575940624859725,1
720575940628640079,720575940625615248,1
720575940630385403,720575940617691170,1
720575940632358564,720575940619402576,1
720575940632358564,720575940620341931,1
720575940632358564,720575940612755618,1
720575940632358564,720575940636309093,1
720575940632358564,720575940631576903,1
720575940630966840,720575940627644584,1
720575940630966840,720575940622338269,1
720575940630966840,720575940631758393,1
720575940630966840,720575940619676224,1
720575940630966840,720575940621085622,1
720575940630966840,720575940631222841,1
720575940632003409,720575940623398524,1
720575940632003409,720575940621462512,1
720575940632003409,720575940627390507,1
720575940630966840,720575940647165828,1
720575940625942590,720575940644747828,1
720575940626622480,720575940618943389,1
720575940626622480,720575940620576238,1
720575940625942590,720575940642603464,1
720575940626622480,720575940640747864,1
720575940626622480,720575940644146724,1
720575940626742866,720575940613338152,1
720575940626622480,720575940621861637,1
720575940626622480,720575940630868271,1
720575940624421148,720575940646582836,1
720575940624693287,720575940617145561,1
720575940624421148,720575940623398524,1
720575940624421148,720575940623979593,1
720575940624693287,720575940637391582,1
720575940624693287,720575940649649785,1
720575940624693287,720575940627194501,1
720575940624693287,720575940627390507,1
720575940624693287,720575940631758393,1
720575940627021128,720575940650745977,1
720575940628259914,720575940617691170,1
720575940627021128,720575940644146724,1
720575940628259914,720575940658674049,1
720575940628259914,720575940627110931,1
720575940628259914,720575940631222841,1
720575940628259914,720575940633142498,1
720575940626742866,720575940629579836,1
720575940626742866,720575940620423533,1
720575940626742866,720575940622701808,1
720575940626742866,720575940624859725,1
720575940626742866,720575940625615248,1
720575940626742866,720575940638163940,1
720575940626742866,720575940644146724,1
720575940627021128,720575940623082665,1
720575940627021128,720575940624859725,1
720575940627021128,720575940625615248,1
720575940627021128,720575940608186498,1
720575940627021128,720575940617691170,1
720575940632364717,720575940610430254,1
720575940611686629,720575940621861637,1
720575940611686629,720575940637109214,1
720575940612524030,720575940631222841,1
720575940612524030,720575940634475119,1
720575940612524030,720575940634640023,1
720575940612524030,720575940637390302,1
720575940611686629,720575940638163940,1
720575940611686629,720575940650745977,1
720575940612524030,720575940617691170,1
720575940611343054,720575940618943389,1
720575940611343054,720575940620576238,1
720575940611343054,720575940626878460,1
720575940611343054,720575940641509595,1
720575940617605154,720575940620423533,1
720575940617605154,720575940622701808,1
720575940617605154,720575940618943389,1
720575940617474629,720575940622495092,1
720575940617605154,720575940617691170,1
720575940617845076,720575940610430254,1
720575940617845076,720575940617145561,1
720575940617845076,720575940605221065,1
720575940617605154,720575940641509595,1
720575940615927197,720575940621462512,1
720575940615927197,720575940622338269,1
720575940615927197,720575940610430254,1
720575940615927197,720575940605113376,1
720575940615927197,720575940608071435,1
720575940615927197,720575940627644584,1
720575940617474629,720575940611918578,1
720575940617474629,720575940612623474,1
720575940615927197,720575940630498811,1
720575940615927197,720575940631758393,1
720575940632849069,720575940639684696,1
720575940632849069,720575940642733216,1
720575940639554675,720575940631576903,1
720575940639554675,720575940630397527,1
720575940639554675,720575940631758393,1
720575940639554675,720575940634640023,1
720575940639554675,720575940634655851,1
720575940639554675,720575940622495092,1
720575940632364717,720575940627110931,1
720575940632364717,720575940612755618,1
720575940632364717,720575940621216982,1
720575940632364717,720575940631443304,1
720575940632849069,720575940617903643,1
720575940632849069,720575940619676224,1
720575940632849069,720575940605221065,1
720575940632364717,720575940639684696,1
720575940632364717,720575940644747828,1
720575940610676403,720575940639358579,1
720575940610676403,720575940613338152,1
720575940610676403,720575940614293485,1
720575940609999217,720575940630868271,1
720575940609999217,720575940637109214,1
720575940610676403,720575940630868271,1
720575940610676403,720575940631017258,1
720575940610676403,720575940634953079,1
720575940610676403,720575940623082665,1
720575940610676403,720575940624661031,1
720575940610676403,720575940624859725,1
720575940605597216,720575940636309093,1
720575940605597216,720575940621462512,1
720575940605597216,720575940612857878,1
720575940605597216,720575940617691170,1
720575940605597216,720575940646582836,1
720575940609999217,720575940617691170,1
720575940609999217,720575940624859725,1
720575940609999217,720575940610523746,1
720575940605488416,720575940643950190,1
720575940647714425,720575940620423533,1
720575940644583534,720575940631758393,1
720575940647714425,720575940638163940,1
720575940636224142,720575940625615248,1
720575940636224142,720575940626878460,1
720575940636224142,720575940629579836,1
720575940636224142,720575940620576238,1
720575940636224142,720575940623082665,1
720575940644583534,720575940621216982,1
720575940644583534,720575940623398524,1
720575940636224142,720575940638163940,1
720575940644583534,720575940611918578,1
720575940644583534,720575940612857878,1
720575940602564320,720575940658674049,1
720575940605488416,720575940608071435,1
720575940602564320,720575940633832628,1
720575940602564320,720575940627194501,1
720575940602564320,720575940628836412,1
720575940602564320,720575940631758393,1
720575940605488416,720575940631576903,1
720575940605488416,720575940639358579,1
720575940648995705,720575940624859725,1
720575940648995705,720575940625615248,1
720575940648995705,720575940630868271,1
720575940602564320,720575940621216982,1
720575940602564320,720575940610430254,1
720575940602564320,720575940623398524,1
720575940648995705,720575940650745977,1
720575940629854764,720575940627194501,1
720575940629854764,720575940617691170,1
720575940629854764,720575940604861356,1
720575940631453922,720575940620423533,1
720575940631453922,720575940621861637,1
720575940631453922,720575940622701808,1
720575940631453922,720575940613338152,1
720575940629854764,720575940605113376,1
720575940631453922,720575940624859725,1
720575940629365804,720575940631198776,1
720575940629365804,720575940638163940,1
720575940629365804,720575940620423533,1
720575940629365804,720575940626878460,1
720575940633996911,720575940619823536,1
720575940633996911,720575940617145561,1
720575940633996911,720575940612755618,1
720575940631458371,720575940644747828,1
720575940633996911,720575940605221065,1
720575940633996911,720575940610430254,1
720575940633996911,720575940644747828,1
720575940633996911,720575940647165828,1
720575940633996911,720575940637391582,1
720575940631453922,720575940634953079,1
720575940631453922,720575940644146724,1
720575940631458371,720575940608071435,1
720575940631453922,720575940629579836,1
720575940631458371,720575940628836412,1
720575940631458371,720575940630498811,1
720575940631458371,720575940631222841,1
720575940619665023,720575940644146724,1
720575940619695553,720575940605113376,1
720575940619695553,720575940613647007,1
720575940619665023,720575940626878460,1
720575940619695553,720575940631758393,1
720575940619695553,720575940649649785,1
720575940622402311,720575940608186498,1
720575940619695553,720575940627390507,1
720575940618226085,720575940626878460,1
720575940618226085,720575940629579836,1
720575940618226085,720575940635356316,1
720575940618226085,720575940639358579,1
720575940618226085,720575940640747864,1
720575940618226085,720575940617691170,1
720575940618226085,720575940622701808,1
720575940618226085,720575940621284446,1
720575940618226085,720575940650745977,1
720575940619665023,720575940622701808,1
720575940619665023,720575940623082665,1
720575940619665023,720575940624859725,1
720575940619665023,720575940606196098,1
720575940619665023,720575940613338152,1
720575940624265572,720575940622338269,1
720575940624265572,720575940620938150,1
720575940624265572,720575940627110931,1
720575940624265572,720575940605221065,1
720575940624265572,720575940610430254,1
720575940624421148,720575940612623474,1
720575940624265572,720575940643950190,1
720575940624421148,720575940608071435,1
720575940624421148,720575940612857878,1
720575940624265572,720575940627194501,1
720575940622402311,720575940626878460,1
720575940623977545,720575940625343550,1
720575940623977545,720575940631576903,1
720575940622402311,720575940638163940,1
720575940612770418,720575940617145561,1
720575940612770418,720575940617242841,1
720575940612770418,720575940617691170,1
720575940612490723,720575940646582836,1
720575940612490723,720575940625926693,1
720575940612490723,720575940627194501,1
720575940612490723,720575940635779959,1
720575940612770418,720575940644747828,1
720575940612770418,720575940649649785,1
720575940612770418,720575940654661281,1
720575940612770418,720575940658674049,1
720575940612770418,720575940621216982,1
720575940612770418,720575940622338269,1
720575940612490723,720575940622338269,1
720575940612924522,720575940610523746,1
720575940612190693,720575940622338269,1
720575940612190693,720575940612623474,1
720575940612190693,720575940619823536,1
720575940612190693,720575940617691170,1
720575940612490723,720575940621216982,1
720575940612490723,720575940617145561,1
720575940612490723,720575940619402576,1
720575940612490723,720575940608071435,1
720575940612190693,720575940644747828,1
720575940612190693,720575940649649785,1
720575940615134918,720575940617691170,1
720575940615134918,720575940620423533,1
720575940615134918,720575940621284446,1
720575940615134918,720575940622701808,1
720575940617474629,720575940630076887,1
720575940615134918,720575940624859725,1
720575940613042403,720575940631758393,1
720575940612924522,720575940621861637,1
720575940613042403,720575940627110931,1
720575940612924522,720575940639358579,1
720575940612924522,720575940650745977,1
720575940646419235,720575940617691170,1
720575940646419235,720575940621085622,1
720575940646419235,720575940621216982,1
720575940645828740,720575940639358579,1
720575940646419235,720575940612857878,1
720575940646419235,720575940612623474,1
720575940606864341,720575940613338152,1
720575940646419235,720575940631758393,1
720575940645828740,720575940617691170,1
720575940641362907,720575940631758393,1
720575940645828740,720575940626878460,1
720575940645828740,720575940620576238,1
720575940609190866,720575940625615248,1
720575940609190866,720575940631198776,1
720575940609190866,720575940617691170,1
720575940612575230,720575940617691170,1
720575940612575230,720575940623398524,1
720575940609190866,720575940635356316,1
720575940609190866,720575940644146724,1
720575940612575230,720575940610430254,1
720575940612575230,720575940611918578,1
720575940606864341,720575940621861637,1
720575940606864341,720575940631198776,1
720575940606864341,720575940634953079,1
720575940606864341,720575940650745977,1
720575940606864341,720575940629579836,1
720575940606864341,720575940625615248,1
720575940606864341,720575940622701808,1
720575940609190866,720575940613338152,1
720575940609169762,720575940631758393,1
720575940609169762,720575940633832628,1
720575940609169762,720575940621216982,1
720575940609169762,720575940621462512,1
720575940609169762,720575940623398524,1
720575940609169762,720575940630076887,1
720575940628574715,720575940617691170,1
720575940628519020,720575940638163940,1
720575940628519020,720575940624859725,1
720575940628519020,720575940629579836,1
720575940628574715,720575940620576238,1
720575940628574715,720575940623082665,1
720575940628574715,720575940625615248,1
720575940626676120,720575940623082665,1
720575940628519020,720575940618943389,1
720575940626676120,720575940644146724,1
720575940626676120,720575940653360289,1
720575940640688336,720575940619823536,1
720575940640688336,720575940623398524,1
720575940640688336,720575940627194501,1
720575940638468678,720575940642733216,1
720575940638468678,720575940647165828,1
720575940640688336,720575940614677810,1
720575940638468678,720575940631758393,1
720575940641362907,720575940612857878,1
720575940641362907,720575940617691170,1
720575940641362907,720575940619402576,1
720575940641362907,720575940610430254,1
720575940640688336,720575940629564286,1
720575940640688336,720575940630397527,1
720575940640688336,720575940631443304,1
720575940640688336,720575940635779959,1
720575940632197935,720575940617242841,1
720575940632197935,720575940621216982,1
720575940632197935,720575940631758393,1
720575940638468678,720575940617691170,1
720575940638468678,720575940612857878,1
720575940619630207,720575940613338152,1
720575940617708747,720575940637109214,1
720575940617708747,720575940639358579,1
720575940617708747,720575940644146724,1
720575940619630207,720575940629579836,1
720575940619630207,720575940631198776,1
720575940619630207,720575940620576238,1
720575940617612578,720575940638163940,1
720575940617612578,720575940635356316,1
720575940617708747,720575940617691170,1
720575940617708747,720575940625926693,1
720575940617708747,720575940626878460,1
720575940617708747,720575940629579836,1
720575940617708747,720575940620576238,1
720575940617708747,720575940621284446,1
720575940617708747,720575940623082665,1
720575940621203376,720575940620423533,1
720575940621203376,720575940617691170,1
720575940621203376,720575940644146724,1
720575940621203376,720575940631198776,1
720575940620831949,720575940641509595,1
720575940619630207,720575940634953079,1
720575940620831949,720575940620423533,1
720575940620831949,720575940630868271,1
720575940620831949,720575940634953079,1
720575940620831949,720575940624859725,1
720575940615263903,720575940647165828,1
720575940615783837,720575940617903643,1
720575940615263903,720575940614677810,1
720575940615263903,720575940617691170,1
720575940615263903,720575940627110931,1
720575940618765528,720575940612857878,1
720575940618765528,720575940613647007,1
720575940618765528,720575940617691170,1
720575940613782796,720575940617242841,1
720575940612575230,720575940647165828,1
720575940612575230,720575940630498811,1
720575940612575230,720575940634640023,1
720575940613782796,720575940633832628,1
720575940613782796,720575940635779959,1
720575940613782796,720575940649649785,1
720575940613782796,720575940649675897,1
720575940613782796,720575940620938150,1
720575940613782796,720575940627194501,1
720575940616308597,720575940629579836,1
720575940616308597,720575940624859725,1
720575940616308597,720575940626878460,1
720575940616308597,720575940631198776,1
720575940616308597,720575940634953079,1
720575940616308597,720575940620576238,1
720575940616308597,720575940623082665,1
720575940617612578,720575940624859725,1
720575940616308597,720575940644146724,1
720575940617612578,720575940613338152,1
720575940615876294,720575940621085622,1
720575940615876294,720575940616643924,1
720575940618765528,720575940654661281,1
720575940615876294,720575940622338269,1
720575940618765528,720575940627644584,1
720575940618765528,720575940628836412,1
720575940618765528,720575940647165828,1
720575940618765528,720575940633142498,1
720575940618765528,720575940644747828,1
720575940615876294,720575940643950190,1
720575940615876294,720575940646582836,1
720575940615876294,720575940649675897,1
720575940615876294,720575940631443304,1
720575940615876294,720575940635779959,1
720575940620892877,720575940634953079,1
720575940615456985,720575940617691170,1
720575940615456985,720575940620576238,1
720575940614902667,720575940635356316,1
720575940614902667,720575940638163940,1
720575940615456985,720575940613338152,1
720575940615456985,720575940624859725,1
720575940617937181,720575940620497217,1
720575940615456985,720575940626878460,1
720575940615456985,720575940629579836,1
720575940615456985,720575940637109214,1
720575940614854294,720575940634953079,1
720575940614902667,720575940613338152,1
720575940614854294,720575940622701808,1
720575940614902667,720575940623082665,1
720575940619866657,720575940642603464,1
720575940619866657,720575940654661281,1
720575940620892877,720575940608186498,1
720575940619866657,720575940617691170,1
720575940620892877,720575940624859725,1
720575940620892877,720575940630868271,1
720575940620892877,720575940617691170,1
720575940618359745,720575940630868271,1
720575940618359745,720575940626878460,1
720575940618359745,720575940638163940,1
720575940618359745,720575940640747864,1
720575940618359745,720575940624859725,1
720575940618359745,720575940625615248,1
720575940614854294,720575940620423533,1
720575940645759523,720575940625615248,1
720575940645759523,720575940626878460,1
720575940645759523,720575940622701808,1
720575940645759523,720575940618943389,1
720575940645759523,720575940620423533,1
720575940645759523,720575940635356316,1
720575940635386616,720575940631758393,1
720575940635386616,720575940630498811,1
720575940635386616,720575940639684696,1
720575940635628766,720575940608071435,1
720575940635628766,720575940630650063,1
720575940612337203,720575940625615248,1
720575940612337203,720575940629579836,1
720575940612337203,720575940623082665,1
720575940612337203,720575940620423533,1
720575940614854294,720575940613338152,1
720575940612337203,720575940635356316,1
720575940609405646,720575940620423533,1
720575940609405646,720575940613338152,1
720575940609405646,720575940635356316,1
720575940609405646,720575940638163940,1
720575940609405646,720575940625615248,1
720575940626560857,720575940650745977,1
720575940620892877,720575940635356316,1
720575940625837060,720575940623082665,1
720575940625837060,720575940624859725,1
720575940625837060,720575940625615248,1
720575940625837060,720575940617691170,1
720575940625837060,720575940620390822,1
720575940625837060,720575940630868271,1
720575940625837060,720575940631017258,1
720575940625837060,720575940631198776,1
720575940624704002,720575940630868271,1
720575940624704002,720575940631198776,1
720575940624704002,720575940641509595,1
720575940624704002,720575940644146724,1
720575940624754983,720575940634953079,1
720575940624754983,720575940635356316,1
720575940624754983,720575940638163940,1
720575940624754983,720575940626878460,1
720575940626364401,720575940631576903,1
720575940626560857,720575940608186498,1
720575940626560857,720575940640747864,1
720575940626560857,720575940617691170,1
720575940626343665,720575940620390822,1
720575940626343665,720575940620423533,1
720575940626364401,720575940622338269,1
720575940626364401,720575940613647007,1
720575940626364401,720575940617242841,1
720575940626364401,720575940608071435,1
720575940626364401,720575940606909826,1
720575940626343665,720575940639358579,1
720575940624296376,720575940631576903,1
720575940624327196,720575940629579836,1
720575940624327196,720575940630868271,1
720575940624327196,720575940617691170,1
720575940624327196,720575940620423533,1
720575940624296376,720575940621216982,1
720575940621809246,720575940617145561,1
720575940621809246,720575940617691170,1
720575940620892877,720575940638163940,1
720575940620892877,720575940650745977,1
720575940621809246,720575940612857878,1
720575940621809246,720575940608071435,1
720575940624296376,720575940620341931,1
720575940621809246,720575940630498811,1
720575940621809246,720575940627644584,1
720575940624562836,720575940634475119,1
720575940624562836,720575940637390302,1
720575940624562836,720575940642603464,1
720575940624562836,720575940658674049,1
720575940624562836,720575940617145561,1
720575940624562836,720575940621085622,1
720575940624704002,720575940620576238,1
720575940624426533,720575940617691170,1
720575940624327196,720575940637109214,1
720575940624426533,720575940621861637,1
720575940624426533,720575940638163940,1
720575940624426533,720575940624859725,1
720575940624426533,720575940625615248,1
720575940625570334,720575940618943389,1
720575940624834968,720575940639358579,1
720575940624834968,720575940644146724,1
720575940625570334,720575940608186498,1
720575940625570334,720575940631198776,1
720575940624834968,720575940635356316,1
720575940624492802,720575940624661031,1
720575940624492802,720575940624859725,1
720575940624492802,720575940625926693,1
720575940624834968,720575940613338152,1
720575940624834968,720575940620576238,1
720575940625570334,720575940639358579,1
720575940628714358,720575940627644584,1
720575940628714358,720575940630076887,1
720575940628714358,720575940630498811,1
720575940628714358,720575940619402576,1
720575940628714358,720575940622495092,1
720575940630114108,720575940623398524,1
720575940630114108,720575940631443304,1
720575940628714358,720575940634655851,1
720575940630114108,720575940605280201,1
720575940630114108,720575940608071435,1
720575940625724072,720575940617691170,1
720575940625724072,720575940647165828,1
720575940628714358,720575940605280201,1
720575940628714358,720575940611918578,1
720575940628714358,720575940612755618,1
720575940625724072,720575940631758393,1
720575940622451273,720575940628836412,1
720575940622451273,720575940631222841,1
720575940622451273,720575940617691170,1
720575940622451273,720575940621462512,1
720575940622815684,720575940620390822,1
720575940622815684,720575940626878460,1
720575940622451273,720575940636309093,1
720575940622451273,720575940643950190,1
720575940622815684,720575940610523746,1
720575940621382852,720575940620423533,1
720575940621382852,720575940623082665,1
720575940621382852,720575940618943389,1
720575940621382852,720575940614293485,1
720575940621382852,720575940625926693,1
720575940621382852,720575940650745977,1
720575940621382852,720575940639358579,1
720575940621382852,720575940631017258,1
720575940621382852,720575940637928164,1
720575940623943572,720575940626878460,1
720575940623943572,720575940631198776,1
720575940623943572,720575940637109214,1
720575940623943572,720575940650745977,1
720575940623943572,720575940653360289,1
720575940624492802,720575940606196098,1
720575940623059080,720575940608071435,1
720575940623059080,720575940620341931,1
720575940623059080,720575940621216982,1
720575940622815684,720575940630868271,1
720575940622815684,720575940638163940,1
720575940622815684,720575940639358579,1
720575940623059080,720575940637391582,1
720575940639118168,720575940628836412,1
720575940639118168,720575940630650063,1
720575940639118168,720575940634655851,1
720575940639118168,720575940617145561,1
720575940660047489,720575940623082665,1
720575940639118168,720575940646582836,1
720575940660047489,720575940613338152,1
720575940637714264,720575940620341931,1
720575940637733702,720575940630691159,1
720575940637733702,720575940631443304,1
720575940637733702,720575940631576903,1
720575940637733702,720575940634640023,1
720575940637733702,720575940627644584,1
720575940637733702,720575940622495092,1
720575940637733702,720575940623398524,1
720575940637733702,720575940626555800,1
720575940611988008,720575940620576238,1
720575940611988008,720575940622701808,1
720575940611988008,720575940613338152,1
720575940614010419,720575940608186498,1
720575940614010419,720575940610523746,1
720575940611988008,720575940639358579,1
720575940611988008,720575940626878460,1
720575940611987240,720575940638163940,1
720575940660047489,720575940628996455,1
720575940611987240,720575940613338152,1
720575940660047489,720575940631017258,1
720575940660047489,720575940634953079,1
720575940660047489,720575940635356316,1
720575940660047489,720575940641509595,1
720575940611987240,720575940631198776,1
720575940611987240,720575940619676224,1
720575940611987240,720575940620390822,1
720575940611987240,720575940620423533,1
720575940637714264,720575940617691170,1
720575940631575599,720575940620423533,1
720575940631575599,720575940624859725,1
720575940631575599,720575940614293485,1
720575940631575599,720575940617691170,1
720575940631575599,720575940653360289,1
720575940631575599,720575940637928164,1
720575940631575599,720575940631198776,1
720575940631575599,720575940635356316,1
720575940631575599,720575940635789431,1
720575940631216682,720575940650745977,1
720575940631216682,720575940621284446,1
720575940631216682,720575940621861637,1
720575940631216682,720575940606196098,1
720575940631216682,720575940610523746,1
720575940631216682,720575940624859725,1
720575940631216682,720575940635356316,1
720575940631216682,720575940631198776,1
720575940631216682,720575940640747864,1
720575940631216682,720575940630868271,1
720575940633073760,720575940617691170,1
720575940637184078,720575940623082665,1
720575940637184078,720575940617691170,1
720575940637184078,720575940644146724,1
720575940637714264,720575940610430254,1
720575940633243755,720575940644146724,1
720575940633073760,720575940630868271,1
720575940633073760,720575940625615248,1
720575940633243755,720575940623082665,1
720575940633243755,720575940635356316,1
720575940633243755,720575940617691170,1
720575940633243755,720575940613338152,1
720575940633243755,720575940620423533,1
720575940628060934,720575940622495092,1
720575940631998023,720575940623082665,1
720575940631998023,720575940622701808,1
720575940631998023,720575940613338152,1
720575940631998023,720575940617691170,1
720575940628054839,720575940620576238,1
720575940628054839,720575940626878460,1
720575940628060934,720575940612857878,1
720575940628060934,720575940621216982,1
720575940628054839,720575940640747864,1
720575940633123609,720575940610430254,1
720575940633123609,720575940617691170,1
720575940632932762,720575940631017258,1
720575940632932762,720575940638163940,1
720575940633123609,720575940640770957,1
720575940633123609,720575940644747828,1
720575940633123609,720575940622338269,1
720575940632009356,720575940617903643,1
720575940632009356,720575940606909826,1
720575940631998023,720575940640747864,1
720575940632932762,720575940624859725,1
720575940632009356,720575940642603464,1
720575940632932762,720575940617691170,1
720575940626225941,720575940621216982,1
720575940623822261,720575940627644584,1
720575940623822261,720575940628708139,1
720575940623822261,720575940631758393,1
720575940626225941,720575940605221065,1
720575940626646544,720575940619676224,1
720575940626225941,720575940634655851,1
720575940626225941,720575940637391582,1
720575940622671613,720575940622701808,1
720575940622671613,720575940623082665,1
720575940622671613,720575940621861637,1
720575940622671613,720575940617691170,1
720575940622671613,720575940618943389,1
720575940623822261,720575940617242841,1
720575940623822261,720575940621216982,1
720575940622671613,720575940650745977,1
720575940622671613,720575940639358579,1
720575940626700889,720575940630498811,1
720575940626700889,720575940636309093,1
720575940627834359,720575940621216982,1
720575940626700889,720575940627194501,1
720575940626700889,720575940626555800,1
720575940626646544,720575940628996455,1
720575940626646544,720575940626878460,1
720575940626646544,720575940621284446,1
720575940626646544,720575940623082665,1
720575940626700889,720575940622338269,1
720575940626646544,720575940650745977,1
720575940621023809,720575940639077283,1
720575940611045700,720575940624859725,1
720575940611045700,720575940617691170,1
720575940611045700,720575940638163940,1
720575940611045700,720575940639358579,1
720575940611045700,720575940640747864,1
720575940611045700,720575940644146724,1
720575940611045700,720575940635356316,1
720575940611045700,720575940625615248,1
720575940611045700,720575940629579836,1
720575940606963586,720575940639358579,1
720575940606963586,720575940644747828,1
720575940606963586,720575940630691159,1
720575940607352003,720575940624859725,1
720575940607352003,720575940614293485,1
720575940607352003,720575940617691170,1
720575940607352003,720575940621861637,1
720575940607352003,720575940623082665,1
720575940614614203,720575940619917248,1
720575940619404214,720575940637928164,1
720575940619404214,720575940629579836,1
720575940619404214,720575940630868271,1
720575940621023809,720575940633142498,1
720575940621023809,720575940635779959,1
720575940621023809,720575940616682838,1
720575940621023809,720575940626455326,1
720575940621023809,720575940623082665,1
720575940621023809,720575940624317419,1
720575940621023809,720575940626135122,1
720575940614614203,720575940639077283,1
720575940614614203,720575940648330105,1
720575940614813526,720575940620341931,1
720575940614614203,720575940636461710,1
720575940614614203,720575940623082665,1
720575940614614203,720575940626135122,1
720575940614614203,720575940630777631,1
720575940619404214,720575940621861637,1
720575940619404214,720575940626878460,1
720575940614813526,720575940637390302,1
720575940606963586,720575940622338269,1
720575940636636486,720575940627110931,1
720575940636636486,720575940642603464,1
720575940635016048,720575940650745977,1
720575940636636486,720575940617242841,1
720575940637050933,720575940627194501,1
720575940637050933,720575940628836412,1
720575940637050933,720575940621216982,1
720575940634661806,720575940616643924,1
720575940634661806,720575940627110931,1
720575940635016048,720575940631198776,1
720575940635016048,720575940622701808,1
720575940635016048,720575940623082665,1
720575940606454108,720575940625615248,1
720575940606454108,720575940617691170,1
720575940606454108,720575940621861637,1
720575940606454108,720575940620423533,1
720575940606963586,720575940608071435,1
720575940606963586,720575940617145561,1
720575940606963586,720575940605221065,1
720575940606454108,720575940650745977,1
720575940606454108,720575940630868271,1
720575940606454108,720575940638163940,1
720575940604008672,720575940621216982,1
720575940637050933,720575940649649785,1
720575940604008672,720575940612623474,1
720575940604008672,720575940649649785,1
720575940604008672,720575940637390302,1
720575940604008672,720575940627110931,1
720575940620904780,720575940650745977,1
