pre,post,weight
720575940622726271,720575940634920543,47
720575940607687260,720575940607351747,41
720575940619280705,720575940629978666,41
720575940619071005,720575940606967730,40
720575940622726271,720575940621203376,40
720575940622726271,720575940613434178,40
720575940609460491,720575940644554606,40
720575940622726271,720575940633074015,40
720575940638624189,720575940617093533,39
720575940609460491,720575940631624673,39
720575940615366055,720575940623691920,39
720575940622726271,720575940637707069,39
720575940622726271,720575940624327196,39
720575940615366055,720575940624704002,38
720575940622726271,720575940627908624,38
720575940619071005,720575940619430326,37
720575940622726271,720575940604630496,37
720575940619071005,720575940621090659,36
720575940607687260,720575940618184839,36
720575940619071005,720575940637186638,36
720575940619071005,720575940622103275,36
720575940622726271,720575940603751782,36
720575940622726271,720575940614768278,35
720575940630549370,720575940627043666,35
720575940619071005,720575940617911360,35
720575940619071005,720575940617878080,35
720575940609460491,720575940626582842,35
720575940615366055,720575940620931750,35
720575940638624189,720575940608774776,35
720575940622726271,720575940616308597,35
720575940622726271,720575940635656670,34
720575940615366055,720575940620831949,34
720575940622726271,720575940646419235,34
720575940609460491,720575940624599939,34
720575940619071005,720575940608774776,34
720575940622726271,720575940627020933,34
720575940607687260,720575940629236242,34
720575940622726271,720575940632123439,34
720575940619071005,720575940621829813,34
720575940609460491,720575940636224142,34
720575940619071005,720575940629814060,33
720575940622726271,720575940613532831,33
720575940630549370,720575940636447630,33
720575940615366055,720575940617612578,33
720575940622726271,720575940611343054,33
720575940609460491,720575940619977566,33
720575940630549370,720575940627263162,32
720575940615366055,720575940625508400,32
720575940619071005,720575940614854294,32
720575940622726271,720575940637118174,32
720575940622726271,720575940625508400,32
720575940622726271,720575940615344315,32
720575940637628762,720575940619863174,32
720575940622726271,720575940635016048,32
720575940637628762,720575940617911360,32
720575940622726271,720575940608145877,32
720575940638624189,720575940618894246,32
720575940622726271,720575940630917293,32
720575940619280705,720575940617845076,32
720575940615366055,720575940605541920,32
720575940622726271,720575940625399077,32
720575940615366055,720575940608774776,32
720575940622726271,720575940626274822,31
720575940619071005,720575940621044701,31
720575940619071005,720575940614010419,31
720575940615366055,720575940644479267,31
720575940630549370,720575940629236242,31
720575940619071005,720575940631553164,31
720575940619071005,720575940614887830,31
720575940619071005,720575940633516980,31
720575940615366055,720575940635884911,31
720575940609460491,720575940620356800,31
720575940622726271,720575940646034740,30
720575940622726271,720575940621700190,30
720575940619071005,720575940631875097,30
720575940638624189,720575940622335112,30
720575940619280705,720575940637118174,30
720575940615366055,720575940604766153,30
720575940622726271,720575940637211462,30
720575940637628762,720575940629502506,30
720575940638624189,720575940621882401,30
720575940615366055,720575940620682662,30
720575940609460491,720575940630452388,30
720575940622726271,720575940627185767,30
720575940609460491,720575940632078929,30
720575940637628762,720575940629236242,29
720575940622726271,720575940634836671,29
720575940609460491,720575940619630207,29
720575940622726271,720575940622633203,29
720575940613864401,720575940625329029,29
720575940622726271,720575940639417459,29
720575940630549370,720575940619977566,29
720575940637628762,720575940618876062,29
720575940622726271,720575940625054589,29
720575940638624189,720575940621391636,29
720575940619280705,720575940647714425,29
720575940622726271,720575940630878253,29
720575940609460491,720575940631425235,29
720575940638624189,720575940628291407,29
720575940609460491,720575940617474629,29
720575940609460491,720575940627587078,29
720575940609460491,720575940635309304,29
720575940637628762,720575940604766153,29
720575940619071005,720575940633989999,29
720575940622726271,720575940633570808,28
720575940642492576,720575940622637804,28
720575940637628762,720575940630612620,28
720575940637628762,720575940630547916,28
720575940622726271,720575940632077127,28
720575940622726271,720575940624288520,28
720575940637628762,720575940629834796,28
720575940630549370,720575940622637804,28
720575940615366055,720575940618586459,28
720575940607687260,720575940625156901,28
720575940615366055,720575940615456985,28
720575940609460491,720575940637594995,28
720575940619280705,720575940623358645,28
720575940615366055,720575940621203376,28
720575940638624189,720575940627687940,28
720575940609460491,720575940619668212,28
720575940607687260,720575940631801401,28
720575940622726271,720575940627552680,28
720575940615366055,720575940624599939,28
720575940622726271,720575940622861971,28
720575940622726271,720575940624014077,28
720575940637628762,720575940620955149,28
720575940619071005,720575940634468197,28
720575940607687260,720575940626510211,28
720575940619071005,720575940619305808,28
720575940619071005,720575940621839086,28
720575940615366055,720575940614010419,28
720575940619071005,720575940631054540,28
720575940609460491,720575940629240079,27
720575940619071005,720575940644479267,27
720575940622726271,720575940619090785,27
720575940622726271,720575940630219055,27
720575940622726271,720575940626220830,27
720575940615366055,720575940629522474,27
720575940630549370,720575940624754983,27
720575940637628762,720575940630906029,27
720575940622726271,720575940629522474,27
720575940638624189,720575940607337923,27
720575940622726271,720575940621882401,27
720575940630549370,720575940633516980,27
720575940637628762,720575940628695414,27
720575940609460491,720575940620713129,27
720575940622726271,720575940633093483,27
720575940638624189,720575940613248479,27
720575940609460491,720575940625665564,27
720575940637628762,720575940613941042,27
720575940622726271,720575940630419364,26
720575940622726271,720575940632111780,26
720575940619071005,720575940611733997,26
720575940615366055,720575940643504288,26
720575940615366055,720575940627615400,26
720575940622726271,720575940607337155,26
720575940615366055,720575940627166522,26
720575940619071005,720575940617982800,26
720575940619071005,720575940631062603,26
720575940609460491,720575940628217643,26
720575940615366055,720575940603050668,26
720575940622726271,720575940634012015,26
720575940607687260,720575940618422592,26
720575940622726271,720575940617456798,26
720575940622726271,720575940611704813,26
720575940630549370,720575940619435399,26
720575940622726271,720575940624626563,26
720575940630549370,720575940620811073,26
720575940637628762,720575940606452681,26
720575940615366055,720575940625399077,26
720575940615366055,720575940619055969,26
720575940638624189,720575940619693003,26
720575940630549370,720575940645759523,26
720575940622726271,720575940626663440,25
720575940619071005,720575940607337923,25
720575940622726271,720575940617370909,25
720575940609460491,720575940606452681,25
720575940619071005,720575940608633134,25
720575940615366055,720575940609999217,25
720575940637628762,720575940627768567,25
720575940638624189,720575940620393643,25
720575940615366055,720575940636291429,25
720575940615366055,720575940632068383,25
720575940622726271,720575940616052625,25
720575940622726271,720575940607280306,25
720575940615366055,720575940630312785,25
720575940619071005,720575940620393643,25
720575940615366055,720575940622857447,25
720575940637628762,720575940616723549,25
720575940619280705,720575940626513027,25
720575940638624189,720575940622861971,25
720575940607687260,720575940630351903,25
720575940638624189,720575940624584835,25
720575940609460491,720575940619055969,25
720575940619071005,720575940605252041,25
720575940615366055,720575940628359895,25
720575940642492576,720575940607981636,25
720575940609460491,720575940633886765,25
720575940622726271,720575940603721248,25
720575940609460491,720575940624852120,25
720575940622726271,720575940625486692,25
720575940622726271,720575940616647990,25
720575940619280705,720575940659297153,25
720575940622726271,720575940635884911,25
720575940622726271,720575940619742656,25
720575940622726271,720575940622217033,25
720575940630549370,720575940619028289,24
720575940615366055,720575940618657950,24
720575940637628762,720575940629211666,24
720575940609460491,720575940639090997,24
720575940619071005,720575940616887966,24
720575940619071005,720575940610191795,24
720575940619280705,720575940617926198,24
720575940609460491,720575940620931750,24
720575940619071005,720575940624327196,24
720575940619071005,720575940610793395,24
720575940619071005,720575940611855729,24
720575940622726271,720575940631801401,24
720575940609460491,720575940631880217,24
720575940619280705,720575940625969640,24
720575940609460491,720575940610167987,24
720575940637628762,720575940622005025,24
720575940622726271,720575940620460108,24
720575940609460491,720575940629417728,24
720575940619071005,720575940619147349,24
720575940609460491,720575940626331978,24
720575940622726271,720575940639727067,24
720575940615366055,720575940626253318,24
720575940622726271,720575940647714425,24
720575940615366055,720575940629277687,24
720575940622726271,720575940606483467,24
720575940622726271,720575940628491792,24
720575940622726271,720575940621553535,24
720575940622726271,720575940632068383,24
720575940638624189,720575940628209212,24
720575940630549370,720575940631453922,24
720575940619071005,720575940633908124,24
720575940622726271,720575940632164269,24
720575940622726271,720575940612714671,24
720575940630549370,720575940614148283,23
720575940615366055,720575940621709132,23
720575940615366055,720575940623166471,23
720575940622726271,720575940634800282,23
720575940615366055,720575940618203783,23
720575940609460491,720575940620303040,23
720575940613864401,720575940620344837,23
720575940622726271,720575940629625466,23
720575940637628762,720575940630026856,23
720575940638624189,720575940606864341,23
720575940622726271,720575940621983777,23
720575940622726271,720575940621477402,23
720575940613864401,720575940632353499,23
720575940619280705,720575940632676409,23
720575940609460491,720575940625800741,23
720575940609460491,720575940628353244,23
720575940619071005,720575940608662485,23
720575940638624189,720575940611586453,23
720575940609460491,720575940629271596,23
720575940622726271,720575940629271596,23
720575940619280705,720575940633908124,23
720575940622726271,720575940630764741,23
720575940622726271,720575940619375701,23
720575940619071005,720575940620059045,23
720575940622726271,720575940607715420,23
720575940622726271,720575940612706706,23
720575940619280705,720575940614772383,23
720575940607687260,720575940625765306,23
720575940622726271,720575940649649529,23
720575940619071005,720575940638619358,23
720575940630549370,720575940626975899,23
720575940609460491,720575940604478176,23
720575940637628762,720575940627986220,23
720575940630549370,720575940626702232,23
720575940619071005,720575940614027059,23
720575940622726271,720575940618210251,23
720575940619071005,720575940637788494,23
720575940607687260,720575940626646544,23
720575940619280705,720575940652342006,23
720575940615366055,720575940605507249,23
720575940609460491,720575940619693003,23
720575940619071005,720575940637695395,23
720575940619071005,720575940639090997,23
720575940622726271,720575940632583831,23
720575940619280705,720575940615964884,23
720575940615366055,720575940615728102,23
720575940609460491,720575940610386661,23
720575940619071005,720575940634464869,23
720575940615366055,720575940631216682,23
720575940637628762,720575940610336610,22
720575940619280705,720575940637846618,22
720575940630549370,720575940630935570,22
720575940630549370,720575940628152838,22
720575940619071005,720575940622217033,22
720575940609460491,720575940622005025,22
720575940609460491,720575940628725455,22
720575940638624189,720575940643266852,22
720575940619071005,720575940629417728,22
720575940619071005,720575940604766153,22
720575940619071005,720575940658795137,22
720575940622726271,720575940629515306,22
720575940607687260,720575940610101210,22
720575940619071005,720575940627244699,22
720575940609460491,720575940611111829,22
720575940622726271,720575940628447491,22
720575940609460491,720575940628359895,22
720575940609460491,720575940624537836,22
720575940622726271,720575940632433828,22
720575940630549370,720575940629500542,22
720575940619280705,720575940635213998,22
720575940622726271,720575940617769217,22
720575940615366055,720575940649022841,22
720575940619280705,720575940646598788,22
720575940619071005,720575940621017921,22
720575940622726271,720575940630537676,22
720575940619071005,720575940629804857,22
720575940609460491,720575940606892162,22
720575940630549370,720575940618894246,22
720575940638624189,720575940623691920,22
720575940637628762,720575940626474889,22
720575940630549370,720575940620603245,22
720575940615366055,720575940632668973,22
720575940609460491,720575940629222759,22
720575940619280705,720575940628697982,22
720575940619071005,720575940621554968,22
720575940622726271,720575940621334980,22
720575940615366055,720575940610167987,22
720575940619071005,720575940615409625,22
720575940630549370,720575940640276955,22
720575940619071005,720575940618396399,22
720575940622726271,720575940620310625,22
720575940630549370,720575940626668304,22
720575940622726271,720575940615507641,22
720575940615366055,720575940617438865,22
720575940615366055,720575940630025788,22
720575940609460491,720575940620007457,22
720575940622726271,720575940606454108,22
720575940609460491,720575940622288152,22
720575940622726271,720575940631408610,21
720575940609460491,720575940620936870,21
720575940622726271,720575940633710105,21
720575940613864401,720575940632940442,21
720575940619071005,720575940629300043,21
720575940622726271,720575940628353244,21
720575940615366055,720575940646606724,21
720575940609460491,720575940620211622,21
720575940630549370,720575940606452681,21
720575940615366055,720575940623943572,21
720575940622726271,720575940631177035,21
720575940615366055,720575940606864341,21
720575940619071005,720575940612664482,21
720575940615366055,720575940627336209,21
720575940622726271,720575940629240079,21
720575940622726271,720575940631531055,21
720575940622726271,720575940622821325,21
720575940619071005,720575940622102763,21
720575940619071005,720575940615696070,21
720575940619071005,720575940620686761,21
720575940638624189,720575940624107706,21
720575940619071005,720575940620955149,21
720575940622726271,720575940645828740,21
720575940619071005,720575940617941046,21
720575940619280705,720575940606621362,21
720575940619071005,720575940615896989,21
720575940630549370,720575940627336209,21
720575940630549370,720575940626794027,21
720575940619071005,720575940617649969,21
720575940622726271,720575940623776437,21
720575940630549370,720575940637907428,21
720575940609460491,720575940606893186,21
720575940607687260,720575940646606724,21
720575940615366055,720575940636677190,21
720575940622726271,720575940617834560,21
720575940622726271,720575940617649969,21
720575940637628762,720575940615696070,21
720575940609460491,720575940617452689,21
720575940615366055,720575940633123609,21
720575940615366055,720575940619828359,21
720575940630549370,720575940629240079,21
720575940622726271,720575940617474629,21
720575940615366055,720575940636553390,21
720575940630549370,720575940627244699,21
720575940622726271,720575940626668304,21
720575940637628762,720575940622671613,21
720575940607687260,720575940627170898,21
720575940637628762,720575940622102763,21
720575940637628762,720575940610175218,21
720575940622726271,720575940626225941,21
720575940622726271,720575940613799436,21
720575940609460491,720575940617390036,21
720575940615366055,720575940620055790,21
720575940619071005,720575940610386661,21
720575940638624189,720575940605180337,21
720575940637628762,720575940626669957,21
720575940622726271,720575940614822742,21
720575940630549370,720575940613773566,21
720575940622726271,720575940613501855,21
720575940609460491,720575940633056467,21
720575940609460491,720575940608633134,21
720575940622726271,720575940608806776,21
720575940615366055,720575940613941042,21
720575940609460491,720575940635656670,21
720575940619071005,720575940627987756,21
720575940615366055,720575940615147788,20
720575940619071005,720575940614418118,20
720575940630549370,720575940629824828,20
720575940622726271,720575940622932809,20
720575940619280705,720575940605507249,20
720575940619071005,720575940609871253,20
720575940622726271,720575940605606274,20
720575940622726271,720575940626526218,20
720575940622726271,720575940629335115,20
720575940609460491,720575940615134918,20
720575940619071005,720575940636224142,20
720575940622726271,720575940620424641,20
720575940619071005,720575940623582904,20
720575940622726271,720575940624492802,20
720575940615366055,720575940620179821,20
720575940622726271,720575940612339370,20
720575940637628762,720575940635803876,20
720575940619071005,720575940637733702,20
720575940622726271,720575940623386506,20
720575940622726271,720575940606941397,20
720575940619071005,720575940632465945,20
720575940638624189,720575940617734603,20
720575940637628762,720575940613774334,20
720575940619071005,720575940628519020,20
720575940607687260,720575940624859032,20
720575940619071005,720575940630547916,20
720575940622726271,720575940637754019,20
720575940609460491,720575940624494373,20
720575940619071005,720575940631284012,20
720575940638624189,720575940622542517,20
720575940615366055,720575940618992749,20
720575940630549370,720575940623586999,20
720575940619071005,720575940628152838,20
720575940615366055,720575940615409625,20
720575940637628762,720575940639726555,20
720575940622726271,720575940632929690,20
720575940630549370,720575940625807108,20
720575940637628762,720575940622641132,20
720575940619071005,720575940616647990,20
720575940619071005,720575940632725459,20
720575940607687260,720575940612770418,20
720575940619071005,720575940628304578,20
720575940607687260,720575940629406012,20
720575940613864401,720575940628209212,20
720575940619280705,720575940625486692,20
720575940609460491,720575940633074015,20
720575940637628762,720575940629545027,20
720575940619071005,720575940625266057,20
720575940622726271,720575940616723549,20
720575940613864401,720575940620354849,20
720575940619071005,720575940618258742,20
720575940615366055,720575940619404982,20
720575940607687260,720575940631425235,20
720575940622726271,720575940628640079,20
720575940622726271,720575940605362610,20
720575940619280705,720575940605196465,20
720575940609460491,720575940617529318,20
720575940619280705,720575940622133206,20
720575940622726271,720575940619495664,20
720575940619071005,720575940630764741,20
720575940637628762,720575940626676120,20
720575940630549370,720575940624852120,20
720575940642492576,720575940625762447,20
720575940619071005,720575940604962918,20
720575940607687260,720575940608823509,20
720575940619071005,720575940644423204,20
720575940622726271,720575940606483723,20
720575940637628762,720575940623441387,20
720575940638624189,720575940610690162,20
720575940615366055,720575940636146409,20
720575940622726271,720575940625642340,20
720575940619280705,720575940619954091,20
720575940638624189,720575940616052625,20
720575940615366055,720575940634920543,20
720575940613864401,720575940629022875,20
720575940637628762,720575940625329029,19
720575940615366055,720575940617473051,19
720575940615366055,720575940612337203,19
720575940609460491,720575940615907997,19
720575940622726271,720575940640883931,19
720575940622726271,720575940618989421,19
720575940622726271,720575940624596355,19
720575940622726271,720575940622965944,19
720575940615366055,720575940627164242,19
720575940638624189,720575940633570808,19
720575940619280705,720575940624852120,19
720575940615366055,720575940620464204,19
720575940619071005,720575940625290003,19
720575940637628762,720575940632718291,19
720575940615366055,720575940646598788,19
720575940613864401,720575940607715420,19
720575940637628762,720575940615974493,19
720575940630549370,720575940627987756,19
720575940622726271,720575940618997297,19
720575940609460491,720575940614887830,19
720575940609460491,720575940633093483,19
720575940630549370,720575940629201423,19
720575940619280705,720575940620608238,19
720575940630549370,720575940603050668,19
720575940622726271,720575940626702232,19
720575940619071005,720575940637595507,19
720575940622726271,720575940620603245,19
720575940615366055,720575940639727067,19
720575940609460491,720575940618266491,19
720575940622726271,720575940626729515,19
720575940609460491,720575940620474582,19
720575940619071005,720575940619863174,19
720575940619071005,720575940616910310,19
720575940615366055,720575940620303040,19
720575940630549370,720575940628519020,19
720575940622726271,720575940632932506,19
720575940609460491,720575940612896106,19
720575940619071005,720575940629625466,19
720575940619071005,720575940613593503,19
720575940619071005,720575940625994728,19
720575940619071005,720575940629211666,19
720575940622726271,720575940612725906,19
720575940622726271,720575940636159198,19
720575940622726271,720575940615931293,19
720575940607687260,720575940624125626,19
720575940638624189,720575940615409625,19
720575940609460491,720575940624584835,19
720575940619071005,720575940630477305,19
720575940609460491,720575940620272832,19
720575940619071005,720575940631342476,19
720575940638624189,720575940631875097,19
720575940619071005,720575940619742656,19
720575940622726271,720575940613386050,19
720575940622726271,720575940635386616,19
720575940607687260,720575940637704765,19
720575940637628762,720575940622820586,19
720575940609460491,720575940620892877,19
720575940615366055,720575940621882401,19
720575940630549370,720575940610101210,19
720575940642492576,720575940636553306,19
720575940615366055,720575940615219778,19
720575940642492576,720575940629855340,19
720575940615366055,720575940630419364,19
720575940638624189,720575940627741562,19
720575940630549370,720575940634362999,19
720575940619071005,720575940631434722,19
720575940630549370,720575940624516339,19
720575940619071005,720575940634012015,19
720575940619071005,720575940614544034,19
720575940615366055,720575940622005025,19
720575940619071005,720575940626843773,19
720575940615366055,720575940631998023,19
720575940615366055,720575940624232974,19
720575940613864401,720575940618779118,19
720575940613864401,720575940633908124,19
720575940637628762,720575940622637804,19
720575940622726271,720575940621176670,19
720575940619280705,720575940618182535,19
720575940622726271,720575940624480148,19
720575940609460491,720575940609190866,19
720575940622726271,720575940620007457,19
720575940615366055,720575940643063200,19
720575940622726271,720575940619713200,19
720575940622726271,720575940620754529,19
720575940619280705,720575940618894246,19
720575940615366055,720575940619713200,19
720575940615366055,720575940621507475,19
720575940619071005,720575940624597228,19
720575940638624189,720575940630419364,19
720575940638624189,720575940625508400,19
720575940637628762,720575940615896989,19
720575940619280705,720575940654491553,19
720575940609460491,720575940621709132,19
720575940607687260,720575940630687827,19
720575940630549370,720575940624265572,19
720575940638624189,720575940630269660,19
720575940609460491,720575940626864414,19
720575940619071005,720575940624599939,18
720575940619071005,720575940622637548,18
720575940615366055,720575940650270710,18
720575940619071005,720575940627587078,18
720575940622726271,720575940627244699,18
720575940638624189,720575940638619358,18
720575940622726271,720575940624830503,18
720575940622726271,720575940637277117,18
720575940613864401,720575940614027059,18
720575940619071005,720575940625024125,18
720575940619071005,720575940617249108,18
720575940622726271,720575940625311418,18
720575940630549370,720575940625900900,18
720575940638624189,720575940622222921,18
720575940619071005,720575940605488416,18
720575940619280705,720575940610963734,18
720575940622726271,720575940619055969,18
720575940622726271,720575940620649084,18
720575940619071005,720575940616052625,18
720575940619280705,720575940633580024,18
720575940622726271,720575940630265952,18
720575940622726271,720575940606729858,18
720575940619071005,720575940621590250,18
720575940609460491,720575940629127109,18
720575940619071005,720575940603111392,18
720575940642492576,720575940625158437,18
720575940619071005,720575940635386616,18
720575940619071005,720575940622727572,18
720575940609460491,720575940629270060,18
720575940622726271,720575940634154140,18
720575940615366055,720575940620955149,18
720575940622726271,720575940634839988,18
720575940609460491,720575940606347394,18
720575940615366055,720575940632203823,18
720575940619071005,720575940634951007,18
720575940638624189,720575940619731392,18
720575940609460491,720575940618497216,18
720575940619071005,720575940627931466,18
720575940622726271,720575940615785228,18
720575940630549370,720575940619970586,18
720575940622726271,720575940610358501,18
720575940622726271,720575940622103275,18
720575940615366055,720575940625329029,18
720575940619280705,720575940634951007,18
720575940622726271,720575940624644739,18
720575940622726271,720575940609149394,18
720575940615366055,720575940624830503,18
720575940622726271,720575940627021128,18
720575940619280705,720575940633075163,18
720575940609460491,720575940637970665,18
720575940630549370,720575940613681458,18
720575940637628762,720575940637725272,18
720575940607687260,720575940606347394,18
720575940642492576,720575940618359745,18
720575940622726271,720575940628056375,18
720575940609460491,720575940611686809,18
720575940607687260,720575940627687940,18
720575940638624189,720575940628689963,18
720575940609460491,720575940622103275,18
720575940630549370,720575940635465908,18
720575940630549370,720575940626253318,18
720575940615366055,720575940622061803,18
720575940609460491,720575940618876062,18
720575940619071005,720575940610167987,18
720575940615366055,720575940634638990,18
720575940607687260,720575940622820586,18
720575940622726271,720575940626676120,18
720575940642492576,720575940618544367,18
720575940622726271,720575940622162505,18
720575940630549370,720575940615456985,18
720575940615366055,720575940607337155,18
720575940622726271,720575940614008785,18
720575940609460491,720575940635386616,18
720575940622726271,720575940617021441,18
720575940615366055,720575940610175218,18
720575940622726271,720575940622723683,18
720575940609460491,720575940637954532,17
720575940607687260,720575940619668053,17
720575940615366055,720575940617756450,17
720575940622726271,720575940617937437,17
720575940613864401,720575940615896989,17
720575940638624189,720575940609153746,17
720575940615366055,720575940608383243,17
720575940615366055,720575940612686358,17
720575940615366055,720575940624609101,17
720575940619071005,720575940625377688,17
720575940638624189,720575940609405646,17
720575940619280705,720575940632929690,17
720575940630549370,720575940620211622,17
720575940615366055,720575940608286556,17
720575940630549370,720575940621924615,17
720575940622726271,720575940619444139,17
720575940619071005,720575940630612620,17
720575940619071005,720575940619652555,17
720575940630549370,720575940619672656,17
720575940615366055,720575940620272832,17
720575940637628762,720575940621228894,17
720575940622726271,720575940613188319,17
720575940609460491,720575940619673936,17
720575940607687260,720575940620172397,17
720575940622726271,720575940625476708,17
720575940622726271,720575940623032970,17
720575940619280705,720575940622217033,17
720575940615366055,720575940632951266,17
720575940638624189,720575940645828740,17
720575940619280705,720575940637810239,17
720575940613864401,720575940619041133,17
720575940609460491,720575940621786807,17
720575940609460491,720575940605180337,17
720575940638624189,720575940622249949,17
720575940607687260,720575940626513171,17
720575940619071005,720575940633996911,17
720575940642492576,720575940616308597,17
720575940619071005,720575940624941326,17
720575940638624189,720575940623008440,17
720575940622726271,720575940625377688,17
720575940619280705,720575940626225941,17
720575940630549370,720575940619147349,17
720575940630549370,720575940629949751,17
720575940615366055,720575940636224142,17
720575940615366055,720575940628519020,17
720575940615366055,720575940623413898,17
720575940619071005,720575940617908820,17
720575940609460491,720575940619404214,17
720575940609460491,720575940622694182,17
720575940619071005,720575940622669508,17
720575940619071005,720575940622595827,17
720575940638624189,720575940625768073,17
720575940607687260,720575940629127109,17
720575940619071005,720575940630067816,17
720575940619071005,720575940622135501,17
720575940622726271,720575940637773117,17
720575940638624189,720575940621786295,17
720575940615366055,720575940618396399,17
720575940607687260,720575940621648008,17
720575940638624189,720575940635150990,17
720575940630549370,720575940614811222,17
720575940630549370,720575940624125626,17
720575940622726271,720575940624426533,17
720575940607687260,720575940627244699,17
720575940622726271,720575940616672822,17
720575940637628762,720575940626646544,17
720575940607687260,720575940634362999,17
720575940622726271,720575940644837655,17
720575940615366055,720575940617456798,17
720575940622726271,720575940629477674,17
720575940607687260,720575940620273023,17
720575940630549370,720575940607310531,17
720575940637628762,720575940632930458,17
720575940619071005,720575940629725711,17
720575940609460491,720575940635150990,17
720575940615366055,720575940627077032,17
720575940613864401,720575940619695553,17
720575940642492576,720575940636135543,17
720575940619071005,720575940633073760,17
720575940642492576,720575940608517385,17
720575940622726271,720575940616878238,17
720575940622726271,720575940614925963,17
720575940615366055,720575940627552680,17
720575940638624189,720575940626526218,17
720575940609460491,720575940630969555,17
720575940615366055,720575940647714425,17
720575940619071005,720575940604630496,17
720575940619071005,720575940630452388,17
720575940619071005,720575940612758934,17
720575940615366055,720575940628830551,17
720575940615366055,720575940630560505,16
720575940630549370,720575940641936584,16
720575940622726271,720575940626513171,16
720575940642492576,720575940609999217,16
720575940619071005,720575940641889952,16
720575940622726271,720575940609226702,16
720575940619071005,720575940621802751,16
720575940630549370,720575940627112723,16
720575940619071005,720575940629973753,16
720575940638624189,720575940614495093,16
720575940615366055,720575940638619358,16
720575940630549370,720575940617893461,16
720575940622726271,720575940636640602,16
720575940619071005,720575940620520513,16
720575940619071005,720575940613987635,16
720575940630549370,720575940616878238,16
720575940619071005,720575940614115515,16
720575940609460491,720575940605606274,16
720575940622726271,720575940629693239,16
720575940609460491,720575940618190238,16
720575940609460491,720575940630537676,16
720575940630549370,720575940622816234,16
720575940622726271,720575940622462472,16
720575940607687260,720575940617878080,16
720575940622726271,720575940629942844,16
720575940619280705,720575940626277382,16
720575940619071005,720575940609694818,16
720575940638624189,720575940622462472,16
720575940609460491,720575940610101210,16
720575940619071005,720575940637835839,16
720575940630549370,720575940611450134,16
720575940637628762,720575940614925963,16
720575940609460491,720575940608386315,16
720575940622726271,720575940613156067,16
720575940622726271,720575940630180935,16
720575940619071005,720575940625499153,16
720575940615366055,720575940602605536,16
720575940637628762,720575940613421890,16
720575940637628762,720575940636447630,16
720575940607687260,720575940622654444,16
720575940622726271,720575940630555340,16
720575940613864401,720575940619430326,16
720575940607687260,720575940625290003,16
720575940615366055,720575940618258742,16
720575940609460491,720575940607930716,16
720575940619071005,720575940617456798,16
720575940619071005,720575940621175472,16
720575940630549370,720575940617941046,16
720575940622726271,720575940604478176,16
720575940622726271,720575940612729714,16
720575940609460491,720575940625768073,16
720575940619071005,720575940636677190,16
720575940637628762,720575940620831949,16
720575940613864401,720575940628506732,16
720575940622726271,720575940611686809,16
720575940622726271,720575940628895831,16
720575940622726271,720575940617438865,16
720575940619071005,720575940628209212,16
720575940622726271,720575940609684946,16
720575940619071005,720575940606891221,16
720575940619071005,720575940613532831,16
720575940609460491,720575940631553164,16
720575940619071005,720575940636685894,16
720575940619071005,720575940608328713,16
720575940619071005,720575940629502506,16
720575940630549370,720575940621786295,16
720575940609460491,720575940606454108,16
720575940619071005,720575940617390036,16
720575940609460491,720575940623315347,16
720575940615366055,720575940622249949,16
720575940615366055,720575940614132667,16
720575940638624189,720575940615481489,16
720575940615366055,720575940619731392,16
720575940607687260,720575940630219567,16
720575940613864401,720575940630351903,16
720575940609460491,720575940626526218,16
720575940622726271,720575940625343640,16
720575940622726271,720575940611936474,16
720575940622726271,720575940635110286,16
720575940642492576,720575940626622480,16
720575940615366055,720575940627776450,16
720575940630549370,720575940614744991,16
720575940615366055,720575940609979505,16
720575940622726271,720575940622637548,16
720575940619071005,720575940619630207,16
720575940609460491,720575940642948887,16
720575940615366055,720575940626669957,16
720575940619071005,720575940624392220,16
720575940619071005,720575940610336610,16
720575940638624189,720575940629804857,16
720575940615366055,720575940642948887,16
720575940622726271,720575940619828359,16
720575940619071005,720575940620904780,16
720575940630549370,720575940621044701,16
720575940630549370,720575940607337923,16
720575940609460491,720575940610336610,16
720575940615366055,720575940654491553,16
720575940615366055,720575940628773113,16
720575940637628762,720575940618586459,16
720575940622726271,720575940618506155,16
720575940609460491,720575940624149256,16
720575940619280705,720575940614037811,15
720575940637628762,720575940617708747,15
720575940642492576,720575940608633134,15
720575940622726271,720575940627483413,15
720575940638624189,720575940606549961,15
720575940622726271,720575940610907490,15
720575940619280705,720575940631630561,15
720575940622726271,720575940632835810,15
720575940637628762,720575940630853948,15
720575940622726271,720575940636135799,15
720575940630549370,720575940627908624,15
720575940638624189,720575940634117216,15
720575940638624189,720575940634154140,15
720575940615366055,720575940622633203,15
720575940619071005,720575940619155029,15
720575940609460491,720575940629108094,15
720575940638624189,720575940639057085,15
720575940615366055,720575940620187305,15
720575940609460491,720575940625807108,15
720575940619071005,720575940635033701,15
720575940619071005,720575940630906029,15
720575940622726271,720575940626700889,15
720575940609460491,720575940609970801,15
720575940622726271,720575940605451552,15
720575940619071005,720575940630415268,15
720575940615366055,720575940622594601,15
720575940609460491,720575940619970586,15
720575940619071005,720575940625497488,15
720575940615366055,720575940611343054,15
720575940619071005,720575940631678689,15
720575940622726271,720575940619665023,15
720575940630549370,720575940628830551,15
720575940619071005,720575940615901597,15
720575940638624189,720575940624114494,15
720575940607687260,720575940649012857,15
720575940613864401,720575940630969555,15
720575940622726271,720575940605083838,15
720575940609460491,720575940629633150,15
720575940619071005,720575940622276365,15
720575940619071005,720575940622398728,15
720575940615366055,720575940630067816,15
720575940622726271,720575940617395412,15
720575940630549370,720575940627709948,15
720575940622726271,720575940611686629,15
720575940619071005,720575940608662574,15
720575940619071005,720575940618359745,15
720575940637628762,720575940615894173,15
720575940615366055,720575940619742656,15
720575940622726271,720575940628842839,15
720575940622726271,720575940621086134,15
720575940615366055,720575940610336610,15
720575940630549370,720575940625158437,15
720575940622726271,720575940619668053,15
720575940615366055,720575940605252041,15
720575940630549370,720575940625223690,15
720575940615366055,720575940639057085,15
720575940615366055,720575940637733702,15
720575940619071005,720575940603642982,15
720575940622726271,720575940614742687,15
720575940609460491,720575940631678689,15
720575940615366055,720575940613501855,15
720575940622726271,720575940630250543,15
720575940637628762,720575940617529318,15
720575940619071005,720575940627595848,15
720575940622726271,720575940626513027,15
720575940609460491,720575940636135543,15
720575940622726271,720575940615780353,15
720575940622726271,720575940635150990,15
720575940609460491,720575940636677190,15
720575940607687260,720575940632111780,15
720575940609460491,720575940628433511,15
720575940619071005,720575940614490018,15
720575940609460491,720575940623166471,15
720575940619071005,720575940646606724,15
720575940637628762,720575940635541623,15
720575940642492576,720575940626742866,15
720575940615366055,720575940622844003,15
720575940619071005,720575940607337155,15
720575940619071005,720575940624396524,15
720575940619071005,720575940622948872,15
720575940619071005,720575940621872645,15
720575940619071005,720575940621189637,15
720575940630549370,720575940630612620,15
720575940613864401,720575940624830503,15
720575940622726271,720575940641360091,15
720575940630549370,720575940634468197,15
720575940615366055,720575940617893461,15
720575940613864401,720575940633551540,15
720575940619071005,720575940621987255,15
720575940622726271,720575940626834762,15
720575940609460491,720575940621121206,15
720575940619071005,720575940640688592,15
720575940638624189,720575940605451552,15
720575940619071005,720575940606454108,15
720575940609460491,720575940624941326,15
720575940622726271,720575940615901597,15
720575940609460491,720575940630555340,15
720575940619071005,720575940636553390,15
720575940613864401,720575940627987756,15
720575940622726271,720575940625570334,15
720575940622726271,720575940622222921,15
720575940637628762,720575940628060166,15
720575940630549370,720575940629804857,15
720575940615366055,720575940630026856,15
720575940622726271,720575940626316802,15
720575940607687260,720575940624158906,15
720575940622726271,720575940625753621,15
720575940622726271,720575940625800741,15
720575940619071005,720575940633093483,15
720575940637628762,720575940624232974,15
720575940619280705,720575940633243755,15
720575940630549370,720575940645390468,15
720575940622726271,720575940627849463,15
720575940619071005,720575940639409315,15
720575940619071005,720575940607351747,15
720575940615366055,720575940622276365,15
720575940615366055,720575940624014077,15
720575940622726271,720575940631759161,15
720575940609460491,720575940654491553,15
720575940619280705,720575940647739513,15
720575940622726271,720575940627150090,14
720575940642492576,720575940630146135,14
720575940638624189,720575940619701631,14
720575940615366055,720575940632929690,14
720575940613864401,720575940630415268,14
720575940615366055,720575940637754019,14
720575940630549370,720575940614899851,14
720575940619071005,720575940652837793,14
720575940619280705,720575940607352003,14
720575940615366055,720575940620956173,14
720575940630549370,720575940620904780,14
720575940615366055,720575940637704765,14
720575940622726271,720575940624494996,14
720575940630549370,720575940621121206,14
720575940619071005,720575940617834560,14
720575940637628762,720575940619713200,14
720575940638624189,720575940618359745,14
720575940638624189,720575940618182981,14
720575940622726271,720575940624601731,14
720575940622726271,720575940631594809,14
720575940630549370,720575940636375653,14
720575940622726271,720575940609634571,14
720575940619071005,720575940625354904,14
720575940622726271,720575940627479829,14
720575940615366055,720575940621730687,14
720575940622726271,720575940627367189,14
720575940642492576,720575940611111829,14
720575940622726271,720575940617865280,14
720575940638624189,720575940627020933,14
720575940613864401,720575940623129087,14
720575940622726271,720575940633243755,14
720575940622726271,720575940623756215,14
720575940619071005,720575940608806776,14
720575940622726271,720575940634975851,14
720575940609460491,720575940622162505,14
720575940637628762,720575940608772821,14
720575940609460491,720575940624014077,14
720575940622726271,720575940644747572,14
720575940609460491,720575940604630496,14
720575940622726271,720575940641936584,14
720575940619280705,720575940628295242,14
720575940638624189,720575940624054675,14
720575940622726271,720575940611664281,14
720575940609460491,720575940625333822,14
720575940615366055,720575940625762447,14
720575940609460491,720575940622549759,14
720575940615366055,720575940625691669,14
720575940609460491,720575940610358501,14
720575940619071005,720575940611704813,14
720575940609460491,720575940630675730,14
720575940619071005,720575940605362610,14
720575940609460491,720575940631432403,14
720575940615366055,720575940639409315,14
720575940609460491,720575940621507475,14
720575940613864401,720575940617708747,14
720575940630549370,720575940623776437,14
720575940630549370,720575940617734603,14
720575940638624189,720575940620904780,14
720575940619071005,720575940618203783,14
720575940619280705,720575940640566736,14
720575940609460491,720575940615346363,14
720575940609460491,720575940659765121,14
720575940607687260,720575940630679895,14
720575940622726271,720575940625023869,14
720575940619071005,720575940618873723,14
720575940638624189,720575940621885191,14
720575940609460491,720575940626277382,14
720575940609460491,720575940609097058,14
720575940630549370,720575940623822261,14
720575940622726271,720575940626904561,14
720575940609460491,720575940637725272,14
720575940619071005,720575940625667365,14
720575940622726271,720575940620998424,14
720575940638624189,720575940605362610,14
720575940609460491,720575940614770847,14
720575940615366055,720575940613593503,14
720575940622726271,720575940607337923,14
720575940622726271,720575940621413926,14
720575940619071005,720575940627089930,14
720575940637628762,720575940604860332,14
720575940619071005,720575940632433828,14
720575940637628762,720575940625994728,14
720575940622726271,720575940606967682,14
720575940619071005,720575940612747158,14
720575940637628762,720575940625584688,14
720575940609460491,720575940634000495,14
720575940613864401,720575940642948887,14
720575940622726271,720575940620973848,14
720575940607687260,720575940614036019,14
720575940619071005,720575940631998023,14
720575940622726271,720575940632735021,14
720575940615366055,720575940630432932,14
720575940637628762,720575940628297627,14
720575940609460491,720575940631827527,14
720575940622726271,720575940638468678,14
720575940615366055,720575940630969555,14
720575940619071005,720575940611837809,14
720575940622726271,720575940630561484,14
720575940619071005,720575940634001007,14
720575940642492576,720575940618526912,14
720575940615366055,720575940631089935,14
720575940609460491,720575940617395412,14
720575940619071005,720575940612765846,14
720575940607687260,720575940620274497,14
720575940622726271,720575940622698825,14
720575940619071005,720575940633570808,14
720575940619071005,720575940614132667,14
720575940607687260,720575940626474889,14
720575940613864401,720575940632932506,14
720575940637628762,720575940650270710,14
720575940637628762,720575940621351876,14
720575940637628762,720575940621162416,14
720575940622726271,720575940627741562,14
720575940609460491,720575940604935340,14
720575940630549370,720575940619695553,14
720575940609460491,720575940621359142,14
720575940619071005,720575940615481489,14
720575940615366055,720575940629633150,14
720575940638624189,720575940616878238,14
720575940637628762,720575940621382852,14
720575940609460491,720575940636246446,14
720575940619071005,720575940636769343,14
720575940622726271,720575940622263510,14
720575940622726271,720575940628365783,14
720575940642492576,720575940633004383,14
720575940638624189,720575940615401433,14
720575940619280705,720575940613284063,14
720575940630549370,720575940630415268,14
720575940637628762,720575940634117216,14
720575940619071005,720575940613774334,14
720575940638624189,720575940616547648,14
720575940619071005,720575940609651554,14
720575940613864401,720575940633908887,14
720575940638624189,720575940624884920,14
720575940622726271,720575940626651288,14
720575940609460491,720575940611802330,13
720575940619071005,720575940627768567,13
720575940607687260,720575940628538679,13
720575940630549370,720575940629140071,13
720575940607687260,720575940627741562,13
720575940630549370,720575940632718291,13
720575940630549370,720575940630269660,13
720575940622726271,720575940618844353,13
720575940619071005,720575940609944526,13
720575940619071005,720575940637707069,13
720575940619071005,720575940610943897,13
720575940615366055,720575940622595827,13
720575940637628762,720575940625642340,13
720575940642492576,720575940622302488,13
720575940609460491,720575940633075163,13
720575940609460491,720575940606549961,13
720575940622726271,720575940622276365,13
720575940613864401,720575940634800282,13
720575940613864401,720575940619078592,13
720575940619071005,720575940620923980,13
720575940615366055,720575940629788012,13
720575940622726271,720575940631967575,13
720575940609460491,720575940620603245,13
720575940613864401,720575940629140071,13
720575940619071005,720575940613272799,13
720575940609460491,720575940620442817,13
720575940609460491,720575940617911360,13
720575940642492576,720575940658795137,13
720575940637628762,720575940610676403,13
720575940619071005,720575940610690162,13
720575940622726271,720575940615243020,13
720575940619071005,720575940637726180,13
720575940619071005,720575940620578269,13
720575940638624189,720575940614803286,13
720575940630549370,720575940627245701,13
720575940630549370,720575940620464204,13
720575940622726271,720575940626089980,13
720575940642492576,720575940640756621,13
720575940609460491,720575940622335112,13
720575940619280705,720575940646646148,13
720575940642492576,720575940614115515,13
720575940609460491,720575940640276955,13
720575940615366055,720575940633516980,13
720575940637628762,720575940618894246,13
720575940619071005,720575940623691920,13
720575940619071005,720575940621892122,13
720575940613864401,720575940640276955,13
720575940615366055,720575940610358501,13
720575940619280705,720575940623586999,13
720575940638624189,720575940639118168,13
720575940607687260,720575940628060983,13
720575940622726271,720575940618422592,13
720575940638624189,720575940627782148,13
720575940622726271,720575940608662574,13
720575940638624189,720575940611988008,13
720575940615366055,720575940622694182,13
720575940622726271,720575940620276801,13
720575940619071005,720575940604999526,13
720575940615366055,720575940623776437,13
720575940609460491,720575940632718291,13
720575940638624189,720575940630415268,13
720575940615366055,720575940639726555,13
720575940615366055,720575940627587078,13
720575940615366055,720575940631342476,13
720575940609460491,720575940659297153,13
720575940622726271,720575940629079707,13
720575940619071005,720575940657869953,13
720575940607687260,720575940630906029,13
720575940622726271,720575940626353905,13
720575940609460491,720575940624429036,13
720575940609460491,720575940619155029,13
720575940630549370,720575940630219567,13
720575940615366055,720575940628398295,13
720575940609460491,720575940606891221,13
720575940637628762,720575940615134918,13
720575940630549370,720575940607930716,13
720575940622726271,720575940643547296,13
720575940615366055,720575940614318482,13
720575940619071005,720575940625054589,13
720575940622726271,720575940629824828,13
720575940613864401,720575940622812808,13
720575940638624189,720575940629240079,13
720575940619280705,720575940614811222,13
720575940622726271,720575940623023544,13
720575940615366055,720575940625665564,13
720575940615366055,720575940624626563,13
720575940613864401,720575940622727572,13
720575940615366055,720575940621391636,13
720575940622726271,720575940619896581,13
720575940622726271,720575940617924432,13
720575940630549370,720575940624396524,13
720575940622726271,720575940639022243,13
720575940622726271,720575940624114494,13
720575940638624189,720575940641889952,13
720575940622726271,720575940604770249,13
720575940622726271,720575940609935310,13
720575940615366055,720575940637826623,13
720575940613864401,720575940626277382,13
720575940619280705,720575940623009549,13
720575940619071005,720575940628359895,13
720575940638624189,720575940651816950,13
720575940619071005,720575940624453868,13
720575940638624189,720575940627194426,13
720575940630549370,720575940621056577,13
720575940638624189,720575940618544623,13
720575940607687260,720575940624609101,13
720575940619071005,720575940633004383,13
720575940637628762,720575940612765846,13
720575940615366055,720575940629725711,13
720575940619071005,720575940621359142,13
720575940638624189,720575940606947714,13
720575940622726271,720575940610946730,13
720575940622726271,720575940646308148,13
720575940619280705,720575940610946070,13
720575940622726271,720575940639078717,13
720575940622726271,720575940637826623,13
720575940609460491,720575940624492802,13
720575940622726271,720575940622926472,13
720575940615366055,720575940624302008,13
720575940619071005,720575940632929690,13
720575940607687260,720575940639071029,13
720575940622726271,720575940627700484,13
720575940622726271,720575940627709948,13
720575940607687260,720575940623023544,13
720575940638624189,720575940608145877,13
720575940622726271,720575940613213151,13
720575940615366055,720575940619652555,13
720575940609460491,720575940612725906,13
720575940615366055,720575940611837809,12
720575940637628762,720575940636677190,12
720575940619071005,720575940613156067,12
720575940609460491,720575940630039547,12
720575940630549370,720575940626353905,12
720575940622726271,720575940633215339,12
720575940609460491,720575940629951292,12
720575940615366055,720575940628531308,12
720575940622726271,720575940623991333,12
720575940619071005,720575940611988008,12
720575940619071005,720575940617708747,12
720575940622726271,720575940624232974,12
720575940613864401,720575940630537676,12
720575940619071005,720575940617118016,12
720575940622726271,720575940634849460,12
720575940622726271,720575940604997152,12
720575940622726271,720575940631678689,12
720575940619071005,720575940615134918,12
720575940622726271,720575940623810487,12
720575940619071005,720575940615897501,12
720575940619071005,720575940615897245,12
720575940619071005,720575940615768693,12
720575940615366055,720575940624375088,12
720575940622726271,720575940605452064,12
720575940619071005,720575940637508698,12
720575940630549370,720575940613684906,12
720575940615366055,720575940611586453,12
720575940622726271,720575940622837482,12
720575940609460491,720575940619078592,12
720575940609460491,720575940645248878,12
720575940637628762,720575940628711631,12
720575940642492576,720575940620442817,12
720575940622726271,720575940617941046,12
720575940615366055,720575940632583831,12
720575940630549370,720575940624593132,12
720575940615366055,720575940633004383,12
720575940638624189,720575940644843031,12
720575940609460491,720575940639727067,12
720575940638624189,720575940632203823,12
720575940615366055,720575940620682934,12
720575940615366055,720575940616189509,12
720575940619071005,720575940630881989,12
720575940619071005,720575940607352003,12
720575940619071005,720575940607330499,12
720575940622726271,720575940610691507,12
720575940637628762,720575940617473051,12
720575940638624189,720575940627630154,12
720575940607687260,720575940608383243,12
720575940622726271,720575940633224555,12
720575940638624189,720575940625702949,12
720575940637628762,720575940620442817,12
720575940619071005,720575940630651223,12
720575940622726271,720575940620434671,12
720575940615366055,720575940630592460,12
720575940609460491,720575940631575599,12
720575940619071005,720575940611111829,12
720575940622726271,720575940619587009,12
720575940619071005,720575940635153294,12
720575940609460491,720575940634347360,12
720575940609460491,720575940637595507,12
720575940615366055,720575940622462472,12
720575940607687260,720575940626362696,12
720575940609460491,720575940636352357,12
720575940637628762,720575940622821325,12
720575940637628762,720575940622723683,12
720575940609460491,720575940636375653,12
720575940637628762,720575940622669508,12
720575940637628762,720575940621174192,12
720575940619071005,720575940628695414,12
720575940615366055,720575940610710130,12
720575940638624189,720575940605197745,12
720575940619280705,720575940617605154,12
720575940615366055,720575940639202532,12
720575940638624189,720575940611987240,12
720575940615366055,720575940618015773,12
720575940607687260,720575940622228812,12
720575940637628762,720575940606892162,12
720575940609460491,720575940609871253,12
720575940615366055,720575940618758178,12
720575940609460491,720575940613421890,12
720575940615366055,720575940640883931,12
720575940642492576,720575940635016048,12
720575940607687260,720575940624288520,12
720575940622726271,720575940627851008,12
720575940622726271,720575940615066335,12
720575940622726271,720575940613478422,12
720575940613864401,720575940622162505,12
720575940622726271,720575940659314817,12
720575940609460491,720575940612450730,12
720575940615366055,720575940635884143,12
720575940615366055,720575940636092393,12
720575940619071005,720575940629951292,12
720575940630549370,720575940620434671,12
720575940638624189,720575940622402311,12
720575940638624189,720575940621321412,12
720575940638624189,720575940621056577,12
720575940638624189,720575940620831949,12
720575940615366055,720575940637190990,12
720575940609460491,720575940616647990,12
720575940638624189,720575940620036385,12
720575940607687260,720575940624593132,12
720575940622726271,720575940637810239,12
720575940630549370,720575940621389764,12
720575940609460491,720575940610690162,12
720575940613864401,720575940621948810,12
720575940619280705,720575940616910310,12
720575940619280705,720575940608662574,12
720575940619280705,720575940627045636,12
720575940642492576,720575940628761039,12
720575940622726271,720575940626688893,12
720575940609460491,720575940623943572,12
720575940609460491,720575940624288520,12
720575940619071005,720575940619778645,12
720575940642492576,720575940627621626,12
720575940619280705,720575940630179159,12
720575940609460491,720575940615136059,12
720575940619071005,720575940619041133,12
720575940622726271,720575940625837060,12
720575940622726271,720575940645377668,12
720575940622726271,720575940625532689,12
720575940619071005,720575940618876062,12
720575940622726271,720575940625015070,12
720575940609460491,720575940621552116,12
720575940619071005,720575940618544623,12
720575940622726271,720575940625969640,12
720575940642492576,720575940630687827,12
720575940622726271,720575940627332100,12
720575940619280705,720575940622222921,12
720575940619280705,720575940622773784,12
720575940619071005,720575940624125626,12
720575940630549370,720575940639515965,12
720575940642492576,720575940629792620,12
720575940630549370,720575940629997561,12
720575940613864401,720575940624375088,12
720575940622726271,720575940627094917,12
720575940619071005,720575940621786295,12
720575940622726271,720575940633996911,12
720575940609460491,720575940622451273,12
720575940609460491,720575940622886925,12
720575940619280705,720575940625691669,12
720575940622726271,720575940634001007,12
720575940619071005,720575940621809246,12
720575940622726271,720575940646609028,11
720575940622726271,720575940610990821,11
720575940609460491,720575940627020933,11
720575940619071005,720575940612725906,11
720575940619071005,720575940618989421,11
720575940622726271,720575940626792778,11
720575940609460491,720575940620831949,11
720575940613864401,720575940633493660,11
720575940615366055,720575940620880333,11
720575940615366055,720575940624125626,11
720575940615366055,720575940606667977,11
720575940615366055,720575940609873358,11
720575940642492576,720575940615401433,11
720575940619071005,720575940616672822,11
720575940622726271,720575940623369412,11
720575940622726271,720575940617492805,11
720575940609460491,720575940607792139,11
720575940638624189,720575940618992749,11
720575940622726271,720575940613540767,11
720575940619071005,720575940620434671,11
720575940609460491,720575940606331996,11
720575940630549370,720575940632617164,11
720575940622726271,720575940637508698,11
720575940619071005,720575940607310531,11
720575940630549370,720575940628291407,11
720575940609460491,720575940632233628,11
720575940622726271,720575940615961684,11
720575940619071005,720575940629997561,11
720575940609460491,720575940621948810,11
720575940630549370,720575940616647990,11
720575940630549370,720575940635541623,11
720575940619071005,720575940617628962,11
720575940619280705,720575940634468197,11
720575940638624189,720575940630067816,11
720575940622726271,720575940636159039,11
720575940642492576,720575940614199914,11
720575940619071005,720575940616616075,11
720575940630549370,720575940613764364,11
720575940609460491,720575940617908820,11
720575940637628762,720575940659297153,11
720575940622726271,720575940616105302,11
720575940642492576,720575940628491792,11
720575940622726271,720575940629259638,11
720575940630549370,720575940606477660,11
720575940637628762,720575940610137050,11
720575940619071005,720575940643504288,11
720575940637628762,720575940623403773,11
720575940622726271,720575940614899851,11
720575940609460491,720575940626326952,11
720575940637628762,720575940628012332,11
720575940619071005,720575940651816950,11
720575940619071005,720575940632532255,11
720575940619071005,720575940624852120,11
720575940615366055,720575940606452681,11
720575940615366055,720575940620685436,11
720575940622726271,720575940633509471,11
720575940619280705,720575940628711631,11
720575940609460491,720575940621017840,11
720575940622726271,720575940627263162,11
720575940619071005,720575940620537071,11
720575940638624189,720575940621581802,11
720575940622726271,720575940624158906,11
720575940630549370,720575940632510048,11
720575940609460491,720575940657869953,11
720575940619071005,720575940620425310,11
720575940615366055,720575940608176514,11
720575940613864401,720575940649012857,11
720575940619071005,720575940618526912,11
720575940615366055,720575940630415268,11
720575940619071005,720575940627986220,11
720575940642492576,720575940607971908,11
720575940609460491,720575940623441387,11
720575940637628762,720575940627621626,11
720575940609460491,720575940646602372,11
720575940622726271,720575940633813785,11
720575940630549370,720575940632964269,11
720575940615366055,720575940631408610,11
720575940619071005,720575940622697196,11
720575940622726271,720575940621351876,11
720575940638624189,720575940612714671,11
720575940615366055,720575940617734603,11
720575940630549370,720575940607351747,11
720575940615366055,720575940619336942,11
720575940637628762,720575940626663440,11
720575940622726271,720575940623914679,11
720575940642492576,720575940607792139,11
720575940630549370,720575940610167987,11
720575940619071005,720575940630025788,11
720575940619071005,720575940624572052,11
720575940642492576,720575940624638396,11
720575940619071005,720575940615728102,11
720575940622726271,720575940615125307,11
720575940637628762,720575940616440098,11
720575940622726271,720575940625678613,11
720575940630549370,720575940618210251,11
720575940619071005,720575940612190693,11
720575940609460491,720575940624392220,11
720575940619071005,720575940632068383,11
720575940615366055,720575940615896989,11
720575940619071005,720575940627573659,11
720575940622726271,720575940628359895,11
720575940609460491,720575940615481489,11
720575940622726271,720575940621228894,11
720575940607687260,720575940625768073,11
720575940637628762,720575940626560857,11
720575940619071005,720575940641936584,11
720575940619071005,720575940619060321,11
720575940609460491,720575940637733702,11
720575940637628762,720575940635016048,11
720575940609460491,720575940637826623,11
720575940638624189,720575940625024125,11
720575940619071005,720575940620572125,11
720575940637628762,720575940620276801,11
720575940619071005,720575940628295242,11
720575940615366055,720575940629971191,11
720575940609460491,720575940620572125,11
720575940630549370,720575940605184102,11
720575940642492576,720575940615539385,11
720575940619280705,720575940629240079,11
720575940637628762,720575940621590250,11
720575940615366055,720575940617321243,11
720575940619280705,720575940614447922,11
720575940607687260,720575940620354849,11
720575940637628762,720575940617649969,11
720575940619071005,720575940631879193,11
720575940630549370,720575940625156901,11
720575940637628762,720575940621809246,11
720575940619071005,720575940617937437,11
720575940638624189,720575940617924432,11
720575940607687260,720575940630269660,11
720575940609460491,720575940646646148,11
720575940615366055,720575940627861736,11
720575940622726271,720575940637595507,11
720575940622726271,720575940630571980,11
720575940609460491,720575940617856340,11
720575940615366055,720575940628574715,11
720575940609460491,720575940619705983,11
720575940609460491,720575940628695414,11
720575940637628762,720575940633521588,11
720575940637628762,720575940613727399,11
720575940619071005,720575940622067113,11
720575940622726271,720575940623009549,11
720575940615366055,720575940622217033,11
720575940637628762,720575940606483723,11
720575940622726271,720575940617650722,11
720575940619071005,720575940625223690,11
720575940619071005,720575940625768073,11
720575940638624189,720575940622932809,11
720575940622726271,720575940636375653,10
720575940638624189,720575940626622480,10
720575940630549370,720575940645248878,10
720575940613864401,720575940626464901,10
720575940609460491,720575940628724284,10
720575940609460491,720575940614027059,10
720575940615366055,720575940623503111,10
720575940609460491,720575940622558941,10
720575940609460491,720575940609940373,10
720575940630549370,720575940624426533,10
720575940609460491,720575940615897245,10
720575940637628762,720575940634464869,10
720575940607687260,720575940627931466,10
720575940619071005,720575940623129087,10
720575940609460491,720575940622387677,10
720575940637628762,720575940632804543,10
720575940619071005,720575940619731392,10
720575940619071005,720575940645236078,10
720575940609460491,720575940620230497,10
720575940630549370,720575940618015773,10
720575940613864401,720575940636224142,10
720575940613864401,720575940636069751,10
720575940609460491,720575940624644739,10
720575940630549370,720575940632848045,10
720575940622726271,720575940660047489,10
720575940630549370,720575940632929690,10
720575940619071005,720575940642162573,10
720575940609460491,720575940620187305,10
720575940609460491,720575940626733693,10
720575940609460491,720575940620354241,10
720575940638624189,720575940612490723,10
720575940609460491,720575940628895831,10
720575940619071005,720575940626930947,10
720575940638624189,720575940629201423,10
720575940637628762,720575940603721248,10
720575940622726271,720575940635953343,10
720575940615366055,720575940628295242,10
720575940609460491,720575940622932809,10
720575940615366055,720575940620686761,10
720575940609460491,720575940639554675,10
720575940619071005,720575940624014077,10
720575940615366055,720575940610137050,10
720575940637628762,720575940612008818,10
720575940619280705,720575940615465433,10
720575940622726271,720575940609979505,10
720575940619071005,720575940621516179,10
720575940619071005,720575940624158906,10
720575940615366055,720575940621321412,10
720575940638624189,720575940629909804,10
720575940622726271,720575940620588653,10
720575940619071005,720575940631835673,10
720575940622726271,720575940602605536,10
720575940615366055,720575940628685059,10
720575940637628762,720575940643547296,10
720575940619071005,720575940626663440,10
720575940613864401,720575940627854568,10
720575940638624189,720575940619060321,10
720575940622726271,720575940624428019,10
720575940622726271,720575940640758157,10
720575940637628762,720575940629240079,10
720575940613864401,720575940621174704,10
720575940630549370,720575940604630496,10
720575940609460491,720575940647739513,10
720575940622726271,720575940616955229,10
720575940619280705,720575940634442091,10
720575940630549370,720575940619404214,10
720575940609460491,720575940606968962,10
720575940619071005,720575940631408199,10
720575940622726271,720575940623315347,10
720575940613864401,720575940631177035,10
720575940630549370,720575940636551086,10
720575940609460491,720575940619412596,10
720575940609460491,720575940629978666,10
720575940622726271,720575940605167025,10
720575940622726271,720575940643501472,10
720575940615366055,720575940612576254,10
720575940622726271,720575940615838662,10
720575940642492576,720575940630547916,10
720575940615366055,720575940610101210,10
720575940622726271,720575940623244180,10
720575940622726271,720575940621056577,10
720575940609460491,720575940610963734,10
720575940630549370,720575940609970801,10
720575940637628762,720575940621178206,10
720575940609460491,720575940637055797,10
720575940637628762,720575940622938637,10
720575940609460491,720575940629804857,10
720575940622726271,720575940619695553,10
720575940615366055,720575940631835673,10
720575940609460491,720575940625508400,10
720575940619071005,720575940617071321,10
720575940615366055,720575940637707069,10
720575940615366055,720575940624327196,10
720575940642492576,720575940624480148,10
720575940615366055,720575940610944022,10
720575940619071005,720575940639258613,10
720575940622726271,720575940604962918,10
720575940622726271,720575940637222470,10
720575940642492576,720575940624754983,10
720575940622726271,720575940614282238,10
720575940619071005,720575940618586459,10
720575940613864401,720575940638903248,10
720575940613864401,720575940617908820,10
720575940642492576,720575940628365783,10
720575940622726271,720575940610140378,10
720575940609460491,720575940630114108,10
720575940607687260,720575940618765528,10
720575940609460491,720575940619842580,10
720575940622726271,720575940652822945,10
720575940615366055,720575940619254448,10
720575940638624189,720575940617727435,10
720575940615366055,720575940631759161,10
720575940622726271,720575940612668018,10
720575940637628762,720575940624114494,10
720575940607687260,720575940622222921,10
720575940637628762,720575940626911262,10
720575940615366055,720575940607330499,10
720575940630549370,720575940610175218,10
720575940615366055,720575940623023544,10
720575940619071005,720575940605541920,10
720575940607687260,720575940634878047,10
720575940613864401,720575940625780648,10
720575940638624189,720575940617249629,10
720575940613864401,720575940611985448,10
720575940619071005,720575940631647043,10
720575940609460491,720575940616547904,10
720575940622726271,720575940628694007,10
720575940609460491,720575940637704765,10
720575940615366055,720575940630414700,10
720575940619071005,720575940610669786,10
720575940622726271,720575940620413355,10
720575940609460491,720575940622727572,10
720575940619071005,720575940621947486,10
720575940619071005,720575940627185767,10
720575940615366055,720575940605167025,10
720575940615366055,720575940611987240,9
720575940622726271,720575940628120655,9
720575940609460491,720575940618224709,9
720575940613864401,720575940611686629,9
720575940615366055,720575940621189637,9
720575940619071005,720575940608655918,9
720575940622726271,720575940628138246,9
720575940615366055,720575940621174192,9
720575940609460491,720575940616589888,9
720575940619071005,720575940636553646,9
720575940609460491,720575940623991333,9
720575940619071005,720575940629485354,9
720575940630549370,720575940624492802,9
720575940622726271,720575940639749109,9
720575940607687260,720575940624647299,9
720575940622726271,720575940639593587,9
720575940622726271,720575940633056467,9
720575940609460491,720575940628304578,9
720575940619071005,720575940629270060,9
720575940622726271,720575940637050933,9
720575940638624189,720575940640688592,9
720575940622726271,720575940609970801,9
720575940642492576,720575940624158650,9
720575940613864401,720575940629318394,9
720575940615366055,720575940624294072,9
720575940622726271,720575940630222895,9
720575940609460491,720575940616569227,9
720575940638624189,720575940641866912,9
720575940619071005,720575940626362696,9
720575940622726271,720575940612572670,9
720575940619071005,720575940626496275,9
720575940638624189,720575940619974689,9
720575940615366055,720575940633034336,9
720575940615366055,720575940616675638,9
720575940622726271,720575940639534451,9
720575940613864401,720575940609871253,9
720575940615366055,720575940630269660,9
720575940619071005,720575940628012332,9
720575940609460491,720575940649691513,9
720575940619071005,720575940611987240,9
720575940615366055,720575940613272799,9
720575940609460491,720575940630592460,9
720575940622726271,720575940630411259,9
720575940609460491,720575940624232974,9
720575940619071005,720575940632164269,9
720575940637628762,720575940628830551,9
720575940613864401,720575940610029432,9
720575940637628762,720575940621415885,9
720575940642492576,720575940629222759,9
720575940630549370,720575940619938998,9
720575940638624189,720575940625163139,9
720575940619071005,720575940609066030,9
720575940637628762,720575940630452388,9
720575940637628762,720575940630917293,9
720575940637628762,720575940630947395,9
720575940638624189,720575940626496275,9
720575940637628762,720575940620058236,9
720575940609460491,720575940625942590,9
720575940622726271,720575940622078249,9
720575940609460491,720575940637810239,9
720575940615366055,720575940627332100,9
720575940609460491,720575940629502506,9
720575940609460491,720575940629515306,9
720575940622726271,720575940621462797,9
720575940622726271,720575940611660714,9
720575940637628762,720575940621086134,9
720575940642492576,720575940621475085,9
720575940630549370,720575940621010804,9
720575940622726271,720575940608657621,9
720575940615366055,720575940622930957,9
720575940638624189,720575940628895831,9
720575940637628762,720575940626343665,9
720575940613864401,720575940625665564,9
720575940638624189,720575940628868943,9
720575940615366055,720575940622821325,9
720575940637628762,720575940611129571,9
720575940609460491,720575940632229788,9
720575940609460491,720575940615901597,9
720575940622726271,720575940644592494,9
720575940619071005,720575940622888205,9
720575940638624189,720575940623067942,9
720575940619071005,720575940618183559,9
720575940619071005,720575940619090529,9
720575940637628762,720575940626694479,9
720575940630549370,720575940619336942,9
720575940622726271,720575940619516144,9
720575940638624189,720575940603674656,9
720575940638624189,720575940614744991,9
720575940607687260,720575940626284157,9
720575940622726271,720575940630443791,9
720575940609460491,720575940619509744,9
720575940615366055,720575940630679895,9
720575940619071005,720575940611769059,9
720575940615366055,720575940630612620,9
720575940609460491,720575940630947395,9
720575940622726271,720575940617902676,9
720575940622726271,720575940618992749,9
720575940609460491,720575940631284012,9
720575940637628762,720575940625331006,9
720575940630549370,720575940630265952,9
720575940637628762,720575940625800741,9
720575940615366055,720575940630881989,9
720575940609460491,720575940631630561,9
720575940638624189,720575940628574715,9
720575940630549370,720575940630228271,9
720575940642492576,720575940619434887,9
720575940638624189,720575940611686629,9
720575940619071005,720575940659940225,9
720575940642492576,720575940630759507,9
720575940615366055,720575940608517385,9
720575940622726271,720575940610175218,9
720575940622726271,720575940612352423,9
720575940619071005,720575940630878253,9
720575940630549370,720575940637849151,9
720575940642492576,720575940636553390,9
720575940615366055,720575940611453107,9
720575940609460491,720575940627561854,9
720575940619071005,720575940619414132,9
720575940609460491,720575940621382852,9
720575940615366055,720575940629632894,9
720575940622726271,720575940605552742,9
720575940622726271,720575940612091601,9
720575940642492576,720575940630917293,9
720575940638624189,720575940627097361,9
720575940642492576,720575940614224490,9
720575940622726271,720575940624054675,9
720575940613864401,720575940624054675,9
720575940619071005,720575940617093533,9
720575940622726271,720575940604319078,9
720575940615366055,720575940628291407,9
720575940613864401,720575940629788012,9
720575940609460491,720575940617811540,9
720575940622726271,720575940617238457,9
720575940609460491,720575940625058173,9
720575940609460491,720575940625264659,9
720575940619280705,720575940623067942,9
720575940638624189,720575940621178206,9
720575940619071005,720575940638995005,9
720575940619071005,720575940624754983,9
720575940613864401,720575940617166749,9
720575940638624189,720575940631880217,9
720575940630549370,720575940629951292,9
720575940607687260,720575940631447363,9
720575940637628762,720575940618182535,9
720575940619280705,720575940628895831,9
720575940615366055,720575940634800282,9
720575940615366055,720575940606477660,8
720575940615366055,720575940638179699,8
720575940613864401,720575940631630561,8
720575940609460491,720575940625537822,8
720575940637628762,720575940636092393,8
720575940615366055,720575940615481489,8
720575940619071005,720575940638472006,8
720575940642492576,720575940605036418,8
720575940619071005,720575940639534451,8
720575940637628762,720575940618226085,8
720575940642492576,720575940630414700,8
720575940637628762,720575940614121147,8
720575940630549370,720575940608328713,8
720575940622726271,720575940618544623,8
720575940637628762,720575940636059226,8
720575940607687260,720575940619630207,8
720575940619071005,720575940610358501,8
720575940642492576,720575940631835673,8
720575940609460491,720575940611696042,8
720575940642492576,720575940625399077,8
720575940609460491,720575940620039589,8
720575940637628762,720575940626464901,8
720575940619071005,720575940629504554,8
720575940638624189,720575940616547904,8
720575940609460491,720575940630265952,8
720575940615366055,720575940609634571,8
720575940613864401,720575940618210251,8
720575940622726271,720575940631089935,8
720575940622726271,720575940631764281,8
720575940619071005,720575940610137050,8
720575940615366055,720575940624648067,8
720575940622726271,720575940629863737,8
720575940638624189,720575940639543715,8
720575940615366055,720575940620344837,8
720575940619071005,720575940625940456,8
720575940622726271,720575940615964884,8
720575940615366055,720575940630687827,8
720575940619071005,720575940632010567,8
720575940609460491,720575940621288225,8
720575940619071005,720575940621121140,8
720575940622726271,720575940629792620,8
720575940619071005,720575940625665564,8
720575940622726271,720575940629318394,8
720575940609460491,720575940624593132,8
720575940613864401,720575940619090529,8
720575940622726271,720575940625834900,8
720575940615366055,720575940633493660,8
720575940615366055,720575940660047489,8
720575940638624189,720575940635659486,8
720575940630549370,720575940610676403,8
720575940622726271,720575940654606753,8
720575940609460491,720575940614909579,8
720575940630549370,720575940621567472,8
720575940613864401,720575940627834359,8
720575940638624189,720575940625377688,8
720575940622726271,720575940625740169,8
720575940619071005,720575940632932762,8
720575940609460491,720575940634839487,8
720575940637628762,720575940616208965,8
720575940622726271,720575940621922398,8
720575940615366055,720575940606891221,8
720575940638624189,720575940640487669,8
720575940615366055,720575940610943897,8
720575940619071005,720575940620495830,8
720575940619071005,720575940624834968,8
720575940622726271,720575940613727399,8
720575940615366055,720575940630300613,8
720575940622726271,720575940621561226,8
720575940607687260,720575940623586999,8
720575940615366055,720575940621087408,8
720575940619071005,720575940605664446,8
720575940609460491,720575940624158650,8
720575940607687260,720575940634890175,8
720575940622726271,720575940612766102,8
720575940615366055,720575940628060166,8
720575940638624189,720575940608456715,8
720575940622726271,720575940618470383,8
720575940609460491,720575940629498306,8
720575940630549370,720575940614115515,8
720575940609460491,720575940641360091,8
720575940607687260,720575940628491792,8
720575940642492576,720575940624293048,8
720575940609460491,720575940622402311,8
720575940613864401,720575940620354241,8
720575940619071005,720575940631216682,8
720575940613864401,720575940632849069,8
720575940615366055,720575940659297153,8
720575940613864401,720575940617982800,8
720575940615366055,720575940628012332,8
720575940637628762,720575940624851864,8
720575940637628762,720575940612435454,8
720575940638624189,720575940619665023,8
720575940637628762,720575940634468197,8
720575940622726271,720575940620042375,8
720575940619071005,720575940650270710,8
720575940609460491,720575940624125626,8
720575940642492576,720575940622462472,8
720575940619071005,720575940618992749,8
720575940622726271,720575940616578646,8
720575940615366055,720575940612339810,8
720575940622726271,720575940616547648,8
720575940615366055,720575940637050933,8
720575940622726271,720575940623203012,8
720575940622726271,720575940616345403,8
720575940630549370,720575940626274822,8
720575940622726271,720575940618758178,8
720575940609460491,720575940636685894,8
720575940609460491,720575940633040223,8
720575940609460491,720575940626975899,8
720575940607687260,720575940622938637,8
720575940642492576,720575940627097361,8
720575940619071005,720575940617492805,8
720575940619071005,720575940629733314,8
720575940619071005,720575940604770249,8
720575940638624189,720575940620039589,8
720575940637628762,720575940612690338,8
720575940622726271,720575940615101452,8
720575940622726271,720575940628999579,8
720575940638624189,720575940624663427,8
720575940619071005,720575940619090785,8
720575940622726271,720575940637737021,8
720575940615366055,720575940638925877,8
720575940637628762,720575940608774776,7
720575940615366055,720575940631573039,7
720575940615366055,720575940623978789,7
720575940615366055,720575940630026600,7
720575940609460491,720575940622673703,7
720575940630549370,720575940625376841,7
720575940615366055,720575940607310531,7
720575940615366055,720575940631625272,7
720575940630549370,720575940620012321,7
720575940622726271,720575940631019468,7
720575940642492576,720575940627164242,7
720575940609460491,720575940603174368,7
720575940609460491,720575940614524127,7
720575940619071005,720575940629201423,7
720575940609460491,720575940632929690,7
720575940613864401,720575940615101452,7
720575940630549370,720575940614803286,7
720575940638624189,720575940618544367,7
720575940619071005,720575940634800282,7
720575940622726271,720575940607792139,7
720575940607687260,720575940627185767,7
720575940622726271,720575940624647299,7
720575940637628762,720575940623985189,7
720575940642492576,720575940642338464,7
720575940609460491,720575940612664482,7
720575940622726271,720575940610470130,7
720575940619071005,720575940622821325,7
720575940622726271,720575940626919409,7
720575940615366055,720575940636136567,7
720575940622726271,720575940615897501,7
720575940630549370,720575940646290979,7
720575940630549370,720575940618148406,7
720575940609460491,720575940623554748,7
720575940638624189,720575940628711631,7
720575940637628762,720575940628060983,7
720575940622726271,720575940624851864,7
720575940622726271,720575940628975482,7
720575940642492576,720575940617989076,7
720575940638624189,720575940610347929,7
720575940622726271,720575940625155877,7
720575940642492576,720575940620973848,7
720575940622726271,720575940635807087,7
720575940642492576,720575940617176413,7
720575940637628762,720575940625942458,7
720575940622726271,720575940620403649,7
720575940638624189,720575940607030281,7
720575940637628762,720575940625995251,7
720575940637628762,720575940613684906,7
720575940638624189,720575940607930716,7
720575940622726271,720575940610793395,7
720575940630549370,720575940630881989,7
720575940642492576,720575940621730687,7
720575940609460491,720575940629088450,7
720575940609460491,720575940603084972,7
720575940622726271,720575940606968450,7
720575940619071005,720575940646308148,7
720575940607687260,720575940618586459,7
720575940630549370,720575940626911262,7
720575940630549370,720575940610990821,7
720575940630549370,720575940619994759,7
720575940607687260,720575940609950869,7
720575940609460491,720575940629365804,7
720575940622726271,720575940614486690,7
720575940615366055,720575940617937437,7
720575940619071005,720575940641360091,7
720575940622726271,720575940639202532,7
720575940622726271,720575940611204323,7
720575940619071005,720575940629332606,7
720575940638624189,720575940630456996,7
720575940615366055,720575940634001007,7
720575940630549370,720575940604770249,7
720575940615366055,720575940629485354,7
720575940638624189,720575940623776437,7
720575940615366055,720575940629166587,7
720575940630549370,720575940629854764,7
720575940619071005,720575940615465433,7
720575940619071005,720575940614869387,7
720575940619071005,720575940617077405,7
720575940622726271,720575940622748868,7
720575940615366055,720575940625570334,7
720575940613864401,720575940631801631,7
720575940619071005,720575940625762447,7
720575940615366055,720575940620904780,7
720575940642492576,720575940628239671,7
720575940609460491,720575940640292571,7
720575940609460491,720575940609651554,7
720575940622726271,720575940623554748,7
720575940615366055,720575940624729528,7
720575940619280705,720575940624711655,7
720575940622726271,720575940623030015,7
720575940619071005,720575940625329029,7
720575940622726271,720575940627493141,7
720575940615366055,720575940611129571,7
720575940630549370,720575940632532255,7
720575940615366055,720575940628300529,7
720575940615366055,720575940624158650,7
720575940619071005,720575940659314817,7
720575940638624189,720575940652837793,7
720575940615366055,720575940627069203,7
720575940642492576,720575940620685436,7
720575940607687260,720575940612766102,7
720575940609460491,720575940605597216,7
720575940615366055,720575940634362999,7
720575940638624189,720575940619778645,7
720575940609460491,720575940625724072,7
720575940637628762,720575940629140071,7
720575940619280705,720575940656078241,7
720575940630549370,720575940616964766,7
720575940619071005,720575940624232974,7
720575940615366055,720575940618526912,7
720575940615366055,720575940634890175,7
720575940619071005,720575940633043295,7
720575940619071005,720575940633040223,7
720575940622726271,720575940637869028,7
720575940630549370,720575940650270710,7
720575940615366055,720575940624114494,7
720575940622726271,720575940631801631,7
720575940609460491,720575940621906345,7
720575940609460491,720575940621920452,7
720575940642492576,720575940606729858,7
720575940613864401,720575940626794027,7
720575940622726271,720575940626657808,7
720575940622726271,720575940617529318,7
720575940619071005,720575940619254448,7
720575940615366055,720575940625054589,7
720575940615366055,720575940612706706,7
720575940619280705,720575940626843773,7
720575940637628762,720575940622023262,7
720575940637628762,720575940644479267,7
720575940613864401,720575940632932762,7
720575940642492576,720575940631991879,7
720575940615366055,720575940625506704,7
720575940622726271,720575940609944526,7
720575940615366055,720575940626694479,7
720575940637628762,720575940611987240,6
720575940638624189,720575940614890902,6
720575940609460491,720575940604934572,6
720575940622726271,720575940636551086,6
720575940619071005,720575940628640079,6
720575940615366055,720575940621802751,6
720575940622726271,720575940614900886,6
720575940619071005,720575940627920071,6
720575940615366055,720575940635150990,6
720575940622726271,720575940609153746,6
720575940615366055,720575940631630561,6
720575940638624189,720575940609634571,6
720575940609460491,720575940631336930,6
720575940619071005,720575940611453107,6
720575940638624189,720575940610140378,6
720575940637628762,720575940627332100,6
720575940609460491,720575940630571980,6
720575940638624189,720575940611611378,6
720575940609460491,720575940632805037,6
720575940637628762,720575940605627057,6
720575940630549370,720575940621680133,6
720575940638624189,720575940623542972,6
720575940630549370,720575940620230497,6
720575940622726271,720575940616440098,6
720575940638624189,720575940621832542,6
720575940613864401,720575940611111829,6
720575940638624189,720575940621296639,6
720575940638624189,720575940630879533,6
720575940609460491,720575940624596355,6
720575940638624189,720575940631406547,6
720575940619071005,720575940636069751,6
720575940622726271,720575940626294090,6
720575940609460491,720575940618592390,6
720575940615366055,720575940625740169,6
720575940609460491,720575940624660313,6
720575940609460491,720575940624453868,6
720575940622726271,720575940629917482,6
720575940630549370,720575940621225910,6
720575940630549370,720575940609941653,6
720575940622726271,720575940615975227,6
720575940609460491,720575940637849151,6
720575940630549370,720575940624107706,6
720575940615366055,720575940614862230,6
720575940622726271,720575940612421290,6
720575940642492576,720575940614861974,6
720575940609460491,720575940616675638,6
720575940638624189,720575940636092393,6
720575940642492576,720575940629211666,6
720575940630549370,720575940632203823,6
720575940609460491,720575940621839086,6
720575940613864401,720575940624770574,6
720575940622726271,720575940633073760,6
720575940609460491,720575940622669508,6
720575940622726271,720575940627003547,6
720575940619071005,720575940623978789,6
720575940622726271,720575940627307855,6
720575940622726271,720575940623978789,6
720575940613864401,720575940623543303,6
720575940630549370,720575940639071029,6
720575940642492576,720575940629997561,6
720575940613864401,720575940630675730,6
720575940642492576,720575940629733314,6
720575940630549370,720575940639258613,6
720575940619280705,720575940639727861,6
720575940622726271,720575940626779398,6
720575940642492576,720575940628640079,6
720575940619071005,720575940635807087,6
720575940613864401,720575940627081994,6
720575940622726271,720575940626843773,6
720575940619071005,720575940621924615,6
720575940609460491,720575940622768397,6
720575940609460491,720575940626082404,6
720575940622726271,720575940625264659,6
720575940609460491,720575940625834900,6
720575940615366055,720575940609921230,6
720575940609460491,720575940622948872,6
720575940619071005,720575940621567472,6
720575940619071005,720575940621475085,6
720575940619071005,720575940639172560,6
720575940622726271,720575940631088402,6
720575940613864401,720575940620572125,6
720575940622726271,720575940628309186,6
720575940619071005,720575940633075163,6
720575940609460491,720575940620578269,6
720575940642492576,720575940625715733,6
720575940615366055,720575940630228271,6
720575940637628762,720575940629792620,6
720575940622726271,720575940620883917,6
720575940630549370,720575940632668973,6
720575940615366055,720575940645236078,6
720575940622726271,720575940621541514,6
720575940615366055,720575940646263331,6
720575940622726271,720575940621680133,6
720575940615366055,720575940648995705,6
720575940607687260,720575940609944526,6
720575940619071005,720575940626779398,6
720575940613864401,720575940632433828,6
720575940642492576,720575940631399978,6
720575940609460491,720575940627543624,6
720575940613864401,720575940622694182,6
720575940622726271,720575940622938637,6
720575940619071005,720575940626403400,6
720575940609460491,720575940628225852,6
720575940613864401,720575940618989421,6
720575940619071005,720575940614318482,6
720575940615366055,720575940624265572,6
720575940642492576,720575940629725711,5
720575940613864401,720575940627094917,5
720575940615366055,720575940626313546,5
720575940630549370,720575940617605154,5
720575940619071005,720575940619404214,5
720575940642492576,720575940630039547,5
720575940615366055,720575940610946730,5
720575940619071005,720575940624584579,5
720575940622726271,720575940604884396,5
720575940615366055,720575940626326952,5
720575940630549370,720575940631054540,5
720575940609460491,720575940626930947,5
720575940619071005,720575940617734603,5
720575940609460491,720575940621922398,5
720575940607687260,720575940614772383,5
720575940613864401,720575940624597228,5
720575940609460491,720575940625499153,5
720575940622726271,720575940604489649,5
720575940615366055,720575940619896581,5
720575940615366055,720575940614925963,5
720575940622726271,720575940631630561,5
720575940630549370,720575940613987635,5
720575940619071005,720575940625023869,5
720575940619280705,720575940626655321,5
720575940630549370,720575940647739513,5
720575940638624189,720575940633093483,5
720575940607687260,720575940637222470,5
720575940615366055,720575940625537822,5
720575940630549370,720575940613563187,5
720575940642492576,720575940628983963,5
720575940609460491,720575940623032970,5
720575940622726271,720575940617201113,5
720575940638624189,720575940610137050,5
720575940637628762,720575940611837809,5
720575940622726271,720575940614306814,5
720575940615366055,720575940619509744,5
720575940613864401,720575940617941046,5
720575940622726271,720575940614240766,5
720575940607687260,720575940622061803,5
720575940638624189,720575940609873358,5
720575940622726271,720575940630413087,5
720575940609460491,720575940611988008,5
720575940622726271,720575940620036385,5
720575940615366055,720575940622948872,5
720575940609460491,720575940614490018,5
720575940615366055,720575940603642982,5
720575940637628762,720575940626194716,5
720575940613864401,720575940646229283,5
720575940622726271,720575940613738415,5
720575940615366055,720575940623356493,5
720575940630549370,720575940611586453,5
720575940630549370,720575940611943976,5
720575940619071005,720575940605167025,5
720575940638624189,720575940613434178,5
720575940622726271,720575940614551954,5
720575940609460491,720575940632003409,5
720575940637628762,720575940621832542,5
720575940609460491,720575940629895484,5
720575940637628762,720575940621475085,5
720575940619071005,720575940618758178,5
720575940615366055,720575940612664482,5
720575940637628762,720575940613540767,5
720575940622726271,720575940618183559,5
720575940630549370,720575940630675730,5
720575940619071005,720575940632583831,5
720575940609460491,720575940619682625,5
720575940637628762,720575940622673703,5
720575940609460491,720575940626464901,5
720575940609460491,720575940614862230,5
720575940637628762,720575940630109756,5
720575940630549370,720575940621802751,5
720575940615366055,720575940632377375,5
720575940615366055,720575940641362907,5
720575940607687260,720575940614551954,5
720575940613864401,720575940620273023,5
720575940637628762,720575940623991333,5
720575940638624189,720575940627775938,5
720575940609460491,720575940630573260,5
720575940630549370,720575940609104579,5
720575940615366055,720575940630496118,5
720575940622726271,720575940624800188,5
720575940638624189,720575940615901597,5
720575940615366055,720575940609651554,5
720575940637628762,720575940617021441,5
720575940609460491,720575940623356493,5
720575940622726271,720575940615651014,5
720575940609460491,720575940630332753,5
720575940637628762,720575940628269628,5
720575940613864401,720575940639554675,5
720575940619071005,720575940630456996,5
720575940619071005,720575940629010331,5
720575940615366055,720575940624195559,5
720575940642492576,720575940629166587,5
720575940642492576,720575940632078929,5
720575940630549370,720575940629671491,5
720575940642492576,720575940632173103,5
720575940619071005,720575940628531308,5
720575940619071005,720575940626655321,5
720575940615366055,720575940621178206,5
720575940607687260,720575940625354904,5
720575940619071005,720575940619682625,5
720575940642492576,720575940624032264,5
720575940609460491,720575940641355739,5
720575940622726271,720575940605664446,5
720575940619071005,720575940612435198,5
720575940638624189,720575940620109191,5
720575940615366055,720575940628309186,5
720575940638624189,720575940625376841,5
720575940609460491,720575940621094527,5
720575940622726271,720575940625376841,5
720575940615366055,720575940625937797,5
720575940619071005,720575940639543715,5
720575940619071005,720575940652311030,5
720575940637628762,720575940632203823,5
720575940609460491,720575940626124743,5
720575940638624189,720575940624125114,5
720575940642492576,720575940622654444,5
720575940615366055,720575940625354904,5
720575940638624189,720575940625354904,5
720575940630549370,720575940613421890,5
720575940619071005,720575940640292571,5
720575940615366055,720575940623914679,5
720575940630549370,720575940631880217,5
720575940619071005,720575940609179331,5
720575940615366055,720575940629973753,5
720575940622726271,720575940622135501,5
720575940630549370,720575940605597216,5
720575940630549370,720575940628741881,5
720575940630549370,720575940621403844,5
720575940637628762,720575940624754983,4
720575940637628762,720575940622249949,4
720575940637628762,720575940622191177,4
720575940637628762,720575940621913897,4
720575940637628762,720575940626733693,4
720575940630549370,720575940624584579,4
720575940622726271,720575940621913897,4
720575940615366055,720575940623586999,4
720575940622726271,720575940620351838,4
720575940637628762,720575940627097361,4
720575940622726271,720575940619305808,4
720575940638624189,720575940628120655,4
720575940638624189,720575940626562665,4
720575940638624189,720575940625724072,4
720575940638624189,720575940624158352,4
720575940615366055,720575940621121140,4
720575940638624189,720575940645236078,4
720575940638624189,720575940637704765,4
720575940638624189,720575940637315418,4
720575940638624189,720575940634951007,4
720575940638624189,720575940634890175,4
720575940638624189,720575940630228271,4
720575940630549370,720575940624014077,4
720575940607687260,720575940605029250,4
720575940615366055,720575940628225852,4
720575940619071005,720575940627615400,4
720575940642492576,720575940605597216,4
720575940619280705,720575940610470130,4
720575940622726271,720575940628506732,4
720575940622726271,720575940628367836,4
720575940619280705,720575940609097058,4
720575940642492576,720575940642347936,4
720575940642492576,720575940642162573,4
720575940622726271,720575940631975379,4
720575940622726271,720575940631775032,4
720575940642492576,720575940626253318,4
720575940642492576,720575940624577613,4
720575940642492576,720575940622565887,4
720575940607687260,720575940610990821,4
720575940642492576,720575940620578269,4
720575940622726271,720575940624663427,4
720575940622726271,720575940624601236,4
720575940637628762,720575940644423204,4
720575940637628762,720575940643497632,4
720575940637628762,720575940634839487,4
720575940637628762,720575940633466524,4
720575940637628762,720575940633243755,4
720575940637628762,720575940633043295,4
720575940622726271,720575940627924935,4
720575940607687260,720575940628331625,4
720575940622726271,720575940627264082,4
720575940613864401,720575940613386050,4
720575940619071005,720575940622844003,4
720575940619071005,720575940620932684,4
720575940637628762,720575940619060321,4
720575940613864401,720575940624859032,4
720575940609460491,720575940622163197,4
720575940619280705,720575940623756215,4
720575940609460491,720575940621700190,4
720575940615366055,720575940608550409,4
720575940609460491,720575940622803850,4
720575940615366055,720575940609097058,4
720575940619280705,720575940636059226,4
720575940619280705,720575940635883748,4
720575940609460491,720575940623244180,4
720575940622726271,720575940638179699,4
720575940607687260,720575940616222438,4
720575940622726271,720575940635153294,4
720575940622726271,720575940632932762,4
720575940613864401,720575940621351876,4
720575940630549370,720575940634800282,4
720575940609460491,720575940620862273,4
720575940630549370,720575940634464869,4
720575940630549370,720575940634347360,4
720575940609460491,720575940620520513,4
720575940615366055,720575940607792139,4
720575940615366055,720575940645828740,4
720575940615366055,720575940641355739,4
720575940615366055,720575940639172560,4
720575940630549370,720575940605036418,4
720575940615366055,720575940634347360,4
720575940638624189,720575940611453107,4
720575940637628762,720575940610191795,4
720575940637628762,720575940609944526,4
720575940622726271,720575940614229758,4
720575940637628762,720575940609133102,4
720575940622726271,720575940613563187,4
720575940630549370,720575940621561226,4
720575940630549370,720575940621288225,4
720575940630549370,720575940621094527,4
720575940607687260,720575940644837655,4
720575940638624189,720575940611110468,4
720575940638624189,720575940611579541,4
720575940638624189,720575940620403649,4
720575940638624189,720575940618526912,4
720575940637628762,720575940615072373,4
720575940637628762,720575940614490018,4
720575940622726271,720575940615255090,4
720575940630549370,720575940620741485,4
720575940609460491,720575940608393739,4
720575940609460491,720575940631019468,4
720575940615366055,720575940613284063,4
720575940613864401,720575940638228643,4
720575940609460491,720575940628506732,4
720575940609460491,720575940628309186,4
720575940609460491,720575940616162373,4
720575940630549370,720575940620685436,4
720575940630549370,720575940620451916,4
720575940613864401,720575940605552742,4
720575940609460491,720575940639988352,4
720575940609460491,720575940637184078,4
720575940609460491,720575940637222470,4
720575940619071005,720575940620880333,3
720575940622726271,720575940631694137,3
720575940630549370,720575940605792434,3
720575940615366055,720575940629500542,3
720575940622726271,720575940626782507,3
720575940630549370,720575940646667828,3
720575940630549370,720575940612747158,3
720575940613864401,720575940626326952,3
720575940615366055,720575940629504554,3
720575940642492576,720575940624663427,3
720575940609460491,720575940617902676,3
720575940619071005,720575940620274497,3
720575940609460491,720575940621802751,3
720575940622726271,720575940631879193,3
720575940630549370,720575940644609134,3
720575940613864401,720575940617973021,3
720575940609460491,720575940622135501,3
720575940622726271,720575940627089930,3
720575940622726271,720575940626403400,3
720575940615366055,720575940630159939,3
720575940607687260,720575940631019468,3
720575940630549370,720575940626828574,3
720575940609460491,720575940604489649,3
720575940622726271,720575940648235641,3
720575940622726271,720575940605036418,3
720575940642492576,720575940636685894,3
720575940615366055,720575940610773714,3
720575940622726271,720575940637580659,3
720575940609460491,720575940617628962,3
720575940619071005,720575940618470383,3
720575940619071005,720575940632582807,3
720575940642492576,720575940623165737,3
720575940619280705,720575940632465945,3
720575940622726271,720575940626305679,3
720575940622726271,720575940625163139,3
720575940622726271,720575940624989214,3
720575940607687260,720575940617650481,3
720575940619280705,720575940638995005,3
720575940615366055,720575940625323795,3
720575940630549370,720575940617982800,3
720575940615366055,720575940626825853,3
720575940609460491,720575940605792434,3
720575940619280705,720575940612668834,3
720575940615366055,720575940617650722,3
720575940622726271,720575940628694991,3
720575940619071005,720575940631399978,3
720575940622726271,720575940614251670,3
720575940622726271,720575940628590595,3
720575940609460491,720575940609634571,3
720575940637628762,720575940615780353,3
720575940630549370,720575940622930957,3
720575940637628762,720575940614902667,3
720575940642492576,720575940630675730,3
720575940642492576,720575940630436603,3
720575940622726271,720575940628983963,3
720575940630549370,720575940621951453,3
720575940630549370,720575940629563006,3
720575940619071005,720575940605552742,3
720575940613864401,720575940622222921,3
720575940619071005,720575940637315418,3
720575940630549370,720575940628300529,3
720575940642492576,720575940658101121,3
720575940630549370,720575940613042403,3
720575940615366055,720575940618419776,3
720575940619071005,720575940616208965,3
720575940615366055,720575940628868943,3
720575940609460491,720575940638468678,3
720575940622726271,720575940617940048,3
720575940637628762,720575940620451916,3
720575940638624189,720575940643830126,3
720575940619280705,720575940611686629,3
720575940615366055,720575940627924935,3
720575940638624189,720575940634967962,3
720575940637628762,720575940618873723,3
720575940615366055,720575940627931466,3
720575940607687260,720575940636551086,3
720575940615366055,720575940637835839,3
720575940609460491,720575940635033701,3
720575940622726271,720575940618739621,3
720575940619071005,720575940645390468,3
720575940622726271,720575940633466524,3
720575940637628762,720575940622067113,3
720575940609460491,720575940636640602,3
720575940630549370,720575940624629948,3
720575940615366055,720575940621913897,3
720575940622726271,720575940633565154,3
720575940615366055,720575940621947486,3
720575940638624189,720575940633773849,3
720575940619071005,720575940630868525,3
720575940638624189,720575940624660313,3
720575940609460491,720575940646609028,3
720575940613864401,720575940605452064,3
720575940638624189,720575940626640158,3
720575940638624189,720575940620998424,3
720575940638624189,720575940621475085,3
720575940622726271,720575940632929178,3
720575940638624189,720575940630159939,3
720575940638624189,720575940630180935,3
720575940630549370,720575940631998023,3
720575940638624189,720575940630385403,3
720575940638624189,720575940632725459,3
720575940613864401,720575940604935340,3
720575940638624189,720575940627924935,3
720575940615366055,720575940620572125,3
720575940637628762,720575940632725459,3
720575940630549370,720575940626513171,3
720575940637628762,720575940633301183,3
720575940609460491,720575940628694991,3
720575940622726271,720575940621460645,3
720575940615366055,720575940632804543,3
720575940619071005,720575940612607953,3
720575940622726271,720575940621837601,3
720575940613864401,720575940637055797,3
720575940642492576,720575940617492805,3
720575940609460491,720575940618337985,3
720575940609460491,720575940615072373,3
720575940622726271,720575940606341250,3
720575940607687260,720575940613213151,3
720575940609460491,720575940628257914,3
720575940637628762,720575940638995005,3
720575940619071005,720575940610470130,3
720575940609460491,720575940632465945,3
720575940615366055,720575940622864920,3
720575940609460491,720575940633034336,3
720575940615366055,720575940613735948,3
720575940619280705,720575940614869387,3
720575940637628762,720575940629318394,3
720575940630549370,720575940606892162,3
720575940615366055,720575940612740886,3
720575940607687260,720575940623203012,3
720575940609460491,720575940631589689,3
720575940615366055,720575940616964766,2
720575940637628762,720575940608655918,2
720575940615366055,720575940618739621,2
720575940637628762,720575940626825853,2
720575940622726271,720575940620124028,2
720575940615366055,720575940620495830,2
720575940637628762,720575940621845018,2
720575940622726271,720575940618526912,2
720575940613864401,720575940614490018,2
720575940613864401,720575940616781241,2
720575940615366055,720575940608657621,2
720575940615366055,720575940612091601,2
720575940622726271,720575940606452681,2
720575940622726271,720575940609066030,2
720575940622726271,720575940609097058,2
720575940613864401,720575940624294072,2
720575940613864401,720575940626403400,2
720575940615366055,720575940609066030,2
720575940613864401,720575940630269404,2
720575940615366055,720575940643497632,2
720575940615366055,720575940630917293,2
720575940615366055,720575940631399978,2
720575940615366055,720575940631775032,2
720575940615366055,720575940639071029,2
720575940609460491,720575940629671491,2
720575940607687260,720575940634117216,2
720575940609460491,720575940638472006,2
720575940609460491,720575940625506704,2
720575940609460491,720575940625843075,2
720575940609460491,720575940626901278,2
720575940609460491,720575940627082261,2
720575940609460491,720575940627700484,2
720575940607687260,720575940627700484,2
720575940615366055,720575940625667365,2
720575940615366055,720575940624642492,2
720575940622726271,720575940622732493,2
720575940637628762,720575940630620747,2
720575940637628762,720575940631399978,2
720575940622726271,720575940621947486,2
720575940637628762,720575940638561102,2
720575940615366055,720575940628711631,2
720575940622726271,720575940635800431,2
720575940622726271,720575940639157968,2
720575940622726271,720575940639172560,2
720575940622726271,720575940631399978,2
720575940615366055,720575940626622480,2
720575940615366055,720575940627089930,2
720575940622726271,720575940628695414,2
720575940622726271,720575940629010331,2
720575940615366055,720575940628331625,2
720575940619071005,720575940620211622,2
720575940619071005,720575940623914679,2
720575940619071005,720575940623986469,2
720575940607687260,720575940609220291,2
720575940619071005,720575940627908624,2
720575940642492576,720575940636136567,2
720575940642492576,720575940620682662,2
720575940642492576,720575940623244180,2
720575940619071005,720575940606483467,2
720575940638624189,720575940620355009,2
720575940638624189,720575940624294072,2
720575940638624189,720575940624629948,2
720575940638624189,720575940604770249,2
720575940638624189,720575940605000550,2
720575940638624189,720575940610167987,2
720575940638624189,720575940612668834,2
720575940638624189,720575940616781241,2
720575940638624189,720575940624642492,2
720575940638624189,720575940639986048,2
720575940619071005,720575940609634571,2
720575940619071005,720575940610946730,2
720575940638624189,720575940624989214,2
720575940638624189,720575940625937797,2
720575940638624189,720575940628724284,2
720575940638624189,720575940629388239,2
720575940638624189,720575940631019468,2
720575940619280705,720575940605029250,2
720575940609460491,720575940610773714,2
720575940607687260,720575940619509744,2
720575940619280705,720575940618359745,2
720575940609460491,720575940614229415,2
720575940609460491,720575940608621614,2
720575940630549370,720575940617516760,2
720575940630549370,720575940619808756,2
720575940630549370,720575940620354241,2
720575940630549370,720575940620607982,2
720575940630549370,720575940607352003,2
720575940630549370,720575940606331996,2
720575940619071005,720575940640758157,2
720575940619071005,720575940645759523,2
720575940630549370,720575940621174192,2
720575940630549370,720575940631624673,2
720575940630549370,720575940632963245,2
720575940607687260,720575940614909579,2
720575940630549370,720575940622948872,2
720575940630549370,720575940623244180,2
720575940630549370,720575940626694479,2
720575940638624189,720575940641084405,1
720575940638624189,720575940634920543,1
720575940638624189,720575940634858676,1
720575940638624189,720575940626513027,1
720575940638624189,720575940628175363,1
720575940638624189,720575940627854568,1
720575940638624189,720575940627553691,1
720575940638624189,720575940626676120,1
720575940638624189,720575940626474889,1
720575940638624189,720575940626403400,1
720575940638624189,720575940628269628,1
720575940638624189,720575940632357284,1
720575940638624189,720575940631998023,1
720575940638624189,720575940630026600,1
720575940638624189,720575940629997561,1
720575940638624189,720575940629625466,1
720575940638624189,720575940629010331,1
720575940638624189,720575940628917980,1
720575940638624189,720575940628787962,1
720575940642492576,720575940622930957,1
720575940642492576,720575940622861971,1
720575940642492576,720575940622669508,1
720575940642492576,720575940622222921,1
720575940642492576,720575940621857313,1
720575940642492576,720575940620936870,1
720575940642492576,720575940619842580,1
720575940642492576,720575940623542972,1
720575940642492576,720575940628531308,1
720575940642492576,720575940627426837,1
720575940642492576,720575940626676120,1
720575940642492576,720575940626364401,1
720575940642492576,720575940624644739,1
720575940642492576,720575940617866048,1
720575940642492576,720575940617118016,1
720575940642492576,720575940614822742,1
720575940642492576,720575940614283006,1
720575940642492576,720575940611697066,1
720575940642492576,720575940608657621,1
720575940642492576,720575940603174368,1
720575940638624189,720575940625054589,1
720575940637628762,720575940622727572,1
720575940637628762,720575940621924615,1
720575940637628762,720575940621413158,1
720575940637628762,720575940621090659,1
720575940637628762,720575940620310625,1
720575940637628762,720575940619665023,1
720575940637628762,720575940619516144,1
720575940637628762,720575940623203767,1
720575940637628762,720575940627245701,1
720575940637628762,720575940627150090,1
720575940637628762,720575940624327196,1
720575940637628762,720575940619509744,1
720575940637628762,720575940602605536,1
720575940637628762,720575940605552742,1
720575940637628762,720575940617650481,1
720575940637628762,720575940616041913,1
720575940637628762,720575940613764364,1
720575940637628762,720575940613681458,1
720575940637628762,720575940611769059,1
720575940637628762,720575940629010331,1
720575940638624189,720575940616964766,1
720575940638624189,720575940616105302,1
720575940638624189,720575940614862230,1
720575940638624189,720575940614282238,1
720575940638624189,720575940613735948,1
720575940638624189,720575940619713200,1
720575940638624189,720575940623986469,1
720575940638624189,720575940623009416,1
720575940638624189,720575940622637804,1
720575940637628762,720575940635800431,1
720575940637628762,720575940634362999,1
720575940638624189,720575940610773714,1
720575940637628762,720575940631875097,1
720575940637628762,720575940631630561,1
720575940637628762,720575940630265952,1
720575940637628762,720575940638468678,1
720575940638624189,720575940610406776,1
720575940638624189,720575940609066030,1
720575940638624189,720575940606967730,1
720575940637628762,720575940652837793,1
720575940637628762,720575940641866912,1
720575940637628762,720575940639417459,1
720575940637628762,720575940639071029,1
720575940613864401,720575940609143672,1
720575940609460491,720575940639157968,1
720575940613864401,720575940614772383,1
720575940613864401,720575940612647282,1
720575940609460491,720575940637508698,1
720575940609460491,720575940627986220,1
720575940609460491,720575940634231999,1
720575940609460491,720575940633911959,1
720575940609460491,720575940632963245,1
720575940609460491,720575940632203823,1
720575940609460491,720575940631594809,1
720575940609460491,720575940631216682,1
720575940613864401,720575940636059226,1
720575940613864401,720575940634072756,1
720575940615366055,720575940607981636,1
720575940615366055,720575940616781241,1
720575940615366055,720575940614772383,1
720575940615366055,720575940612019570,1
720575940613864401,720575940623488270,1
720575940613864401,720575940620713129,1
720575940613864401,720575940626124743,1
720575940613864401,720575940630561484,1
720575940613864401,720575940626655321,1
720575940609460491,720575940625720341,1
720575940607687260,720575940622886925,1
720575940607687260,720575940621516179,1
720575940607687260,720575940624601731,1
720575940607687260,720575940619430326,1
720575940607687260,720575940617926198,1
720575940607687260,720575940631177035,1
720575940607687260,720575940628640079,1
720575940607687260,720575940626226690,1
720575940607687260,720575940611985448,1
720575940642492576,720575940634117216,1
720575940642492576,720575940629515306,1
720575940642492576,720575940636551086,1
720575940607687260,720575940607981636,1
720575940607687260,720575940607792139,1
720575940642492576,720575940638626613,1
720575940609460491,720575940621023041,1
720575940609460491,720575940624682426,1
720575940609460491,720575940623914679,1
720575940609460491,720575940622191177,1
720575940609460491,720575940621913897,1
720575940607687260,720575940646667828,1
720575940607687260,720575940641936584,1
720575940607687260,720575940638925877,1
720575940609460491,720575940614121147,1
720575940607687260,720575940634231999,1
720575940607687260,720575940631573039,1
720575940607687260,720575940650260214,1
720575940609460491,720575940614037811,1
720575940609460491,720575940612740886,1
720575940619280705,720575940616547648,1
720575940619280705,720575940614036019,1
720575940619280705,720575940613213151,1
720575940619071005,720575940659765121,1
720575940619280705,720575940622116428,1
720575940619280705,720575940618201620,1
720575940619280705,720575940620211622,1
720575940619071005,720575940630917293,1
720575940619071005,720575940629240079,1
720575940619071005,720575940644592494,1
720575940619071005,720575940629022875,1
720575940619071005,720575940628506732,1
720575940619071005,720575940632233628,1
720575940619071005,720575940636920542,1
720575940619071005,720575940636135799,1
720575940619071005,720575940635884143,1
720575940619071005,720575940633565154,1
720575940619071005,720575940633074015,1
720575940619071005,720575940632495052,1
720575940619280705,720575940633073760,1
720575940615366055,720575940629949751,1
720575940615366055,720575940628714358,1
720575940615366055,720575940626560857,1
720575940615366055,720575940626513171,1
720575940619071005,720575940626975899,1
720575940615366055,720575940633773849,1
720575940615366055,720575940635656670,1
720575940615366055,720575940634442091,1
720575940615366055,720575940630555340,1
720575940615366055,720575940632364717,1
720575940615366055,720575940632229788,1
720575940615366055,720575940620355009,1
720575940615366055,720575940620051580,1
720575940615366055,720575940619693003,1
720575940615366055,720575940619682625,1
720575940615366055,720575940617963480,1
720575940615366055,720575940617940304,1
720575940615366055,720575940624660313,1
720575940615366055,720575940624396524,1
720575940615366055,720575940622222921,1
720575940615366055,720575940622102763,1
720575940615366055,720575940621920452,1
720575940619071005,720575940620816961,1
720575940619071005,720575940622163197,1
720575940619071005,720575940621700190,1
720575940619071005,720575940621207216,1
720575940619071005,720575940620959256,1
720575940619071005,720575940622694182,1
720575940619071005,720575940622855560,1
720575940619071005,720575940624601731,1
720575940619071005,720575940624596355,1
720575940619071005,720575940623822261,1
720575940619071005,720575940619516144,1
720575940619071005,720575940619336942,1
720575940619071005,720575940613017059,1
720575940619071005,720575940608621614,1
720575940615366055,720575940639986048,1
720575940619071005,720575940613941042,1
720575940619071005,720575940618894246,1
720575940619071005,720575940618739621,1
720575940619071005,720575940617612578,1
720575940619071005,720575940617321243,1
720575940619071005,720575940616547904,1
720575940619071005,720575940615894173,1
720575940630549370,720575940620936870,1
720575940630549370,720575940620892877,1
720575940630549370,720575940620039956,1
720575940630549370,720575940618183559,1
720575940630549370,720575940617427713,1
720575940630549370,720575940621413158,1
720575940630549370,720575940624601731,1
720575940630549370,720575940624294072,1
720575940630549370,720575940623008440,1
720575940630549370,720575940621913897,1
720575940630549370,720575940612896106,1
720575940630549370,720575940612606673,1
720575940630549370,720575940611704813,1
720575940630549370,720575940611204323,1
720575940630549370,720575940624989214,1
720575940630549370,720575940652875169,1
720575940630549370,720575940639534451,1
720575940630549370,720575940637773117,1
720575940630549370,720575940636685894,1
720575940630549370,720575940636553306,1
720575940630549370,720575940635800431,1
720575940630549370,720575940627700484,1
720575940630549370,720575940628694991,1
720575940630549370,720575940627155589,1
720575940630549370,720575940628917980,1
720575940630549370,720575940632805037,1
720575940630549370,720575940632364717,1
720575940630549370,720575940630917293,1
720575940630549370,720575940630432932,1
720575940630549370,720575940630159939,1
720575940630549370,720575940629765647,1
720575940630549370,720575940629545027,1
720575940630549370,720575940629388239,1
720575940622726271,720575940621296639,1
720575940622726271,720575940620051580,1
720575940622726271,720575940619778645,1
720575940622726271,720575940627069203,1
720575940622726271,720575940626896643,1
720575940622726271,720575940626758489,1
720575940622726271,720575940623353013,1
720575940622726271,720575940624593132,1
720575940622726271,720575940624429036,1
720575940622726271,720575940623691920,1
720575940622726271,720575940610960994,1
720575940622726271,720575940608662485,1
720575940622726271,720575940607993668,1
720575940622726271,720575940605792434,1
720575940622726271,720575940611943976,1
720575940622726271,720575940614909579,1
720575940622726271,720575940613248479,1
720575940622726271,720575940659316609,1
720575940622726271,720575940640756621,1
720575940622726271,720575940629671491,1
720575940622726271,720575940631017932,1
720575940622726271,720575940630477305,1
720575940622726271,720575940630312785,1
720575940622726271,720575940629725711,1
720575940622726271,720575940629485354,1
720575940622726271,720575940627776450,1
720575940622726271,720575940634890175,1
720575940622726271,720575940632552343,1
720575940622726271,720575940632510048,1
720575940622726271,720575940632115247,1
720575940622726271,720575940631754527,1
