supervoxel_id,root_id,pos_x,pos_y,pos_z,soma_x,soma_y,soma_z,nucleus_id,flow,super_class,cell_class,cell_sub_class,supertype,cell_type,hemibrain_type,ito_lee_hemilineage,hartenstein_hemilineage,top_nt,top_nt_conf,known_nt,known_nt_source,side,nerve,vfb_id,fbbt_id,status,dimorphism,matching_notes,fru_dsx,synonyms
82614692908176497,720575940617650722,174456.0,32408.0,4306.0,174456.0,32408.0,4306.0,7336762.0,intrinsic,central,Kenyon_Cell,KCab,11862.0,KCab,KCab-s,MBp4,MBp4,dopamine,0.6617011730747286,"acetylcholine; sNPF; acetylcholine, sNPF","Barnstedt et al. 2016 (immuno, RNAi); Johard et al. (immuno); Aso et al. 2019 (scRNA-seq)",right,,fw000069,FBbt_00100248,,isomorphic,,,
81559848873355834,720575940624574922,159548.0,43586.0,3976.0,171624.0,33112.0,4479.0,7067271.0,intrinsic,central,Kenyon_Cell,,17488.0,KCapbp-ap1,KCa'b'-ap1,MBp4,MBp4,dopamine,0.5407407798326527,acetylcholine; acetylcholine,Barnstedt et al. 2016 (immuno); Aso et al. 2019 (scRNA-seq),right,,fw000184,FBbt:00049836,,isomorphic,,,
81559848940227491,720575940636135543,159091.0,42943.0,4293.0,172040.0,32424.0,4390.0,7067387.0,intrinsic,central,Kenyon_Cell,KCg,14292.0,KCg-m,KCg-m,MBp4,MBp4,dopamine,0.7931421285757977,"acetylcholine; sNPF; acetylcholine, sNPF","Barnstedt et al. 2016 (immuno); Johard et al., 2008 (immuno); Aso et al. 2019 (scRNA-seq)",right,,fw000188,FBbt_00111061,,isomorphic,,,
81489480196052507,720575940622697196,158578.0,43132.0,4294.0,155736.0,30936.0,4136.0,6310845.0,intrinsic,central,Kenyon_Cell,KCg,14292.0,KCg-m,KCg-m,MBp3,MBp3,dopamine,0.7461013960911911,"acetylcholine; sNPF; acetylcholine, sNPF","Barnstedt et al. 2016 (immuno); Johard et al., 2008 (immuno); Aso et al. 2019 (scRNA-seq)",right,,fw000354,FBbt_00111061,,isomorphic,,,
81418011873536503,720575940638925877,157488.0,26504.0,4061.0,157488.0,26504.0,4061.0,6692568.0,intrinsic,central,Kenyon_Cell,KCg,14292.0,KCg-m,KCg-m,MBp3,MBp3,dopamine,0.8008299381827415,"acetylcholine; sNPF; acetylcholine, sNPF","Barnstedt et al. 2016 (immuno); Johard et al., 2008 (immuno); Aso et al. 2019 (scRNA-seq)",right,,fw000356,FBbt_00111061,,isomorphic,,,
81489480196062345,720575940612754582,158534.0,43228.0,4294.0,155392.0,31016.0,4436.0,6320026.0,intrinsic,central,Kenyon_Cell,KCg,14292.0,KCg-m,KCg-m,MBp3,MBp3,dopamine,0.7354844786183447,"acetylcholine; sNPF; acetylcholine, sNPF","Barnstedt et al. 2016 (immuno); Johard et al., 2008 (immuno); Aso et al. 2019 (scRNA-seq)",right,,fw000358,FBbt_00111061,,isomorphic,,,
81277549396990529,720575940622857447,155400.0,31248.0,4871.0,155400.0,31248.0,4871.0,6319874.0,intrinsic,central,Kenyon_Cell,KCab,11862.0,KCab,KCab-m,MBp3,MBp3,dopamine,0.5895923107327549,"acetylcholine; sNPF; acetylcholine, sNPF","Barnstedt et al. 2016 (immuno, RNAi); Johard et al. (immuno); Aso et al. 2019 (scRNA-seq)",right,,fw000359,FBbt_00100248,,isomorphic,,,
81559299251908184,720575940633886765,159136.0,35344.0,5092.0,159136.0,35344.0,5092.0,6748486.0,intrinsic,central,Kenyon_Cell,KCab,11862.0,KCab,KCab-c,MBp3,MBp3,dopamine,0.5698757155760346,"acetylcholine; sNPF; acetylcholine, sNPF","Barnstedt et al. 2016 (immuno, RNAi); Johard et al. (immuno); Aso et al. 2019 (scRNA-seq)",right,,fw000372,FBbt_00100248,,isomorphic,,,
81700242898706798,720575940608383243,161408.0,38440.0,5081.0,161408.0,38440.0,5081.0,6748989.0,intrinsic,central,Kenyon_Cell,KCg,14292.0,KCg-m,KCg-m,MBp3,MBp3,dopamine,0.7242839267322491,"acetylcholine; sNPF; acetylcholine, sNPF","Barnstedt et al. 2016 (immuno); Johard et al., 2008 (immuno); Aso et al. 2019 (scRNA-seq)",right,,fw000385,FBbt_00111061,,isomorphic,,,
81348467897376167,720575940615764422,155650.0,39330.0,5133.0,161360.0,39352.0,5096.0,6748977.0,intrinsic,central,Kenyon_Cell,KCg,14292.0,KCg-m,KCg-m,MBp2,MBp2,dopamine,0.6468901081341628,"acetylcholine; sNPF; acetylcholine, sNPF","Barnstedt et al. 2016 (immuno); Johard et al., 2008 (immuno); Aso et al. 2019 (scRNA-seq)",right,,fw000386,FBbt_00111061,,isomorphic,,,
81348811360441597,720575940620607982,156413.0,43848.0,4102.0,163440.0,41296.0,5085.0,6749642.0,intrinsic,central,Kenyon_Cell,KCg,14292.0,KCg-m,KCg-m,MBp2,MBp2,dopamine,0.7655118600319671,"acetylcholine; sNPF; acetylcholine, sNPF","Barnstedt et al. 2016 (immuno); Johard et al., 2008 (immuno); Aso et al. 2019 (scRNA-seq)",right,,fw000387,FBbt_00111061,,isomorphic,,,
81348536616826755,720575940612766102,156511.0,39652.0,5132.0,162632.0,39704.0,5156.0,6749401.0,intrinsic,central,Kenyon_Cell,,17488.0,KCapbp-m,KCa'b'-m,MBp2,MBp2,dopamine,0.4710519570905468,acetylcholine; acetylcholine,"Barnstedt et al. 2016 (immuno, RNAi); Aso et al. 2019 (scRNA-seq)",right,,fw000388,FBbt:00100253,,isomorphic,,,
81630217617521695,720575940626953732,160352.0,43561.0,3977.0,162096.0,32536.0,4836.0,6710201.0,intrinsic,central,Kenyon_Cell,KCg,19102.0,KCg-d,KCg-d,MBp4,MBp4,dopamine,0.6384737521033234,"acetylcholine; sNPF; acetylcholine, sNPF","Barnstedt et al. 2016 (immuno); Johard et al., 2008 (immuno); Aso et al. 2019 (scRNA-seq)",right,,fw000389,FBbt_00110932,,isomorphic,,,
81418493044082610,720575940646263331,157224.0,33888.0,5090.0,157224.0,33888.0,5090.0,6748289.0,intrinsic,central,Kenyon_Cell,KCg,14292.0,KCg-m,KCg-m,MBp3,MBp3,dopamine,0.7232342527190728,"acetylcholine; sNPF; acetylcholine, sNPF","Barnstedt et al. 2016 (immuno); Johard et al., 2008 (immuno); Aso et al. 2019 (scRNA-seq)",right,,fw000393,FBbt_00111061,,isomorphic,,,
81348605402997971,720575940620520513,155896.0,41336.0,5314.0,155896.0,41336.0,5314.0,6376537.0,intrinsic,central,Kenyon_Cell,,17488.0,KCapbp-m,KCa'b'-m,MBp2,MBp2,dopamine,0.6156525486797964,acetylcholine; acetylcholine,"Barnstedt et al. 2016 (immuno, RNAi); Aso et al. 2019 (scRNA-seq)",right,,fw000394,FBbt:00100253,,isomorphic,,,
81066924267626716,720575940608655918,152216.0,38224.0,5156.0,152216.0,38224.0,5156.0,6352685.0,intrinsic,central,Kenyon_Cell,,17488.0,KCapbp-m,KCa'b'-m,MBp2,MBp2,dopamine,0.5271976804144607,acetylcholine; acetylcholine,"Barnstedt et al. 2016 (immuno, RNAi); Aso et al. 2019 (scRNA-seq)",right,,fw000440,FBbt:00100253,,isomorphic,,,
81348673921226953,720575940625560189,156567.0,42295.0,3897.0,150584.0,34920.0,5082.0,6352320.0,intrinsic,central,Kenyon_Cell,KCab,11862.0,KCab,KCab-s,MBp1,MBp1,dopamine,0.5998544866158163,"acetylcholine; sNPF; acetylcholine, sNPF","Barnstedt et al. 2016 (immuno, RNAi); Johard et al. (immuno); Aso et al. 2019 (scRNA-seq)",right,,fw000444,FBbt_00100248,,isomorphic,,,
81559986312282746,720575940621073840,158797.0,44705.0,3976.0,152824.0,32712.0,4055.0,6309678.0,intrinsic,central,Kenyon_Cell,KCg,19102.0,KCg-d,KCg-d,MBp1,MBp1,dopamine,0.6283311212673256,"acetylcholine; sNPF; acetylcholine, sNPF","Barnstedt et al. 2016 (immuno); Johard et al., 2008 (immuno); Aso et al. 2019 (scRNA-seq)",right,,fw000449,FBbt_00110932,,isomorphic,,,
80855474303489147,720575940626075079,148744.0,32600.0,4134.0,148744.0,32600.0,4134.0,6308023.0,intrinsic,central,Kenyon_Cell,KCg,14292.0,KCg-m,KCg-m,MBp1,MBp1,dopamine,0.7746637761951704,"acetylcholine; sNPF; acetylcholine, sNPF","Barnstedt et al. 2016 (immuno); Johard et al., 2008 (immuno); Aso et al. 2019 (scRNA-seq)",right,,fw000454,FBbt_00111061,,isomorphic,,,
81419180104611195,720575940631434722,156635.0,44013.0,4102.0,150656.0,40560.0,5233.0,6353922.0,intrinsic,central,Kenyon_Cell,KCg,14292.0,KCg-m,KCg-m,MBp2,MBp2,dopamine,0.8058691018498537,"acetylcholine; sNPF; acetylcholine, sNPF","Barnstedt et al. 2016 (immuno); Johard et al., 2008 (immuno); Aso et al. 2019 (scRNA-seq)",right,,fw000467,FBbt_00111061,,isomorphic,,,
81348605402908464,720575940633226603,155992.0,40624.0,5249.0,155992.0,40624.0,5249.0,6358294.0,intrinsic,central,Kenyon_Cell,,11862.0,KCab-p,KCab-p,MBp2,MBp2,dopamine,0.6523285487762808,acetylcholine; acetylcholine,Barnstedt et al. 2016 (immuno); Aso et al. 2019 (scRNA-seq),right,,fw000473,FBbt_00110931,,isomorphic,,,
81278305177074603,720575940628217643,155420.0,41858.0,3896.0,147040.0,30680.0,4040.0,5631699.0,intrinsic,central,Kenyon_Cell,KCg,14292.0,KCg-m,KCg-m,MBp1,MBp1,dopamine,0.7496126829380658,"acetylcholine; sNPF; acetylcholine, sNPF","Barnstedt et al. 2016 (immuno); Johard et al., 2008 (immuno); Aso et al. 2019 (scRNA-seq)",right,,fw000475,FBbt_00111061,,isomorphic,,,
80714324431418685,720575940614282238,147368.0,27024.0,3808.0,147368.0,27024.0,3808.0,5631800.0,intrinsic,central,Kenyon_Cell,KCg,14292.0,KCg-m,KCg-m,MBp1,MBp1,dopamine,0.7933428187075242,"acetylcholine; sNPF; acetylcholine, sNPF","Barnstedt et al. 2016 (immuno); Johard et al., 2008 (immuno); Aso et al. 2019 (scRNA-seq)",right,,fw000476,FBbt_00111061,,isomorphic,,,
81278373896870779,720575940621892122,155442.0,42724.0,4103.0,147048.0,25136.0,3755.0,5631691.0,intrinsic,central,Kenyon_Cell,KCg,14292.0,KCg-m,KCg-m,MBp1,MBp1,dopamine,0.6929877668908696,"acetylcholine; sNPF; acetylcholine, sNPF","Barnstedt et al. 2016 (immuno); Johard et al., 2008 (immuno); Aso et al. 2019 (scRNA-seq)",right,,fw000478,FBbt_00111061,,isomorphic,,,
80925293225121659,720575940618326292,150424.0,24416.0,3879.0,150424.0,24416.0,3879.0,6279449.0,intrinsic,central,Kenyon_Cell,,17488.0,KCapbp-ap1,KCa'b'-ap1,MBp1,MBp1,dopamine,0.5799639731984237,acetylcholine; acetylcholine,"Barnstedt et al. 2016 (immuno, RNAi); Aso et al. 2019 (scRNA-seq)",right,,fw000481,FBbt:00049836,,isomorphic,,,
81278305177070025,720575940631827527,155317.0,41843.0,3897.0,150376.0,28144.0,4058.0,6308620.0,intrinsic,central,Kenyon_Cell,KCg,14292.0,KCg-m,KCg-m,MBp1,MBp1,dopamine,0.80625716074931,"acetylcholine; sNPF; acetylcholine, sNPF","Barnstedt et al. 2016 (immuno); Johard et al., 2008 (immuno); Aso et al. 2019 (scRNA-seq)",right,,fw000482,FBbt_00111061,,isomorphic,,,
81278373896538781,720575940626277382,155566.0,42927.0,3896.0,147448.0,33040.0,4366.0,5642437.0,intrinsic,central,Kenyon_Cell,KCab,11862.0,KCab,KCab-m,MBp1,MBp1,dopamine,0.6315276615859307,"acetylcholine; sNPF; acetylcholine, sNPF","Barnstedt et al. 2016 (immuno, RNAi); Johard et al. (immuno); Aso et al. 2019 (scRNA-seq)",right,,fw000484,FBbt_00100248,,isomorphic,,,
81206768202095474,720575940606680706,154304.0,24720.0,4098.0,154304.0,24720.0,4098.0,6283284.0,intrinsic,central,Kenyon_Cell,,17488.0,KCapbp-ap1,KCa'b'-ap1,MBp3,MBp3,dopamine,0.534302003757625,acetylcholine; acetylcholine,"Barnstedt et al. 2016 (immuno, RNAi); Aso et al. 2019 (scRNA-seq)",right,,fw000485,FBbt:00049836,,isomorphic,,,
81278373896557596,720575940608772821,155342.0,42725.0,3897.0,148496.0,32936.0,4678.0,6312323.0,intrinsic,central,Kenyon_Cell,KCab,11862.0,KCab,KCab-m,MBp1,MBp1,dopamine,0.6604131543717651,"acetylcholine; sNPF; acetylcholine, sNPF","Barnstedt et al. 2016 (immuno, RNAi); Johard et al. (immuno); Aso et al. 2019 (scRNA-seq)",right,,fw000487,FBbt_00100248,,isomorphic,,,
81347574476419062,720575940626550504,155928.0,26120.0,4141.0,155928.0,26120.0,4141.0,6320988.0,intrinsic,central,Kenyon_Cell,,17488.0,KCapbp-ap2,KCa'b'-ap2,MBp3,MBp3,dopamine,0.517781890593037,acetylcholine; acetylcholine,"Barnstedt et al. 2016 (immuno, RNAi); Aso et al. 2019 (scRNA-seq)",right,,fw000491,FBbt:00049837,,isomorphic,,,
81347849354480796,720575940625476964,156000.0,29336.0,4251.0,156000.0,29336.0,4251.0,6321078.0,intrinsic,central,Kenyon_Cell,,17488.0,KCapbp-ap2,KCa'b'-ap2,MBp3,MBp3,dopamine,0.4895496650871273,acetylcholine; acetylcholine,"Barnstedt et al. 2016 (immuno, RNAi); Aso et al. 2019 (scRNA-seq)",right,,fw000492,FBbt:00049837,,isomorphic,,,
81066168152701890,720575940617650481,151936.0,26288.0,4054.0,151936.0,26288.0,4054.0,6309362.0,intrinsic,central,Kenyon_Cell,,17488.0,KCapbp-m,KCa'b'-m,MBp3,MBp3,dopamine,0.554527080623939,acetylcholine; acetylcholine,"Barnstedt et al. 2016 (immuno, RNAi); Aso et al. 2019 (scRNA-seq)",right,,fw000493,FBbt:00100253,,isomorphic,,,
81066580603547675,720575940637222470,151624.0,33152.0,4950.0,151624.0,33152.0,4950.0,6316628.0,intrinsic,central,Kenyon_Cell,,17488.0,KCapbp-m,KCa'b'-m,MBp3,MBp3,dopamine,0.4816443513043537,acetylcholine; acetylcholine,"Barnstedt et al. 2016 (immuno, RNAi); Aso et al. 2019 (scRNA-seq)",right,,fw000494,FBbt:00100253,,isomorphic,,,
82333217931794476,720575940608393739,170776.0,33040.0,4512.0,170776.0,33040.0,4512.0,7067026.0,intrinsic,central,Kenyon_Cell,KCg,14292.0,KCg-m,KCg-m,MBp4,MBp4,dopamine,0.7744115167794873,"acetylcholine; sNPF; acetylcholine, sNPF","Barnstedt et al. 2016 (immuno); Johard et al., 2008 (immuno); Aso et al. 2019 (scRNA-seq)",right,,fw000561,FBbt_00111061,,isomorphic,,,
81911417850731509,720575940626792209,164304.0,38544.0,5088.0,164304.0,38544.0,5088.0,7074024.0,intrinsic,central,Kenyon_Cell,KCg,14292.0,KCg-m,KCg-m,MBp3,MBp3,dopamine,0.757443376818359,"acetylcholine; sNPF; acetylcholine, sNPF","Barnstedt et al. 2016 (immuno); Johard et al., 2008 (immuno); Aso et al. 2019 (scRNA-seq)",right,,fw000562,FBbt_00111061,,isomorphic,,,
81911349131243841,720575940608768213,163784.0,37912.0,5091.0,163784.0,37912.0,5091.0,6749665.0,intrinsic,central,Kenyon_Cell,KCg,14292.0,KCg-m,KCg-m,MBp3,MBp3,dopamine,0.772915962158828,"acetylcholine; sNPF; acetylcholine, sNPF","Barnstedt et al. 2016 (immuno); Johard et al., 2008 (immuno); Aso et al. 2019 (scRNA-seq)",right,,fw000563,FBbt_00111061,,isomorphic,,,
81630217684411210,720575940620682662,159777.0,43281.0,4293.0,169936.0,32520.0,4666.0,7066718.0,intrinsic,central,Kenyon_Cell,KCg,14292.0,KCg-m,KCg-m,MBp4,MBp4,dopamine,0.7715050524326554,"acetylcholine; sNPF; acetylcholine, sNPF","Barnstedt et al. 2016 (immuno); Johard et al., 2008 (immuno); Aso et al. 2019 (scRNA-seq)",right,,fw000564,FBbt_00111061,,isomorphic,,,
82333217931676641,720575940616208965,170728.0,32512.0,4438.0,170728.0,32512.0,4438.0,7066938.0,intrinsic,central,Kenyon_Cell,KCab,11862.0,KCab,KCab-s,MBp4,MBp4,dopamine,0.582366318231263,"acetylcholine; sNPF; acetylcholine, sNPF","Barnstedt et al. 2016 (immuno, RNAi); Johard et al. (immuno); Aso et al. 2019 (scRNA-seq)",right,,fw000567,FBbt_00100248,,isomorphic,,,
81981374277587806,720575940637707069,165568.0,32440.0,4748.0,165568.0,32440.0,4748.0,7062614.0,intrinsic,central,Kenyon_Cell,KCab,11862.0,KCab,KCab-m,MBp4,MBp4,dopamine,0.5432341961754692,"acetylcholine; sNPF; acetylcholine, sNPF","Barnstedt et al. 2016 (immuno, RNAi); Johard et al. (immuno); Aso et al. 2019 (scRNA-seq)",right,,fw000571,FBbt_00100248,,isomorphic,,,
81207730409043447,720575940610784179,154380.0,39011.0,5132.0,164176.0,40648.0,5121.0,6749807.0,intrinsic,central,Kenyon_Cell,,17488.0,KCapbp-ap1,KCa'b'-ap1,MBp2,MBp2,dopamine,0.6065260826535332,acetylcholine; acetylcholine,"Barnstedt et al. 2016 (immuno, RNAi); Aso et al. 2019 (scRNA-seq)",right,,fw000625,FBbt:00049836,,isomorphic,,,
81278099153207539,720575940636045175,155173.0,38987.0,5132.0,162168.0,42112.0,5086.0,6825540.0,intrinsic,central,Kenyon_Cell,,17488.0,KCapbp-ap1,KCa'b'-ap1,MBp2,MBp2,dopamine,0.5846283027569522,acetylcholine; acetylcholine,"Barnstedt et al. 2016 (immuno, RNAi); Aso et al. 2019 (scRNA-seq)",right,,fw000678,FBbt:00049836,,isomorphic,,,
81278099153178581,720575940637316029,154887.0,39067.0,5132.0,162376.0,40512.0,5182.0,6806191.0,intrinsic,central,Kenyon_Cell,,17488.0,KCapbp-ap2,KCa'b'-ap2,MBp2,MBp2,dopamine,0.5475415111055607,acetylcholine; acetylcholine,"Barnstedt et al. 2016 (immuno, RNAi); Aso et al. 2019 (scRNA-seq)",right,,fw000679,FBbt:00049837,,isomorphic,,,
81348673921219488,720575940605362610,155594.0,42140.0,3897.0,147840.0,30248.0,4273.0,5642969.0,intrinsic,central,Kenyon_Cell,KCab,11862.0,KCab,KCab-m,MBp1,MBp1,dopamine,0.5949426477549129,"acetylcholine; sNPF; acetylcholine, sNPF","Barnstedt et al. 2016 (immuno, RNAi); Johard et al. (immuno); Aso et al. 2019 (scRNA-seq)",right,,fw000680,FBbt_00100248,,isomorphic,,,
81348673921244475,720575940631880217,155945.0,42041.0,3896.0,147880.0,27632.0,4177.0,5642983.0,intrinsic,central,Kenyon_Cell,KCab,11862.0,KCab,KCab-m,MBp1,MBp1,dopamine,0.6006241733943953,"acetylcholine; sNPF; acetylcholine, sNPF","Barnstedt et al. 2016 (immuno, RNAi); Johard et al. (immuno); Aso et al. 2019 (scRNA-seq)",right,,fw000681,FBbt_00100248,,isomorphic,,,
81278099153172382,720575940621413926,155061.0,39305.0,5133.0,159768.0,40680.0,5205.0,6783197.0,intrinsic,central,Kenyon_Cell,,17488.0,KCapbp-ap2,KCa'b'-ap2,MBp2,MBp2,dopamine,0.5017598425350548,acetylcholine; acetylcholine,"Barnstedt et al. 2016 (immuno, RNAi); Aso et al. 2019 (scRNA-seq)",right,,fw000682,FBbt:00049837,,isomorphic,,,
81278373896861741,720575940620273023,155537.0,43024.0,4102.0,144528.0,27232.0,4135.0,5630795.0,intrinsic,central,Kenyon_Cell,KCg,14292.0,KCg-m,KCg-m,MBp1,MBp1,dopamine,0.7908962000144121,"acetylcholine; sNPF; acetylcholine, sNPF","Barnstedt et al. 2016 (immuno); Johard et al., 2008 (immuno); Aso et al. 2019 (scRNA-seq)",right,,fw000683,FBbt_00111061,,isomorphic,,,
80432712015552603,720575940622930957,142920.0,24264.0,3658.0,142920.0,24264.0,3658.0,5589749.0,intrinsic,central,Kenyon_Cell,KCg,14292.0,KCg-m,KCg-m,MBp1,MBp1,dopamine,0.7855485013363079,"acetylcholine; sNPF; acetylcholine, sNPF","Barnstedt et al. 2016 (immuno); Johard et al., 2008 (immuno); Aso et al. 2019 (scRNA-seq)",right,,fw000686,FBbt_00111061,,isomorphic,,,
80643818248299537,720575940627568646,145608.0,24576.0,3806.0,145608.0,24576.0,3806.0,5592201.0,intrinsic,central,Kenyon_Cell,KCg,14292.0,KCg-m,KCg-m,MBp1,MBp1,dopamine,0.7584310479252662,"acetylcholine; sNPF; acetylcholine, sNPF","Barnstedt et al. 2016 (immuno); Johard et al., 2008 (immuno); Aso et al. 2019 (scRNA-seq)",right,,fw000688,FBbt_00111061,,isomorphic,,,
80784693175384977,720575940636551086,147672.0,26688.0,3648.0,147672.0,26688.0,3648.0,5631896.0,intrinsic,central,Kenyon_Cell,KCg,14292.0,KCg-m,KCg-m,MBp1,MBp1,dopamine,0.7814340156812479,"acetylcholine; sNPF; acetylcholine, sNPF","Barnstedt et al. 2016 (immuno); Johard et al., 2008 (immuno); Aso et al. 2019 (scRNA-seq)",right,,fw000689,FBbt_00111061,,isomorphic,,,
81278373896551566,720575940642948887,155425.0,42716.0,3896.0,147648.0,32528.0,4454.0,5642585.0,intrinsic,central,Kenyon_Cell,KCab,11862.0,KCab,KCab-m,MBp1,MBp1,dopamine,0.5287170234712248,"acetylcholine; sNPF; acetylcholine, sNPF","Barnstedt et al. 2016 (immuno, RNAi); Johard et al. (immuno); Aso et al. 2019 (scRNA-seq)",right,,fw000708,FBbt_00100248,,isomorphic,,,
81278374097730879,720575940613727399,155464.0,42768.0,5308.0,155464.0,42768.0,5308.0,6376339.0,intrinsic,central,Kenyon_Cell,,17488.0,KCapbp-ap2,KCa'b'-ap2,MBp2,MBp2,dopamine,0.5668321252607893,acetylcholine; acetylcholine,"Barnstedt et al. 2016 (immuno, RNAi); Aso et al. 2019 (scRNA-seq)",right,,fw000710,FBbt:00049837,,isomorphic,,,
81559848940241460,720575940624537836,158741.0,43474.0,4293.0,163800.0,40584.0,5037.0,6749677.0,intrinsic,central,Kenyon_Cell,KCg,14292.0,KCg-m,KCg-m,MBp2,MBp2,dopamine,0.7538430481999157,"acetylcholine; sNPF; acetylcholine, sNPF","Barnstedt et al. 2016 (immuno); Johard et al., 2008 (immuno); Aso et al. 2019 (scRNA-seq)",right,,fw000712,FBbt_00111061,,isomorphic,,,
80503080759816914,720575940639515965,143328.0,24880.0,3703.0,143328.0,24880.0,3703.0,5590483.0,intrinsic,central,Kenyon_Cell,KCg,14292.0,KCg-m,KCg-m,MBp1,MBp1,dopamine,0.8325794801213208,"acetylcholine; sNPF; acetylcholine, sNPF","Barnstedt et al. 2016 (immuno); Johard et al., 2008 (immuno); Aso et al. 2019 (scRNA-seq)",right,,fw000722,FBbt_00111061,,isomorphic,,,
81278305177070746,720575940621023297,155242.0,41606.0,3896.0,147888.0,23616.0,3676.0,5593692.0,intrinsic,central,Kenyon_Cell,KCg,14292.0,KCg-m,KCg-m,MBp1,MBp1,dopamine,0.7877736369477382,"acetylcholine; sNPF; acetylcholine, sNPF","Barnstedt et al. 2016 (immuno); Johard et al., 2008 (immuno); Aso et al. 2019 (scRNA-seq)",right,,fw000723,FBbt_00111061,,isomorphic,,,
81489342891167450,720575940633908124,158040.0,41224.0,5187.0,158040.0,41224.0,5187.0,6759405.0,intrinsic,central,Kenyon_Cell,KCab,11862.0,KCab,KCab-m,MBp2,MBp2,dopamine,0.5615329826063455,"acetylcholine; sNPF; acetylcholine, sNPF","Barnstedt et al. 2016 (immuno, RNAi); Johard et al. (immuno); Aso et al. 2019 (scRNA-seq)",right,,fw001264,FBbt_00100248,,isomorphic,,,
81419180104637718,720575940622891277,156903.0,44255.0,4102.0,158304.0,39808.0,5158.0,6748454.0,intrinsic,central,Kenyon_Cell,KCg,14292.0,KCg-m,KCg-m,MBp2,MBp2,dopamine,0.7416237224724148,"acetylcholine; sNPF; acetylcholine, sNPF","Barnstedt et al. 2016 (immuno); Johard et al., 2008 (immuno); Aso et al. 2019 (scRNA-seq)",right,,fw001270,FBbt_00111061,,isomorphic,,,
81278442817393755,720575940642022088,155320.0,44304.0,5417.0,155320.0,44304.0,5417.0,6376260.0,intrinsic,central,Kenyon_Cell,,17488.0,KCapbp-ap1,KCa'b'-ap1,MBp2,MBp2,dopamine,0.6193299807267088,acetylcholine; acetylcholine,"Barnstedt et al. 2016 (immuno, RNAi); Aso et al. 2019 (scRNA-seq)",right,,fw001276,FBbt:00049836,,isomorphic,,,
81911692728527303,720575940602605536,164256.0,42728.0,5027.0,164256.0,42728.0,5027.0,6825979.0,intrinsic,central,Kenyon_Cell,KCab,11862.0,KCab,KCab-m,MBp2,MBp2,dopamine,0.6098517730583888,"acetylcholine; sNPF; acetylcholine, sNPF","Barnstedt et al. 2016 (immuno, RNAi); Johard et al. (immuno); Aso et al. 2019 (scRNA-seq)",right,,fw001277,FBbt_00100248,,isomorphic,,,
82122111765869333,720575940620422494,167504.0,32432.0,4697.0,167504.0,32432.0,4697.0,7064399.0,intrinsic,central,Kenyon_Cell,,17488.0,KCapbp-ap1,KCa'b'-ap1,MBp4,MBp4,dopamine,0.4928035690014125,acetylcholine; acetylcholine,"Barnstedt et al. 2016 (immuno, RNAi); Aso et al. 2019 (scRNA-seq)",right,,fw001283,FBbt:00049836,,isomorphic,,,
81910799308079774,720575940633004383,164248.0,29848.0,4384.0,164248.0,29848.0,4384.0,6716587.0,intrinsic,central,Kenyon_Cell,KCab,11862.0,KCab,KCab-s,MBp4,MBp4,dopamine,0.6118976236779574,"acetylcholine; sNPF; acetylcholine, sNPF","Barnstedt et al. 2016 (immuno, RNAi); Johard et al. (immuno); Aso et al. 2019 (scRNA-seq)",right,,fw001296,FBbt_00100248,,isomorphic,,,
81348673921241360,720575940616345403,156543.0,42510.0,3897.0,148848.0,32440.0,4754.0,6312690.0,intrinsic,central,Kenyon_Cell,KCab,11862.0,KCab,KCab-s,MBp1,MBp1,dopamine,0.6279695848473414,"acetylcholine; sNPF; acetylcholine, sNPF","Barnstedt et al. 2016 (immuno, RNAi); Johard et al. (immuno); Aso et al. 2019 (scRNA-seq)",right,,fw001426,FBbt_00100248,,isomorphic,,,
81347574409899356,720575940617436305,155792.0,25416.0,4079.0,155792.0,25416.0,4079.0,6310812.0,intrinsic,central,Kenyon_Cell,KCg,14292.0,KCg-m,KCg-m,MBp3,MBp3,dopamine,0.7187905986319179,"acetylcholine; sNPF; acetylcholine, sNPF","Barnstedt et al. 2016 (immuno); Johard et al., 2008 (immuno); Aso et al. 2019 (scRNA-seq)",right,,fw001429,FBbt_00111061,,isomorphic,,,
81347643196061219,720575940627245701,155848.0,26408.0,4276.0,155848.0,26408.0,4276.0,6320836.0,intrinsic,central,Kenyon_Cell,,17488.0,KCapbp-m,KCa'b'-m,MBp3,MBp3,dopamine,0.5148693609010798,acetylcholine; acetylcholine,"Barnstedt et al. 2016 (immuno, RNAi); Aso et al. 2019 (scRNA-seq)",right,,fw001430,FBbt:00100253,,isomorphic,,,
80996761615429534,720575940652837793,151296.0,41264.0,5131.0,151296.0,41264.0,5131.0,6352585.0,intrinsic,central,Kenyon_Cell,KCg,14292.0,KCg-m,KCg-m,MBp2,MBp2,dopamine,0.797832657539521,"acetylcholine; sNPF; acetylcholine, sNPF","Barnstedt et al. 2016 (immuno); Johard et al., 2008 (immuno); Aso et al. 2019 (scRNA-seq)",right,,fw001451,FBbt_00111061,,isomorphic,,,
80854924480664600,720575940623546638,149240.0,24912.0,3680.0,149240.0,24912.0,3680.0,6278110.0,intrinsic,central,Kenyon_Cell,KCg,14292.0,KCg-m,KCg-m,MBp1,MBp1,dopamine,0.7379274648387988,"acetylcholine; sNPF; acetylcholine, sNPF","Barnstedt et al. 2016 (immuno); Johard et al., 2008 (immuno); Aso et al. 2019 (scRNA-seq)",right,,fw001473,FBbt_00111061,,isomorphic,,,
81348673921243443,720575940617982800,156051.0,42254.0,3897.0,147608.0,27144.0,4105.0,5631902.0,intrinsic,central,Kenyon_Cell,KCab,11862.0,KCab,KCab-m,MBp1,MBp1,dopamine,0.5640950098600512,"acetylcholine; sNPF; acetylcholine, sNPF","Barnstedt et al. 2016 (immuno, RNAi); Johard et al. (immuno); Aso et al. 2019 (scRNA-seq)",right,,fw001483,FBbt_00100248,,isomorphic,,,
80784555736629296,720575940629671235,147872.0,24640.0,3783.0,147872.0,24640.0,3783.0,5593687.0,intrinsic,central,Kenyon_Cell,KCg,14292.0,KCg-m,KCg-m,MBp1,MBp1,dopamine,0.802053472525434,"acetylcholine; sNPF; acetylcholine, sNPF","Barnstedt et al. 2016 (immuno); Johard et al., 2008 (immuno); Aso et al. 2019 (scRNA-seq)",right,,fw001484,FBbt_00111061,,isomorphic,,,
81911005466743703,720575940619693003,163944.0,32552.0,4586.0,163944.0,32552.0,4586.0,6715838.0,intrinsic,central,Kenyon_Cell,KCab,11862.0,KCab,KCab-m,MBp4,MBp4,dopamine,0.6367866359351546,"acetylcholine; sNPF; acetylcholine, sNPF","Barnstedt et al. 2016 (immuno, RNAi); Johard et al. (immuno); Aso et al. 2019 (scRNA-seq)",right,,fw001585,FBbt_00100248,,isomorphic,,,
81840224405206904,720575940622067113,163456.0,27216.0,4196.0,163456.0,27216.0,4196.0,6713818.0,intrinsic,central,Kenyon_Cell,KCg,14292.0,KCg-m,KCg-m,MBp4,MBp4,dopamine,0.7520908539145793,"acetylcholine; sNPF; acetylcholine, sNPF","Barnstedt et al. 2016 (immuno); Johard et al., 2008 (immuno); Aso et al. 2019 (scRNA-seq)",right,,fw001591,FBbt_00111061,,isomorphic,,,
80714186992539607,720575940623377555,146704.0,24344.0,3844.0,146704.0,24344.0,3844.0,5593015.0,intrinsic,central,Kenyon_Cell,,17488.0,KCapbp-ap2,KCa'b'-ap2,MBp1,MBp1,dopamine,0.5648021870014927,acetylcholine; acetylcholine,"Barnstedt et al. 2016 (immuno, RNAi); Aso et al. 2019 (scRNA-seq)",right,,fw001603,FBbt:00049837,,isomorphic,,,
81278236658833472,720575940627924935,154952.0,41168.0,5337.0,154952.0,41168.0,5337.0,6356903.0,intrinsic,central,Kenyon_Cell,,17488.0,KCapbp-m,KCa'b'-m,MBp2,MBp2,dopamine,0.5335459699417835,acetylcholine; acetylcholine,"Barnstedt et al. 2016 (immuno, RNAi); Aso et al. 2019 (scRNA-seq)",right,,fw001616,FBbt:00100253,,isomorphic,,,
81419248823980216,720575940620500417,157533.0,44738.0,3976.0,154376.0,40608.0,5310.0,6356347.0,intrinsic,central,Kenyon_Cell,KCg,14292.0,KCg-m,KCg-m,MBp2,MBp2,dopamine,0.747253040280406,"acetylcholine; sNPF; acetylcholine, sNPF","Barnstedt et al. 2016 (immuno); Johard et al., 2008 (immuno); Aso et al. 2019 (scRNA-seq)",right,,fw001620,FBbt_00111061,,isomorphic,,,
80362343204882095,720575940631594809,141264.0,24912.0,3578.0,141264.0,24912.0,3578.0,5588056.0,intrinsic,central,Kenyon_Cell,KCg,14292.0,KCg-m,KCg-m,MBp1,MBp1,dopamine,0.7162236920536194,"acetylcholine; sNPF; acetylcholine, sNPF","Barnstedt et al. 2016 (immuno); Johard et al., 2008 (immuno); Aso et al. 2019 (scRNA-seq)",right,,fw001650,FBbt_00111061,,isomorphic,,,
82544324164241247,720575940608447241,173872.0,32992.0,4455.0,173872.0,32992.0,4455.0,7336701.0,intrinsic,central,Kenyon_Cell,KCab,11862.0,KCab,KCab-s,MBp4,MBp4,dopamine,0.6537117044391938,"acetylcholine; sNPF; acetylcholine, sNPF","Barnstedt et al. 2016 (immuno, RNAi); Johard et al. (immuno); Aso et al. 2019 (scRNA-seq)",right,,fw001703,FBbt_00100248,,isomorphic,,,
81910593149450758,720575940630300613,164272.0,26600.0,4260.0,164272.0,26600.0,4260.0,6716631.0,intrinsic,central,Kenyon_Cell,,17488.0,KCapbp-ap2,KCa'b'-ap2,MBp4,MBp4,dopamine,0.5781179409699283,acetylcholine; acetylcholine,"Barnstedt et al. 2016 (immuno, RNAi); Aso et al. 2019 (scRNA-seq)",right,,fw001733,FBbt:00049837,,isomorphic,,,
80714186992664102,720575940619960926,147168.0,24768.0,3933.0,147168.0,24768.0,3933.0,5593403.0,intrinsic,central,Kenyon_Cell,,17488.0,KCapbp-ap2,KCa'b'-ap2,MBp1,MBp1,dopamine,0.5213296827139451,acetylcholine; acetylcholine,"Barnstedt et al. 2016 (immuno, RNAi); Aso et al. 2019 (scRNA-seq)",right,,fw001735,FBbt:00049837,,isomorphic,,,
82403586676008464,720575940648205945,171680.0,32672.0,4576.0,171680.0,32672.0,4576.0,7067197.0,intrinsic,central,Kenyon_Cell,,17488.0,KCapbp-m,KCa'b'-m,MBp4,MBp4,dopamine,0.4712857315427292,acetylcholine; acetylcholine,"Barnstedt et al. 2016 (immuno, RNAi); Aso et al. 2019 (scRNA-seq)",right,,fw001750,FBbt:00100253,,isomorphic,,,
81348742640975675,720575940626864414,155589.0,42890.0,4103.0,143888.0,24216.0,3705.0,5590874.0,intrinsic,central,Kenyon_Cell,KCg,14292.0,KCg-m,KCg-m,MBp1,MBp1,dopamine,0.7723762165537489,"acetylcholine; sNPF; acetylcholine, sNPF","Barnstedt et al. 2016 (immuno); Johard et al., 2008 (immuno); Aso et al. 2019 (scRNA-seq)",right,,fw001751,FBbt_00111061,,isomorphic,,,
80784693242597773,720575940644413732,147680.0,26696.0,4241.0,147680.0,26696.0,4241.0,5642532.0,intrinsic,central,Kenyon_Cell,,11862.0,KCab-p,KCab-p,MBp1,MBp1,dopamine,0.5832509691788371,acetylcholine; acetylcholine,Barnstedt et al. 2016 (immuno); Aso et al. 2019 (scRNA-seq),right,,fw001752,FBbt_00110931,,isomorphic,,,
81277274452143818,720575940618572422,155448.0,26848.0,4466.0,155448.0,26848.0,4466.0,6319711.0,intrinsic,central,Kenyon_Cell,,17488.0,KCapbp-ap2,KCa'b'-ap2,MBp3,MBp3,dopamine,0.5516191842474042,acetylcholine; acetylcholine,"Barnstedt et al. 2016 (immuno, RNAi); Aso et al. 2019 (scRNA-seq)",right,,fw001776,FBbt:00049837,,isomorphic,,,
80996486737294149,720575940625266057,150834.0,37212.0,4975.0,147936.0,30832.0,4680.0,5642985.0,intrinsic,central,Kenyon_Cell,KCg,14292.0,KCg-m,KCg-m,MBp2,MBp2,dopamine,0.7584512138050586,"acetylcholine; sNPF; acetylcholine, sNPF","Barnstedt et al. 2016 (immuno); Johard et al., 2008 (immuno); Aso et al. 2019 (scRNA-seq)",right,,fw001788,FBbt_00111061,,isomorphic,,,
81278099153160328,720575940625834900,155214.0,39361.0,5132.0,159888.0,41048.0,5117.0,6748588.0,intrinsic,central,Kenyon_Cell,,17488.0,KCapbp-ap2,KCa'b'-ap2,MBp2,MBp2,dopamine,0.5084624184015192,acetylcholine; acetylcholine,"Barnstedt et al. 2016 (immuno, RNAi); Aso et al. 2019 (scRNA-seq)",right,,fw001834,FBbt:00049837,,isomorphic,,,
81981924033724960,720575940623978789,165592.0,40600.0,4978.0,165592.0,40600.0,4978.0,7074693.0,intrinsic,central,Kenyon_Cell,KCab,11862.0,KCab,KCab-s,MBp2,MBp2,dopamine,0.5977523389886679,"acetylcholine; sNPF; acetylcholine, sNPF","Barnstedt et al. 2016 (immuno, RNAi); Johard et al. (immuno); Aso et al. 2019 (scRNA-seq)",right,,fw001845,FBbt_00100248,,isomorphic,,,
80362343271429573,720575940615346363,141288.0,24760.0,3679.0,141288.0,24760.0,3679.0,5588151.0,intrinsic,central,Kenyon_Cell,KCg,14292.0,KCg-m,KCg-m,MBp1,MBp1,dopamine,0.7164815916951904,"acetylcholine; sNPF; acetylcholine, sNPF","Barnstedt et al. 2016 (immuno); Johard et al., 2008 (immuno); Aso et al. 2019 (scRNA-seq)",right,,fw001847,FBbt_00111061,,isomorphic,,,
81277274451831138,720575940622075274,155224.0,27096.0,4241.0,155224.0,27096.0,4241.0,6319675.0,intrinsic,central,Kenyon_Cell,,17488.0,KCapbp-ap1,KCa'b'-ap1,MBp3,MBp3,dopamine,0.5118860129276732,acetylcholine; acetylcholine,"Barnstedt et al. 2016 (immuno, RNAi); Aso et al. 2019 (scRNA-seq)",right,,fw001856,FBbt:00049836,,isomorphic,,,
81347711915529871,720575940606496011,156024.0,27800.0,4253.0,156024.0,27800.0,4253.0,6321057.0,intrinsic,central,Kenyon_Cell,,17488.0,KCapbp-ap2,KCa'b'-ap2,MBp3,MBp3,dopamine,0.5485701448174523,acetylcholine; acetylcholine,"Barnstedt et al. 2016 (immuno, RNAi); Aso et al. 2019 (scRNA-seq)",right,,fw001869,FBbt:00049837,,isomorphic,,,
81278236658599199,720575940631408610,155264.0,41072.0,5150.0,155264.0,41072.0,5150.0,6353046.0,intrinsic,central,Kenyon_Cell,KCab,11862.0,KCab,KCab-s,MBp2,MBp2,dopamine,0.5989703032199397,"acetylcholine; sNPF; acetylcholine, sNPF","Barnstedt et al. 2016 (immuno, RNAi); Johard et al. (immuno); Aso et al. 2019 (scRNA-seq)",right,,fw001881,FBbt_00100248,,isomorphic,,,
80854924480976808,720575940624453868,149416.0,24592.0,3917.0,149416.0,24592.0,3917.0,6277784.0,intrinsic,central,Kenyon_Cell,,17488.0,KCapbp-m,KCa'b'-m,MBp1,MBp1,dopamine,0.526814897008355,acetylcholine; acetylcholine,"Barnstedt et al. 2016 (immuno, RNAi); Aso et al. 2019 (scRNA-seq)",right,,fw001909,FBbt:00100253,,isomorphic,,,
81347643195858010,720575940636114239,155936.0,27232.0,4130.0,155936.0,27232.0,4130.0,6310869.0,intrinsic,central,Kenyon_Cell,,17488.0,KCapbp-ap1,KCa'b'-ap1,MBp3,MBp3,dopamine,0.5409237518087098,acetylcholine; acetylcholine,"Barnstedt et al. 2016 (immuno, RNAi); Aso et al. 2019 (scRNA-seq)",right,,fw001914,FBbt:00049836,,isomorphic,,,
81489342891314392,720575940632481363,158424.0,41160.0,5292.0,158424.0,41160.0,5292.0,6764758.0,intrinsic,central,Kenyon_Cell,,17488.0,KCapbp-m,KCa'b'-m,MBp2,MBp2,dopamine,0.4573048532476712,acetylcholine; acetylcholine,"Barnstedt et al. 2016 (immuno, RNAi); Aso et al. 2019 (scRNA-seq)",right,,fw001943,FBbt:00100253,,isomorphic,,,
81348673921252471,720575940622103275,155788.0,42195.0,3897.0,147192.0,32504.0,4230.0,5641681.0,intrinsic,central,Kenyon_Cell,KCab,11862.0,KCab,KCab-m,MBp1,MBp1,dopamine,0.5851338490899791,"acetylcholine; sNPF; acetylcholine, sNPF","Barnstedt et al. 2016 (immuno, RNAi); Johard et al. (immuno); Aso et al. 2019 (scRNA-seq)",right,,fw001959,FBbt_00100248,,isomorphic,,,
81910730588670212,720575940630025788,164152.0,28568.0,4447.0,164152.0,28568.0,4447.0,6716322.0,intrinsic,central,Kenyon_Cell,KCab,11862.0,KCab,KCab-m,MBp4,MBp4,dopamine,0.5831132843583743,"acetylcholine; sNPF; acetylcholine, sNPF","Barnstedt et al. 2016 (immuno, RNAi); Johard et al. (immuno); Aso et al. 2019 (scRNA-seq)",right,,fw001977,FBbt_00100248,,isomorphic,,,
80996143072949284,720575940645210222,150911.0,32020.0,4572.0,147384.0,29608.0,4171.0,5641916.0,intrinsic,central,Kenyon_Cell,KCab,11862.0,KCab,KCab-s,MBp1,MBp1,dopamine,0.5548062882083988,"acetylcholine; sNPF; acetylcholine, sNPF","Barnstedt et al. 2016 (immuno, RNAi); Johard et al. (immuno); Aso et al. 2019 (scRNA-seq)",right,,fw001984,FBbt_00100248,,isomorphic,,,
80714530590136156,720575940620537071,147096.0,29656.0,4073.0,147096.0,29656.0,4073.0,5631716.0,intrinsic,central,Kenyon_Cell,KCg,14292.0,KCg-m,KCg-m,MBp1,MBp1,dopamine,0.7490841209419474,"acetylcholine; sNPF; acetylcholine, sNPF","Barnstedt et al. 2016 (immuno); Johard et al., 2008 (immuno); Aso et al. 2019 (scRNA-seq)",right,,fw002003,FBbt_00111061,,isomorphic,,,
80714461870682748,720575940628128079,146440.0,29080.0,4055.0,146440.0,29080.0,4055.0,5631504.0,intrinsic,central,Kenyon_Cell,KCg,14292.0,KCg-m,KCg-m,MBp1,MBp1,dopamine,0.7695185471667613,"acetylcholine; sNPF; acetylcholine, sNPF","Barnstedt et al. 2016 (immuno); Johard et al., 2008 (immuno); Aso et al. 2019 (scRNA-seq)",right,,fw002008,FBbt_00111061,,isomorphic,,,
81489480196077258,720575940621897249,158505.0,43535.0,4294.0,163640.0,41336.0,4993.0,6749729.0,intrinsic,central,Kenyon_Cell,KCg,14292.0,KCg-m,KCg-m,MBp2,MBp2,dopamine,0.7837493172316041,"acetylcholine; sNPF; acetylcholine, sNPF","Barnstedt et al. 2016 (immuno); Johard et al., 2008 (immuno); Aso et al. 2019 (scRNA-seq)",right,,fw002063,FBbt_00111061,,isomorphic,,,
81489617568153246,720575940615219778,157843.0,44692.0,3977.0,159072.0,40728.0,5159.0,6748507.0,intrinsic,central,Kenyon_Cell,KCg,14292.0,KCg-m,KCg-m,MBp2,MBp2,dopamine,0.7976843725433881,"acetylcholine; sNPF; acetylcholine, sNPF","Barnstedt et al. 2016 (immuno); Johard et al., 2008 (immuno); Aso et al. 2019 (scRNA-seq)",right,,fw002093,FBbt_00111061,,isomorphic,,,
81348674122268151,720575940608774776,156064.0,42312.0,5176.0,156064.0,42312.0,5176.0,6376610.0,intrinsic,central,Kenyon_Cell,KCab,11862.0,KCab,KCab-m,MBp2,MBp2,dopamine,0.5469380571068029,"acetylcholine; sNPF; acetylcholine, sNPF","Barnstedt et al. 2016 (immuno, RNAi); Johard et al. (immuno); Aso et al. 2019 (scRNA-seq)",right,,fw002094,FBbt_00100248,,isomorphic,,,
81348880280677256,720575940625235033,155824.0,45304.0,5152.0,155824.0,45304.0,5152.0,6371561.0,intrinsic,central,Kenyon_Cell,,17488.0,KCapbp-ap1,KCa'b'-ap1,MBp2,MBp2,dopamine,0.5704627120790835,acetylcholine; acetylcholine,"Barnstedt et al. 2016 (immuno, RNAi); Aso et al. 2019 (scRNA-seq)",right,,fw002104,FBbt:00049836,,isomorphic,,,
81347849354325604,720575940631661281,156184.0,29688.0,4140.0,156184.0,29688.0,4140.0,6692414.0,intrinsic,central,Kenyon_Cell,,17488.0,KCapbp-ap1,KCa'b'-ap1,MBp3,MBp3,dopamine,0.499177660967838,acetylcholine; acetylcholine,"Barnstedt et al. 2016 (immuno, RNAi); Aso et al. 2019 (scRNA-seq)",right,,fw002109,FBbt:00049836,,isomorphic,,,
81347780568327285,720575940626803279,155960.0,28968.0,4079.0,155960.0,28968.0,4079.0,6310829.0,intrinsic,central,Kenyon_Cell,,17488.0,KCapbp-ap1,KCa'b'-ap1,MBp3,MBp3,dopamine,0.5332195454886406,acetylcholine; acetylcholine,"Barnstedt et al. 2016 (immuno, RNAi); Aso et al. 2019 (scRNA-seq)",right,,fw002128,FBbt:00049836,,isomorphic,,,
81347849421467011,720575940631573039,156040.0,30032.0,4694.0,156040.0,30032.0,4694.0,6321200.0,intrinsic,central,Kenyon_Cell,KCab,11862.0,KCab,KCab-c,MBp3,MBp3,dopamine,0.5552448799376729,"acetylcholine; sNPF; acetylcholine, sNPF","Barnstedt et al. 2016 (immuno, RNAi); Johard et al. (immuno); Aso et al. 2019 (scRNA-seq)",right,,fw002176,FBbt_00100248,,isomorphic,,,
81489548915530447,720575940612020008,158592.0,43765.0,4294.0,162488.0,45896.0,5084.0,6825586.0,intrinsic,central,Kenyon_Cell,KCg,19102.0,KCg-d,KCg-d,MBp2,MBp2,dopamine,0.6006245092103472,"acetylcholine; sNPF; acetylcholine, sNPF","Barnstedt et al. 2016 (immuno); Johard et al., 2008 (immuno); Aso et al. 2019 (scRNA-seq)",right,,fw002207,FBbt_00110932,,isomorphic,,,
81137567823168519,720575940621786807,152752.0,42264.0,5082.0,152752.0,42264.0,5082.0,6370910.0,intrinsic,central,Kenyon_Cell,KCab,11862.0,KCab,KCab-s,MBp2,MBp2,dopamine,0.4965444453244614,"acetylcholine; sNPF; acetylcholine, sNPF","Barnstedt et al. 2016 (immuno, RNAi); Johard et al. (immuno); Aso et al. 2019 (scRNA-seq)",right,,fw002216,FBbt_00100248,,isomorphic,,,
81910730521722097,720575940635288943,164216.0,28888.0,4087.0,164216.0,28888.0,4087.0,6693437.0,intrinsic,central,Kenyon_Cell,KCg,14292.0,KCg-m,KCg-m,MBp4,MBp4,dopamine,0.8436171080815287,"acetylcholine; sNPF; acetylcholine, sNPF","Barnstedt et al. 2016 (immuno); Johard et al., 2008 (immuno); Aso et al. 2019 (scRNA-seq)",right,,fw002226,FBbt_00111061,,isomorphic,,,
81841186545279006,720575940639726555,163152.0,41272.0,4926.0,163152.0,41272.0,4926.0,6749561.0,intrinsic,central,Kenyon_Cell,KCab,11862.0,KCab,KCab-s,MBp2,MBp2,dopamine,0.6417995064818988,"acetylcholine; sNPF; acetylcholine, sNPF","Barnstedt et al. 2016 (immuno, RNAi); Johard et al. (immuno); Aso et al. 2019 (scRNA-seq)",right,,fw002238,FBbt_00100248,,isomorphic,,,
81559848940238069,720575940606667977,159021.0,43219.0,4294.0,163592.0,37128.0,5077.0,6749593.0,intrinsic,central,Kenyon_Cell,KCg,14292.0,KCg-m,KCg-m,MBp4,MBp4,dopamine,0.7559070336942824,"acetylcholine; sNPF; acetylcholine, sNPF","Barnstedt et al. 2016 (immuno); Johard et al., 2008 (immuno); Aso et al. 2019 (scRNA-seq)",right,,fw002240,FBbt_00111061,,isomorphic,,,
81559848940231144,720575940626562665,158700.0,43232.0,4293.0,155264.0,30224.0,4084.0,6310667.0,intrinsic,central,Kenyon_Cell,KCg,14292.0,KCg-m,KCg-m,MBp3,MBp3,dopamine,0.7750493020114588,"acetylcholine; sNPF; acetylcholine, sNPF","Barnstedt et al. 2016 (immuno); Johard et al., 2008 (immuno); Aso et al. 2019 (scRNA-seq)",right,,fw002250,FBbt_00111061,,isomorphic,,,
81277893061197076,720575940632963245,155544.0,35888.0,5157.0,155544.0,35888.0,5157.0,6353056.0,intrinsic,central,Kenyon_Cell,KCg,14292.0,KCg-m,KCg-m,MBp3,MBp3,dopamine,0.7245042540796565,"acetylcholine; sNPF; acetylcholine, sNPF","Barnstedt et al. 2016 (immuno); Johard et al., 2008 (immuno); Aso et al. 2019 (scRNA-seq)",right,,fw002268,FBbt_00111061,,isomorphic,,,
80995936847360194,720575940622387677,150936.0,28744.0,4017.0,150936.0,28744.0,4017.0,6308935.0,intrinsic,central,Kenyon_Cell,KCg,14292.0,KCg-m,KCg-m,MBp1,MBp1,dopamine,0.7514403857796312,"acetylcholine; sNPF; acetylcholine, sNPF","Barnstedt et al. 2016 (immuno); Johard et al., 2008 (immuno); Aso et al. 2019 (scRNA-seq)",right,,fw002339,FBbt_00111061,,isomorphic,,,
81278305177071493,720575940628895831,155278.0,42439.0,3897.0,146032.0,31976.0,4132.0,5631461.0,intrinsic,central,Kenyon_Cell,KCab,11862.0,KCab,KCab-m,MBp1,MBp1,dopamine,0.6070249411605689,"acetylcholine; sNPF; acetylcholine, sNPF","Barnstedt et al. 2016 (immuno, RNAi); Johard et al. (immuno); Aso et al. 2019 (scRNA-seq)",right,,fw002346,FBbt_00100248,,isomorphic,,,
81348467897374595,720575940632558675,155645.0,39166.0,5133.0,163032.0,40232.0,5080.0,6749460.0,intrinsic,central,Kenyon_Cell,,17488.0,KCapbp-ap2,KCa'b'-ap2,MBp2,MBp2,dopamine,0.5746023960163088,acetylcholine; acetylcholine,"Barnstedt et al. 2016 (immuno, RNAi); Aso et al. 2019 (scRNA-seq)",right,,fw002348,FBbt:00049837,,isomorphic,,,
81559917592815997,720575940620577652,159139.0,43720.0,3977.0,156080.0,30216.0,4356.0,6321186.0,intrinsic,central,Kenyon_Cell,,17488.0,KCapbp-ap1,KCa'b'-ap1,MBp3,MBp3,dopamine,0.5674462100468427,acetylcholine; acetylcholine,"Barnstedt et al. 2016 (immuno, RNAi); Aso et al. 2019 (scRNA-seq)",right,,fw002360,FBbt:00049836,,isomorphic,,,
81418080593013243,720575940612450730,156872.0,28056.0,4060.0,156872.0,28056.0,4060.0,6692477.0,intrinsic,central,Kenyon_Cell,KCg,14292.0,KCg-m,KCg-m,MBp3,MBp3,dopamine,0.7874969204944039,"acetylcholine; sNPF; acetylcholine, sNPF","Barnstedt et al. 2016 (immuno); Johard et al., 2008 (immuno); Aso et al. 2019 (scRNA-seq)",right,,fw002485,FBbt_00111061,,isomorphic,,,
81348811360481623,720575940624940814,156377.0,44067.0,4103.0,156392.0,46208.0,5158.0,6823167.0,intrinsic,central,Kenyon_Cell,KCg,14292.0,KCg-m,KCg-m,MBp2,MBp2,dopamine,0.7689524494041166,"acetylcholine; sNPF; acetylcholine, sNPF","Barnstedt et al. 2016 (immuno); Johard et al., 2008 (immuno); Aso et al. 2019 (scRNA-seq)",right,,fw002519,FBbt_00111061,,isomorphic,,,
81489411610527970,720575940617093533,157984.0,42320.0,5144.0,157984.0,42320.0,5144.0,6824562.0,intrinsic,central,Kenyon_Cell,KCab,11862.0,KCab,KCab-m,MBp2,MBp2,dopamine,0.6312038993465865,"acetylcholine; sNPF; acetylcholine, sNPF","Barnstedt et al. 2016 (immuno, RNAi); Johard et al. (immuno); Aso et al. 2019 (scRNA-seq)",right,,fw002520,FBbt_00100248,,isomorphic,,,
81840155619149702,720575940623011720,163496.0,26168.0,4089.0,163496.0,26168.0,4089.0,6693345.0,intrinsic,central,Kenyon_Cell,KCg,14292.0,KCg-m,KCg-m,MBp4,MBp4,dopamine,0.8252482760090244,"acetylcholine; sNPF; acetylcholine, sNPF","Barnstedt et al. 2016 (immuno); Johard et al., 2008 (immuno); Aso et al. 2019 (scRNA-seq)",right,,fw002601,FBbt_00111061,,isomorphic,,,
81278305177327205,720575940620507862,154749.0,42238.0,4102.0,147840.0,30968.0,3987.0,5631973.0,intrinsic,central,Kenyon_Cell,KCg,14292.0,KCg-m,KCg-m,MBp1,MBp1,dopamine,0.8202541882040866,"acetylcholine; sNPF; acetylcholine, sNPF","Barnstedt et al. 2016 (immuno); Johard et al., 2008 (immuno); Aso et al. 2019 (scRNA-seq)",right,,fw002621,FBbt_00111061,,isomorphic,,,
81348811360424214,720575940630360377,156353.0,43864.0,4102.0,149992.0,38120.0,5083.0,6352134.0,intrinsic,central,Kenyon_Cell,KCg,14292.0,KCg-m,KCg-m,MBp2,MBp2,dopamine,0.8156850248306877,"acetylcholine; sNPF; acetylcholine, sNPF","Barnstedt et al. 2016 (immuno); Johard et al., 2008 (immuno); Aso et al. 2019 (scRNA-seq)",right,,fw002634,FBbt_00111061,,isomorphic,,,
80995936913951652,720575940614224490,150608.0,28648.0,4133.0,150608.0,28648.0,4133.0,6308899.0,intrinsic,central,Kenyon_Cell,KCg,14292.0,KCg-m,KCg-m,MBp1,MBp1,dopamine,0.7547693316275298,"acetylcholine; sNPF; acetylcholine, sNPF","Barnstedt et al. 2016 (immuno); Johard et al., 2008 (immuno); Aso et al. 2019 (scRNA-seq)",right,,fw002646,FBbt_00111061,,isomorphic,,,
81207043079949137,720575940634878047,153864.0,28904.0,4054.0,153864.0,28904.0,4054.0,6310149.0,intrinsic,central,Kenyon_Cell,KCg,14292.0,KCg-m,KCg-m,MBp1,MBp1,dopamine,0.79545132367779,"acetylcholine; sNPF; acetylcholine, sNPF","Barnstedt et al. 2016 (immuno); Johard et al., 2008 (immuno); Aso et al. 2019 (scRNA-seq)",right,,fw002660,FBbt_00111061,,isomorphic,,,
81559848940231026,720575940610907490,159300.0,43062.0,4294.0,162760.0,27496.0,4063.0,6693242.0,intrinsic,central,Kenyon_Cell,KCg,14292.0,KCg-m,KCg-m,MBp4,MBp4,dopamine,0.7787269112465829,"acetylcholine; sNPF; acetylcholine, sNPF","Barnstedt et al. 2016 (immuno); Johard et al., 2008 (immuno); Aso et al. 2019 (scRNA-seq)",right,,fw002676,FBbt_00111061,,isomorphic,,,
81348742640962554,720575940630650711,155922.0,43328.0,4103.0,159304.0,39864.0,5083.0,6748500.0,intrinsic,central,Kenyon_Cell,KCg,14292.0,KCg-m,KCg-m,MBp2,MBp2,dopamine,0.8158275352111194,"acetylcholine; sNPF; acetylcholine, sNPF","Barnstedt et al. 2016 (immuno); Johard et al., 2008 (immuno); Aso et al. 2019 (scRNA-seq)",right,,fw002694,FBbt_00111061,,isomorphic,,,
81489480196047680,720575940626779398,158077.0,43647.0,4293.0,164424.0,41296.0,5050.0,7074252.0,intrinsic,central,Kenyon_Cell,KCg,14292.0,KCg-m,KCg-m,MBp2,MBp2,dopamine,0.7053000476508149,"acetylcholine; sNPF; acetylcholine, sNPF","Barnstedt et al. 2016 (immuno); Johard et al., 2008 (immuno); Aso et al. 2019 (scRNA-seq)",right,,fw002705,FBbt_00111061,,isomorphic,,,
81136743121768881,720575940620055790,152752.0,30256.0,4132.0,152752.0,30256.0,4132.0,6309732.0,intrinsic,central,Kenyon_Cell,KCg,14292.0,KCg-m,KCg-m,MBp3,MBp3,dopamine,0.7792783937544079,"acetylcholine; sNPF; acetylcholine, sNPF","Barnstedt et al. 2016 (immuno); Johard et al., 2008 (immuno); Aso et al. 2019 (scRNA-seq)",right,,fw002708,FBbt_00111061,,isomorphic,,,
80503218199253339,720575940631531055,144136.0,26744.0,4062.0,144136.0,26744.0,4062.0,5630503.0,intrinsic,central,Kenyon_Cell,KCg,14292.0,KCg-m,KCg-m,MBp1,MBp1,dopamine,0.777579627181601,"acetylcholine; sNPF; acetylcholine, sNPF","Barnstedt et al. 2016 (immuno); Johard et al., 2008 (immuno); Aso et al. 2019 (scRNA-seq)",right,,fw002710,FBbt_00111061,,isomorphic,,,
80926049340326458,720575940608345867,149928.0,35912.0,5146.0,149928.0,35912.0,5146.0,6352164.0,intrinsic,central,Kenyon_Cell,KCg,14292.0,KCg-m,KCg-m,MBp2,MBp2,dopamine,0.7985199116643811,"acetylcholine; sNPF; acetylcholine, sNPF","Barnstedt et al. 2016 (immuno); Johard et al., 2008 (immuno); Aso et al. 2019 (scRNA-seq)",right,,fw002714,FBbt_00111061,,isomorphic,,,
81419249024863351,720575940612435198,156760.0,44696.0,5155.0,156760.0,44696.0,5155.0,6823527.0,intrinsic,central,Kenyon_Cell,KCab,11862.0,KCab,KCab-c,MBp2,MBp2,dopamine,0.6439557135725592,"acetylcholine; sNPF; acetylcholine, sNPF","Barnstedt et al. 2016 (immuno, RNAi); Johard et al. (immuno); Aso et al. 2019 (scRNA-seq)",right,,fw002716,FBbt_00100248,,isomorphic,,,
80855061986621361,720575940625740169,149216.0,26776.0,4134.0,149216.0,26776.0,4134.0,6308179.0,intrinsic,central,Kenyon_Cell,,17488.0,KCapbp-m,KCa'b'-m,MBp1,MBp1,dopamine,0.5227691830878946,acetylcholine; acetylcholine,"Barnstedt et al. 2016 (immuno, RNAi); Aso et al. 2019 (scRNA-seq)",right,,fw002728,FBbt:00100253,,isomorphic,,,
81489617568128609,720575940628321539,157991.0,44722.0,3977.0,151400.0,32344.0,4135.0,6309216.0,intrinsic,central,Kenyon_Cell,KCg,19102.0,KCg-d,KCg-d,MBp1,MBp1,dopamine,0.6975478214163102,"acetylcholine; sNPF; acetylcholine, sNPF","Barnstedt et al. 2016 (immuno); Johard et al., 2008 (immuno); Aso et al. 2019 (scRNA-seq)",right,,fw002795,FBbt_00110932,,isomorphic,,,
81137429913963453,720575940637225798,152719.0,40328.0,1106.0,164824.0,28872.0,4133.0,7056600.0,intrinsic,central,Kenyon_Cell,,17488.0,KCapbp-ap1,KCa'b'-ap1,MBp4,MBp4,dopamine,0.4932533107342833,acetylcholine; acetylcholine,"Barnstedt et al. 2016 (immuno, RNAi); Aso et al. 2019 (scRNA-seq)",right,,fw002821,FBbt:00049836,,isomorphic,,,
81911555356181924,720575940635499888,163872.0,41464.0,5154.0,163872.0,41464.0,5154.0,6825951.0,intrinsic,central,Kenyon_Cell,,17488.0,KCapbp-ap2,KCa'b'-ap2,MBp2,MBp2,dopamine,0.573329845912297,acetylcholine; acetylcholine,"Barnstedt et al. 2016 (immuno, RNAi); Aso et al. 2019 (scRNA-seq)",right,,fw002835,FBbt:00049837,,isomorphic,,,
81910868027422104,720575940612421290,164362.0,30813.0,4293.0,167808.0,28208.0,4061.0,7057040.0,intrinsic,central,Kenyon_Cell,KCg,14292.0,KCg-m,KCg-m,MBp4,MBp4,dopamine,0.8000527129012965,"acetylcholine; sNPF; acetylcholine, sNPF","Barnstedt et al. 2016 (immuno); Johard et al., 2008 (immuno); Aso et al. 2019 (scRNA-seq)",right,,fw002853,FBbt_00111061,,isomorphic,,,
81136399524396696,720575940605167025,152640.0,25024.0,4137.0,152640.0,25024.0,4137.0,6309703.0,intrinsic,central,Kenyon_Cell,,17488.0,KCapbp-m,KCa'b'-m,MBp3,MBp3,dopamine,0.5459799389458053,acetylcholine; acetylcholine,"Barnstedt et al. 2016 (immuno, RNAi); Aso et al. 2019 (scRNA-seq)",right,,fw002856,FBbt:00100253,,isomorphic,,,
81278236658708910,720575940628045318,154752.0,41376.0,5248.0,154752.0,41376.0,5248.0,6356832.0,intrinsic,central,Kenyon_Cell,,11862.0,KCab-p,KCab-p,MBp2,MBp2,dopamine,0.5778369416567039,acetylcholine; acetylcholine,Barnstedt et al. 2016 (immuno); Aso et al. 2019 (scRNA-seq),right,,fw002860,FBbt_00110931,,isomorphic,,,
81489480196052999,720575940622723683,158151.0,43630.0,4294.0,159344.0,45200.0,5150.0,6824828.0,intrinsic,central,Kenyon_Cell,KCg,14292.0,KCg-m,KCg-m,MBp2,MBp2,dopamine,0.7032147386159621,"acetylcholine; sNPF; acetylcholine, sNPF","Barnstedt et al. 2016 (immuno); Johard et al., 2008 (immuno); Aso et al. 2019 (scRNA-seq)",right,,fw002861,FBbt_00111061,,isomorphic,,,
81489617568154599,720575940633207962,158043.0,44779.0,3977.0,152208.0,32152.0,4115.0,6309444.0,intrinsic,central,Kenyon_Cell,KCg,19102.0,KCg-d,KCg-d,MBp1,MBp1,dopamine,0.6329601984386101,"acetylcholine; sNPF; acetylcholine, sNPF","Barnstedt et al. 2016 (immuno); Johard et al., 2008 (immuno); Aso et al. 2019 (scRNA-seq)",right,,fw002889,FBbt_00110932,,isomorphic,,,
81559849007772789,720575940625691669,159656.0,42784.0,5088.0,159656.0,42784.0,5088.0,6824940.0,intrinsic,central,Kenyon_Cell,KCab,11862.0,KCab,KCab-m,MBp2,MBp2,dopamine,0.5391769911128717,"acetylcholine; sNPF; acetylcholine, sNPF","Barnstedt et al. 2016 (immuno, RNAi); Johard et al. (immuno); Aso et al. 2019 (scRNA-seq)",right,,fw002902,FBbt_00100248,,isomorphic,,,
81981374210786779,720575940621983777,164976.0,32432.0,4472.0,164976.0,32432.0,4472.0,7061528.0,intrinsic,central,Kenyon_Cell,KCab,11862.0,KCab,KCab-m,MBp4,MBp4,dopamine,0.5801640612272075,"acetylcholine; sNPF; acetylcholine, sNPF","Barnstedt et al. 2016 (immuno, RNAi); Johard et al. (immuno); Aso et al. 2019 (scRNA-seq)",right,,fw002914,FBbt_00100248,,isomorphic,,,
81067130359542023,720575940629166587,152072.0,40704.0,5105.0,152072.0,40704.0,5105.0,6352654.0,intrinsic,central,Kenyon_Cell,KCab,11862.0,KCab,KCab-s,MBp2,MBp2,dopamine,0.6383416527323227,"acetylcholine; sNPF; acetylcholine, sNPF","Barnstedt et al. 2016 (immuno, RNAi); Johard et al. (immuno); Aso et al. 2019 (scRNA-seq)",right,,fw002936,FBbt_00100248,,isomorphic,,,
80785036773296795,720575940639537213,147864.0,32208.0,4060.0,147864.0,32208.0,4060.0,6307580.0,intrinsic,central,Kenyon_Cell,KCg,14292.0,KCg-m,KCg-m,MBp1,MBp1,dopamine,0.6263397271766623,"acetylcholine; sNPF; acetylcholine, sNPF","Barnstedt et al. 2016 (immuno); Johard et al., 2008 (immuno); Aso et al. 2019 (scRNA-seq)",right,,fw002942,FBbt_00111061,,isomorphic,,,
81277549396786860,720575940617878080,155264.0,30416.0,4700.0,155264.0,30416.0,4700.0,6319766.0,intrinsic,central,Kenyon_Cell,KCab,11862.0,KCab,KCab-c,MBp3,MBp3,dopamine,0.6141129160205481,"acetylcholine; sNPF; acetylcholine, sNPF","Barnstedt et al. 2016 (immuno, RNAi); Johard et al. (immuno); Aso et al. 2019 (scRNA-seq)",right,,fw002948,FBbt_00100248,,isomorphic,,,
81559917592795950,720575940616848192,158736.0,44655.0,3976.0,153904.0,32440.0,4114.0,6310131.0,intrinsic,central,Kenyon_Cell,KCg,19102.0,KCg-d,KCg-d,MBp1,MBp1,dopamine,0.6886005742561764,"acetylcholine; sNPF; acetylcholine, sNPF","Barnstedt et al. 2016 (immuno); Johard et al., 2008 (immuno); Aso et al. 2019 (scRNA-seq)",right,,fw002952,FBbt_00110932,,isomorphic,,,
81066374311070471,720575940611771029,152072.0,30304.0,4061.0,152072.0,30304.0,4061.0,6309431.0,intrinsic,central,Kenyon_Cell,KCg,14292.0,KCg-m,KCg-m,MBp1,MBp1,dopamine,0.7454983253708498,"acetylcholine; sNPF; acetylcholine, sNPF","Barnstedt et al. 2016 (immuno); Johard et al., 2008 (immuno); Aso et al. 2019 (scRNA-seq)",right,,fw002994,FBbt_00111061,,isomorphic,,,
80854993200672175,720575940646667828,149016.0,26152.0,4062.0,149016.0,26152.0,4062.0,6308035.0,intrinsic,central,Kenyon_Cell,KCg,14292.0,KCg-m,KCg-m,MBp1,MBp1,dopamine,0.8244113647942709,"acetylcholine; sNPF; acetylcholine, sNPF","Barnstedt et al. 2016 (immuno); Johard et al., 2008 (immuno); Aso et al. 2019 (scRNA-seq)",right,,fw002998,FBbt_00111061,,isomorphic,,,
81277205732515457,720575940626906142,155224.0,25656.0,4352.0,155224.0,25656.0,4352.0,6319695.0,intrinsic,central,Kenyon_Cell,KCab,11862.0,KCab,KCab-s,MBp3,MBp3,dopamine,0.6794987641752461,"acetylcholine; sNPF; acetylcholine, sNPF","Barnstedt et al. 2016 (immuno, RNAi); Johard et al. (immuno); Aso et al. 2019 (scRNA-seq)",right,,fw003007,FBbt_00100248,,isomorphic,,,
80925774328805773,720575940626089980,150098.0,31921.0,4571.0,150056.0,29680.0,4133.0,6308565.0,intrinsic,central,Kenyon_Cell,KCab,11862.0,KCab,KCab-s,MBp1,MBp1,dopamine,0.5863380928902897,"acetylcholine; sNPF; acetylcholine, sNPF","Barnstedt et al. 2016 (immuno, RNAi); Johard et al. (immuno); Aso et al. 2019 (scRNA-seq)",right,,fw003011,FBbt_00100248,,isomorphic,,,
81840568069840707,720575940626252273,163400.0,31840.0,4826.0,163400.0,31840.0,4826.0,6713501.0,intrinsic,central,Kenyon_Cell,KCg,14292.0,KCg-m,KCg-m,MBp3,MBp3,dopamine,0.7460819149559689,"acetylcholine; sNPF; acetylcholine, sNPF","Barnstedt et al. 2016 (immuno); Johard et al., 2008 (immuno); Aso et al. 2019 (scRNA-seq)",right,,fw003024,FBbt_00111061,,isomorphic,,,
81630286337024727,720575940616911262,160185.0,43790.0,3977.0,160880.0,25832.0,4130.0,6693032.0,intrinsic,central,Kenyon_Cell,KCg,14292.0,KCg-m,KCg-m,MBp4,MBp4,dopamine,0.7673422689021755,"acetylcholine; sNPF; acetylcholine, sNPF","Barnstedt et al. 2016 (immuno); Johard et al., 2008 (immuno); Aso et al. 2019 (scRNA-seq)",right,,fw003026,FBbt_00111061,,isomorphic,,,
81419042799905024,720575940625702949,157096.0,41920.0,5089.0,157096.0,41920.0,5089.0,6823500.0,intrinsic,central,Kenyon_Cell,KCab,11862.0,KCab,KCab-m,MBp2,MBp2,dopamine,0.6048632238829255,"acetylcholine; sNPF; acetylcholine, sNPF","Barnstedt et al. 2016 (immuno, RNAi); Johard et al. (immuno); Aso et al. 2019 (scRNA-seq)",right,,fw003037,FBbt_00100248,,isomorphic,,,
81066786828659946,720575940612747158,151856.0,35536.0,5157.0,151856.0,35536.0,5157.0,6352653.0,intrinsic,central,Kenyon_Cell,,17488.0,KCapbp-m,KCa'b'-m,MBp2,MBp2,dopamine,0.5462086380563924,acetylcholine; acetylcholine,"Barnstedt et al. 2016 (immuno, RNAi); Aso et al. 2019 (scRNA-seq)",right,,fw003126,FBbt:00100253,,isomorphic,,,
80925774328817032,720575940619041133,149825.0,32308.0,4572.0,147864.0,29848.0,4231.0,5642843.0,intrinsic,central,Kenyon_Cell,KCab,11862.0,KCab,KCab-m,MBp1,MBp1,dopamine,0.6441128318309646,"acetylcholine; sNPF; acetylcholine, sNPF","Barnstedt et al. 2016 (immuno, RNAi); Johard et al. (immuno); Aso et al. 2019 (scRNA-seq)",right,,fw003164,FBbt_00100248,,isomorphic,,,
81278099153198709,720575940603747616,155542.0,39061.0,5132.0,164184.0,42416.0,5126.0,6825965.0,intrinsic,central,Kenyon_Cell,,17488.0,KCapbp-ap1,KCa'b'-ap1,MBp2,MBp2,dopamine,0.5073228036642795,acetylcholine; acetylcholine,"Barnstedt et al. 2016 (immuno, RNAi); Aso et al. 2019 (scRNA-seq)",right,,fw003172,FBbt:00049836,,isomorphic,,,
81559986312301319,720575940610709106,158725.0,44699.0,3977.0,151152.0,40608.0,5036.0,6352513.0,intrinsic,central,Kenyon_Cell,KCg,19102.0,KCg-d,KCg-d,MBp2,MBp2,dopamine,0.5446559482987944,"acetylcholine; sNPF; acetylcholine, sNPF","Barnstedt et al. 2016 (immuno); Johard et al., 2008 (immuno); Aso et al. 2019 (scRNA-seq)",right,,fw003197,FBbt_00110932,,isomorphic,,,
81559848940235762,720575940617769217,159441.0,43075.0,4294.0,162752.0,26744.0,4064.0,6693239.0,intrinsic,central,Kenyon_Cell,KCg,14292.0,KCg-m,KCg-m,MBp4,MBp4,dopamine,0.7914209404065544,"acetylcholine; sNPF; acetylcholine, sNPF","Barnstedt et al. 2016 (immuno); Johard et al., 2008 (immuno); Aso et al. 2019 (scRNA-seq)",right,,fw003201,FBbt_00111061,,isomorphic,,,
81278305311540989,720575940622061803,154984.0,42288.0,5091.0,154984.0,42288.0,5091.0,6371314.0,intrinsic,central,Kenyon_Cell,KCab,11862.0,KCab,KCab-s,MBp2,MBp2,dopamine,0.5883706596580085,"acetylcholine; sNPF; acetylcholine, sNPF","Barnstedt et al. 2016 (immuno, RNAi); Johard et al. (immuno); Aso et al. 2019 (scRNA-seq)",right,,fw003202,FBbt_00100248,,isomorphic,,,
81489548915543250,720575940628411612,158574.0,43706.0,4294.0,155816.0,46256.0,5095.0,6371512.0,intrinsic,central,Kenyon_Cell,KCg,19102.0,KCg-d,KCg-d,MBp2,MBp2,dopamine,0.664728534331361,"acetylcholine; sNPF; acetylcholine, sNPF","Barnstedt et al. 2016 (immuno); Johard et al., 2008 (immuno); Aso et al. 2019 (scRNA-seq)",right,,fw003208,FBbt_00110932,,isomorphic,,,
81066099499695930,720575940622135501,152096.0,25928.0,4134.0,152096.0,25928.0,4134.0,6309522.0,intrinsic,central,Kenyon_Cell,,17488.0,KCapbp-m,KCa'b'-m,MBp3,MBp3,dopamine,0.5261879563393949,acetylcholine; acetylcholine,"Barnstedt et al. 2016 (immuno, RNAi); Aso et al. 2019 (scRNA-seq)",right,,fw003211,FBbt:00100253,,isomorphic,,,
81277549396908347,720575940634000495,155240.0,30856.0,4801.0,155240.0,30856.0,4801.0,6319654.0,intrinsic,central,Kenyon_Cell,KCab,11862.0,KCab,KCab-m,MBp3,MBp3,dopamine,0.6252072153390508,"acetylcholine; sNPF; acetylcholine, sNPF","Barnstedt et al. 2016 (immuno, RNAi); Johard et al. (immuno); Aso et al. 2019 (scRNA-seq)",right,,fw003212,FBbt_00100248,,isomorphic,,,
81630217617534927,720575940614311842,160453.0,43546.0,3977.0,155976.0,31784.0,4128.0,6320983.0,intrinsic,central,Kenyon_Cell,KCg,19102.0,KCg-d,KCg-d,MBp4,MBp4,dopamine,0.611593464470928,"acetylcholine; sNPF; acetylcholine, sNPF","Barnstedt et al. 2016 (immuno); Johard et al., 2008 (immuno); Aso et al. 2019 (scRNA-seq)",right,,fw003219,FBbt_00110932,,isomorphic,,,
81418905360993882,720575940620495830,156714.0,40230.0,5132.0,158872.0,41304.0,5200.0,6773845.0,intrinsic,central,Kenyon_Cell,,17488.0,KCapbp-m,KCa'b'-m,MBp2,MBp2,dopamine,0.5448529713522924,acetylcholine; acetylcholine,"Barnstedt et al. 2016 (immuno, RNAi); Aso et al. 2019 (scRNA-seq)",right,,fw003249,FBbt:00100253,,isomorphic,,,
81559917659707368,720575940621084771,158746.0,43736.0,4293.0,152016.0,39800.0,5085.0,6352650.0,intrinsic,central,Kenyon_Cell,KCg,19102.0,KCg-d,KCg-d,MBp2,MBp2,dopamine,0.5873139861478149,"acetylcholine; sNPF; acetylcholine, sNPF","Barnstedt et al. 2016 (immuno); Johard et al., 2008 (immuno); Aso et al. 2019 (scRNA-seq)",right,,fw003258,FBbt_00110932,,isomorphic,,,
81348673921241317,720575940626464901,156390.0,42438.0,3897.0,145752.0,30552.0,4131.0,5631317.0,intrinsic,central,Kenyon_Cell,KCab,11862.0,KCab,KCab-m,MBp1,MBp1,dopamine,0.6292842912123822,"acetylcholine; sNPF; acetylcholine, sNPF","Barnstedt et al. 2016 (immuno, RNAi); Johard et al. (immuno); Aso et al. 2019 (scRNA-seq)",right,,fw003267,FBbt_00100248,,isomorphic,,,
81700449057161213,720575940612240918,161360.0,41248.0,5104.0,161360.0,41248.0,5104.0,6749012.0,intrinsic,central,Kenyon_Cell,,17488.0,KCapbp-ap2,KCa'b'-ap2,MBp2,MBp2,dopamine,0.5255618330786449,acetylcholine; acetylcholine,"Barnstedt et al. 2016 (immuno, RNAi); Aso et al. 2019 (scRNA-seq)",right,,fw003300,FBbt:00049837,,isomorphic,,,
81137018067386267,720575940603111392,153000.0,34384.0,5089.0,153000.0,34384.0,5089.0,6352755.0,intrinsic,central,Kenyon_Cell,KCg,14292.0,KCg-m,KCg-m,MBp3,MBp3,dopamine,0.7806134838091533,"acetylcholine; sNPF; acetylcholine, sNPF","Barnstedt et al. 2016 (immuno); Johard et al., 2008 (immuno); Aso et al. 2019 (scRNA-seq)",right,,fw003311,FBbt_00111061,,isomorphic,,,
81207936633809459,720575940621786295,154416.0,41872.0,5152.0,154416.0,41872.0,5152.0,6371249.0,intrinsic,central,Kenyon_Cell,KCab,11862.0,KCab,KCab-s,MBp2,MBp2,dopamine,0.5546910291127886,"acetylcholine; sNPF; acetylcholine, sNPF","Barnstedt et al. 2016 (immuno, RNAi); Johard et al. (immuno); Aso et al. 2019 (scRNA-seq)",right,,fw003315,FBbt_00100248,,isomorphic,,,
81278373896799889,720575940623009549,155256.0,42991.0,4102.0,144960.0,29544.0,4060.0,5630808.0,intrinsic,central,Kenyon_Cell,KCg,14292.0,KCg-m,KCg-m,MBp1,MBp1,dopamine,0.8100229510519971,"acetylcholine; sNPF; acetylcholine, sNPF","Barnstedt et al. 2016 (immuno); Johard et al., 2008 (immuno); Aso et al. 2019 (scRNA-seq)",right,,fw003317,FBbt_00111061,,isomorphic,,,
81911555289578295,720575940616245365,164760.0,40640.0,4995.0,164760.0,40640.0,4995.0,7074309.0,intrinsic,central,Kenyon_Cell,KCg,14292.0,KCg-m,KCg-m,MBp2,MBp2,dopamine,0.7944735026426214,"acetylcholine; sNPF; acetylcholine, sNPF","Barnstedt et al. 2016 (immuno); Johard et al., 2008 (immuno); Aso et al. 2019 (scRNA-seq)",right,,fw003325,FBbt_00111061,,isomorphic,,,
81278373896558560,720575940611569301,155118.0,42633.0,3896.0,151672.0,28584.0,4065.0,6309283.0,intrinsic,central,Kenyon_Cell,KCg,14292.0,KCg-m,KCg-m,MBp1,MBp1,dopamine,0.8087139565119753,"acetylcholine; sNPF; acetylcholine, sNPF","Barnstedt et al. 2016 (immuno); Johard et al., 2008 (immuno); Aso et al. 2019 (scRNA-seq)",right,,fw003332,FBbt_00111061,,isomorphic,,,
81278099153171735,720575940620344837,154577.0,38892.0,5133.0,164104.0,40824.0,4942.0,6749773.0,intrinsic,central,Kenyon_Cell,KCg,14292.0,KCg-m,KCg-m,MBp2,MBp2,dopamine,0.7945564211199685,"acetylcholine; sNPF; acetylcholine, sNPF","Barnstedt et al. 2016 (immuno); Johard et al., 2008 (immuno); Aso et al. 2019 (scRNA-seq)",right,,fw003349,FBbt_00111061,,isomorphic,,,
81841186612001736,720575940630179159,163272.0,40616.0,5154.0,163272.0,40616.0,5154.0,6749557.0,intrinsic,central,Kenyon_Cell,KCg,14292.0,KCg-m,KCg-m,MBp2,MBp2,dopamine,0.7540161829433749,"acetylcholine; sNPF; acetylcholine, sNPF","Barnstedt et al. 2016 (immuno); Johard et al., 2008 (immuno); Aso et al. 2019 (scRNA-seq)",right,,fw003351,FBbt_00111061,,isomorphic,,,
81418974147149768,720575940636640602,156880.0,40600.0,5298.0,156880.0,40600.0,5298.0,6750848.0,intrinsic,central,Kenyon_Cell,,17488.0,KCapbp-m,KCa'b'-m,MBp2,MBp2,dopamine,0.5330951247813627,acetylcholine; acetylcholine,"Barnstedt et al. 2016 (immuno, RNAi); Aso et al. 2019 (scRNA-seq)",right,,fw003358,FBbt:00100253,,isomorphic,,,
80925774328799188,720575940609941653,149986.0,32342.0,4571.0,147720.0,24424.0,3874.0,5593601.0,intrinsic,central,Kenyon_Cell,KCab,11862.0,KCab,KCab-s,MBp1,MBp1,dopamine,0.6923651278386121,"acetylcholine; sNPF; acetylcholine, sNPF","Barnstedt et al. 2016 (immuno, RNAi); Johard et al. (immuno); Aso et al. 2019 (scRNA-seq)",right,,fw003381,FBbt_00100248,,isomorphic,,,
81277893061206945,720575940616913822,154776.0,35496.0,5157.0,154776.0,35496.0,5157.0,6353025.0,intrinsic,central,Kenyon_Cell,KCg,14292.0,KCg-m,KCg-m,MBp3,MBp3,dopamine,0.8165156696224531,"acetylcholine; sNPF; acetylcholine, sNPF","Barnstedt et al. 2016 (immuno); Johard et al., 2008 (immuno); Aso et al. 2019 (scRNA-seq)",right,,fw003383,FBbt_00111061,,isomorphic,,,
81348330524849429,720575940611686809,155592.0,36792.0,5153.0,155592.0,36792.0,5153.0,6353054.0,intrinsic,central,Kenyon_Cell,KCg,14292.0,KCg-m,KCg-m,MBp3,MBp3,dopamine,0.8173175579724129,"acetylcholine; sNPF; acetylcholine, sNPF","Barnstedt et al. 2016 (immuno); Johard et al., 2008 (immuno); Aso et al. 2019 (scRNA-seq)",right,,fw003391,FBbt_00111061,,isomorphic,,,
81559917659706016,720575940622461149,159463.0,43673.0,4293.0,159296.0,40664.0,5032.0,6748502.0,intrinsic,central,Kenyon_Cell,KCg,19102.0,KCg-d,KCg-d,MBp3,MBp3,dopamine,0.6156032489124821,"acetylcholine; sNPF; acetylcholine, sNPF","Barnstedt et al. 2016 (immuno); Johard et al., 2008 (immuno); Aso et al. 2019 (scRNA-seq)",right,,fw003404,FBbt_00110932,,isomorphic,,,
81770542923353314,720575940621322534,162512.0,36776.0,5053.0,162512.0,36776.0,5053.0,6749197.0,intrinsic,central,Kenyon_Cell,KCg,14292.0,KCg-m,KCg-m,MBp3,MBp3,dopamine,0.7827064890395116,"acetylcholine; sNPF; acetylcholine, sNPF","Barnstedt et al. 2016 (immuno); Johard et al., 2008 (immuno); Aso et al. 2019 (scRNA-seq)",right,,fw003429,FBbt_00111061,,isomorphic,,,
80996486737308988,720575940615737531,150614.0,37049.0,4975.0,147808.0,31568.0,4697.0,5642830.0,intrinsic,central,Kenyon_Cell,KCg,14292.0,KCg-m,KCg-m,MBp2,MBp2,dopamine,0.7787739440781124,"acetylcholine; sNPF; acetylcholine, sNPF","Barnstedt et al. 2016 (immuno); Johard et al., 2008 (immuno); Aso et al. 2019 (scRNA-seq)",right,,fw003444,FBbt_00111061,,isomorphic,,,
80925774328810109,720575940628885591,150221.0,32080.0,4571.0,150728.0,29664.0,4063.0,6308862.0,intrinsic,central,Kenyon_Cell,KCab,11862.0,KCab,KCab-s,MBp1,MBp1,dopamine,0.6895928426541691,"acetylcholine; sNPF; acetylcholine, sNPF","Barnstedt et al. 2016 (immuno, RNAi); Johard et al. (immuno); Aso et al. 2019 (scRNA-seq)",right,,fw003464,FBbt_00100248,,isomorphic,,,
81630217617533750,720575940631991879,159820.0,43403.0,3977.0,163488.0,28520.0,4163.0,6713867.0,intrinsic,central,Kenyon_Cell,KCg,14292.0,KCg-m,KCg-m,MBp4,MBp4,dopamine,0.798376426778757,"acetylcholine; sNPF; acetylcholine, sNPF","Barnstedt et al. 2016 (immuno); Johard et al., 2008 (immuno); Aso et al. 2019 (scRNA-seq)",right,,fw003474,FBbt_00111061,,isomorphic,,,
81278305177072610,720575940626930947,155223.0,42495.0,3897.0,148352.0,29104.0,4132.0,6307801.0,intrinsic,central,Kenyon_Cell,KCab,11862.0,KCab,KCab-m,MBp1,MBp1,dopamine,0.5827503177705808,"acetylcholine; sNPF; acetylcholine, sNPF","Barnstedt et al. 2016 (immuno, RNAi); Johard et al. (immuno); Aso et al. 2019 (scRNA-seq)",right,,fw003485,FBbt_00100248,,isomorphic,,,
81348742640957201,720575940620686761,155943.0,43543.0,4103.0,151048.0,39816.0,5086.0,6352473.0,intrinsic,central,Kenyon_Cell,KCg,14292.0,KCg-m,KCg-m,MBp2,MBp2,dopamine,0.844106300412796,"acetylcholine; sNPF; acetylcholine, sNPF","Barnstedt et al. 2016 (immuno); Johard et al., 2008 (immuno); Aso et al. 2019 (scRNA-seq)",right,,fw003488,FBbt_00111061,,isomorphic,,,
81910868027427737,720575940608801749,164358.0,31089.0,4294.0,165144.0,30536.0,4129.0,7056632.0,intrinsic,central,Kenyon_Cell,KCg,14292.0,KCg-m,KCg-m,MBp4,MBp4,dopamine,0.7926804163972885,"acetylcholine; sNPF; acetylcholine, sNPF","Barnstedt et al. 2016 (immuno); Johard et al., 2008 (immuno); Aso et al. 2019 (scRNA-seq)",right,,fw003519,FBbt_00111061,,isomorphic,,,
81489548915520550,720575940618746747,158223.0,43732.0,4293.0,159784.0,45936.0,5085.0,6824953.0,intrinsic,central,Kenyon_Cell,KCg,14292.0,KCg-m,KCg-m,MBp2,MBp2,dopamine,0.8144253185885598,"acetylcholine; sNPF; acetylcholine, sNPF","Barnstedt et al. 2016 (immuno); Johard et al., 2008 (immuno); Aso et al. 2019 (scRNA-seq)",right,,fw003520,FBbt_00111061,,isomorphic,,,
81277343104606125,720575940636665262,155288.0,27800.0,4002.0,155288.0,27800.0,4002.0,6310673.0,intrinsic,central,Kenyon_Cell,,17488.0,KCapbp-ap1,KCa'b'-ap1,MBp3,MBp3,dopamine,0.4496473792004141,acetylcholine; acetylcholine,"Barnstedt et al. 2016 (immuno, RNAi); Aso et al. 2019 (scRNA-seq)",right,,fw003537,FBbt:00049836,,isomorphic,,,
81559848940239097,720575940616578646,159044.0,43049.0,4294.0,163480.0,30304.0,4332.0,6713913.0,intrinsic,central,Kenyon_Cell,KCg,14292.0,KCg-m,KCg-m,MBp4,MBp4,dopamine,0.7584819776089928,"acetylcholine; sNPF; acetylcholine, sNPF","Barnstedt et al. 2016 (immuno); Johard et al., 2008 (immuno); Aso et al. 2019 (scRNA-seq)",right,,fw003542,FBbt_00111061,,isomorphic,,,
81347780635234403,720575940623023544,155960.0,29224.0,4424.0,155960.0,29224.0,4424.0,6321077.0,intrinsic,central,Kenyon_Cell,KCab,11862.0,KCab,KCab-m,MBp3,MBp3,dopamine,0.6406506773939563,"acetylcholine; sNPF; acetylcholine, sNPF","Barnstedt et al. 2016 (immuno, RNAi); Johard et al. (immuno); Aso et al. 2019 (scRNA-seq)",right,,fw003552,FBbt_00100248,,isomorphic,,,
81419042866346701,720575940636146409,157360.0,41984.0,5150.0,157360.0,41984.0,5150.0,6824284.0,intrinsic,central,Kenyon_Cell,KCab,11862.0,KCab,KCab-m,MBp2,MBp2,dopamine,0.5831781198486633,"acetylcholine; sNPF; acetylcholine, sNPF","Barnstedt et al. 2016 (immuno, RNAi); Johard et al. (immuno); Aso et al. 2019 (scRNA-seq)",right,,fw003584,FBbt_00100248,,isomorphic,,,
80644093193047065,720575940610669786,145600.0,28504.0,4129.0,145600.0,28504.0,4129.0,5631218.0,intrinsic,central,Kenyon_Cell,,17488.0,KCapbp-ap2,KCa'b'-ap2,MBp1,MBp1,dopamine,0.5697948962395301,acetylcholine; acetylcholine,"Barnstedt et al. 2016 (immuno, RNAi); Aso et al. 2019 (scRNA-seq)",right,,fw003585,FBbt:00049837,,isomorphic,,,
81208074072817359,720575940627210373,153960.0,44632.0,5153.0,153960.0,44632.0,5153.0,6371160.0,intrinsic,central,Kenyon_Cell,,17488.0,KCapbp-ap1,KCa'b'-ap1,MBp2,MBp2,dopamine,0.5823765483480928,acetylcholine; acetylcholine,"Barnstedt et al. 2016 (immuno, RNAi); Aso et al. 2019 (scRNA-seq)",right,,fw003602,FBbt:00049836,,isomorphic,,,
81137499170219010,720575940603673120,152816.0,41592.0,5153.0,152816.0,41592.0,5153.0,6370964.0,intrinsic,central,Kenyon_Cell,KCab,11862.0,KCab,KCab-s,MBp2,MBp2,dopamine,0.5322913472148965,"acetylcholine; sNPF; acetylcholine, sNPF","Barnstedt et al. 2016 (immuno, RNAi); Johard et al. (immuno); Aso et al. 2019 (scRNA-seq)",right,,fw003605,FBbt_00100248,,isomorphic,,,
81348536616863671,720575940627097361,156523.0,39788.0,5132.0,157872.0,39400.0,5090.0,6748400.0,intrinsic,central,Kenyon_Cell,KCab,11862.0,KCab,KCab-s,MBp2,MBp2,dopamine,0.6304164024415548,"acetylcholine; sNPF; acetylcholine, sNPF","Barnstedt et al. 2016 (immuno, RNAi); Johard et al. (immuno); Aso et al. 2019 (scRNA-seq)",right,,fw003607,FBbt_00100248,,isomorphic,,,
80784968053786191,720575940634951007,147624.0,31328.0,4077.0,147624.0,31328.0,4077.0,5631920.0,intrinsic,central,Kenyon_Cell,KCg,14292.0,KCg-m,KCg-m,MBp1,MBp1,dopamine,0.7866867870192614,"acetylcholine; sNPF; acetylcholine, sNPF","Barnstedt et al. 2016 (immuno); Johard et al., 2008 (immuno); Aso et al. 2019 (scRNA-seq)",right,,fw003624,FBbt_00111061,,isomorphic,,,
81418905360895499,720575940624114494,157304.0,40408.0,5089.0,157304.0,40408.0,5089.0,6748343.0,intrinsic,central,Kenyon_Cell,KCab,11862.0,KCab,KCab-s,MBp2,MBp2,dopamine,0.6744627657707828,"acetylcholine; sNPF; acetylcholine, sNPF","Barnstedt et al. 2016 (immuno, RNAi); Johard et al. (immuno); Aso et al. 2019 (scRNA-seq)",right,,fw003636,FBbt_00100248,,isomorphic,,,
80996143072959453,720575940618662939,150628.0,32030.0,4571.0,144320.0,28088.0,4118.0,5630584.0,intrinsic,central,Kenyon_Cell,,11862.0,KCab-p,KCab-p,MBp1,MBp1,dopamine,0.6666031090288428,acetylcholine; acetylcholine,Barnstedt et al. 2016 (immuno); Aso et al. 2019 (scRNA-seq),right,,fw003665,FBbt_00110931,,isomorphic,,,
81559917592819618,720575940621357147,159096.0,44512.0,3976.0,161032.0,28600.0,4131.0,6693048.0,intrinsic,central,Kenyon_Cell,KCg,14292.0,KCg-m,KCg-m,MBp4,MBp4,dopamine,0.6489907011168868,"acetylcholine; sNPF; acetylcholine, sNPF","Barnstedt et al. 2016 (immuno); Johard et al., 2008 (immuno); Aso et al. 2019 (scRNA-seq)",right,,fw003670,FBbt_00111061,,isomorphic,,,
81278305177324327,720575940631089935,155022.0,42409.0,4102.0,147080.0,26344.0,3793.0,5631702.0,intrinsic,central,Kenyon_Cell,KCg,14292.0,KCg-m,KCg-m,MBp1,MBp1,dopamine,0.7187483870055966,"acetylcholine; sNPF; acetylcholine, sNPF","Barnstedt et al. 2016 (immuno); Johard et al., 2008 (immuno); Aso et al. 2019 (scRNA-seq)",right,,fw003699,FBbt_00111061,,isomorphic,,,
81278305177056298,720575940621590250,155553.0,42375.0,3897.0,147752.0,31864.0,4294.0,5642847.0,intrinsic,central,Kenyon_Cell,KCab,11862.0,KCab,KCab-m,MBp1,MBp1,dopamine,0.548583528583143,"acetylcholine; sNPF; acetylcholine, sNPF","Barnstedt et al. 2016 (immuno, RNAi); Johard et al. (immuno); Aso et al. 2019 (scRNA-seq)",right,,fw003715,FBbt_00100248,,isomorphic,,,
81277961780783226,720575940639593587,155296.0,37496.0,5233.0,155296.0,37496.0,5233.0,6357357.0,intrinsic,central,Kenyon_Cell,KCg,14292.0,KCg-m,KCg-m,MBp3,MBp3,dopamine,0.8015465068411558,"acetylcholine; sNPF; acetylcholine, sNPF","Barnstedt et al. 2016 (immuno); Johard et al., 2008 (immuno); Aso et al. 2019 (scRNA-seq)",right,,fw003719,FBbt_00111061,,isomorphic,,,
81559848940231048,720575940628269391,159351.0,43096.0,4293.0,168656.0,27480.0,4066.0,7057268.0,intrinsic,central,Kenyon_Cell,KCg,14292.0,KCg-m,KCg-m,MBp4,MBp4,dopamine,0.7879347261525582,"acetylcholine; sNPF; acetylcholine, sNPF","Barnstedt et al. 2016 (immuno); Johard et al., 2008 (immuno); Aso et al. 2019 (scRNA-seq)",right,,fw003725,FBbt_00111061,,isomorphic,,,
81630217617521348,720575940621791356,160353.0,43020.0,3976.0,170832.0,33064.0,4600.0,7067040.0,intrinsic,central,Kenyon_Cell,KCg,14292.0,KCg-m,KCg-m,MBp4,MBp4,dopamine,0.8488167183482888,"acetylcholine; sNPF; acetylcholine, sNPF","Barnstedt et al. 2016 (immuno); Johard et al., 2008 (immuno); Aso et al. 2019 (scRNA-seq)",right,,fw003731,FBbt_00111061,,isomorphic,,,
81348673921244518,720575940609940373,155644.0,42096.0,3896.0,147776.0,33256.0,4454.0,5666924.0,intrinsic,central,Kenyon_Cell,KCab,11862.0,KCab,KCab-m,MBp1,MBp1,dopamine,0.6364763199765511,"acetylcholine; sNPF; acetylcholine, sNPF","Barnstedt et al. 2016 (immuno, RNAi); Johard et al. (immuno); Aso et al. 2019 (scRNA-seq)",right,,fw003772,FBbt_00100248,,isomorphic,,,
81700517776626654,720575940625329029,160952.0,42584.0,5090.0,160952.0,42584.0,5090.0,6825237.0,intrinsic,central,Kenyon_Cell,KCab,11862.0,KCab,KCab-m,MBp2,MBp2,dopamine,0.5626434784053582,"acetylcholine; sNPF; acetylcholine, sNPF","Barnstedt et al. 2016 (immuno, RNAi); Johard et al. (immuno); Aso et al. 2019 (scRNA-seq)",right,,fw003778,FBbt_00100248,,isomorphic,,,
81278099153192116,720575940630868525,155398.0,39453.0,5133.0,163568.0,39840.0,5132.0,6749625.0,intrinsic,central,Kenyon_Cell,,17488.0,KCapbp-ap2,KCa'b'-ap2,MBp2,MBp2,dopamine,0.584844570424307,acetylcholine; acetylcholine,"Barnstedt et al. 2016 (immuno, RNAi); Aso et al. 2019 (scRNA-seq)",right,,fw003784,FBbt:00049837,,isomorphic,,,
81841323984441178,720575940607351747,163496.0,43032.0,5069.0,163496.0,43032.0,5069.0,6825831.0,intrinsic,central,Kenyon_Cell,KCab,11862.0,KCab,KCab-s,MBp2,MBp2,dopamine,0.6141054094288775,"acetylcholine; sNPF; acetylcholine, sNPF","Barnstedt et al. 2016 (immuno, RNAi); Johard et al. (immuno); Aso et al. 2019 (scRNA-seq)",right,,fw003809,FBbt_00100248,,isomorphic,,,
80855268145067341,720575940622428087,148480.0,29872.0,4132.0,148480.0,29872.0,4132.0,6307848.0,intrinsic,central,Kenyon_Cell,,17488.0,KCapbp-ap1,KCa'b'-ap1,MBp1,MBp1,dopamine,0.5402282430474814,acetylcholine; acetylcholine,"Barnstedt et al. 2016 (immuno, RNAi); Aso et al. 2019 (scRNA-seq)",right,,fw003833,FBbt:00049836,,isomorphic,,,
81700655215573799,720575940620354849,161656.0,43832.0,5089.0,161656.0,43832.0,5089.0,6825447.0,intrinsic,central,Kenyon_Cell,KCab,11862.0,KCab,KCab-c,MBp2,MBp2,dopamine,0.6369372796503203,"acetylcholine; sNPF; acetylcholine, sNPF","Barnstedt et al. 2016 (immuno, RNAi); Johard et al. (immuno); Aso et al. 2019 (scRNA-seq)",right,,fw003843,FBbt_00100248,,isomorphic,,,
81206905707497797,720575940620932684,153704.0,27024.0,4132.0,153704.0,27024.0,4132.0,6310163.0,intrinsic,central,Kenyon_Cell,,17488.0,KCapbp-m,KCa'b'-m,MBp3,MBp3,dopamine,0.4755133391713064,acetylcholine; acetylcholine,"Barnstedt et al. 2016 (immuno, RNAi); Aso et al. 2019 (scRNA-seq)",right,,fw003875,FBbt:00100253,,isomorphic,,,
81840911667504509,720575940630912512,163480.0,36648.0,5008.0,163480.0,36648.0,5008.0,6749531.0,intrinsic,central,Kenyon_Cell,KCg,19102.0,KCg-d,KCg-d,MBp3,MBp3,dopamine,0.6809154958750018,"acetylcholine; sNPF; acetylcholine, sNPF","Barnstedt et al. 2016 (immuno); Johard et al., 2008 (immuno); Aso et al. 2019 (scRNA-seq)",right,,fw003937,FBbt_00110932,,isomorphic,,,
81278099219796402,720575940612606673,155256.0,38816.0,5292.0,155256.0,38816.0,5292.0,6357170.0,intrinsic,central,Kenyon_Cell,,17488.0,KCapbp-m,KCa'b'-m,MBp2,MBp2,dopamine,0.6340925555704945,acetylcholine; acetylcholine,"Barnstedt et al. 2016 (immuno, RNAi); Aso et al. 2019 (scRNA-seq)",right,,fw003970,FBbt:00100253,,isomorphic,,,
81348673921240081,720575940622222921,155973.0,42366.0,3896.0,147128.0,30616.0,4320.0,5641505.0,intrinsic,central,Kenyon_Cell,KCab,11862.0,KCab,KCab-c,MBp1,MBp1,dopamine,0.6315540724908045,"acetylcholine; sNPF; acetylcholine, sNPF","Barnstedt et al. 2016 (immuno, RNAi); Johard et al. (immuno); Aso et al. 2019 (scRNA-seq)",right,,fw004007,FBbt_00100248,,isomorphic,,,
80714393151310121,720575940626124743,147168.0,27744.0,4095.0,147168.0,27744.0,4095.0,5631731.0,intrinsic,central,Kenyon_Cell,,17488.0,KCapbp-m,KCa'b'-m,MBp1,MBp1,dopamine,0.578243669129523,acetylcholine; acetylcholine,"Barnstedt et al. 2016 (immuno, RNAi); Aso et al. 2019 (scRNA-seq)",right,,fw004019,FBbt:00100253,,isomorphic,,,
81559917592788225,720575940609935310,158779.0,44024.0,3977.0,161816.0,25864.0,4129.0,6693136.0,intrinsic,central,Kenyon_Cell,KCg,14292.0,KCg-m,KCg-m,MBp4,MBp4,dopamine,0.7790495026959969,"acetylcholine; sNPF; acetylcholine, sNPF","Barnstedt et al. 2016 (immuno); Johard et al., 2008 (immuno); Aso et al. 2019 (scRNA-seq)",right,,fw004021,FBbt_00111061,,isomorphic,,,
81489548915530438,720575940631048267,157804.0,43770.0,4293.0,151640.0,41264.0,5012.0,6352627.0,intrinsic,central,Kenyon_Cell,KCg,14292.0,KCg-m,KCg-m,MBp2,MBp2,dopamine,0.7314076394553843,"acetylcholine; sNPF; acetylcholine, sNPF","Barnstedt et al. 2016 (immuno); Johard et al., 2008 (immuno); Aso et al. 2019 (scRNA-seq)",right,,fw004032,FBbt_00111061,,isomorphic,,,
81278373896809117,720575940625292606,155454.0,43194.0,4102.0,149344.0,34880.0,5065.0,6351927.0,intrinsic,central,Kenyon_Cell,KCg,14292.0,KCg-m,KCg-m,MBp2,MBp2,dopamine,0.7213278908987728,"acetylcholine; sNPF; acetylcholine, sNPF","Barnstedt et al. 2016 (immuno); Johard et al., 2008 (immuno); Aso et al. 2019 (scRNA-seq)",right,,fw004033,FBbt_00111061,,isomorphic,,,
81348467897385738,720575940619535563,155884.0,39199.0,5132.0,164480.0,39928.0,5086.0,7074111.0,intrinsic,central,Kenyon_Cell,,17488.0,KCapbp-ap2,KCa'b'-ap2,MBp2,MBp2,dopamine,0.5590738119339407,acetylcholine; acetylcholine,"Barnstedt et al. 2016 (immuno, RNAi); Aso et al. 2019 (scRNA-seq)",right,,fw004060,FBbt:00049837,,isomorphic,,,
81347711848834809,720575940630411535,156232.0,27576.0,4062.0,156232.0,27576.0,4062.0,6692402.0,intrinsic,central,Kenyon_Cell,,17488.0,KCapbp-ap1,KCa'b'-ap1,MBp3,MBp3,dopamine,0.529011881000576,acetylcholine; acetylcholine,"Barnstedt et al. 2016 (immuno, RNAi); Aso et al. 2019 (scRNA-seq)",right,,fw004065,FBbt:00049836,,isomorphic,,,
80784830681371508,720575940611453107,147616.0,28408.0,4114.0,147616.0,28408.0,4114.0,5631899.0,intrinsic,central,Kenyon_Cell,,17488.0,KCapbp-ap2,KCa'b'-ap2,MBp1,MBp1,dopamine,0.5910447813316683,acetylcholine; acetylcholine,"Barnstedt et al. 2016 (immuno, RNAi); Aso et al. 2019 (scRNA-seq)",right,,fw004072,FBbt:00049837,,isomorphic,,,
81348811561175114,720575940634464869,155944.0,43872.0,5146.0,155944.0,43872.0,5146.0,6376574.0,intrinsic,central,Kenyon_Cell,KCab,11862.0,KCab,KCab-m,MBp2,MBp2,dopamine,0.5492856046172709,"acetylcholine; sNPF; acetylcholine, sNPF","Barnstedt et al. 2016 (immuno, RNAi); Johard et al. (immuno); Aso et al. 2019 (scRNA-seq)",right,,fw004081,FBbt_00100248,,isomorphic,,,
81489548915535885,720575940624532979,158333.0,43658.0,4293.0,155328.0,46432.0,5174.0,6376303.0,intrinsic,central,Kenyon_Cell,KCg,14292.0,KCg-m,KCg-m,MBp2,MBp2,dopamine,0.7834047931433405,"acetylcholine; sNPF; acetylcholine, sNPF","Barnstedt et al. 2016 (immuno); Johard et al., 2008 (immuno); Aso et al. 2019 (scRNA-seq)",right,,fw004110,FBbt_00111061,,isomorphic,,,
81347918073927045,720575940633785369,155976.0,30872.0,4226.0,155976.0,30872.0,4226.0,6321018.0,intrinsic,central,Kenyon_Cell,KCg,19102.0,KCg-d,KCg-d,MBp4,MBp4,dopamine,0.5644014954560975,"acetylcholine; sNPF; acetylcholine, sNPF","Barnstedt et al. 2016 (immuno); Johard et al., 2008 (immuno); Aso et al. 2019 (scRNA-seq)",right,,fw004124,FBbt_00110932,,isomorphic,,,
81488518123190300,720575940629917228,157800.0,29088.0,4127.0,157800.0,29088.0,4127.0,6692611.0,intrinsic,central,Kenyon_Cell,KCg,14292.0,KCg-m,KCg-m,MBp3,MBp3,dopamine,0.8272372399638908,"acetylcholine; sNPF; acetylcholine, sNPF","Barnstedt et al. 2016 (immuno); Johard et al., 2008 (immuno); Aso et al. 2019 (scRNA-seq)",right,,fw004135,FBbt_00111061,,isomorphic,,,
81348811360469825,720575940614037811,156200.0,43745.0,4103.0,150728.0,37720.0,5147.0,6352404.0,intrinsic,central,Kenyon_Cell,KCg,14292.0,KCg-m,KCg-m,MBp2,MBp2,dopamine,0.8186102803621199,"acetylcholine; sNPF; acetylcholine, sNPF","Barnstedt et al. 2016 (immuno); Johard et al., 2008 (immuno); Aso et al. 2019 (scRNA-seq)",right,,fw004144,FBbt_00111061,,isomorphic,,,
80926186712780626,720575940609133102,149480.0,37512.0,5092.0,149480.0,37512.0,5092.0,6352034.0,intrinsic,central,Kenyon_Cell,KCg,14292.0,KCg-m,KCg-m,MBp2,MBp2,dopamine,0.7699226426947471,"acetylcholine; sNPF; acetylcholine, sNPF","Barnstedt et al. 2016 (immuno); Johard et al., 2008 (immuno); Aso et al. 2019 (scRNA-seq)",right,,fw004156,FBbt_00111061,,isomorphic,,,
81277411890677373,720575940621146294,155320.0,29304.0,4153.0,155320.0,29304.0,4153.0,6319827.0,intrinsic,central,Kenyon_Cell,,17488.0,KCapbp-ap1,KCa'b'-ap1,MBp3,MBp3,dopamine,0.5057237039568333,acetylcholine; acetylcholine,"Barnstedt et al. 2016 (immuno, RNAi); Aso et al. 2019 (scRNA-seq)",right,,fw004158,FBbt:00049836,,isomorphic,,,
81348467897365907,720575940622737812,155747.0,39141.0,5133.0,162160.0,41072.0,5096.0,6749173.0,intrinsic,central,Kenyon_Cell,,17488.0,KCapbp-ap2,KCa'b'-ap2,MBp2,MBp2,dopamine,0.5166357686730754,acetylcholine; acetylcholine,"Barnstedt et al. 2016 (immuno, RNAi); Aso et al. 2019 (scRNA-seq)",right,,fw004175,FBbt:00049837,,isomorphic,,,
80926255498729711,720575940614816598,149936.0,38768.0,5152.0,149936.0,38768.0,5152.0,6352195.0,intrinsic,central,Kenyon_Cell,KCg,14292.0,KCg-m,KCg-m,MBp2,MBp2,dopamine,0.8631644652539684,"acetylcholine; sNPF; acetylcholine, sNPF","Barnstedt et al. 2016 (immuno); Johard et al., 2008 (immuno); Aso et al. 2019 (scRNA-seq)",right,,fw004178,FBbt_00111061,,isomorphic,,,
81559848940239394,720575940619597761,159503.0,43626.0,4294.0,159944.0,36848.0,5151.0,6748627.0,intrinsic,central,Kenyon_Cell,KCg,14292.0,KCg-m,KCg-m,MBp3,MBp3,dopamine,0.7670709491005318,"acetylcholine; sNPF; acetylcholine, sNPF","Barnstedt et al. 2016 (immuno); Johard et al., 2008 (immuno); Aso et al. 2019 (scRNA-seq)",right,,fw004182,FBbt_00111061,,isomorphic,,,
81348742640712625,720575940619090529,155678.0,42966.0,3897.0,150736.0,33056.0,4904.0,6315412.0,intrinsic,central,Kenyon_Cell,KCab,11862.0,KCab,KCab-m,MBp1,MBp1,dopamine,0.6109948139559669,"acetylcholine; sNPF; acetylcholine, sNPF","Barnstedt et al. 2016 (immuno, RNAi); Johard et al. (immuno); Aso et al. 2019 (scRNA-seq)",right,,fw004188,FBbt_00100248,,isomorphic,,,
81841255264778335,720575940626496275,163488.0,42080.0,4936.0,163488.0,42080.0,4936.0,6825815.0,intrinsic,central,Kenyon_Cell,KCab,11862.0,KCab,KCab-s,MBp2,MBp2,dopamine,0.6047829708878887,"acetylcholine; sNPF; acetylcholine, sNPF","Barnstedt et al. 2016 (immuno, RNAi); Johard et al. (immuno); Aso et al. 2019 (scRNA-seq)",right,,fw004193,FBbt_00100248,,isomorphic,,,
81348536683226005,720575940618989421,155656.0,40360.0,5139.0,155656.0,40360.0,5139.0,6353057.0,intrinsic,central,Kenyon_Cell,KCab,11862.0,KCab,KCab-s,MBp2,MBp2,dopamine,0.608357803856071,"acetylcholine; sNPF; acetylcholine, sNPF","Barnstedt et al. 2016 (immuno, RNAi); Johard et al. (immuno); Aso et al. 2019 (scRNA-seq)",right,,fw004235,FBbt_00100248,,isomorphic,,,
81629942873475072,720575940627166522,160286.0,39088.0,4687.0,158864.0,36816.0,5090.0,6748468.0,intrinsic,central,Kenyon_Cell,KCg,14292.0,KCg-m,KCg-m,MBp4,MBp4,dopamine,0.7571440664239959,"acetylcholine; sNPF; acetylcholine, sNPF","Barnstedt et al. 2016 (immuno); Johard et al., 2008 (immuno); Aso et al. 2019 (scRNA-seq)",right,,fw004264,FBbt_00111061,,isomorphic,,,
81559368037917546,720575940628163402,158744.0,35952.0,5150.0,158744.0,35952.0,5150.0,6748479.0,intrinsic,central,Kenyon_Cell,KCg,14292.0,KCg-m,KCg-m,MBp3,MBp3,dopamine,0.7493520529004037,"acetylcholine; sNPF; acetylcholine, sNPF","Barnstedt et al. 2016 (immuno); Johard et al., 2008 (immuno); Aso et al. 2019 (scRNA-seq)",right,,fw004269,FBbt_00111061,,isomorphic,,,
81840224405365989,720575940626901278,163504.0,26664.0,4303.0,163504.0,26664.0,4303.0,6713864.0,intrinsic,central,Kenyon_Cell,,17488.0,KCapbp-ap2,KCa'b'-ap2,MBp4,MBp4,dopamine,0.5152814530027728,acetylcholine; acetylcholine,"Barnstedt et al. 2016 (immuno, RNAi); Aso et al. 2019 (scRNA-seq)",right,,fw004271,FBbt:00049837,,isomorphic,,,
81067130426132635,720575940619155029,151608.0,40656.0,5215.0,151608.0,40656.0,5215.0,6354538.0,intrinsic,central,Kenyon_Cell,KCg,14292.0,KCg-m,KCg-m,MBp2,MBp2,dopamine,0.8191195057949611,"acetylcholine; sNPF; acetylcholine, sNPF","Barnstedt et al. 2016 (immuno); Johard et al., 2008 (immuno); Aso et al. 2019 (scRNA-seq)",right,,fw004296,FBbt_00111061,,isomorphic,,,
81348467897349437,720575940623986469,156057.0,39279.0,5133.0,162160.0,40248.0,5088.0,6749167.0,intrinsic,central,Kenyon_Cell,,17488.0,KCapbp-ap2,KCa'b'-ap2,MBp2,MBp2,dopamine,0.5001959504976294,acetylcholine; acetylcholine,"Barnstedt et al. 2016 (immuno, RNAi); Aso et al. 2019 (scRNA-seq)",right,,fw004301,FBbt:00049837,,isomorphic,,,
80714186992407283,720575940634967962,146384.0,24304.0,3754.0,146384.0,24304.0,3754.0,5592865.0,intrinsic,central,Kenyon_Cell,KCg,14292.0,KCg-m,KCg-m,MBp1,MBp1,dopamine,0.7489942758768531,"acetylcholine; sNPF; acetylcholine, sNPF","Barnstedt et al. 2016 (immuno); Johard et al., 2008 (immuno); Aso et al. 2019 (scRNA-seq)",right,,fw004308,FBbt_00111061,,isomorphic,,,
80784899400818325,720575940647739513,147576.0,30264.0,4114.0,147576.0,30264.0,4114.0,5631904.0,intrinsic,central,Kenyon_Cell,KCg,14292.0,KCg-m,KCg-m,MBp1,MBp1,dopamine,0.7757872863496854,"acetylcholine; sNPF; acetylcholine, sNPF","Barnstedt et al. 2016 (immuno); Johard et al., 2008 (immuno); Aso et al. 2019 (scRNA-seq)",right,,fw004310,FBbt_00111061,,isomorphic,,,
81348673921237748,720575940618545903,155968.0,42521.0,3897.0,147728.0,30440.0,4387.0,5642787.0,intrinsic,central,Kenyon_Cell,KCab,11862.0,KCab,KCab-c,MBp1,MBp1,dopamine,0.6369264003712783,"acetylcholine; sNPF; acetylcholine, sNPF","Barnstedt et al. 2016 (immuno, RNAi); Johard et al. (immuno); Aso et al. 2019 (scRNA-seq)",right,,fw004315,FBbt_00100248,,isomorphic,,,
81348742841669298,720575940629834796,155600.0,42912.0,5141.0,155600.0,42912.0,5141.0,6371494.0,intrinsic,central,Kenyon_Cell,KCab,11862.0,KCab,KCab-m,MBp2,MBp2,dopamine,0.5998585211129569,"acetylcholine; sNPF; acetylcholine, sNPF","Barnstedt et al. 2016 (immuno, RNAi); Johard et al. (immuno); Aso et al. 2019 (scRNA-seq)",right,,fw004324,FBbt_00100248,,isomorphic,,,
81559848940215285,720575940625940456,159649.0,43400.0,4294.0,171688.0,32000.0,4279.0,7067194.0,intrinsic,central,Kenyon_Cell,KCg,14292.0,KCg-m,KCg-m,MBp4,MBp4,dopamine,0.7368835408280394,"acetylcholine; sNPF; acetylcholine, sNPF","Barnstedt et al. 2016 (immuno); Johard et al., 2008 (immuno); Aso et al. 2019 (scRNA-seq)",right,,fw004327,FBbt_00111061,,isomorphic,,,
80996143072943685,720575940634989560,150969.0,31764.0,4571.0,148432.0,28560.0,4066.0,6307752.0,intrinsic,central,Kenyon_Cell,KCab,11862.0,KCab,KCab-s,MBp1,MBp1,dopamine,0.6279333720904299,"acetylcholine; sNPF; acetylcholine, sNPF","Barnstedt et al. 2016 (immuno, RNAi); Johard et al. (immuno); Aso et al. 2019 (scRNA-seq)",right,,fw004363,FBbt_00100248,,isomorphic,,,
81348742640958715,720575940623400189,155981.0,43410.0,4102.0,151104.0,41200.0,5239.0,6354207.0,intrinsic,central,Kenyon_Cell,KCg,14292.0,KCg-m,KCg-m,MBp2,MBp2,dopamine,0.7670549424079748,"acetylcholine; sNPF; acetylcholine, sNPF","Barnstedt et al. 2016 (immuno); Johard et al., 2008 (immuno); Aso et al. 2019 (scRNA-seq)",right,,fw004377,FBbt_00111061,,isomorphic,,,
81489480196053702,720575940619375701,158507.0,43354.0,4293.0,163640.0,32656.0,4849.0,6714254.0,intrinsic,central,Kenyon_Cell,KCg,14292.0,KCg-m,KCg-m,MBp4,MBp4,dopamine,0.7357397149942722,"acetylcholine; sNPF; acetylcholine, sNPF","Barnstedt et al. 2016 (immuno); Johard et al., 2008 (immuno); Aso et al. 2019 (scRNA-seq)",right,,fw004388,FBbt_00111061,,isomorphic,,,
81770955240327103,720575940636447630,161952.0,43064.0,5092.0,161952.0,43064.0,5092.0,6825513.0,intrinsic,central,Kenyon_Cell,KCab,11862.0,KCab,KCab-c,MBp2,MBp2,dopamine,0.5651433106531593,"acetylcholine; sNPF; acetylcholine, sNPF","Barnstedt et al. 2016 (immuno, RNAi); Johard et al. (immuno); Aso et al. 2019 (scRNA-seq)",right,,fw004391,FBbt_00100248,,isomorphic,,,
81489548848628183,720575940604935340,158051.0,44396.0,3977.0,150576.0,36264.0,5091.0,6352325.0,intrinsic,central,Kenyon_Cell,KCg,14292.0,KCg-m,KCg-m,MBp2,MBp2,dopamine,0.7771176520834882,"acetylcholine; sNPF; acetylcholine, sNPF","Barnstedt et al. 2016 (immuno); Johard et al., 2008 (immuno); Aso et al. 2019 (scRNA-seq)",right,,fw004397,FBbt_00111061,,isomorphic,,,
81559848940226609,720575940623679495,159173.0,43397.0,4294.0,156208.0,37776.0,5152.0,6748239.0,intrinsic,central,Kenyon_Cell,KCg,14292.0,KCg-m,KCg-m,MBp4,MBp4,dopamine,0.7488753166989303,"acetylcholine; sNPF; acetylcholine, sNPF","Barnstedt et al. 2016 (immuno); Johard et al., 2008 (immuno); Aso et al. 2019 (scRNA-seq)",right,,fw004410,FBbt_00111061,,isomorphic,,,
81630286337015561,720575940621887270,160337.0,43844.0,3977.0,163568.0,39824.0,4889.0,6749609.0,intrinsic,central,Kenyon_Cell,KCg,19102.0,KCg-d,KCg-d,MBp4,MBp4,dopamine,0.6003341862800914,"acetylcholine; sNPF; acetylcholine, sNPF","Barnstedt et al. 2016 (immuno); Johard et al., 2008 (immuno); Aso et al. 2019 (scRNA-seq)",right,,fw004419,FBbt_00110932,,isomorphic,,,
81348467897344989,720575940631498819,156138.0,39161.0,5133.0,164136.0,39912.0,4998.0,6749776.0,intrinsic,central,Kenyon_Cell,,17488.0,KCapbp-ap1,KCa'b'-ap1,MBp2,MBp2,dopamine,0.472155149683751,acetylcholine; acetylcholine,"Barnstedt et al. 2016 (immuno, RNAi); Aso et al. 2019 (scRNA-seq)",right,,fw004440,FBbt:00049836,,isomorphic,,,
81911005533400980,720575940622633203,164752.0,32536.0,4750.0,164752.0,32536.0,4750.0,7060849.0,intrinsic,central,Kenyon_Cell,KCab,11862.0,KCab,KCab-m,MBp4,MBp4,dopamine,0.6091091198962018,"acetylcholine; sNPF; acetylcholine, sNPF","Barnstedt et al. 2016 (immuno, RNAi); Johard et al. (immuno); Aso et al. 2019 (scRNA-seq)",right,,fw004455,FBbt_00100248,,isomorphic,,,
80996005633330827,720575940620333958,151320.0,29440.0,4127.0,151320.0,29440.0,4127.0,6309167.0,intrinsic,central,Kenyon_Cell,,11862.0,KCab-p,KCab-p,MBp1,MBp1,dopamine,0.6115369831268286,acetylcholine; acetylcholine,Barnstedt et al. 2016 (immuno); Aso et al. 2019 (scRNA-seq),right,,fw004468,FBbt_00110931,,isomorphic,,,
81559299251917920,720575940639409315,159008.0,34568.0,5093.0,159008.0,34568.0,5093.0,6748476.0,intrinsic,central,Kenyon_Cell,KCg,14292.0,KCg-m,KCg-m,MBp3,MBp3,dopamine,0.8519439888045961,"acetylcholine; sNPF; acetylcholine, sNPF","Barnstedt et al. 2016 (immuno); Johard et al., 2008 (immuno); Aso et al. 2019 (scRNA-seq)",right,,fw004482,FBbt_00111061,,isomorphic,,,
80714324431765598,720575940636991856,146488.0,26792.0,4065.0,146488.0,26792.0,4065.0,5631500.0,intrinsic,central,Kenyon_Cell,,17488.0,KCapbp-ap2,KCa'b'-ap2,MBp1,MBp1,dopamine,0.4880980988930697,acetylcholine; acetylcholine,"Barnstedt et al. 2016 (immuno, RNAi); Aso et al. 2019 (scRNA-seq)",right,,fw004483,FBbt:00049837,,isomorphic,,,
81278373896799374,720575940634914552,155066.0,42693.0,4102.0,140736.0,24568.0,3525.0,5587571.0,intrinsic,central,Kenyon_Cell,KCg,14292.0,KCg-m,KCg-m,MBp1,MBp1,dopamine,0.8008415765646232,"acetylcholine; sNPF; acetylcholine, sNPF","Barnstedt et al. 2016 (immuno); Johard et al., 2008 (immuno); Aso et al. 2019 (scRNA-seq)",right,,fw004490,FBbt_00111061,,isomorphic,,,
81559848940232124,720575940631801631,159283.0,43024.0,4293.0,162056.0,27616.0,4124.0,6693152.0,intrinsic,central,Kenyon_Cell,KCg,14292.0,KCg-m,KCg-m,MBp4,MBp4,dopamine,0.7827890704029727,"acetylcholine; sNPF; acetylcholine, sNPF","Barnstedt et al. 2016 (immuno); Johard et al., 2008 (immuno); Aso et al. 2019 (scRNA-seq)",right,,fw004498,FBbt_00111061,,isomorphic,,,
81278305177302436,720575940630078348,154895.0,42378.0,4102.0,141736.0,24440.0,3519.0,5588424.0,intrinsic,central,Kenyon_Cell,KCg,14292.0,KCg-m,KCg-m,MBp1,MBp1,dopamine,0.7997508476964159,"acetylcholine; sNPF; acetylcholine, sNPF","Barnstedt et al. 2016 (immuno); Johard et al., 2008 (immuno); Aso et al. 2019 (scRNA-seq)",right,,fw004502,FBbt_00111061,,isomorphic,,,
81277343171752630,720575940631062603,155344.0,27440.0,4555.0,155344.0,27440.0,4555.0,6319747.0,intrinsic,central,Kenyon_Cell,KCg,14292.0,KCg-m,KCg-m,MBp3,MBp3,dopamine,0.7535170980582421,"acetylcholine; sNPF; acetylcholine, sNPF","Barnstedt et al. 2016 (immuno); Johard et al., 2008 (immuno); Aso et al. 2019 (scRNA-seq)",right,,fw004518,FBbt_00111061,,isomorphic,,,
81136605616336436,720575940620126076,153408.0,27648.0,4065.0,153408.0,27648.0,4065.0,6309936.0,intrinsic,central,Kenyon_Cell,,17488.0,KCapbp-ap1,KCa'b'-ap1,MBp3,MBp3,dopamine,0.4472518453043678,acetylcholine; acetylcholine,"Barnstedt et al. 2016 (immuno, RNAi); Aso et al. 2019 (scRNA-seq)",right,,fw004546,FBbt:00049836,,isomorphic,,,
81348467963904435,720575940621925417,156008.0,39136.0,5224.0,156008.0,39136.0,5224.0,6358320.0,intrinsic,central,Kenyon_Cell,,11862.0,KCab-p,KCab-p,MBp2,MBp2,dopamine,0.6272694128219513,acetylcholine; acetylcholine,Barnstedt et al. 2016 (immuno); Aso et al. 2019 (scRNA-seq),right,,fw004547,FBbt_00110931,,isomorphic,,,
81910936813879601,720575940603642982,164128.0,31800.0,4709.0,164128.0,31800.0,4709.0,6716360.0,intrinsic,central,Kenyon_Cell,KCab,11862.0,KCab,KCab-c,MBp4,MBp4,dopamine,0.5984189811194741,"acetylcholine; sNPF; acetylcholine, sNPF","Barnstedt et al. 2016 (immuno, RNAi); Johard et al. (immuno); Aso et al. 2019 (scRNA-seq)",right,,fw004548,FBbt_00100248,,isomorphic,,,
80925362011312396,720575940619254448,150256.0,25680.0,4126.0,150256.0,25680.0,4126.0,6308666.0,intrinsic,central,Kenyon_Cell,,17488.0,KCapbp-m,KCa'b'-m,MBp3,MBp3,dopamine,0.4109952313820491,acetylcholine; acetylcholine,"Barnstedt et al. 2016 (immuno, RNAi); Aso et al. 2019 (scRNA-seq)",right,,fw004551,FBbt:00100253,,isomorphic,,,
81348742640955459,720575940620411841,155860.0,43499.0,4102.0,149848.0,33040.0,4909.0,6314645.0,intrinsic,central,Kenyon_Cell,KCg,14292.0,KCg-m,KCg-m,MBp2,MBp2,dopamine,0.8021445343857311,"acetylcholine; sNPF; acetylcholine, sNPF","Barnstedt et al. 2016 (immuno); Johard et al., 2008 (immuno); Aso et al. 2019 (scRNA-seq)",right,,fw004600,FBbt_00111061,,isomorphic,,,
81348467897360074,720575940623878327,155991.0,39362.0,5132.0,163968.0,39232.0,5098.0,6749700.0,intrinsic,central,Kenyon_Cell,,17488.0,KCapbp-ap2,KCa'b'-ap2,MBp2,MBp2,dopamine,0.5232377217341594,acetylcholine; acetylcholine,"Barnstedt et al. 2016 (immuno, RNAi); Aso et al. 2019 (scRNA-seq)",right,,fw004603,FBbt:00049837,,isomorphic,,,
80573449504195900,720575940629895484,145032.0,24840.0,3868.0,145032.0,24840.0,3868.0,5592023.0,intrinsic,central,Kenyon_Cell,,17488.0,KCapbp-ap2,KCa'b'-ap2,MBp1,MBp1,dopamine,0.6094519653412926,acetylcholine; acetylcholine,"Barnstedt et al. 2016 (immuno, RNAi); Aso et al. 2019 (scRNA-seq)",right,,fw004613,FBbt:00049837,,isomorphic,,,
81489480196051697,720575940631603768,158351.0,43594.0,4294.0,161512.0,40832.0,5000.0,6748947.0,intrinsic,central,Kenyon_Cell,KCg,14292.0,KCg-m,KCg-m,MBp2,MBp2,dopamine,0.7504079881713307,"acetylcholine; sNPF; acetylcholine, sNPF","Barnstedt et al. 2016 (immuno); Johard et al., 2008 (immuno); Aso et al. 2019 (scRNA-seq)",right,,fw004627,FBbt_00111061,,isomorphic,,,
81207111865995930,720575940628225852,154016.0,30272.0,4162.0,154016.0,30272.0,4162.0,6310213.0,intrinsic,central,Kenyon_Cell,KCg,14292.0,KCg-m,KCg-m,MBp3,MBp3,dopamine,0.779342485759268,"acetylcholine; sNPF; acetylcholine, sNPF","Barnstedt et al. 2016 (immuno); Johard et al., 2008 (immuno); Aso et al. 2019 (scRNA-seq)",right,,fw004641,FBbt_00111061,,isomorphic,,,
81348536616874385,720575940621413158,156281.0,39628.0,5133.0,162072.0,38888.0,5152.0,6749190.0,intrinsic,central,Kenyon_Cell,,17488.0,KCapbp-ap2,KCa'b'-ap2,MBp2,MBp2,dopamine,0.5076288421137974,acetylcholine; acetylcholine,"Barnstedt et al. 2016 (immuno, RNAi); Aso et al. 2019 (scRNA-seq)",right,,fw004646,FBbt:00049837,,isomorphic,,,
81559848940240203,720575940622191177,158661.0,43160.0,4293.0,153264.0,30824.0,4160.0,6310009.0,intrinsic,central,Kenyon_Cell,KCg,14292.0,KCg-m,KCg-m,MBp3,MBp3,dopamine,0.7773484590703024,"acetylcholine; sNPF; acetylcholine, sNPF","Barnstedt et al. 2016 (immuno); Johard et al., 2008 (immuno); Aso et al. 2019 (scRNA-seq)",right,,fw004656,FBbt_00111061,,isomorphic,,,
81489342824495116,720575940622249949,158024.0,40728.0,5025.0,158024.0,40728.0,5025.0,6748418.0,intrinsic,central,Kenyon_Cell,KCab,11862.0,KCab,KCab-s,MBp2,MBp2,dopamine,0.5248062946303171,"acetylcholine; sNPF; acetylcholine, sNPF","Barnstedt et al. 2016 (immuno, RNAi); Johard et al. (immuno); Aso et al. 2019 (scRNA-seq)",right,,fw004696,FBbt_00100248,,isomorphic,,,
81489548848646492,720575940621999044,158497.0,44098.0,3976.0,152248.0,41208.0,5230.0,6355024.0,intrinsic,central,Kenyon_Cell,KCg,14292.0,KCg-m,KCg-m,MBp2,MBp2,dopamine,0.7869969921726222,"acetylcholine; sNPF; acetylcholine, sNPF","Barnstedt et al. 2016 (immuno); Johard et al., 2008 (immuno); Aso et al. 2019 (scRNA-seq)",right,,fw004705,FBbt_00111061,,isomorphic,,,
80714461870541552,720575940624494996,147136.0,29048.0,3952.0,147136.0,29048.0,3952.0,5631715.0,intrinsic,central,Kenyon_Cell,KCg,14292.0,KCg-m,KCg-m,MBp1,MBp1,dopamine,0.7380647069558286,"acetylcholine; sNPF; acetylcholine, sNPF","Barnstedt et al. 2016 (immuno); Johard et al., 2008 (immuno); Aso et al. 2019 (scRNA-seq)",right,,fw004731,FBbt_00111061,,isomorphic,,,
81278305177056321,720575940609871253,155508.0,42417.0,3896.0,147192.0,32056.0,4381.0,5641668.0,intrinsic,central,Kenyon_Cell,KCab,11862.0,KCab,KCab-m,MBp1,MBp1,dopamine,0.6179181056749882,"acetylcholine; sNPF; acetylcholine, sNPF","Barnstedt et al. 2016 (immuno, RNAi); Johard et al. (immuno); Aso et al. 2019 (scRNA-seq)",right,,fw004744,FBbt_00100248,,isomorphic,,,
81278442817098633,720575940622670835,155352.0,44552.0,5208.0,155352.0,44552.0,5208.0,6376288.0,intrinsic,central,Kenyon_Cell,,17488.0,KCapbp-ap1,KCa'b'-ap1,MBp2,MBp2,dopamine,0.5881540927182289,acetylcholine; acetylcholine,"Barnstedt et al. 2016 (immuno, RNAi); Aso et al. 2019 (scRNA-seq)",right,,fw004745,FBbt:00049836,,isomorphic,,,
81981099265908620,720575940627861736,165320.0,28336.0,4071.0,165320.0,28336.0,4071.0,7056631.0,intrinsic,central,Kenyon_Cell,KCg,14292.0,KCg-m,KCg-m,MBp4,MBp4,dopamine,0.7865264329200589,"acetylcholine; sNPF; acetylcholine, sNPF","Barnstedt et al. 2016 (immuno); Johard et al., 2008 (immuno); Aso et al. 2019 (scRNA-seq)",right,,fw004748,FBbt_00111061,,isomorphic,,,
81277411891356160,720575940631088402,155352.0,28800.0,4618.0,155352.0,28800.0,4618.0,6319941.0,intrinsic,central,Kenyon_Cell,KCab,11862.0,KCab,KCab-c,MBp3,MBp3,dopamine,0.585853222061182,"acetylcholine; sNPF; acetylcholine, sNPF","Barnstedt et al. 2016 (immuno, RNAi); Johard et al. (immuno); Aso et al. 2019 (scRNA-seq)",right,,fw004764,FBbt_00100248,,isomorphic,,,
80643886968134362,720575940620020257,145608.0,26064.0,4069.0,145608.0,26064.0,4069.0,5631117.0,intrinsic,central,Kenyon_Cell,,17488.0,KCapbp-ap2,KCa'b'-ap2,MBp1,MBp1,dopamine,0.4955859019127277,acetylcholine; acetylcholine,"Barnstedt et al. 2016 (immuno, RNAi); Aso et al. 2019 (scRNA-seq)",right,,fw004775,FBbt:00049837,,isomorphic,,,
81348742640721039,720575940621174192,156067.0,42721.0,3896.0,147728.0,28984.0,4188.0,5642744.0,intrinsic,central,Kenyon_Cell,KCab,11862.0,KCab,KCab-c,MBp1,MBp1,dopamine,0.5660700621501612,"acetylcholine; sNPF; acetylcholine, sNPF","Barnstedt et al. 2016 (immuno, RNAi); Johard et al. (immuno); Aso et al. 2019 (scRNA-seq)",right,,fw004791,FBbt_00100248,,isomorphic,,,
81348674055680265,720575940637846618,156184.0,42288.0,5097.0,156184.0,42288.0,5097.0,6822771.0,intrinsic,central,Kenyon_Cell,KCab,11862.0,KCab,KCab-m,MBp2,MBp2,dopamine,0.5743370766705445,"acetylcholine; sNPF; acetylcholine, sNPF","Barnstedt et al. 2016 (immuno, RNAi); Johard et al. (immuno); Aso et al. 2019 (scRNA-seq)",right,,fw004801,FBbt_00100248,,isomorphic,,,
81208005286861463,720575940622398728,154112.0,42976.0,5094.0,154112.0,42976.0,5094.0,6371147.0,intrinsic,central,Kenyon_Cell,KCab,11862.0,KCab,KCab-s,MBp2,MBp2,dopamine,0.6092627984726733,"acetylcholine; sNPF; acetylcholine, sNPF","Barnstedt et al. 2016 (immuno, RNAi); Johard et al. (immuno); Aso et al. 2019 (scRNA-seq)",right,,fw004807,FBbt_00100248,,isomorphic,,,
81348811360427916,720575940629978666,155817.0,43810.0,4102.0,152320.0,30888.0,4124.0,6309550.0,intrinsic,central,Kenyon_Cell,KCg,14292.0,KCg-m,KCg-m,MBp2,MBp2,dopamine,0.7711795240239989,"acetylcholine; sNPF; acetylcholine, sNPF","Barnstedt et al. 2016 (immuno); Johard et al., 2008 (immuno); Aso et al. 2019 (scRNA-seq)",right,,fw004825,FBbt_00111061,,isomorphic,,,
81348742640721959,720575940619147349,156420.0,42654.0,3896.0,147624.0,32704.0,4299.0,5642623.0,intrinsic,central,Kenyon_Cell,KCab,11862.0,KCab,KCab-m,MBp1,MBp1,dopamine,0.6402034258546413,"acetylcholine; sNPF; acetylcholine, sNPF","Barnstedt et al. 2016 (immuno, RNAi); Johard et al. (immuno); Aso et al. 2019 (scRNA-seq)",right,,fw004832,FBbt_00100248,,isomorphic,,,
81348674122160970,720575940631054540,155624.0,41784.0,5138.0,155624.0,41784.0,5138.0,6371488.0,intrinsic,central,Kenyon_Cell,KCab,11862.0,KCab,KCab-m,MBp2,MBp2,dopamine,0.6096683542432516,"acetylcholine; sNPF; acetylcholine, sNPF","Barnstedt et al. 2016 (immuno, RNAi); Johard et al. (immuno); Aso et al. 2019 (scRNA-seq)",right,,fw004838,FBbt_00100248,,isomorphic,,,
81700586562596824,720575940620187305,161216.0,43024.0,5147.0,161216.0,43024.0,5147.0,6825321.0,intrinsic,central,Kenyon_Cell,KCab,11862.0,KCab,KCab-c,MBp2,MBp2,dopamine,0.5463885669724926,"acetylcholine; sNPF; acetylcholine, sNPF","Barnstedt et al. 2016 (immuno, RNAi); Johard et al. (immuno); Aso et al. 2019 (scRNA-seq)",right,,fw004856,FBbt_00100248,,isomorphic,,,
81489480196049561,720575940615447764,158132.0,43509.0,4293.0,154288.0,45264.0,5093.0,6371182.0,intrinsic,central,Kenyon_Cell,KCg,14292.0,KCg-m,KCg-m,MBp2,MBp2,dopamine,0.7321586776002258,"acetylcholine; sNPF; acetylcholine, sNPF","Barnstedt et al. 2016 (immuno); Johard et al., 2008 (immuno); Aso et al. 2019 (scRNA-seq)",right,,fw004873,FBbt_00111061,,isomorphic,,,
81910868027773873,720575940615696070,164088.0,30456.0,4543.0,164088.0,30456.0,4543.0,6716156.0,intrinsic,central,Kenyon_Cell,KCab,11862.0,KCab,KCab-c,MBp4,MBp4,dopamine,0.553867065961746,"acetylcholine; sNPF; acetylcholine, sNPF","Barnstedt et al. 2016 (immuno, RNAi); Johard et al. (immuno); Aso et al. 2019 (scRNA-seq)",right,,fw004909,FBbt_00100248,,isomorphic,,,
81770817867906496,720575940604489649,161848.0,41232.0,5202.0,161848.0,41232.0,5202.0,6804062.0,intrinsic,central,Kenyon_Cell,,17488.0,KCapbp-ap2,KCa'b'-ap2,MBp2,MBp2,dopamine,0.5775345851079046,acetylcholine; acetylcholine,"Barnstedt et al. 2016 (immuno, RNAi); Aso et al. 2019 (scRNA-seq)",right,,fw004919,FBbt:00049837,,isomorphic,,,
81559848940234651,720575940627483413,159108.0,43251.0,4294.0,161032.0,35752.0,5094.0,6748882.0,intrinsic,central,Kenyon_Cell,KCg,14292.0,KCg-m,KCg-m,MBp4,MBp4,dopamine,0.7637499459895472,"acetylcholine; sNPF; acetylcholine, sNPF","Barnstedt et al. 2016 (immuno); Johard et al., 2008 (immuno); Aso et al. 2019 (scRNA-seq)",right,,fw004935,FBbt_00111061,,isomorphic,,,
81419180104598504,720575940637964521,156599.0,44226.0,4102.0,159744.0,40032.0,5147.0,6748590.0,intrinsic,central,Kenyon_Cell,KCg,14292.0,KCg-m,KCg-m,MBp2,MBp2,dopamine,0.7273737608992177,"acetylcholine; sNPF; acetylcholine, sNPF","Barnstedt et al. 2016 (immuno); Johard et al., 2008 (immuno); Aso et al. 2019 (scRNA-seq)",right,,fw004985,FBbt_00111061,,isomorphic,,,
81066786762140232,720575940632585043,151704.0,36024.0,5093.0,151704.0,36024.0,5093.0,6352619.0,intrinsic,central,Kenyon_Cell,KCab,11862.0,KCab,KCab-s,MBp2,MBp2,dopamine,0.688928423274496,"acetylcholine; sNPF; acetylcholine, sNPF","Barnstedt et al. 2016 (immuno, RNAi); Johard et al. (immuno); Aso et al. 2019 (scRNA-seq)",right,,fw004993,FBbt_00100248,,isomorphic,,,
82403517956267734,720575940632835810,171736.0,31680.0,4369.0,171736.0,31680.0,4369.0,7067215.0,intrinsic,central,Kenyon_Cell,KCab,11862.0,KCab,KCab-s,MBp4,MBp4,dopamine,0.6228201395232613,"acetylcholine; sNPF; acetylcholine, sNPF","Barnstedt et al. 2016 (immuno, RNAi); Johard et al. (immuno); Aso et al. 2019 (scRNA-seq)",right,,fw005008,FBbt_00100248,,isomorphic,,,
81278305177070089,720575940603719712,155231.0,41868.0,3897.0,148392.0,25424.0,4071.0,6307754.0,intrinsic,central,Kenyon_Cell,KCg,14292.0,KCg-m,KCg-m,MBp1,MBp1,dopamine,0.811397661240306,"acetylcholine; sNPF; acetylcholine, sNPF","Barnstedt et al. 2016 (immuno); Johard et al., 2008 (immuno); Aso et al. 2019 (scRNA-seq)",right,,fw005013,FBbt_00111061,,isomorphic,,,
81348742640721031,720575940619977566,155864.0,42756.0,3896.0,147192.0,30824.0,4232.0,5641622.0,intrinsic,central,Kenyon_Cell,KCab,11862.0,KCab,KCab-c,MBp1,MBp1,dopamine,0.5658615866790468,"acetylcholine; sNPF; acetylcholine, sNPF","Barnstedt et al. 2016 (immuno, RNAi); Johard et al. (immuno); Aso et al. 2019 (scRNA-seq)",right,,fw005018,FBbt_00100248,,isomorphic,,,
81347711915651824,720575940648276089,155928.0,27664.0,4352.0,155928.0,27664.0,4352.0,6320937.0,intrinsic,central,Kenyon_Cell,KCg,14292.0,KCg-m,KCg-m,MBp3,MBp3,dopamine,0.7961433111327877,"acetylcholine; sNPF; acetylcholine, sNPF","Barnstedt et al. 2016 (immuno); Johard et al., 2008 (immuno); Aso et al. 2019 (scRNA-seq)",right,,fw005020,FBbt_00111061,,isomorphic,,,
81207867847869258,720575940627768567,153896.0,41592.0,5096.0,153896.0,41592.0,5096.0,6371115.0,intrinsic,central,Kenyon_Cell,KCab,11862.0,KCab,KCab-s,MBp2,MBp2,dopamine,0.5865703528882407,"acetylcholine; sNPF; acetylcholine, sNPF","Barnstedt et al. 2016 (immuno, RNAi); Johard et al. (immuno); Aso et al. 2019 (scRNA-seq)",right,,fw005026,FBbt_00100248,,isomorphic,,,
81840568002905939,720575940629942844,162977.0,32090.0,4437.0,166856.0,28400.0,4069.0,7056867.0,intrinsic,central,Kenyon_Cell,KCg,14292.0,KCg-m,KCg-m,MBp4,MBp4,dopamine,0.8042868864906219,"acetylcholine; sNPF; acetylcholine, sNPF","Barnstedt et al. 2016 (immuno); Johard et al., 2008 (immuno); Aso et al. 2019 (scRNA-seq)",right,,fw005034,FBbt_00111061,,isomorphic,,,
81277755555729441,720575940630109756,154904.0,34264.0,5098.0,154904.0,34264.0,5098.0,6353018.0,intrinsic,central,Kenyon_Cell,KCg,14292.0,KCg-m,KCg-m,MBp3,MBp3,dopamine,0.7667139290597187,"acetylcholine; sNPF; acetylcholine, sNPF","Barnstedt et al. 2016 (immuno); Johard et al., 2008 (immuno); Aso et al. 2019 (scRNA-seq)",right,,fw005038,FBbt_00111061,,isomorphic,,,
80855336864537236,720575940614313996,149320.0,30984.0,4126.0,149320.0,30984.0,4126.0,6308183.0,intrinsic,central,Kenyon_Cell,,17488.0,KCapbp-ap1,KCa'b'-ap1,MBp1,MBp1,dopamine,0.5611211979908992,acetylcholine; acetylcholine,"Barnstedt et al. 2016 (immuno, RNAi); Aso et al. 2019 (scRNA-seq)",right,,fw005097,FBbt:00049836,,isomorphic,,,
80996143072959302,720575940615066335,150642.0,31873.0,4572.0,146448.0,26208.0,4121.0,5631544.0,intrinsic,central,Kenyon_Cell,,17488.0,KCapbp-m,KCa'b'-m,MBp1,MBp1,dopamine,0.518112009316292,acetylcholine; acetylcholine,"Barnstedt et al. 2016 (immuno, RNAi); Aso et al. 2019 (scRNA-seq)",right,,fw005101,FBbt:00100253,,isomorphic,,,
81348742640719967,720575940615136059,156260.0,42944.0,3897.0,147136.0,28712.0,4319.0,5641447.0,intrinsic,central,Kenyon_Cell,KCab,11862.0,KCab,KCab-m,MBp1,MBp1,dopamine,0.5688355396602985,"acetylcholine; sNPF; acetylcholine, sNPF","Barnstedt et al. 2016 (immuno, RNAi); Johard et al. (immuno); Aso et al. 2019 (scRNA-seq)",right,,fw005102,FBbt_00100248,,isomorphic,,,
81910868027423301,720575940608820600,163972.0,30724.0,4293.0,166800.0,29144.0,4073.0,7056856.0,intrinsic,central,Kenyon_Cell,KCg,14292.0,KCg-m,KCg-m,MBp4,MBp4,dopamine,0.7416269814086963,"acetylcholine; sNPF; acetylcholine, sNPF","Barnstedt et al. 2016 (immuno); Johard et al., 2008 (immuno); Aso et al. 2019 (scRNA-seq)",right,,fw005119,FBbt_00111061,,isomorphic,,,
81418974080437339,720575940603721248,157584.0,40976.0,5135.0,157584.0,40976.0,5135.0,6748394.0,intrinsic,central,Kenyon_Cell,KCab,11862.0,KCab,KCab-s,MBp2,MBp2,dopamine,0.6187086150813415,"acetylcholine; sNPF; acetylcholine, sNPF","Barnstedt et al. 2016 (immuno, RNAi); Johard et al. (immuno); Aso et al. 2019 (scRNA-seq)",right,,fw005140,FBbt_00100248,,isomorphic,,,
81348742640721030,720575940619412596,155662.0,42718.0,3897.0,147216.0,31496.0,4251.0,5641698.0,intrinsic,central,Kenyon_Cell,KCab,11862.0,KCab,KCab-m,MBp1,MBp1,dopamine,0.5492910062357552,"acetylcholine; sNPF; acetylcholine, sNPF","Barnstedt et al. 2016 (immuno, RNAi); Johard et al. (immuno); Aso et al. 2019 (scRNA-seq)",right,,fw005166,FBbt_00100248,,isomorphic,,,
81841117825778786,720575940632182692,163616.0,40552.0,4901.0,163616.0,40552.0,4901.0,6749646.0,intrinsic,central,Kenyon_Cell,KCg,19102.0,KCg-d,KCg-d,MBp4,MBp4,dopamine,0.6320881229983928,"acetylcholine; sNPF; acetylcholine, sNPF","Barnstedt et al. 2016 (immuno); Johard et al., 2008 (immuno); Aso et al. 2019 (scRNA-seq)",right,,fw005194,FBbt_00110932,,isomorphic,,,
80714324498489217,720575940616222438,147120.0,27024.0,4297.0,147120.0,27024.0,4297.0,5641366.0,intrinsic,central,Kenyon_Cell,,17488.0,KCapbp-ap2,KCa'b'-ap2,MBp1,MBp1,dopamine,0.5201026562723718,acetylcholine; acetylcholine,"Barnstedt et al. 2016 (immuno, RNAi); Aso et al. 2019 (scRNA-seq)",right,,fw005258,FBbt:00049837,,isomorphic,,,
81207043146438182,720575940633402082,154480.0,28984.0,4121.0,154480.0,28984.0,4121.0,6310344.0,intrinsic,central,Kenyon_Cell,KCg,14292.0,KCg-m,KCg-m,MBp3,MBp3,dopamine,0.7703054326630866,"acetylcholine; sNPF; acetylcholine, sNPF","Barnstedt et al. 2016 (immuno); Johard et al., 2008 (immuno); Aso et al. 2019 (scRNA-seq)",right,,fw005263,FBbt_00111061,,isomorphic,,,
81348742640960271,720575940620883917,155851.0,43134.0,4103.0,152168.0,41192.0,5345.0,6354976.0,intrinsic,central,Kenyon_Cell,KCg,14292.0,KCg-m,KCg-m,MBp2,MBp2,dopamine,0.7888037832922055,"acetylcholine; sNPF; acetylcholine, sNPF","Barnstedt et al. 2016 (immuno); Johard et al., 2008 (immuno); Aso et al. 2019 (scRNA-seq)",right,,fw005268,FBbt_00111061,,isomorphic,,,
81630149032451221,720575940637186638,160216.0,42176.0,5097.0,160216.0,42176.0,5097.0,6825049.0,intrinsic,central,Kenyon_Cell,KCab,11862.0,KCab,KCab-m,MBp2,MBp2,dopamine,0.5692249423529965,"acetylcholine; sNPF; acetylcholine, sNPF","Barnstedt et al. 2016 (immuno, RNAi); Johard et al. (immuno); Aso et al. 2019 (scRNA-seq)",right,,fw005280,FBbt_00100248,,isomorphic,,,
81347780568338379,720575940628800762,155672.0,28328.0,4081.0,155672.0,28328.0,4081.0,6310775.0,intrinsic,central,Kenyon_Cell,,17488.0,KCapbp-ap1,KCa'b'-ap1,MBp3,MBp3,dopamine,0.5254407072145015,acetylcholine; acetylcholine,"Barnstedt et al. 2016 (immuno, RNAi); Aso et al. 2019 (scRNA-seq)",right,,fw005286,FBbt:00049836,,isomorphic,,,
81066786828664081,720575940644946211,152288.0,36328.0,5147.0,152288.0,36328.0,5147.0,6352692.0,intrinsic,central,Kenyon_Cell,,17488.0,KCapbp-ap2,KCa'b'-ap2,MBp2,MBp2,dopamine,0.558305354314225,acetylcholine; acetylcholine,"Barnstedt et al. 2016 (immuno, RNAi); Aso et al. 2019 (scRNA-seq)",right,,fw005306,FBbt:00049837,,isomorphic,,,
81419248823951651,720575940605338290,157476.0,44727.0,3976.0,165232.0,40704.0,5065.0,7074521.0,intrinsic,central,Kenyon_Cell,KCg,14292.0,KCg-m,KCg-m,MBp2,MBp2,dopamine,0.7358712158615032,"acetylcholine; sNPF; acetylcholine, sNPF","Barnstedt et al. 2016 (immuno); Johard et al., 2008 (immuno); Aso et al. 2019 (scRNA-seq)",right,,fw005313,FBbt_00111061,,isomorphic,,,
81278373896854277,720575940629502506,155425.0,43285.0,4102.0,155888.0,46592.0,5250.0,6376550.0,intrinsic,central,Kenyon_Cell,KCg,14292.0,KCg-m,KCg-m,MBp2,MBp2,dopamine,0.791414816058885,"acetylcholine; sNPF; acetylcholine, sNPF","Barnstedt et al. 2016 (immuno); Johard et al., 2008 (immuno); Aso et al. 2019 (scRNA-seq)",right,,fw005323,FBbt_00111061,,isomorphic,,,
81840499350213271,720575940604770249,163592.0,31096.0,4695.0,163592.0,31096.0,4695.0,6714314.0,intrinsic,central,Kenyon_Cell,KCab,11862.0,KCab,KCab-m,MBp4,MBp4,dopamine,0.5595009150032034,"acetylcholine; sNPF; acetylcholine, sNPF","Barnstedt et al. 2016 (immuno, RNAi); Johard et al. (immuno); Aso et al. 2019 (scRNA-seq)",right,,fw005325,FBbt_00100248,,isomorphic,,,
82544324164097289,720575940614925963,173864.0,32984.0,4358.0,173864.0,32984.0,4358.0,7336709.0,intrinsic,central,Kenyon_Cell,KCab,11862.0,KCab,KCab-s,MBp4,MBp4,dopamine,0.6617870894132563,"acetylcholine; sNPF; acetylcholine, sNPF","Barnstedt et al. 2016 (immuno, RNAi); Johard et al. (immuno); Aso et al. 2019 (scRNA-seq)",right,,fw005347,FBbt_00100248,,isomorphic,,,
80925430730770166,720575940612008818,150032.0,27248.0,4122.0,150032.0,27248.0,4122.0,6308489.0,intrinsic,central,Kenyon_Cell,KCg,14292.0,KCg-m,KCg-m,MBp3,MBp3,dopamine,0.7369220804948735,"acetylcholine; sNPF; acetylcholine, sNPF","Barnstedt et al. 2016 (immuno); Johard et al., 2008 (immuno); Aso et al. 2019 (scRNA-seq)",right,,fw005371,FBbt_00111061,,isomorphic,,,
81559848940240705,720575940620947981,159434.0,43631.0,4294.0,169816.0,32560.0,4457.0,7066682.0,intrinsic,central,Kenyon_Cell,KCg,19102.0,KCg-d,KCg-d,MBp4,MBp4,dopamine,0.5624445505554423,"acetylcholine; sNPF; acetylcholine, sNPF","Barnstedt et al. 2016 (immuno); Johard et al., 2008 (immuno); Aso et al. 2019 (scRNA-seq)",right,,fw005381,FBbt_00110932,,isomorphic,,,
81348811360436242,720575940621529980,155815.0,43753.0,4103.0,153360.0,29680.0,4122.0,6309974.0,intrinsic,central,Kenyon_Cell,KCg,14292.0,KCg-m,KCg-m,MBp1,MBp1,dopamine,0.7668962320450162,"acetylcholine; sNPF; acetylcholine, sNPF","Barnstedt et al. 2016 (immuno); Johard et al., 2008 (immuno); Aso et al. 2019 (scRNA-seq)",right,,fw005393,FBbt_00111061,,isomorphic,,,
81348811494750461,720575940612435454,156288.0,44544.0,5098.0,156288.0,44544.0,5098.0,6822859.0,intrinsic,central,Kenyon_Cell,KCab,11862.0,KCab,KCab-c,MBp2,MBp2,dopamine,0.5420030598367646,"acetylcholine; sNPF; acetylcholine, sNPF","Barnstedt et al. 2016 (immuno, RNAi); Johard et al. (immuno); Aso et al. 2019 (scRNA-seq)",right,,fw005429,FBbt_00100248,,isomorphic,,,
81559848940232290,720575940623370180,159414.0,43322.0,4293.0,169896.0,32560.0,4574.0,7066706.0,intrinsic,central,Kenyon_Cell,KCg,14292.0,KCg-m,KCg-m,MBp4,MBp4,dopamine,0.806746950429931,"acetylcholine; sNPF; acetylcholine, sNPF","Barnstedt et al. 2016 (immuno); Johard et al., 2008 (immuno); Aso et al. 2019 (scRNA-seq)",right,,fw005432,FBbt_00111061,,isomorphic,,,
82122111699190862,720575940632582807,167272.0,32568.0,4486.0,167272.0,32568.0,4486.0,7064233.0,intrinsic,central,Kenyon_Cell,KCab,11862.0,KCab,KCab-m,MBp4,MBp4,dopamine,0.5437138744941156,"acetylcholine; sNPF; acetylcholine, sNPF","Barnstedt et al. 2016 (immuno, RNAi); Johard et al. (immuno); Aso et al. 2019 (scRNA-seq)",right,,fw005468,FBbt_00100248,,isomorphic,,,
81348673921237617,720575940624060208,155576.0,42276.0,3896.0,146368.0,33040.0,4230.0,5641088.0,intrinsic,central,Kenyon_Cell,KCab,11862.0,KCab,KCab-m,MBp1,MBp1,dopamine,0.6119192234860569,"acetylcholine; sNPF; acetylcholine, sNPF","Barnstedt et al. 2016 (immuno, RNAi); Johard et al. (immuno); Aso et al. 2019 (scRNA-seq)",right,,fw005472,FBbt_00100248,,isomorphic,,,
81278373896798135,720575940629271596,155441.0,43029.0,4102.0,142032.0,24368.0,3636.0,5588780.0,intrinsic,central,Kenyon_Cell,KCg,14292.0,KCg-m,KCg-m,MBp1,MBp1,dopamine,0.8116038539387308,"acetylcholine; sNPF; acetylcholine, sNPF","Barnstedt et al. 2016 (immuno); Johard et al., 2008 (immuno); Aso et al. 2019 (scRNA-seq)",right,,fw005473,FBbt_00111061,,isomorphic,,,
81278648908959679,720575940613797295,155008.0,46736.0,5092.0,155008.0,46736.0,5092.0,6371335.0,intrinsic,central,Kenyon_Cell,KCg,19102.0,KCg-d,KCg-d,MBp2,MBp2,dopamine,0.5076500711609836,"acetylcholine; sNPF; acetylcholine, sNPF","Barnstedt et al. 2016 (immuno); Johard et al., 2008 (immuno); Aso et al. 2019 (scRNA-seq)",right,,fw005482,FBbt_00110932,,isomorphic,,,
81489548848626976,720575940630679895,158266.0,44233.0,3977.0,153144.0,43480.0,5143.0,6371024.0,intrinsic,central,Kenyon_Cell,KCg,14292.0,KCg-m,KCg-m,MBp2,MBp2,dopamine,0.806102140498088,"acetylcholine; sNPF; acetylcholine, sNPF","Barnstedt et al. 2016 (immuno); Johard et al., 2008 (immuno); Aso et al. 2019 (scRNA-seq)",right,,fw005501,FBbt_00111061,,isomorphic,,,
81348742640707695,720575940624644739,156256.0,42753.0,3896.0,147672.0,31160.0,4455.0,5642667.0,intrinsic,central,Kenyon_Cell,KCab,11862.0,KCab,KCab-c,MBp1,MBp1,dopamine,0.5659544254366138,"acetylcholine; sNPF; acetylcholine, sNPF","Barnstedt et al. 2016 (immuno, RNAi); Johard et al. (immuno); Aso et al. 2019 (scRNA-seq)",right,,fw005503,FBbt_00100248,,isomorphic,,,
81348673921257208,720575940623582904,155621.0,42308.0,3897.0,147672.0,31816.0,4490.0,5642656.0,intrinsic,central,Kenyon_Cell,KCab,11862.0,KCab,KCab-m,MBp1,MBp1,dopamine,0.5607665586198438,"acetylcholine; sNPF; acetylcholine, sNPF","Barnstedt et al. 2016 (immuno, RNAi); Johard et al. (immuno); Aso et al. 2019 (scRNA-seq)",right,,fw005509,FBbt_00100248,,isomorphic,,,
81981305491070501,720575940626874097,165033.0,31372.0,4293.0,169848.0,28544.0,4071.0,7057703.0,intrinsic,central,Kenyon_Cell,,17488.0,KCapbp-ap1,KCa'b'-ap1,MBp4,MBp4,dopamine,0.5584193088400301,acetylcholine; acetylcholine,"Barnstedt et al. 2016 (immuno, RNAi); Aso et al. 2019 (scRNA-seq)",right,,fw005515,FBbt:00049836,,isomorphic,,,
81347780635398269,720575940636920542,155880.0,28392.0,4545.0,155880.0,28392.0,4545.0,6320875.0,intrinsic,central,Kenyon_Cell,KCab,11862.0,KCab,KCab-c,MBp3,MBp3,dopamine,0.6676591574529188,"acetylcholine; sNPF; acetylcholine, sNPF","Barnstedt et al. 2016 (immuno, RNAi); Johard et al. (immuno); Aso et al. 2019 (scRNA-seq)",right,,fw005562,FBbt_00100248,,isomorphic,,,
81841255264901868,720575940627775938,163568.0,42104.0,5029.0,163568.0,42104.0,5029.0,6825843.0,intrinsic,central,Kenyon_Cell,KCab,11862.0,KCab,KCab-s,MBp2,MBp2,dopamine,0.6481078114172945,"acetylcholine; sNPF; acetylcholine, sNPF","Barnstedt et al. 2016 (immuno, RNAi); Johard et al. (immuno); Aso et al. 2019 (scRNA-seq)",right,,fw005563,FBbt_00100248,,isomorphic,,,
81489480263584065,720575940621415885,157888.0,43320.0,5101.0,157888.0,43320.0,5101.0,6824510.0,intrinsic,central,Kenyon_Cell,KCab,11862.0,KCab,KCab-c,MBp2,MBp2,dopamine,0.5703020060153382,"acetylcholine; sNPF; acetylcholine, sNPF","Barnstedt et al. 2016 (immuno, RNAi); Johard et al. (immuno); Aso et al. 2019 (scRNA-seq)",right,,fw005585,FBbt_00100248,,isomorphic,,,
81348811360469539,720575940620012321,156122.0,43699.0,4103.0,150680.0,38512.0,5100.0,6352368.0,intrinsic,central,Kenyon_Cell,KCg,14292.0,KCg-m,KCg-m,MBp2,MBp2,dopamine,0.717173893628247,"acetylcholine; sNPF; acetylcholine, sNPF","Barnstedt et al. 2016 (immuno); Johard et al., 2008 (immuno); Aso et al. 2019 (scRNA-seq)",right,,fw005592,FBbt_00111061,,isomorphic,,,
81910799307727137,720575940631868999,164016.0,29976.0,4137.0,164016.0,29976.0,4137.0,6716059.0,intrinsic,central,Kenyon_Cell,KCg,14292.0,KCg-m,KCg-m,MBp4,MBp4,dopamine,0.8609819737750618,"acetylcholine; sNPF; acetylcholine, sNPF","Barnstedt et al. 2016 (immuno); Johard et al., 2008 (immuno); Aso et al. 2019 (scRNA-seq)",right,,fw005613,FBbt_00111061,,isomorphic,,,
81136674402238447,720575940603773798,152944.0,29040.0,4121.0,152944.0,29040.0,4121.0,6309743.0,intrinsic,central,Kenyon_Cell,,17488.0,KCapbp-ap1,KCa'b'-ap1,MBp3,MBp3,dopamine,0.5435753897623757,acetylcholine; acetylcholine,"Barnstedt et al. 2016 (immuno, RNAi); Aso et al. 2019 (scRNA-seq)",right,,fw005621,FBbt:00049836,,isomorphic,,,
81489548915546762,720575940611111061,157976.0,43700.0,4294.0,153368.0,37240.0,5145.0,6352796.0,intrinsic,central,Kenyon_Cell,KCg,14292.0,KCg-m,KCg-m,MBp2,MBp2,dopamine,0.7553899070264768,"acetylcholine; sNPF; acetylcholine, sNPF","Barnstedt et al. 2016 (immuno); Johard et al., 2008 (immuno); Aso et al. 2019 (scRNA-seq)",right,,fw005635,FBbt_00111061,,isomorphic,,,
81348673921243492,720575940618292939,156434.0,42355.0,3896.0,148616.0,27216.0,4075.0,6307851.0,intrinsic,central,Kenyon_Cell,KCab,11862.0,KCab,KCab-s,MBp1,MBp1,dopamine,0.5804167531781805,"acetylcholine; sNPF; acetylcholine, sNPF","Barnstedt et al. 2016 (immuno, RNAi); Johard et al. (immuno); Aso et al. 2019 (scRNA-seq)",right,,fw005677,FBbt_00100248,,isomorphic,,,
81700517843108996,720575940632098375,161328.0,41920.0,5145.0,161328.0,41920.0,5145.0,6825350.0,intrinsic,central,Kenyon_Cell,,17488.0,KCapbp-ap2,KCa'b'-ap2,MBp2,MBp2,dopamine,0.5801529865680477,acetylcholine; acetylcholine,"Barnstedt et al. 2016 (immuno, RNAi); Aso et al. 2019 (scRNA-seq)",right,,fw005688,FBbt:00049837,,isomorphic,,,
81559848940242385,720575940620862273,159580.0,43175.0,4293.0,163352.0,28792.0,4077.0,6693314.0,intrinsic,central,Kenyon_Cell,KCg,14292.0,KCg-m,KCg-m,MBp4,MBp4,dopamine,0.8030811983857377,"acetylcholine; sNPF; acetylcholine, sNPF","Barnstedt et al. 2016 (immuno); Johard et al., 2008 (immuno); Aso et al. 2019 (scRNA-seq)",right,,fw005691,FBbt_00111061,,isomorphic,,,
81277480543605276,720575940620310625,154864.0,29496.0,4074.0,154864.0,29496.0,4074.0,6310514.0,intrinsic,central,Kenyon_Cell,KCg,14292.0,KCg-m,KCg-m,MBp3,MBp3,dopamine,0.8106126469692252,"acetylcholine; sNPF; acetylcholine, sNPF","Barnstedt et al. 2016 (immuno); Johard et al., 2008 (immuno); Aso et al. 2019 (scRNA-seq)",right,,fw005692,FBbt_00111061,,isomorphic,,,
81770268045236755,720575940613272799,162240.0,32984.0,4917.0,162240.0,32984.0,4917.0,6710930.0,intrinsic,central,Kenyon_Cell,KCab,11862.0,KCab,KCab-m,MBp3,MBp3,dopamine,0.611183378993559,"acetylcholine; sNPF; acetylcholine, sNPF","Barnstedt et al. 2016 (immuno, RNAi); Johard et al. (immuno); Aso et al. 2019 (scRNA-seq)",right,,fw005707,FBbt_00100248,,isomorphic,,,
81910868027419331,720575940620274497,164203.0,30777.0,4293.0,167520.0,27560.0,4119.0,7057000.0,intrinsic,central,Kenyon_Cell,KCg,14292.0,KCg-m,KCg-m,MBp4,MBp4,dopamine,0.7838512898439074,"acetylcholine; sNPF; acetylcholine, sNPF","Barnstedt et al. 2016 (immuno); Johard et al., 2008 (immuno); Aso et al. 2019 (scRNA-seq)",right,,fw005709,FBbt_00111061,,isomorphic,,,
81278305177071438,720575940625768073,155430.0,42359.0,3896.0,148312.0,32520.0,4275.0,6311635.0,intrinsic,central,Kenyon_Cell,KCab,11862.0,KCab,KCab-m,MBp1,MBp1,dopamine,0.6037678352414902,"acetylcholine; sNPF; acetylcholine, sNPF","Barnstedt et al. 2016 (immuno, RNAi); Johard et al. (immuno); Aso et al. 2019 (scRNA-seq)",right,,fw005711,FBbt_00100248,,isomorphic,,,
81910661802254953,720575940622837482,163864.0,27488.0,4083.0,163864.0,27488.0,4083.0,6693389.0,intrinsic,central,Kenyon_Cell,KCg,14292.0,KCg-m,KCg-m,MBp4,MBp4,dopamine,0.7959275868935674,"acetylcholine; sNPF; acetylcholine, sNPF","Barnstedt et al. 2016 (immuno); Johard et al., 2008 (immuno); Aso et al. 2019 (scRNA-seq)",right,,fw005724,FBbt_00111061,,isomorphic,,,
81559848940241456,720575940622694182,159030.0,43475.0,4293.0,160008.0,41152.0,5007.0,6748613.0,intrinsic,central,Kenyon_Cell,KCg,14292.0,KCg-m,KCg-m,MBp2,MBp2,dopamine,0.812699107486893,"acetylcholine; sNPF; acetylcholine, sNPF","Barnstedt et al. 2016 (immuno); Johard et al., 2008 (immuno); Aso et al. 2019 (scRNA-seq)",right,,fw005755,FBbt_00111061,,isomorphic,,,
80784761895208669,720575940619358257,147688.0,28144.0,3909.0,147688.0,28144.0,3909.0,5631926.0,intrinsic,central,Kenyon_Cell,KCg,14292.0,KCg-m,KCg-m,MBp1,MBp1,dopamine,0.8040200107940494,"acetylcholine; sNPF; acetylcholine, sNPF","Barnstedt et al. 2016 (immuno); Johard et al., 2008 (immuno); Aso et al. 2019 (scRNA-seq)",right,,fw005766,FBbt_00111061,,isomorphic,,,
81348673921246776,720575940626911262,156085.0,42107.0,3897.0,147656.0,33744.0,4337.0,5666856.0,intrinsic,central,Kenyon_Cell,KCab,11862.0,KCab,KCab-m,MBp1,MBp1,dopamine,0.6194273968581286,"acetylcholine; sNPF; acetylcholine, sNPF","Barnstedt et al. 2016 (immuno, RNAi); Johard et al. (immuno); Aso et al. 2019 (scRNA-seq)",right,,fw005770,FBbt_00100248,,isomorphic,,,
81347643129373180,720575940629814060,155592.0,26600.0,4088.0,155592.0,26600.0,4088.0,6310761.0,intrinsic,central,Kenyon_Cell,,17488.0,KCapbp-m,KCa'b'-m,MBp3,MBp3,dopamine,0.550038866936111,acetylcholine; acetylcholine,"Barnstedt et al. 2016 (immuno, RNAi); Aso et al. 2019 (scRNA-seq)",right,,fw005782,FBbt:00100253,,isomorphic,,,
81559848940213395,720575940632919265,159104.0,43621.0,4293.0,155392.0,45936.0,4923.0,6371424.0,intrinsic,central,Kenyon_Cell,KCg,14292.0,KCg-m,KCg-m,MBp2,MBp2,dopamine,0.7727097337238847,"acetylcholine; sNPF; acetylcholine, sNPF","Barnstedt et al. 2016 (immuno); Johard et al., 2008 (immuno); Aso et al. 2019 (scRNA-seq)",right,,fw005800,FBbt_00111061,,isomorphic,,,
81278167939187742,720575940614027059,155392.0,40064.0,5213.0,155392.0,40064.0,5213.0,6357427.0,intrinsic,central,Kenyon_Cell,KCab,11862.0,KCab,KCab-s,MBp2,MBp2,dopamine,0.539363908891333,"acetylcholine; sNPF; acetylcholine, sNPF","Barnstedt et al. 2016 (immuno, RNAi); Johard et al. (immuno); Aso et al. 2019 (scRNA-seq)",right,,fw005801,FBbt_00100248,,isomorphic,,,
82473886700524632,720575940626251778,172256.0,31816.0,4433.0,172256.0,31816.0,4433.0,7067430.0,intrinsic,central,Kenyon_Cell,KCab,11862.0,KCab,KCab-s,MBp4,MBp4,dopamine,0.6330912163279496,"acetylcholine; sNPF; acetylcholine, sNPF","Barnstedt et al. 2016 (immuno, RNAi); Johard et al. (immuno); Aso et al. 2019 (scRNA-seq)",right,,fw005802,FBbt_00100248,,isomorphic,,,
81348742640965316,720575940611343218,155758.0,43553.0,4102.0,154912.0,45888.0,5096.0,6371305.0,intrinsic,central,Kenyon_Cell,KCg,14292.0,KCg-m,KCg-m,MBp2,MBp2,dopamine,0.7353446063511199,"acetylcholine; sNPF; acetylcholine, sNPF","Barnstedt et al. 2016 (immuno); Johard et al., 2008 (immuno); Aso et al. 2019 (scRNA-seq)",right,,fw005803,FBbt_00111061,,isomorphic,,,
81347643196123404,720575940639506749,155880.0,26888.0,4328.0,155880.0,26888.0,4328.0,6320874.0,intrinsic,central,Kenyon_Cell,KCab,11862.0,KCab,KCab-s,MBp3,MBp3,dopamine,0.5860232911715202,"acetylcholine; sNPF; acetylcholine, sNPF","Barnstedt et al. 2016 (immuno, RNAi); Johard et al. (immuno); Aso et al. 2019 (scRNA-seq)",right,,fw005804,FBbt_00100248,,isomorphic,,,
81419249024801470,720575940619516144,157592.0,44672.0,5140.0,157592.0,44672.0,5140.0,6824319.0,intrinsic,central,Kenyon_Cell,KCab,11862.0,KCab,KCab-c,MBp2,MBp2,dopamine,0.6411925598983733,"acetylcholine; sNPF; acetylcholine, sNPF","Barnstedt et al. 2016 (immuno, RNAi); Johard et al. (immuno); Aso et al. 2019 (scRNA-seq)",right,,fw005811,FBbt_00100248,,isomorphic,,,
81559711568646084,720575940624396524,158640.0,41152.0,5005.0,158640.0,41152.0,5005.0,6748464.0,intrinsic,central,Kenyon_Cell,KCab,11862.0,KCab,KCab-s,MBp2,MBp2,dopamine,0.6572321252359287,"acetylcholine; sNPF; acetylcholine, sNPF","Barnstedt et al. 2016 (immuno, RNAi); Johard et al. (immuno); Aso et al. 2019 (scRNA-seq)",right,,fw005815,FBbt_00100248,,isomorphic,,,
81348742640717321,720575940629335115,156395.0,42781.0,3897.0,145968.0,32552.0,4187.0,5640832.0,intrinsic,central,Kenyon_Cell,KCab,11862.0,KCab,KCab-m,MBp1,MBp1,dopamine,0.6183577008716892,"acetylcholine; sNPF; acetylcholine, sNPF","Barnstedt et al. 2016 (immuno, RNAi); Johard et al. (immuno); Aso et al. 2019 (scRNA-seq)",right,,fw005822,FBbt_00100248,,isomorphic,,,
81348811360434247,720575940606941397,156255.0,43840.0,4102.0,151296.0,36720.0,5096.0,6352536.0,intrinsic,central,Kenyon_Cell,KCg,14292.0,KCg-m,KCg-m,MBp2,MBp2,dopamine,0.741770195119454,"acetylcholine; sNPF; acetylcholine, sNPF","Barnstedt et al. 2016 (immuno); Johard et al., 2008 (immuno); Aso et al. 2019 (scRNA-seq)",right,,fw005838,FBbt_00111061,,isomorphic,,,
81347505756938465,720575940610210034,155856.0,25112.0,4160.0,155856.0,25112.0,4160.0,6320845.0,intrinsic,central,Kenyon_Cell,KCab,11862.0,KCab,KCab-s,MBp3,MBp3,dopamine,0.5838930519941985,"acetylcholine; sNPF; acetylcholine, sNPF","Barnstedt et al. 2016 (immuno, RNAi); Johard et al. (immuno); Aso et al. 2019 (scRNA-seq)",right,,fw005862,FBbt_00100248,,isomorphic,,,
80784693175802189,720575940643404744,147696.0,26576.0,3944.0,147696.0,26576.0,3944.0,5631921.0,intrinsic,central,Kenyon_Cell,,17488.0,KCapbp-ap1,KCa'b'-ap1,MBp1,MBp1,dopamine,0.5373035972147598,acetylcholine; acetylcholine,"Barnstedt et al. 2016 (immuno, RNAi); Aso et al. 2019 (scRNA-seq)",right,,fw005894,FBbt:00049836,,isomorphic,,,
82473886700262012,720575940621762330,172288.0,31648.0,4247.0,172288.0,31648.0,4247.0,7067485.0,intrinsic,central,Kenyon_Cell,,11862.0,KCab-p,KCab-p,MBp4,MBp4,dopamine,0.6513448892517537,acetylcholine; acetylcholine,Barnstedt et al. 2016 (immuno); Aso et al. 2019 (scRNA-seq),right,,fw005902,FBbt_00110931,,isomorphic,,,
81910868027416762,720575940616569227,164307.0,30997.0,4294.0,168184.0,27064.0,4117.0,7057147.0,intrinsic,central,Kenyon_Cell,KCg,14292.0,KCg-m,KCg-m,MBp4,MBp4,dopamine,0.7453375185966433,"acetylcholine; sNPF; acetylcholine, sNPF","Barnstedt et al. 2016 (immuno); Johard et al., 2008 (immuno); Aso et al. 2019 (scRNA-seq)",right,,fw005919,FBbt_00111061,,isomorphic,,,
81278099153172375,720575940633146475,155386.0,39286.0,5133.0,160496.0,40456.0,5147.0,6748752.0,intrinsic,central,Kenyon_Cell,,17488.0,KCapbp-ap1,KCa'b'-ap1,MBp2,MBp2,dopamine,0.567360247411704,acetylcholine; acetylcholine,"Barnstedt et al. 2016 (immuno, RNAi); Aso et al. 2019 (scRNA-seq)",right,,fw005920,FBbt:00049836,,isomorphic,,,
81911005466698937,720575940630881989,164664.0,32560.0,4548.0,164664.0,32560.0,4548.0,7060467.0,intrinsic,central,Kenyon_Cell,KCab,11862.0,KCab,KCab-s,MBp4,MBp4,dopamine,0.6192545825973317,"acetylcholine; sNPF; acetylcholine, sNPF","Barnstedt et al. 2016 (immuno, RNAi); Johard et al. (immuno); Aso et al. 2019 (scRNA-seq)",right,,fw005925,FBbt_00100248,,isomorphic,,,
81559848940241431,720575940604630240,158821.0,43463.0,4293.0,163104.0,42104.0,5099.0,6825725.0,intrinsic,central,Kenyon_Cell,KCg,14292.0,KCg-m,KCg-m,MBp2,MBp2,dopamine,0.7173813226649693,"acetylcholine; sNPF; acetylcholine, sNPF","Barnstedt et al. 2016 (immuno); Johard et al., 2008 (immuno); Aso et al. 2019 (scRNA-seq)",right,,fw005952,FBbt_00111061,,isomorphic,,,
81559917659708584,720575940610417893,159427.0,43779.0,4293.0,155896.0,39672.0,5165.0,6358142.0,intrinsic,central,Kenyon_Cell,KCg,19102.0,KCg-d,KCg-d,MBp1,MBp1,dopamine,0.7294750541261871,"acetylcholine; sNPF; acetylcholine, sNPF","Barnstedt et al. 2016 (immuno); Johard et al., 2008 (immuno); Aso et al. 2019 (scRNA-seq)",right,,fw005967,FBbt_00110932,,isomorphic,,,
81910868027844348,720575940615409625,164040.0,31088.0,4598.0,164040.0,31088.0,4598.0,6716060.0,intrinsic,central,Kenyon_Cell,KCab,11862.0,KCab,KCab-s,MBp4,MBp4,dopamine,0.5545669257028908,"acetylcholine; sNPF; acetylcholine, sNPF","Barnstedt et al. 2016 (immuno, RNAi); Johard et al. (immuno); Aso et al. 2019 (scRNA-seq)",right,,fw005994,FBbt_00100248,,isomorphic,,,
81629942874024081,720575940614742687,160560.0,38664.0,5098.0,160560.0,38664.0,5098.0,6748708.0,intrinsic,central,Kenyon_Cell,KCg,14292.0,KCg-m,KCg-m,MBp3,MBp3,dopamine,0.7419004318430614,"acetylcholine; sNPF; acetylcholine, sNPF","Barnstedt et al. 2016 (immuno); Johard et al., 2008 (immuno); Aso et al. 2019 (scRNA-seq)",right,,fw006007,FBbt_00111061,,isomorphic,,,
80925774261680186,720575940634231999,149448.0,32080.0,4074.0,149448.0,32080.0,4074.0,6308196.0,intrinsic,central,Kenyon_Cell,KCg,14292.0,KCg-m,KCg-m,MBp1,MBp1,dopamine,0.7741505798812953,"acetylcholine; sNPF; acetylcholine, sNPF","Barnstedt et al. 2016 (immuno); Johard et al., 2008 (immuno); Aso et al. 2019 (scRNA-seq)",right,,fw006069,FBbt_00111061,,isomorphic,,,
81559849074242640,720575940631553164,159184.0,43272.0,5141.0,159184.0,43272.0,5141.0,6824845.0,intrinsic,central,Kenyon_Cell,KCab,11862.0,KCab,KCab-c,MBp2,MBp2,dopamine,0.5049383517849857,"acetylcholine; sNPF; acetylcholine, sNPF","Barnstedt et al. 2016 (immuno, RNAi); Johard et al. (immuno); Aso et al. 2019 (scRNA-seq)",right,,fw006072,FBbt_00100248,,isomorphic,,,
81840499283563051,720575940614318482,163664.0,30928.0,4490.0,163664.0,30928.0,4490.0,6714793.0,intrinsic,central,Kenyon_Cell,KCg,14292.0,KCg-m,KCg-m,MBp4,MBp4,dopamine,0.7689992387767868,"acetylcholine; sNPF; acetylcholine, sNPF","Barnstedt et al. 2016 (immuno); Johard et al., 2008 (immuno); Aso et al. 2019 (scRNA-seq)",right,,fw006075,FBbt_00111061,,isomorphic,,,
81277618049015775,720575940622348424,155080.0,31544.0,4114.0,155080.0,31544.0,4114.0,6310611.0,intrinsic,central,Kenyon_Cell,KCg,14292.0,KCg-m,KCg-m,MBp3,MBp3,dopamine,0.6575309504548293,"acetylcholine; sNPF; acetylcholine, sNPF","Barnstedt et al. 2016 (immuno); Johard et al., 2008 (immuno); Aso et al. 2019 (scRNA-seq)",right,,fw006108,FBbt_00111061,,isomorphic,,,
81840224405088774,720575940628374121,163408.0,26928.0,4115.0,163408.0,26928.0,4115.0,6693343.0,intrinsic,central,Kenyon_Cell,KCg,14292.0,KCg-m,KCg-m,MBp4,MBp4,dopamine,0.7811075618262541,"acetylcholine; sNPF; acetylcholine, sNPF","Barnstedt et al. 2016 (immuno); Johard et al., 2008 (immuno); Aso et al. 2019 (scRNA-seq)",right,,fw006147,FBbt_00111061,,isomorphic,,,
81066718042701907,720575940608286556,151672.0,34624.0,5101.0,151672.0,34624.0,5101.0,6352617.0,intrinsic,central,Kenyon_Cell,KCg,14292.0,KCg-m,KCg-m,MBp3,MBp3,dopamine,0.7950149492743298,"acetylcholine; sNPF; acetylcholine, sNPF","Barnstedt et al. 2016 (immuno); Johard et al., 2008 (immuno); Aso et al. 2019 (scRNA-seq)",right,,fw006149,FBbt_00111061,,isomorphic,,,
81489480196059164,720575940610710130,158530.0,43454.0,4294.0,158800.0,39120.0,5138.0,6748471.0,intrinsic,central,Kenyon_Cell,KCg,14292.0,KCg-m,KCg-m,MBp4,MBp4,dopamine,0.6456574991041262,"acetylcholine; sNPF; acetylcholine, sNPF","Barnstedt et al. 2016 (immuno); Johard et al., 2008 (immuno); Aso et al. 2019 (scRNA-seq)",right,,fw006158,FBbt_00111061,,isomorphic,,,
81840361844539719,720575940611985448,163616.0,28880.0,4488.0,163616.0,28880.0,4488.0,6714504.0,intrinsic,central,Kenyon_Cell,KCab,11862.0,KCab,KCab-s,MBp4,MBp4,dopamine,0.5878713029789565,"acetylcholine; sNPF; acetylcholine, sNPF","Barnstedt et al. 2016 (immuno, RNAi); Johard et al. (immuno); Aso et al. 2019 (scRNA-seq)",right,,fw006169,FBbt_00100248,,isomorphic,,,
81910868027416695,720575940632552343,164021.0,30916.0,4292.0,164024.0,31064.0,4240.0,6715982.0,intrinsic,central,Kenyon_Cell,KCg,14292.0,KCg-m,KCg-m,MBp4,MBp4,dopamine,0.7865958740986113,"acetylcholine; sNPF; acetylcholine, sNPF","Barnstedt et al. 2016 (immuno); Johard et al., 2008 (immuno); Aso et al. 2019 (scRNA-seq)",right,,fw006188,FBbt_00111061,,isomorphic,,,
80925774328807261,720575940617238457,150189.0,31976.0,4572.0,149720.0,28792.0,4116.0,6308331.0,intrinsic,central,Kenyon_Cell,KCab,11862.0,KCab,KCab-s,MBp1,MBp1,dopamine,0.5979805730770925,"acetylcholine; sNPF; acetylcholine, sNPF","Barnstedt et al. 2016 (immuno, RNAi); Johard et al. (immuno); Aso et al. 2019 (scRNA-seq)",right,,fw006191,FBbt_00100248,,isomorphic,,,
81559848940233482,720575940612339370,158850.0,43327.0,4293.0,163576.0,35704.0,5021.0,6749569.0,intrinsic,central,Kenyon_Cell,KCg,14292.0,KCg-m,KCg-m,MBp4,MBp4,dopamine,0.7714648935670627,"acetylcholine; sNPF; acetylcholine, sNPF","Barnstedt et al. 2016 (immuno); Johard et al., 2008 (immuno); Aso et al. 2019 (scRNA-seq)",right,,fw006206,FBbt_00111061,,isomorphic,,,
81419111585823095,720575940624112058,157048.0,43096.0,5137.0,157048.0,43096.0,5137.0,6823557.0,intrinsic,central,Kenyon_Cell,KCab,11862.0,KCab,KCab-c,MBp2,MBp2,dopamine,0.5678570298678435,"acetylcholine; sNPF; acetylcholine, sNPF","Barnstedt et al. 2016 (immuno, RNAi); Johard et al. (immuno); Aso et al. 2019 (scRNA-seq)",right,,fw006217,FBbt_00100248,,isomorphic,,,
81066236872185703,720575940622864920,151608.0,27808.0,4074.0,151608.0,27808.0,4074.0,6309213.0,intrinsic,central,Kenyon_Cell,,17488.0,KCapbp-m,KCa'b'-m,MBp3,MBp3,dopamine,0.4807586872576166,acetylcholine; acetylcholine,"Barnstedt et al. 2016 (immuno, RNAi); Aso et al. 2019 (scRNA-seq)",right,,fw006232,FBbt:00100253,,isomorphic,,,
81136468243829914,720575940628138246,153016.0,25712.0,4117.0,153016.0,25712.0,4117.0,6309774.0,intrinsic,central,Kenyon_Cell,,17488.0,KCapbp-m,KCa'b'-m,MBp3,MBp3,dopamine,0.4797996060822678,acetylcholine; acetylcholine,"Barnstedt et al. 2016 (immuno, RNAi); Aso et al. 2019 (scRNA-seq)",right,,fw006245,FBbt:00100253,,isomorphic,,,
81347849354378083,720575940626937347,155856.0,30240.0,4195.0,155856.0,30240.0,4195.0,6320790.0,intrinsic,central,Kenyon_Cell,KCg,19102.0,KCg-d,KCg-d,MBp3,MBp3,dopamine,0.7414336880880604,"acetylcholine; sNPF; acetylcholine, sNPF","Barnstedt et al. 2016 (immuno); Johard et al., 2008 (immuno); Aso et al. 2019 (scRNA-seq)",right,,fw006249,FBbt_00110932,,isomorphic,,,
80714324431304362,720575940621121206,147240.0,26896.0,3718.0,147240.0,26896.0,3718.0,5631753.0,intrinsic,central,Kenyon_Cell,KCg,14292.0,KCg-m,KCg-m,MBp1,MBp1,dopamine,0.8042262517384077,"acetylcholine; sNPF; acetylcholine, sNPF","Barnstedt et al. 2016 (immuno); Johard et al., 2008 (immuno); Aso et al. 2019 (scRNA-seq)",right,,fw006252,FBbt_00111061,,isomorphic,,,
81910661869178632,720575940608433476,164064.0,28256.0,4531.0,164064.0,28256.0,4531.0,6716025.0,intrinsic,central,Kenyon_Cell,KCab,11862.0,KCab,KCab-s,MBp4,MBp4,dopamine,0.6312357619412403,"acetylcholine; sNPF; acetylcholine, sNPF","Barnstedt et al. 2016 (immuno, RNAi); Johard et al. (immuno); Aso et al. 2019 (scRNA-seq)",right,,fw006255,FBbt_00100248,,isomorphic,,,
81559848940235810,720575940628076038,159465.0,43179.0,4293.0,165528.0,29344.0,4080.0,7056665.0,intrinsic,central,Kenyon_Cell,KCg,14292.0,KCg-m,KCg-m,MBp4,MBp4,dopamine,0.8195277297417926,"acetylcholine; sNPF; acetylcholine, sNPF","Barnstedt et al. 2016 (immuno); Johard et al., 2008 (immuno); Aso et al. 2019 (scRNA-seq)",right,,fw006262,FBbt_00111061,,isomorphic,,,
81277480610387911,720575940622781389,155400.0,29464.0,4311.0,155400.0,29464.0,4311.0,6319932.0,intrinsic,central,Kenyon_Cell,,17488.0,KCapbp-ap1,KCa'b'-ap1,MBp3,MBp3,dopamine,0.5396580248684647,acetylcholine; acetylcholine,"Barnstedt et al. 2016 (immuno, RNAi); Aso et al. 2019 (scRNA-seq)",right,,fw006283,FBbt:00049836,,isomorphic,,,
81771024026240645,720575940648235641,162368.0,43664.0,5143.0,162368.0,43664.0,5143.0,6825588.0,intrinsic,central,Kenyon_Cell,KCab,11862.0,KCab,KCab-s,MBp2,MBp2,dopamine,0.6533482843294707,"acetylcholine; sNPF; acetylcholine, sNPF","Barnstedt et al. 2016 (immuno, RNAi); Johard et al. (immuno); Aso et al. 2019 (scRNA-seq)",right,,fw006322,FBbt_00100248,,isomorphic,,,
81910868027420955,720575940629921654,164547.0,31192.0,4294.0,168856.0,28176.0,4116.0,7057352.0,intrinsic,central,Kenyon_Cell,KCg,14292.0,KCg-m,KCg-m,MBp4,MBp4,dopamine,0.7260067895547845,"acetylcholine; sNPF; acetylcholine, sNPF","Barnstedt et al. 2016 (immuno); Johard et al., 2008 (immuno); Aso et al. 2019 (scRNA-seq)",right,,fw006329,FBbt_00111061,,isomorphic,,,
81348811360441331,720575940623203767,156051.0,43745.0,4102.0,147664.0,25808.0,3759.0,5631911.0,intrinsic,central,Kenyon_Cell,KCg,14292.0,KCg-m,KCg-m,MBp1,MBp1,dopamine,0.6420355775550624,"acetylcholine; sNPF; acetylcholine, sNPF","Barnstedt et al. 2016 (immuno); Johard et al., 2008 (immuno); Aso et al. 2019 (scRNA-seq)",right,,fw006340,FBbt_00111061,,isomorphic,,,
80784555736510163,720575940618131505,147384.0,24528.0,3702.0,147384.0,24528.0,3702.0,5593466.0,intrinsic,central,Kenyon_Cell,,17488.0,KCapbp-ap1,KCa'b'-ap1,MBp1,MBp1,dopamine,0.5400165818650624,acetylcholine; acetylcholine,"Barnstedt et al. 2016 (immuno, RNAi); Aso et al. 2019 (scRNA-seq)",right,,fw006350,FBbt:00049836,,isomorphic,,,
81630286337014270,720575940620682934,159820.0,43889.0,3977.0,172248.0,34704.0,4664.0,7076950.0,intrinsic,central,Kenyon_Cell,KCg,14292.0,KCg-m,KCg-m,MBp4,MBp4,dopamine,0.7856328639078632,"acetylcholine; sNPF; acetylcholine, sNPF","Barnstedt et al. 2016 (immuno); Johard et al., 2008 (immuno); Aso et al. 2019 (scRNA-seq)",right,,fw006359,FBbt_00111061,,isomorphic,,,
81629942940490219,720575940613864498,159712.0,38976.0,5141.0,159712.0,38976.0,5141.0,6748569.0,intrinsic,central,Kenyon_Cell,KCg,14292.0,KCg-m,KCg-m,MBp3,MBp3,dopamine,0.8216431753515581,"acetylcholine; sNPF; acetylcholine, sNPF","Barnstedt et al. 2016 (immuno); Johard et al., 2008 (immuno); Aso et al. 2019 (scRNA-seq)",right,,fw006370,FBbt_00111061,,isomorphic,,,
81910730588374410,720575940618422592,163960.0,29280.0,4227.0,163960.0,29280.0,4227.0,6715617.0,intrinsic,central,Kenyon_Cell,KCg,14292.0,KCg-m,KCg-m,MBp4,MBp4,dopamine,0.7799859134177584,"acetylcholine; sNPF; acetylcholine, sNPF","Barnstedt et al. 2016 (immuno); Johard et al., 2008 (immuno); Aso et al. 2019 (scRNA-seq)",right,,fw006381,FBbt_00111061,,isomorphic,,,
80926324218171460,720575940626044924,150192.0,39568.0,5141.0,150192.0,39568.0,5141.0,6352244.0,intrinsic,central,Kenyon_Cell,KCab,11862.0,KCab,KCab-s,MBp2,MBp2,dopamine,0.6563103497569663,"acetylcholine; sNPF; acetylcholine, sNPF","Barnstedt et al. 2016 (immuno, RNAi); Johard et al. (immuno); Aso et al. 2019 (scRNA-seq)",right,,fw006386,FBbt_00100248,,isomorphic,,,
81489480196059972,720575940626535434,158591.0,42887.0,4293.0,155432.0,30856.0,4338.0,6320009.0,intrinsic,central,Kenyon_Cell,KCg,14292.0,KCg-m,KCg-m,MBp3,MBp3,dopamine,0.8037362062299003,"acetylcholine; sNPF; acetylcholine, sNPF","Barnstedt et al. 2016 (immuno); Johard et al., 2008 (immuno); Aso et al. 2019 (scRNA-seq)",right,,fw006410,FBbt_00111061,,isomorphic,,,
81489617568141893,720575940611682739,157741.0,44775.0,3976.0,152808.0,31488.0,4114.0,6309683.0,intrinsic,central,Kenyon_Cell,KCg,19102.0,KCg-d,KCg-d,MBp1,MBp1,dopamine,0.6020298954101356,"acetylcholine; sNPF; acetylcholine, sNPF","Barnstedt et al. 2016 (immuno); Johard et al., 2008 (immuno); Aso et al. 2019 (scRNA-seq)",right,,fw006412,FBbt_00110932,,isomorphic,,,
82544324164116056,720575940639078717,173056.0,32568.0,4377.0,173056.0,32568.0,4377.0,7336547.0,intrinsic,central,Kenyon_Cell,KCab,11862.0,KCab,KCab-s,MBp4,MBp4,dopamine,0.5870694144099479,"acetylcholine; sNPF; acetylcholine, sNPF","Barnstedt et al. 2016 (immuno, RNAi); Johard et al. (immuno); Aso et al. 2019 (scRNA-seq)",right,,fw006457,FBbt_00100248,,isomorphic,,,
80996692962336726,720575940617249629,151144.0,40496.0,5140.0,151144.0,40496.0,5140.0,6352517.0,intrinsic,central,Kenyon_Cell,KCg,14292.0,KCg-m,KCg-m,MBp2,MBp2,dopamine,0.8117589548965561,"acetylcholine; sNPF; acetylcholine, sNPF","Barnstedt et al. 2016 (immuno); Johard et al., 2008 (immuno); Aso et al. 2019 (scRNA-seq)",right,,fw006459,FBbt_00111061,,isomorphic,,,
81559711568807215,720575940605817522,159094.0,41250.0,5132.0,160968.0,40744.0,5233.0,6798060.0,intrinsic,central,Kenyon_Cell,,17488.0,KCapbp-ap2,KCa'b'-ap2,MBp2,MBp2,dopamine,0.5282518984727572,acetylcholine; acetylcholine,"Barnstedt et al. 2016 (immuno, RNAi); Aso et al. 2019 (scRNA-seq)",right,,fw006470,FBbt:00049837,,isomorphic,,,
81278305177069012,720575940637949161,155204.0,42094.0,3897.0,148664.0,24744.0,3848.0,6276835.0,intrinsic,central,Kenyon_Cell,KCg,14292.0,KCg-m,KCg-m,MBp1,MBp1,dopamine,0.7879526220497969,"acetylcholine; sNPF; acetylcholine, sNPF","Barnstedt et al. 2016 (immuno); Johard et al., 2008 (immuno); Aso et al. 2019 (scRNA-seq)",right,,fw006518,FBbt_00111061,,isomorphic,,,
81559848940225413,720575940656078241,158664.0,43403.0,4294.0,155440.0,38232.0,5256.0,6357564.0,intrinsic,central,Kenyon_Cell,KCg,14292.0,KCg-m,KCg-m,MBp2,MBp2,dopamine,0.6313009540017488,"acetylcholine; sNPF; acetylcholine, sNPF","Barnstedt et al. 2016 (immuno); Johard et al., 2008 (immuno); Aso et al. 2019 (scRNA-seq)",right,,fw006520,FBbt_00111061,,isomorphic,,,
81489617702545284,720575940624584835,158032.0,45344.0,5104.0,158032.0,45344.0,5104.0,6824564.0,intrinsic,central,Kenyon_Cell,KCab,11862.0,KCab,KCab-s,MBp2,MBp2,dopamine,0.5652474648573446,"acetylcholine; sNPF; acetylcholine, sNPF","Barnstedt et al. 2016 (immuno, RNAi); Johard et al. (immuno); Aso et al. 2019 (scRNA-seq)",right,,fw006531,FBbt_00100248,,isomorphic,,,
80995730689033233,720575940612362663,151176.0,25800.0,4075.0,151176.0,25800.0,4075.0,6309026.0,intrinsic,central,Kenyon_Cell,,17488.0,KCapbp-ap2,KCa'b'-ap2,MBp3,MBp3,dopamine,0.5332329993157887,acetylcholine; acetylcholine,"Barnstedt et al. 2016 (immuno, RNAi); Aso et al. 2019 (scRNA-seq)",right,,fw006536,FBbt:00049837,,isomorphic,,,
81489548915519269,720575940629127109,158321.0,43711.0,4294.0,160480.0,45336.0,5140.0,6825134.0,intrinsic,central,Kenyon_Cell,KCg,14292.0,KCg-m,KCg-m,MBp2,MBp2,dopamine,0.7439881959044559,"acetylcholine; sNPF; acetylcholine, sNPF","Barnstedt et al. 2016 (immuno); Johard et al., 2008 (immuno); Aso et al. 2019 (scRNA-seq)",right,,fw006580,FBbt_00111061,,isomorphic,,,
81419180238964952,720575940626326952,157256.0,43792.0,5131.0,157256.0,43792.0,5131.0,6823809.0,intrinsic,central,Kenyon_Cell,KCab,11862.0,KCab,KCab-c,MBp2,MBp2,dopamine,0.5679275496828288,"acetylcholine; sNPF; acetylcholine, sNPF","Barnstedt et al. 2016 (immuno, RNAi); Johard et al. (immuno); Aso et al. 2019 (scRNA-seq)",right,,fw006619,FBbt_00100248,,isomorphic,,,
80784761895219671,720575940618844353,147680.0,27320.0,3918.0,147680.0,27320.0,3918.0,5631897.0,intrinsic,central,Kenyon_Cell,,17488.0,KCapbp-ap1,KCa'b'-ap1,MBp1,MBp1,dopamine,0.5611533412128497,acetylcholine; acetylcholine,"Barnstedt et al. 2016 (immuno, RNAi); Aso et al. 2019 (scRNA-seq)",right,,fw006633,FBbt:00049836,,isomorphic,,,
81630217617513104,720575940625753621,160065.0,43416.0,3977.0,172216.0,30776.0,4258.0,7067462.0,intrinsic,central,Kenyon_Cell,KCg,14292.0,KCg-m,KCg-m,MBp4,MBp4,dopamine,0.8490237078498657,"acetylcholine; sNPF; acetylcholine, sNPF","Barnstedt et al. 2016 (immuno); Johard et al., 2008 (immuno); Aso et al. 2019 (scRNA-seq)",right,,fw006662,FBbt_00111061,,isomorphic,,,
81137086853302533,720575940612729714,153456.0,35096.0,5136.0,153456.0,35096.0,5136.0,6352800.0,intrinsic,central,Kenyon_Cell,KCg,14292.0,KCg-m,KCg-m,MBp3,MBp3,dopamine,0.7879448235389317,"acetylcholine; sNPF; acetylcholine, sNPF","Barnstedt et al. 2016 (immuno); Johard et al., 2008 (immuno); Aso et al. 2019 (scRNA-seq)",right,,fw006699,FBbt_00111061,,isomorphic,,,
81559848940218729,720575940613773890,158768.0,43602.0,4294.0,155800.0,45872.0,4988.0,6371502.0,intrinsic,central,Kenyon_Cell,KCg,19102.0,KCg-d,KCg-d,MBp2,MBp2,dopamine,0.624777268676395,"acetylcholine; sNPF; acetylcholine, sNPF","Barnstedt et al. 2016 (immuno); Johard et al., 2008 (immuno); Aso et al. 2019 (scRNA-seq)",right,,fw006700,FBbt_00110932,,isomorphic,,,
81559848940239357,720575940629536894,159552.0,43593.0,4293.0,159944.0,28392.0,4114.0,6692852.0,intrinsic,central,Kenyon_Cell,KCg,14292.0,KCg-m,KCg-m,MBp4,MBp4,dopamine,0.7411914922071341,"acetylcholine; sNPF; acetylcholine, sNPF","Barnstedt et al. 2016 (immuno); Johard et al., 2008 (immuno); Aso et al. 2019 (scRNA-seq)",right,,fw006702,FBbt_00111061,,isomorphic,,,
81630217684417981,720575940625718696,159718.0,43256.0,4294.0,161816.0,28968.0,4114.0,6693119.0,intrinsic,central,Kenyon_Cell,KCg,14292.0,KCg-m,KCg-m,MBp4,MBp4,dopamine,0.7826107829675399,"acetylcholine; sNPF; acetylcholine, sNPF","Barnstedt et al. 2016 (immuno); Johard et al., 2008 (immuno); Aso et al. 2019 (scRNA-seq)",right,,fw006758,FBbt_00111061,,isomorphic,,,
80714668028977154,720575940624637884,147312.0,31440.0,3952.0,147312.0,31440.0,3952.0,5631790.0,intrinsic,central,Kenyon_Cell,KCg,14292.0,KCg-m,KCg-m,MBp1,MBp1,dopamine,0.7339050748321292,"acetylcholine; sNPF; acetylcholine, sNPF","Barnstedt et al. 2016 (immuno); Johard et al., 2008 (immuno); Aso et al. 2019 (scRNA-seq)",right,,fw006763,FBbt_00111061,,isomorphic,,,
80784624456572402,720575940626305028,147504.0,25824.0,4099.0,147504.0,25824.0,4099.0,5631864.0,intrinsic,central,Kenyon_Cell,,11862.0,KCab-p,KCab-p,MBp1,MBp1,dopamine,0.6300598016266854,acetylcholine; acetylcholine,Barnstedt et al. 2016 (immuno); Aso et al. 2019 (scRNA-seq),right,,fw006781,FBbt_00110931,,isomorphic,,,
81278030500161605,720575940626111175,155448.0,38224.0,5157.0,155448.0,38224.0,5157.0,6357515.0,intrinsic,central,Kenyon_Cell,KCg,19102.0,KCg-d,KCg-d,MBp3,MBp3,dopamine,0.5601321580185149,"acetylcholine; sNPF; acetylcholine, sNPF","Barnstedt et al. 2016 (immuno); Johard et al., 2008 (immuno); Aso et al. 2019 (scRNA-seq)",right,,fw006827,FBbt_00110932,,isomorphic,,,
81348742640946832,720575940606477660,155987.0,43368.0,4103.0,155816.0,44904.0,5423.0,6376504.0,intrinsic,central,Kenyon_Cell,KCg,14292.0,KCg-m,KCg-m,MBp2,MBp2,dopamine,0.7735885954937634,"acetylcholine; sNPF; acetylcholine, sNPF","Barnstedt et al. 2016 (immuno); Johard et al., 2008 (immuno); Aso et al. 2019 (scRNA-seq)",right,,fw006847,FBbt_00111061,,isomorphic,,,
81559848940238013,720575940608328713,158871.0,43171.0,4294.0,154248.0,34864.0,5102.0,6352937.0,intrinsic,central,Kenyon_Cell,KCg,14292.0,KCg-m,KCg-m,MBp4,MBp4,dopamine,0.7436917181990434,"acetylcholine; sNPF; acetylcholine, sNPF","Barnstedt et al. 2016 (immuno); Johard et al., 2008 (immuno); Aso et al. 2019 (scRNA-seq)",right,,fw006851,FBbt_00111061,,isomorphic,,,
81348742842040982,720575940611769059,155832.0,43352.0,5389.0,155832.0,43352.0,5389.0,6376511.0,intrinsic,central,Kenyon_Cell,,17488.0,KCapbp-m,KCa'b'-m,MBp2,MBp2,dopamine,0.5343838594197418,acetylcholine; acetylcholine,"Barnstedt et al. 2016 (immuno, RNAi); Aso et al. 2019 (scRNA-seq)",right,,fw006860,FBbt:00100253,,isomorphic,,,
81559917592813073,720575940617473051,158898.0,43973.0,3977.0,161888.0,26744.0,4113.0,6693129.0,intrinsic,central,Kenyon_Cell,KCg,14292.0,KCg-m,KCg-m,MBp4,MBp4,dopamine,0.7183162999318042,"acetylcholine; sNPF; acetylcholine, sNPF","Barnstedt et al. 2016 (immuno); Johard et al., 2008 (immuno); Aso et al. 2019 (scRNA-seq)",right,,fw006882,FBbt_00111061,,isomorphic,,,
80996486737299591,720575940629922166,150750.0,37275.0,4975.0,148056.0,32936.0,4770.0,6311348.0,intrinsic,central,Kenyon_Cell,KCg,14292.0,KCg-m,KCg-m,MBp2,MBp2,dopamine,0.6475388920231981,"acetylcholine; sNPF; acetylcholine, sNPF","Barnstedt et al. 2016 (immuno); Johard et al., 2008 (immuno); Aso et al. 2019 (scRNA-seq)",right,,fw006884,FBbt_00111061,,isomorphic,,,
81348742640723567,720575940624392220,155753.0,43009.0,3896.0,149056.0,32944.0,4493.0,6313401.0,intrinsic,central,Kenyon_Cell,KCab,11862.0,KCab,KCab-m,MBp1,MBp1,dopamine,0.5915061462632509,"acetylcholine; sNPF; acetylcholine, sNPF","Barnstedt et al. 2016 (immuno, RNAi); Johard et al. (immuno); Aso et al. 2019 (scRNA-seq)",right,,fw006904,FBbt_00100248,,isomorphic,,,
81559848940221729,720575940622976973,159031.0,42899.0,4295.0,164024.0,30120.0,4266.0,6715980.0,intrinsic,central,Kenyon_Cell,KCg,14292.0,KCg-m,KCg-m,MBp4,MBp4,dopamine,0.8099220084985954,"acetylcholine; sNPF; acetylcholine, sNPF","Barnstedt et al. 2016 (immuno); Johard et al., 2008 (immuno); Aso et al. 2019 (scRNA-seq)",right,,fw006906,FBbt_00111061,,isomorphic,,,
80784761895375853,720575940645386884,147656.0,27272.0,4010.0,147656.0,27272.0,4010.0,5631898.0,intrinsic,central,Kenyon_Cell,,17488.0,KCapbp-ap2,KCa'b'-ap2,MBp1,MBp1,dopamine,0.5376762982844242,acetylcholine; acetylcholine,"Barnstedt et al. 2016 (immuno, RNAi); Aso et al. 2019 (scRNA-seq)",right,,fw006912,FBbt:00049837,,isomorphic,,,
81910868027644039,720575940610175218,163992.0,30408.0,4450.0,163992.0,30408.0,4450.0,6715928.0,intrinsic,central,Kenyon_Cell,KCab,11862.0,KCab,KCab-m,MBp4,MBp4,dopamine,0.5971529868791473,"acetylcholine; sNPF; acetylcholine, sNPF","Barnstedt et al. 2016 (immuno, RNAi); Johard et al. (immuno); Aso et al. 2019 (scRNA-seq)",right,,fw006937,FBbt_00100248,,isomorphic,,,
80291974460493281,720575940631453763,140520.0,24416.0,3422.0,140520.0,24416.0,3422.0,5587267.0,intrinsic,central,Kenyon_Cell,KCg,14292.0,KCg-m,KCg-m,MBp1,MBp1,dopamine,0.7103192864507287,"acetylcholine; sNPF; acetylcholine, sNPF","Barnstedt et al. 2016 (immuno); Johard et al., 2008 (immuno); Aso et al. 2019 (scRNA-seq)",right,,fw006940,FBbt_00111061,,isomorphic,,,
81559848940239270,720575940622228812,159262.0,43436.0,4293.0,157976.0,34552.0,5101.0,6748405.0,intrinsic,central,Kenyon_Cell,KCg,14292.0,KCg-m,KCg-m,MBp3,MBp3,dopamine,0.7636968861316148,"acetylcholine; sNPF; acetylcholine, sNPF","Barnstedt et al. 2016 (immuno); Johard et al., 2008 (immuno); Aso et al. 2019 (scRNA-seq)",right,,fw006946,FBbt_00111061,,isomorphic,,,
81137499170264877,720575940620973848,152600.0,40784.0,5168.0,152600.0,40784.0,5168.0,6355206.0,intrinsic,central,Kenyon_Cell,KCab,11862.0,KCab,KCab-s,MBp2,MBp2,dopamine,0.6272183693426957,"acetylcholine; sNPF; acetylcholine, sNPF","Barnstedt et al. 2016 (immuno, RNAi); Johard et al. (immuno); Aso et al. 2019 (scRNA-seq)",right,,fw006949,FBbt_00100248,,isomorphic,,,
81348811360463450,720575940607280818,155911.0,43822.0,4102.0,151224.0,31048.0,4112.0,6309102.0,intrinsic,central,Kenyon_Cell,KCg,14292.0,KCg-m,KCg-m,MBp1,MBp1,dopamine,0.778519684045391,"acetylcholine; sNPF; acetylcholine, sNPF","Barnstedt et al. 2016 (immuno); Johard et al., 2008 (immuno); Aso et al. 2019 (scRNA-seq)",right,,fw006967,FBbt_00111061,,isomorphic,,,
81559848940231207,720575940605452064,159179.0,43332.0,4293.0,167552.0,32928.0,4776.0,7064569.0,intrinsic,central,Kenyon_Cell,KCg,14292.0,KCg-m,KCg-m,MBp4,MBp4,dopamine,0.7522970244462239,"acetylcholine; sNPF; acetylcholine, sNPF","Barnstedt et al. 2016 (immuno); Johard et al., 2008 (immuno); Aso et al. 2019 (scRNA-seq)",right,,fw006969,FBbt_00111061,,isomorphic,,,
81066168219092453,720575940627553691,151904.0,26896.0,4114.0,151904.0,26896.0,4114.0,6309367.0,intrinsic,central,Kenyon_Cell,,17488.0,KCapbp-ap2,KCa'b'-ap2,MBp3,MBp3,dopamine,0.4827549829575112,acetylcholine; acetylcholine,"Barnstedt et al. 2016 (immuno, RNAi); Aso et al. 2019 (scRNA-seq)",right,,fw006970,FBbt:00049837,,isomorphic,,,
81348742640954071,720575940629693239,155814.0,43577.0,4103.0,153016.0,44472.0,5136.0,6370979.0,intrinsic,central,Kenyon_Cell,KCg,14292.0,KCg-m,KCg-m,MBp2,MBp2,dopamine,0.8061589972315177,"acetylcholine; sNPF; acetylcholine, sNPF","Barnstedt et al. 2016 (immuno); Johard et al., 2008 (immuno); Aso et al. 2019 (scRNA-seq)",right,,fw006977,FBbt_00111061,,isomorphic,,,
81488380684231171,720575940620822593,158040.0,26408.0,4139.0,158040.0,26408.0,4139.0,6692669.0,intrinsic,central,Kenyon_Cell,,17488.0,KCapbp-ap2,KCa'b'-ap2,MBp3,MBp3,dopamine,0.551431830252023,acetylcholine; acetylcholine,"Barnstedt et al. 2016 (immuno, RNAi); Aso et al. 2019 (scRNA-seq)",right,,fw006983,FBbt:00049837,,isomorphic,,,
81771023959796526,720575940626363791,162576.0,44424.0,5100.0,162576.0,44424.0,5100.0,6825606.0,intrinsic,central,Kenyon_Cell,,17488.0,KCapbp-ap1,KCa'b'-ap1,MBp2,MBp2,dopamine,0.5509305863268087,acetylcholine; acetylcholine,"Barnstedt et al. 2016 (immuno, RNAi); Aso et al. 2019 (scRNA-seq)",right,,fw007035,FBbt:00049836,,isomorphic,,,
80432643229545148,720575940622748868,142568.0,23656.0,3563.0,142568.0,23656.0,3563.0,5589454.0,intrinsic,central,Kenyon_Cell,KCg,14292.0,KCg-m,KCg-m,MBp1,MBp1,dopamine,0.7857267546350687,"acetylcholine; sNPF; acetylcholine, sNPF","Barnstedt et al. 2016 (immuno); Johard et al., 2008 (immuno); Aso et al. 2019 (scRNA-seq)",right,,fw007078,FBbt_00111061,,isomorphic,,,
81348674122556512,720575940633565154,155840.0,42496.0,5379.0,155840.0,42496.0,5379.0,6376502.0,intrinsic,central,Kenyon_Cell,,17488.0,KCapbp-ap2,KCa'b'-ap2,MBp2,MBp2,dopamine,0.5384379848469557,acetylcholine; acetylcholine,"Barnstedt et al. 2016 (immuno, RNAi); Aso et al. 2019 (scRNA-seq)",right,,fw007092,FBbt:00049837,,isomorphic,,,
82051742955119169,720575940613156067,166536.0,32640.0,4545.0,166536.0,32640.0,4545.0,7063601.0,intrinsic,central,Kenyon_Cell,KCab,11862.0,KCab,KCab-m,MBp4,MBp4,dopamine,0.580998498356944,"acetylcholine; sNPF; acetylcholine, sNPF","Barnstedt et al. 2016 (immuno, RNAi); Johard et al. (immuno); Aso et al. 2019 (scRNA-seq)",right,,fw007096,FBbt_00100248,,isomorphic,,,
80714599376203327,720575940629477674,147296.0,30888.0,4147.0,147296.0,30888.0,4147.0,5641849.0,intrinsic,central,Kenyon_Cell,KCg,14292.0,KCg-m,KCg-m,MBp1,MBp1,dopamine,0.8172086955531921,"acetylcholine; sNPF; acetylcholine, sNPF","Barnstedt et al. 2016 (immuno); Johard et al., 2008 (immuno); Aso et al. 2019 (scRNA-seq)",right,,fw007097,FBbt_00111061,,isomorphic,,,
81277480610808434,720575940617893461,155512.0,29976.0,4617.0,155512.0,29976.0,4617.0,6320248.0,intrinsic,central,Kenyon_Cell,KCab,11862.0,KCab,KCab-c,MBp3,MBp3,dopamine,0.4788994919591404,"acetylcholine; sNPF; acetylcholine, sNPF","Barnstedt et al. 2016 (immuno, RNAi); Johard et al. (immuno); Aso et al. 2019 (scRNA-seq)",right,,fw007098,FBbt_00100248,,isomorphic,,,
81348742640703032,720575940620464204,155625.0,43041.0,3896.0,148112.0,32600.0,4530.0,6311356.0,intrinsic,central,Kenyon_Cell,KCab,11862.0,KCab,KCab-m,MBp1,MBp1,dopamine,0.6199849405252458,"acetylcholine; sNPF; acetylcholine, sNPF","Barnstedt et al. 2016 (immuno, RNAi); Johard et al. (immuno); Aso et al. 2019 (scRNA-seq)",right,,fw007101,FBbt_00100248,,isomorphic,,,
82403311797405376,720575940610773171,171280.0,28464.0,4113.0,171280.0,28464.0,4113.0,7058249.0,intrinsic,central,Kenyon_Cell,,17488.0,KCapbp-ap1,KCa'b'-ap1,MBp4,MBp4,dopamine,0.3997356252465078,acetylcholine; acetylcholine,"Barnstedt et al. 2016 (immuno, RNAi); Aso et al. 2019 (scRNA-seq)",right,,fw007112,FBbt:00049836,,isomorphic,,,
81278305177070103,720575940622886925,155464.0,41955.0,3897.0,147264.0,24048.0,3784.0,5593428.0,intrinsic,central,Kenyon_Cell,KCg,14292.0,KCg-m,KCg-m,MBp1,MBp1,dopamine,0.800432228058794,"acetylcholine; sNPF; acetylcholine, sNPF","Barnstedt et al. 2016 (immuno); Johard et al., 2008 (immuno); Aso et al. 2019 (scRNA-seq)",right,,fw007145,FBbt_00111061,,isomorphic,,,
81981305491076975,720575940608191836,164795.0,31385.0,4293.0,170416.0,28064.0,4114.0,7057921.0,intrinsic,central,Kenyon_Cell,,11862.0,KCab-p,KCab-p,MBp4,MBp4,dopamine,0.6250428343341042,acetylcholine; acetylcholine,Barnstedt et al. 2016 (immuno); Aso et al. 2019 (scRNA-seq),right,,fw007151,FBbt_00110931,,isomorphic,,,
81559848940241156,720575940621873246,158860.0,42869.0,4294.0,162712.0,28248.0,4080.0,6693225.0,intrinsic,central,Kenyon_Cell,KCg,14292.0,KCg-m,KCg-m,MBp4,MBp4,dopamine,0.8334563701243961,"acetylcholine; sNPF; acetylcholine, sNPF","Barnstedt et al. 2016 (immuno); Johard et al., 2008 (immuno); Aso et al. 2019 (scRNA-seq)",right,,fw007160,FBbt_00111061,,isomorphic,,,
81840980386942443,720575940613987730,163208.0,38392.0,4975.0,163208.0,38392.0,4975.0,6749356.0,intrinsic,central,Kenyon_Cell,KCg,14292.0,KCg-m,KCg-m,MBp3,MBp3,dopamine,0.7747846809045609,"acetylcholine; sNPF; acetylcholine, sNPF","Barnstedt et al. 2016 (immuno); Johard et al., 2008 (immuno); Aso et al. 2019 (scRNA-seq)",right,,fw007212,FBbt_00111061,,isomorphic,,,
81348742640721112,720575940620303040,155605.0,42850.0,3896.0,150800.0,32632.0,4828.0,6315290.0,intrinsic,central,Kenyon_Cell,KCab,11862.0,KCab,KCab-m,MBp1,MBp1,dopamine,0.5698926315423872,"acetylcholine; sNPF; acetylcholine, sNPF","Barnstedt et al. 2016 (immuno, RNAi); Johard et al. (immuno); Aso et al. 2019 (scRNA-seq)",right,,fw007221,FBbt_00100248,,isomorphic,,,
81910661868958002,720575940623353013,164000.0,27488.0,4277.0,164000.0,27488.0,4277.0,6716003.0,intrinsic,central,Kenyon_Cell,,17488.0,KCapbp-ap2,KCa'b'-ap2,MBp4,MBp4,dopamine,0.5442016246813562,acetylcholine; acetylcholine,"Barnstedt et al. 2016 (immuno, RNAi); Aso et al. 2019 (scRNA-seq)",right,,fw007239,FBbt:00049837,,isomorphic,,,
81066030780141320,720575940637580659,151768.0,24960.0,4114.0,151768.0,24960.0,4114.0,6309307.0,intrinsic,central,Kenyon_Cell,KCab,11862.0,KCab,KCab-s,MBp3,MBp3,dopamine,0.6107643936301357,"acetylcholine; sNPF; acetylcholine, sNPF","Barnstedt et al. 2016 (immuno, RNAi); Johard et al. (immuno); Aso et al. 2019 (scRNA-seq)",right,,fw007252,FBbt_00100248,,isomorphic,,,
81347780635171232,720575940608505795,155824.0,28600.0,4377.0,155824.0,28600.0,4377.0,6320729.0,intrinsic,central,Kenyon_Cell,,17488.0,KCapbp-ap2,KCa'b'-ap2,MBp3,MBp3,dopamine,0.4824710085663821,acetylcholine; acetylcholine,"Barnstedt et al. 2016 (immuno, RNAi); Aso et al. 2019 (scRNA-seq)",right,,fw007285,FBbt:00049837,,isomorphic,,,
80784624456227696,720575940631388231,147592.0,25944.0,3860.0,147592.0,25944.0,3860.0,5631893.0,intrinsic,central,Kenyon_Cell,,17488.0,KCapbp-ap2,KCa'b'-ap2,MBp1,MBp1,dopamine,0.5392872806252113,acetylcholine; acetylcholine,"Barnstedt et al. 2016 (immuno, RNAi); Aso et al. 2019 (scRNA-seq)",right,,fw007293,FBbt:00049837,,isomorphic,,,
80925774328814201,720575940628121287,150090.0,32142.0,4572.0,149376.0,29400.0,4081.0,6308171.0,intrinsic,central,Kenyon_Cell,KCab,11862.0,KCab,KCab-s,MBp1,MBp1,dopamine,0.6078921449462843,"acetylcholine; sNPF; acetylcholine, sNPF","Barnstedt et al. 2016 (immuno, RNAi); Johard et al. (immuno); Aso et al. 2019 (scRNA-seq)",right,,fw007310,FBbt_00100248,,isomorphic,,,
81629736715606013,720575940622732493,159976.0,35584.0,5102.0,159976.0,35584.0,5102.0,6748596.0,intrinsic,central,Kenyon_Cell,,17488.0,KCapbp-ap2,KCa'b'-ap2,MBp3,MBp3,dopamine,0.5228126362726825,acetylcholine; acetylcholine,"Barnstedt et al. 2016 (immuno, RNAi); Aso et al. 2019 (scRNA-seq)",right,,fw007318,FBbt:00049837,,isomorphic,,,
80714324498307560,720575940636059226,147280.0,26240.0,4160.0,147280.0,26240.0,4160.0,5641693.0,intrinsic,central,Kenyon_Cell,,17488.0,KCapbp-m,KCa'b'-m,MBp1,MBp1,dopamine,0.514311280601584,acetylcholine; acetylcholine,"Barnstedt et al. 2016 (immuno, RNAi); Aso et al. 2019 (scRNA-seq)",right,,fw007330,FBbt:00100253,,isomorphic,,,
81981374210943680,720575940619404982,165640.0,32888.0,4579.0,165640.0,32888.0,4579.0,7062749.0,intrinsic,central,Kenyon_Cell,KCab,11862.0,KCab,KCab-m,MBp4,MBp4,dopamine,0.4949966009844123,"acetylcholine; sNPF; acetylcholine, sNPF","Barnstedt et al. 2016 (immuno, RNAi); Johard et al. (immuno); Aso et al. 2019 (scRNA-seq)",right,,fw007332,FBbt_00100248,,isomorphic,,,
81840224405187331,720575940612151538,163688.0,26416.0,4178.0,163688.0,26416.0,4178.0,6714824.0,intrinsic,central,Kenyon_Cell,KCg,14292.0,KCg-m,KCg-m,MBp4,MBp4,dopamine,0.7827375361796355,"acetylcholine; sNPF; acetylcholine, sNPF","Barnstedt et al. 2016 (immuno); Johard et al., 2008 (immuno); Aso et al. 2019 (scRNA-seq)",right,,fw007336,FBbt_00111061,,isomorphic,,,
81559848940232189,720575940622023262,158736.0,43122.0,4293.0,153976.0,35648.0,5132.0,6352897.0,intrinsic,central,Kenyon_Cell,KCg,14292.0,KCg-m,KCg-m,MBp4,MBp4,dopamine,0.7784680834698062,"acetylcholine; sNPF; acetylcholine, sNPF","Barnstedt et al. 2016 (immuno); Johard et al., 2008 (immuno); Aso et al. 2019 (scRNA-seq)",right,,fw007345,FBbt_00111061,,isomorphic,,,
80714324431710623,720575940625261834,147288.0,26544.0,4027.0,147288.0,26544.0,4027.0,5631763.0,intrinsic,central,Kenyon_Cell,,17488.0,KCapbp-ap2,KCa'b'-ap2,MBp1,MBp1,dopamine,0.5824302168310638,acetylcholine; acetylcholine,"Barnstedt et al. 2016 (immuno, RNAi); Aso et al. 2019 (scRNA-seq)",right,,fw007357,FBbt:00049837,,isomorphic,,,
81840568003061589,720575940610358501,163704.0,31504.0,4553.0,163704.0,31504.0,4553.0,6714867.0,intrinsic,central,Kenyon_Cell,KCab,11862.0,KCab,KCab-s,MBp4,MBp4,dopamine,0.5733297449736238,"acetylcholine; sNPF; acetylcholine, sNPF","Barnstedt et al. 2016 (immuno, RNAi); Johard et al. (immuno); Aso et al. 2019 (scRNA-seq)",right,,fw007399,FBbt_00100248,,isomorphic,,,
81208005286946810,720575940634347360,154160.0,43600.0,5133.0,154160.0,43600.0,5133.0,6371172.0,intrinsic,central,Kenyon_Cell,KCab,11862.0,KCab,KCab-s,MBp2,MBp2,dopamine,0.6702571207441325,"acetylcholine; sNPF; acetylcholine, sNPF","Barnstedt et al. 2016 (immuno, RNAi); Johard et al. (immuno); Aso et al. 2019 (scRNA-seq)",right,,fw007414,FBbt_00100248,,isomorphic,,,
81489548915528958,720575940627479829,158199.0,43674.0,4294.0,153240.0,38568.0,5134.0,6352780.0,intrinsic,central,Kenyon_Cell,KCg,14292.0,KCg-m,KCg-m,MBp2,MBp2,dopamine,0.8215992324786024,"acetylcholine; sNPF; acetylcholine, sNPF","Barnstedt et al. 2016 (immuno); Johard et al., 2008 (immuno); Aso et al. 2019 (scRNA-seq)",right,,fw007427,FBbt_00111061,,isomorphic,,,
80714186992523114,720575940623351443,147272.0,25168.0,3838.0,147272.0,25168.0,3838.0,5631760.0,intrinsic,central,Kenyon_Cell,,17488.0,KCapbp-ap1,KCa'b'-ap1,MBp1,MBp1,dopamine,0.5590456790330708,acetylcholine; acetylcholine,"Barnstedt et al. 2016 (immuno, RNAi); Aso et al. 2019 (scRNA-seq)",right,,fw007430,FBbt:00049836,,isomorphic,,,
81559848940225344,720575940618841910,158805.0,43283.0,4294.0,159296.0,38280.0,5136.0,6748527.0,intrinsic,central,Kenyon_Cell,KCg,14292.0,KCg-m,KCg-m,MBp4,MBp4,dopamine,0.7263067286184529,"acetylcholine; sNPF; acetylcholine, sNPF","Barnstedt et al. 2016 (immuno); Johard et al., 2008 (immuno); Aso et al. 2019 (scRNA-seq)",right,,fw007433,FBbt_00111061,,isomorphic,,,
81277274451745343,720575940632210145,155480.0,26632.0,4189.0,155480.0,26632.0,4189.0,6320057.0,intrinsic,central,Kenyon_Cell,,17488.0,KCapbp-ap2,KCa'b'-ap2,MBp3,MBp3,dopamine,0.5180393358004067,acetylcholine; acetylcholine,"Barnstedt et al. 2016 (immuno, RNAi); Aso et al. 2019 (scRNA-seq)",right,,fw007448,FBbt:00049837,,isomorphic,,,
81910730588815846,720575940617911360,163944.0,28920.0,4565.0,163944.0,28920.0,4565.0,6715835.0,intrinsic,central,Kenyon_Cell,KCab,11862.0,KCab,KCab-c,MBp4,MBp4,dopamine,0.569052530868461,"acetylcholine; sNPF; acetylcholine, sNPF","Barnstedt et al. 2016 (immuno, RNAi); Johard et al. (immuno); Aso et al. 2019 (scRNA-seq)",right,,fw007506,FBbt_00100248,,isomorphic,,,
81630286403897947,720575940644838766,159777.0,43694.0,4294.0,157600.0,38592.0,5108.0,6748378.0,intrinsic,central,Kenyon_Cell,KCg,19102.0,KCg-d,KCg-d,MBp3,MBp3,dopamine,0.6364808895671966,"acetylcholine; sNPF; acetylcholine, sNPF","Barnstedt et al. 2016 (immuno); Johard et al., 2008 (immuno); Aso et al. 2019 (scRNA-seq)",right,,fw007518,FBbt_00110932,,isomorphic,,,
80925705542257720,720575940630471695,150424.0,30600.0,4110.0,150424.0,30600.0,4110.0,6308722.0,intrinsic,central,Kenyon_Cell,KCg,14292.0,KCg-m,KCg-m,MBp1,MBp1,dopamine,0.7980226529297166,"acetylcholine; sNPF; acetylcholine, sNPF","Barnstedt et al. 2016 (immuno); Johard et al., 2008 (immuno); Aso et al. 2019 (scRNA-seq)",right,,fw007527,FBbt_00111061,,isomorphic,,,
81347849354974228,720575940628060166,155752.0,29312.0,4557.0,155752.0,29312.0,4557.0,6320670.0,intrinsic,central,Kenyon_Cell,KCab,11862.0,KCab,KCab-c,MBp3,MBp3,dopamine,0.4828006965383044,"acetylcholine; sNPF; acetylcholine, sNPF","Barnstedt et al. 2016 (immuno, RNAi); Johard et al. (immuno); Aso et al. 2019 (scRNA-seq)",right,,fw007533,FBbt_00100248,,isomorphic,,,
81348673921247020,720575940620109191,155580.0,42529.0,3896.0,147552.0,30920.0,4541.0,5642423.0,intrinsic,central,Kenyon_Cell,KCab,11862.0,KCab,KCab-m,MBp1,MBp1,dopamine,0.5495529063916312,"acetylcholine; sNPF; acetylcholine, sNPF","Barnstedt et al. 2016 (immuno, RNAi); Johard et al. (immuno); Aso et al. 2019 (scRNA-seq)",right,,fw007549,FBbt_00100248,,isomorphic,,,
81348673921251268,720575940624158906,155852.0,42070.0,3897.0,147584.0,28136.0,4009.0,5631877.0,intrinsic,central,Kenyon_Cell,KCab,11862.0,KCab,KCab-m,MBp1,MBp1,dopamine,0.6612089209515102,"acetylcholine; sNPF; acetylcholine, sNPF","Barnstedt et al. 2016 (immuno, RNAi); Johard et al. (immuno); Aso et al. 2019 (scRNA-seq)",right,,fw007571,FBbt_00100248,,isomorphic,,,
81559848940224309,720575940606967682,159295.0,43484.0,4294.0,151632.0,37344.0,5130.0,6352615.0,intrinsic,central,Kenyon_Cell,KCg,14292.0,KCg-m,KCg-m,MBp2,MBp2,dopamine,0.7838102365701021,"acetylcholine; sNPF; acetylcholine, sNPF","Barnstedt et al. 2016 (immuno); Johard et al., 2008 (immuno); Aso et al. 2019 (scRNA-seq)",right,,fw007575,FBbt_00111061,,isomorphic,,,
81559848940230899,720575940624429036,158931.0,42886.0,4293.0,163968.0,27880.0,4168.0,6715832.0,intrinsic,central,Kenyon_Cell,KCg,14292.0,KCg-m,KCg-m,MBp4,MBp4,dopamine,0.8203942902133838,"acetylcholine; sNPF; acetylcholine, sNPF","Barnstedt et al. 2016 (immuno); Johard et al., 2008 (immuno); Aso et al. 2019 (scRNA-seq)",right,,fw007581,FBbt_00111061,,isomorphic,,,
81419180104621869,720575940623488270,156786.0,44179.0,4103.0,157048.0,39120.0,5136.0,6748305.0,intrinsic,central,Kenyon_Cell,KCg,14292.0,KCg-m,KCg-m,MBp2,MBp2,dopamine,0.754454914440414,"acetylcholine; sNPF; acetylcholine, sNPF","Barnstedt et al. 2016 (immuno); Johard et al., 2008 (immuno); Aso et al. 2019 (scRNA-seq)",right,,fw007598,FBbt_00111061,,isomorphic,,,
81278305177067555,720575940617855133,155372.0,41776.0,3896.0,143544.0,23464.0,3561.0,5590508.0,intrinsic,central,Kenyon_Cell,KCg,14292.0,KCg-m,KCg-m,MBp1,MBp1,dopamine,0.7990599939566807,"acetylcholine; sNPF; acetylcholine, sNPF","Barnstedt et al. 2016 (immuno); Johard et al., 2008 (immuno); Aso et al. 2019 (scRNA-seq)",right,,fw007613,FBbt_00111061,,isomorphic,,,
81418011873610329,720575940628725455,156824.0,26824.0,4110.0,156824.0,26824.0,4110.0,6692475.0,intrinsic,central,Kenyon_Cell,KCg,14292.0,KCg-m,KCg-m,MBp3,MBp3,dopamine,0.7499371379957755,"acetylcholine; sNPF; acetylcholine, sNPF","Barnstedt et al. 2016 (immuno); Johard et al., 2008 (immuno); Aso et al. 2019 (scRNA-seq)",right,,fw007633,FBbt_00111061,,isomorphic,,,
81278374097611661,720575940617478427,155440.0,43440.0,5227.0,155440.0,43440.0,5227.0,6376312.0,intrinsic,central,Kenyon_Cell,,11862.0,KCab-p,KCab-p,MBp2,MBp2,dopamine,0.6553975079556169,acetylcholine; acetylcholine,Barnstedt et al. 2016 (immuno); Aso et al. 2019 (scRNA-seq),right,,fw007637,FBbt_00110931,,isomorphic,,,
81278305177082555,720575940635807087,155416.0,42265.0,3896.0,146104.0,27536.0,4111.0,5631343.0,intrinsic,central,Kenyon_Cell,,17488.0,KCapbp-m,KCa'b'-m,MBp1,MBp1,dopamine,0.5476079251659673,acetylcholine; acetylcholine,"Barnstedt et al. 2016 (immuno, RNAi); Aso et al. 2019 (scRNA-seq)",right,,fw007639,FBbt:00100253,,isomorphic,,,
81347711982440928,720575940605934001,155792.0,28136.0,4639.0,155792.0,28136.0,4639.0,6320700.0,intrinsic,central,Kenyon_Cell,KCg,14292.0,KCg-m,KCg-m,MBp3,MBp3,dopamine,0.7972031848909805,"acetylcholine; sNPF; acetylcholine, sNPF","Barnstedt et al. 2016 (immuno); Johard et al., 2008 (immuno); Aso et al. 2019 (scRNA-seq)",right,,fw007643,FBbt_00111061,,isomorphic,,,
80643818248061024,720575940636364133,145912.0,24672.0,3634.0,145912.0,24672.0,3634.0,5592435.0,intrinsic,central,Kenyon_Cell,KCg,14292.0,KCg-m,KCg-m,MBp1,MBp1,dopamine,0.7250397913962131,"acetylcholine; sNPF; acetylcholine, sNPF","Barnstedt et al. 2016 (immuno); Johard et al., 2008 (immuno); Aso et al. 2019 (scRNA-seq)",right,,fw007678,FBbt_00111061,,isomorphic,,,
81419180104459452,720575940625156901,157411.0,44609.0,3977.0,162160.0,41072.0,4945.0,6749178.0,intrinsic,central,Kenyon_Cell,KCg,14292.0,KCg-m,KCg-m,MBp2,MBp2,dopamine,0.766486245924323,"acetylcholine; sNPF; acetylcholine, sNPF","Barnstedt et al. 2016 (immuno); Johard et al., 2008 (immuno); Aso et al. 2019 (scRNA-seq)",right,,fw007679,FBbt_00111061,,isomorphic,,,
81980961826990409,720575940641079029,165608.0,26456.0,4109.0,165608.0,26456.0,4109.0,7056694.0,intrinsic,central,Kenyon_Cell,,17488.0,KCapbp-ap1,KCa'b'-ap1,MBp4,MBp4,dopamine,0.4991780743206952,acetylcholine; acetylcholine,"Barnstedt et al. 2016 (immuno, RNAi); Aso et al. 2019 (scRNA-seq)",right,,fw007692,FBbt:00049836,,isomorphic,,,
81348673921230783,720575940614428722,156587.0,42589.0,3896.0,147304.0,27488.0,4354.0,5641786.0,intrinsic,central,Kenyon_Cell,KCab,11862.0,KCab,KCab-s,MBp1,MBp1,dopamine,0.6257981761133731,"acetylcholine; sNPF; acetylcholine, sNPF","Barnstedt et al. 2016 (immuno, RNAi); Johard et al. (immuno); Aso et al. 2019 (scRNA-seq)",right,,fw007695,FBbt_00100248,,isomorphic,,,
82262505523238524,720575940625497488,169568.0,27608.0,4109.0,169568.0,27608.0,4109.0,7057594.0,intrinsic,central,Kenyon_Cell,KCg,14292.0,KCg-m,KCg-m,MBp4,MBp4,dopamine,0.7951022076359924,"acetylcholine; sNPF; acetylcholine, sNPF","Barnstedt et al. 2016 (immuno); Johard et al., 2008 (immuno); Aso et al. 2019 (scRNA-seq)",right,,fw007715,FBbt_00111061,,isomorphic,,,
82051399290651564,720575940621321412,165984.0,27392.0,4109.0,165984.0,27392.0,4109.0,7056748.0,intrinsic,central,Kenyon_Cell,KCg,14292.0,KCg-m,KCg-m,MBp4,MBp4,dopamine,0.7052892845855147,"acetylcholine; sNPF; acetylcholine, sNPF","Barnstedt et al. 2016 (immuno); Johard et al., 2008 (immuno); Aso et al. 2019 (scRNA-seq)",right,,fw007722,FBbt_00111061,,isomorphic,,,
81278511470104251,720575940626474889,155048.0,44696.0,5131.0,155048.0,44696.0,5131.0,6371367.0,intrinsic,central,Kenyon_Cell,KCab,11862.0,KCab,KCab-s,MBp2,MBp2,dopamine,0.5722502325117601,"acetylcholine; sNPF; acetylcholine, sNPF","Barnstedt et al. 2016 (immuno, RNAi); Johard et al. (immuno); Aso et al. 2019 (scRNA-seq)",right,,fw007724,FBbt_00100248,,isomorphic,,,
81910868027423646,720575940621648008,164580.0,31266.0,4293.0,169680.0,29360.0,4085.0,7057632.0,intrinsic,central,Kenyon_Cell,KCg,14292.0,KCg-m,KCg-m,MBp4,MBp4,dopamine,0.7244244139743844,"acetylcholine; sNPF; acetylcholine, sNPF","Barnstedt et al. 2016 (immuno); Johard et al., 2008 (immuno); Aso et al. 2019 (scRNA-seq)",right,,fw007733,FBbt_00111061,,isomorphic,,,
81348742640958574,720575940619705983,155964.0,43294.0,4102.0,152872.0,41096.0,5297.0,6355461.0,intrinsic,central,Kenyon_Cell,KCg,14292.0,KCg-m,KCg-m,MBp2,MBp2,dopamine,0.7041226761461853,"acetylcholine; sNPF; acetylcholine, sNPF","Barnstedt et al. 2016 (immuno); Johard et al., 2008 (immuno); Aso et al. 2019 (scRNA-seq)",right,,fw007742,FBbt_00111061,,isomorphic,,,
82122111699358233,720575940606892162,166832.0,32848.0,4621.0,166832.0,32848.0,4621.0,7063925.0,intrinsic,central,Kenyon_Cell,KCab,11862.0,KCab,KCab-m,MBp4,MBp4,dopamine,0.5170217638366053,"acetylcholine; sNPF; acetylcholine, sNPF","Barnstedt et al. 2016 (immuno, RNAi); Johard et al. (immuno); Aso et al. 2019 (scRNA-seq)",right,,fw007749,FBbt_00100248,,isomorphic,,,
81559161812792934,720575940604630496,159328.0,32864.0,4974.0,159328.0,32864.0,4974.0,6698843.0,intrinsic,central,Kenyon_Cell,KCab,11862.0,KCab,KCab-m,MBp3,MBp3,dopamine,0.6438635324470721,"acetylcholine; sNPF; acetylcholine, sNPF","Barnstedt et al. 2016 (immuno, RNAi); Johard et al. (immuno); Aso et al. 2019 (scRNA-seq)",right,,fw007759,FBbt_00100248,,isomorphic,,,
81489548915524268,720575940621471732,157752.0,43687.0,4293.0,153616.0,36560.0,5135.0,6352814.0,intrinsic,central,Kenyon_Cell,KCg,14292.0,KCg-m,KCg-m,MBp2,MBp2,dopamine,0.7722460578913716,"acetylcholine; sNPF; acetylcholine, sNPF","Barnstedt et al. 2016 (immuno); Johard et al., 2008 (immuno); Aso et al. 2019 (scRNA-seq)",right,,fw007779,FBbt_00111061,,isomorphic,,,
81488793068593112,720575940623776437,158376.0,32768.0,4969.0,158376.0,32768.0,4969.0,6697456.0,intrinsic,central,Kenyon_Cell,KCab,11862.0,KCab,KCab-m,MBp3,MBp3,dopamine,0.5903057248336571,"acetylcholine; sNPF; acetylcholine, sNPF","Barnstedt et al. 2016 (immuno, RNAi); Johard et al. (immuno); Aso et al. 2019 (scRNA-seq)",right,,fw007785,FBbt_00100248,,isomorphic,,,
81559780288314876,720575940610167987,158984.0,42408.0,5128.0,158984.0,42408.0,5128.0,6824772.0,intrinsic,central,Kenyon_Cell,KCab,11862.0,KCab,KCab-m,MBp2,MBp2,dopamine,0.5106329180110544,"acetylcholine; sNPF; acetylcholine, sNPF","Barnstedt et al. 2016 (immuno, RNAi); Johard et al. (immuno); Aso et al. 2019 (scRNA-seq)",right,,fw007790,FBbt_00100248,,isomorphic,,,
81348742775196870,720575940619055969,155744.0,43432.0,5076.0,155744.0,43432.0,5076.0,6371500.0,intrinsic,central,Kenyon_Cell,KCab,11862.0,KCab,KCab-m,MBp2,MBp2,dopamine,0.5782865037064023,"acetylcholine; sNPF; acetylcholine, sNPF","Barnstedt et al. 2016 (immuno, RNAi); Johard et al. (immuno); Aso et al. 2019 (scRNA-seq)",right,,fw007806,FBbt_00100248,,isomorphic,,,
81277274385248451,720575940631782447,154616.0,26784.0,4110.0,154616.0,26784.0,4110.0,6310372.0,intrinsic,central,Kenyon_Cell,,17488.0,KCapbp-ap2,KCa'b'-ap2,MBp3,MBp3,dopamine,0.5515472093405916,acetylcholine; acetylcholine,"Barnstedt et al. 2016 (immuno, RNAi); Aso et al. 2019 (scRNA-seq)",right,,fw007835,FBbt:00049837,,isomorphic,,,
82473749261201581,720575940631754527,172152.0,29736.0,4241.0,172152.0,29736.0,4241.0,7067441.0,intrinsic,central,Kenyon_Cell,KCg,14292.0,KCg-m,KCg-m,MBp4,MBp4,dopamine,0.7469606185503178,"acetylcholine; sNPF; acetylcholine, sNPF","Barnstedt et al. 2016 (immuno); Johard et al., 2008 (immuno); Aso et al. 2019 (scRNA-seq)",right,,fw007840,FBbt_00111061,,isomorphic,,,
80855336798035253,720575940619994759,148512.0,30648.0,4108.0,148512.0,30648.0,4108.0,6307813.0,intrinsic,central,Kenyon_Cell,KCg,14292.0,KCg-m,KCg-m,MBp1,MBp1,dopamine,0.7429926205851285,"acetylcholine; sNPF; acetylcholine, sNPF","Barnstedt et al. 2016 (immuno); Johard et al., 2008 (immuno); Aso et al. 2019 (scRNA-seq)",right,,fw007852,FBbt_00111061,,isomorphic,,,
81630217617518416,720575940627552168,159799.0,43601.0,3977.0,163704.0,27912.0,4341.0,6714828.0,intrinsic,central,Kenyon_Cell,KCg,14292.0,KCg-m,KCg-m,MBp4,MBp4,dopamine,0.7782730313389052,"acetylcholine; sNPF; acetylcholine, sNPF","Barnstedt et al. 2016 (immuno); Johard et al., 2008 (immuno); Aso et al. 2019 (scRNA-seq)",right,,fw007859,FBbt_00111061,,isomorphic,,,
81910868027417955,720575940611129571,164041.0,30686.0,4294.0,166736.0,27648.0,4085.0,7056852.0,intrinsic,central,Kenyon_Cell,KCg,14292.0,KCg-m,KCg-m,MBp4,MBp4,dopamine,0.8032755072000696,"acetylcholine; sNPF; acetylcholine, sNPF","Barnstedt et al. 2016 (immuno); Johard et al., 2008 (immuno); Aso et al. 2019 (scRNA-seq)",right,,fw007874,FBbt_00111061,,isomorphic,,,
81559917592813039,720575940617834560,158991.0,43917.0,3976.0,171904.0,29904.0,4157.0,7067319.0,intrinsic,central,Kenyon_Cell,KCg,14292.0,KCg-m,KCg-m,MBp4,MBp4,dopamine,0.765598138166588,"acetylcholine; sNPF; acetylcholine, sNPF","Barnstedt et al. 2016 (immuno); Johard et al., 2008 (immuno); Aso et al. 2019 (scRNA-seq)",right,,fw007897,FBbt_00111061,,isomorphic,,,
81559848940232367,720575940622050186,159324.0,43408.0,4293.0,163992.0,37592.0,4991.0,6749711.0,intrinsic,central,Kenyon_Cell,KCg,14292.0,KCg-m,KCg-m,MBp4,MBp4,dopamine,0.7970399495839698,"acetylcholine; sNPF; acetylcholine, sNPF","Barnstedt et al. 2016 (immuno); Johard et al., 2008 (immuno); Aso et al. 2019 (scRNA-seq)",right,,fw007901,FBbt_00111061,,isomorphic,,,
81910799308217862,720575940619731392,164248.0,29504.0,4488.0,164248.0,29504.0,4488.0,6715646.0,intrinsic,central,Kenyon_Cell,KCab,11862.0,KCab,KCab-m,MBp4,MBp4,dopamine,0.6241463483078202,"acetylcholine; sNPF; acetylcholine, sNPF","Barnstedt et al. 2016 (immuno, RNAi); Johard et al. (immuno); Aso et al. 2019 (scRNA-seq)",right,,fw007913,FBbt_00100248,,isomorphic,,,
81278167872646899,720575940614551954,155526.0,39554.0,5133.0,162424.0,38240.0,5136.0,6749252.0,intrinsic,central,Kenyon_Cell,,17488.0,KCapbp-m,KCa'b'-m,MBp2,MBp2,dopamine,0.5553043846292766,acetylcholine; acetylcholine,"Barnstedt et al. 2016 (immuno, RNAi); Aso et al. 2019 (scRNA-seq)",right,,fw007918,FBbt:00100253,,isomorphic,,,
80643818248422255,720575940629671491,146200.0,24704.0,3900.0,146200.0,24704.0,3900.0,5592681.0,intrinsic,central,Kenyon_Cell,,17488.0,KCapbp-m,KCa'b'-m,MBp1,MBp1,dopamine,0.544534612724802,acetylcholine; acetylcholine,"Barnstedt et al. 2016 (immuno, RNAi); Aso et al. 2019 (scRNA-seq)",right,,fw007924,FBbt:00100253,,isomorphic,,,
81137224225860101,720575940625163139,152520.0,37184.0,5135.0,152520.0,37184.0,5135.0,6352708.0,intrinsic,central,Kenyon_Cell,,17488.0,KCapbp-m,KCa'b'-m,MBp2,MBp2,dopamine,0.5477701354248589,acetylcholine; acetylcholine,"Barnstedt et al. 2016 (immuno, RNAi); Aso et al. 2019 (scRNA-seq)",right,,fw007926,FBbt:00100253,,isomorphic,,,
81278305378308149,720575940632725459,155496.0,41880.0,5337.0,155496.0,41880.0,5337.0,6376341.0,intrinsic,central,Kenyon_Cell,,17488.0,KCapbp-m,KCa'b'-m,MBp2,MBp2,dopamine,0.4793406498779441,acetylcholine; acetylcholine,"Barnstedt et al. 2016 (immuno, RNAi); Aso et al. 2019 (scRNA-seq)",right,,fw007932,FBbt:00100253,,isomorphic,,,
81207249238477106,720575940619695860,154208.0,31928.0,4090.0,154208.0,31928.0,4090.0,6310241.0,intrinsic,central,Kenyon_Cell,KCg,19102.0,KCg-d,KCg-d,MBp1,MBp1,dopamine,0.3525982147420954,"acetylcholine; sNPF; acetylcholine, sNPF","Barnstedt et al. 2016 (immuno); Johard et al., 2008 (immuno); Aso et al. 2019 (scRNA-seq)",right,,fw007950,FBbt_00110932,,isomorphic,,,
81277480677294013,720575940617321243,155544.0,29416.0,4686.0,155544.0,29416.0,4686.0,6320247.0,intrinsic,central,Kenyon_Cell,KCab,11862.0,KCab,KCab-c,MBp3,MBp3,dopamine,0.5602594371692882,"acetylcholine; sNPF; acetylcholine, sNPF","Barnstedt et al. 2016 (immuno, RNAi); Johard et al. (immuno); Aso et al. 2019 (scRNA-seq)",right,,fw007977,FBbt_00100248,,isomorphic,,,
81347986793357914,720575940604860332,155760.0,31736.0,4215.0,155760.0,31736.0,4215.0,6320672.0,intrinsic,central,Kenyon_Cell,KCg,14292.0,KCg-m,KCg-m,MBp3,MBp3,dopamine,0.7089716374390848,"acetylcholine; sNPF; acetylcholine, sNPF","Barnstedt et al. 2016 (immuno); Johard et al., 2008 (immuno); Aso et al. 2019 (scRNA-seq)",right,,fw007979,FBbt_00111061,,isomorphic,,,
81910868027419286,720575940639056061,164250.0,30690.0,4294.0,167232.0,26712.0,4084.0,7056939.0,intrinsic,central,Kenyon_Cell,KCg,14292.0,KCg-m,KCg-m,MBp4,MBp4,dopamine,0.7282121638806572,"acetylcholine; sNPF; acetylcholine, sNPF","Barnstedt et al. 2016 (immuno); Johard et al., 2008 (immuno); Aso et al. 2019 (scRNA-seq)",right,,fw007991,FBbt_00111061,,isomorphic,,,
81840499350078575,720575940629522474,163424.0,30464.0,4635.0,163424.0,30464.0,4635.0,6712900.0,intrinsic,central,Kenyon_Cell,KCab,11862.0,KCab,KCab-c,MBp4,MBp4,dopamine,0.580348223281317,"acetylcholine; sNPF; acetylcholine, sNPF","Barnstedt et al. 2016 (immuno, RNAi); Johard et al. (immuno); Aso et al. 2019 (scRNA-seq)",right,,fw007999,FBbt_00100248,,isomorphic,,,
81348467897335854,720575940625600048,155711.0,39297.0,5132.0,160240.0,41096.0,5249.0,6791494.0,intrinsic,central,Kenyon_Cell,,17488.0,KCapbp-ap2,KCa'b'-ap2,MBp2,MBp2,dopamine,0.5677239140525394,acetylcholine; acetylcholine,"Barnstedt et al. 2016 (immuno, RNAi); Aso et al. 2019 (scRNA-seq)",right,,fw008007,FBbt:00049837,,isomorphic,,,
81418218031977818,720575940629967756,156856.0,29376.0,4090.0,156856.0,29376.0,4090.0,6692481.0,intrinsic,central,Kenyon_Cell,KCg,14292.0,KCg-m,KCg-m,MBp3,MBp3,dopamine,0.6257595293913516,"acetylcholine; sNPF; acetylcholine, sNPF","Barnstedt et al. 2016 (immuno); Johard et al., 2008 (immuno); Aso et al. 2019 (scRNA-seq)",right,,fw008025,FBbt_00111061,,isomorphic,,,
81066580469446822,720575940619722576,151936.0,32816.0,4033.0,151936.0,32816.0,4033.0,6309389.0,intrinsic,central,Kenyon_Cell,KCg,19102.0,KCg-d,KCg-d,MBp1,MBp1,dopamine,0.6897406126336306,"acetylcholine; sNPF; acetylcholine, sNPF","Barnstedt et al. 2016 (immuno); Johard et al., 2008 (immuno); Aso et al. 2019 (scRNA-seq)",right,,fw008030,FBbt_00110932,,isomorphic,,,
80996349298578580,720575940624989214,151088.0,35296.0,5133.0,151088.0,35296.0,5133.0,6352501.0,intrinsic,central,Kenyon_Cell,,17488.0,KCapbp-m,KCa'b'-m,MBp2,MBp2,dopamine,0.5475636737803878,acetylcholine; acetylcholine,"Barnstedt et al. 2016 (immuno, RNAi); Aso et al. 2019 (scRNA-seq)",right,,fw008037,FBbt:00100253,,isomorphic,,,
81560055166202125,720575940626394609,158880.0,46544.0,5112.0,158880.0,46544.0,5112.0,6824741.0,intrinsic,central,Kenyon_Cell,KCg,19102.0,KCg-d,KCg-d,MBp2,MBp2,dopamine,0.6558370520164376,"acetylcholine; sNPF; acetylcholine, sNPF","Barnstedt et al. 2016 (immuno); Johard et al., 2008 (immuno); Aso et al. 2019 (scRNA-seq)",right,,fw008061,FBbt_00110932,,isomorphic,,,
81278099153175377,720575940621413670,155056.0,39220.0,5133.0,160504.0,41456.0,5134.0,6825136.0,intrinsic,central,Kenyon_Cell,,17488.0,KCapbp-ap2,KCa'b'-ap2,MBp2,MBp2,dopamine,0.5839653591798749,acetylcholine; acetylcholine,"Barnstedt et al. 2016 (immuno, RNAi); Aso et al. 2019 (scRNA-seq)",right,,fw008076,FBbt:00049837,,isomorphic,,,
81348536683500653,720575940620923980,155784.0,39640.0,5291.0,155784.0,39640.0,5291.0,6358008.0,intrinsic,central,Kenyon_Cell,,17488.0,KCapbp-m,KCa'b'-m,MBp2,MBp2,dopamine,0.5901669095661004,acetylcholine; acetylcholine,"Barnstedt et al. 2016 (immuno, RNAi); Aso et al. 2019 (scRNA-seq)",right,,fw008083,FBbt:00100253,,isomorphic,,,
81418080593056268,720575940632357984,157456.0,27376.0,4086.0,157456.0,27376.0,4086.0,6692567.0,intrinsic,central,Kenyon_Cell,KCg,14292.0,KCg-m,KCg-m,MBp3,MBp3,dopamine,0.7658839052625674,"acetylcholine; sNPF; acetylcholine, sNPF","Barnstedt et al. 2016 (immuno); Johard et al., 2008 (immuno); Aso et al. 2019 (scRNA-seq)",right,,fw008092,FBbt_00111061,,isomorphic,,,
80784761894959371,720575940626548234,147544.0,27624.0,3741.0,147544.0,27624.0,3741.0,5631879.0,intrinsic,central,Kenyon_Cell,KCg,14292.0,KCg-m,KCg-m,MBp1,MBp1,dopamine,0.7311444249428809,"acetylcholine; sNPF; acetylcholine, sNPF","Barnstedt et al. 2016 (immuno); Johard et al., 2008 (immuno); Aso et al. 2019 (scRNA-seq)",right,,fw008100,FBbt_00111061,,isomorphic,,,
81489136666294666,720575940616885298,158168.0,37560.0,5130.0,158168.0,37560.0,5130.0,6748424.0,intrinsic,central,Kenyon_Cell,KCg,19102.0,KCg-d,KCg-d,MBp3,MBp3,dopamine,0.711114778424017,"acetylcholine; sNPF; acetylcholine, sNPF","Barnstedt et al. 2016 (immuno); Johard et al., 2008 (immuno); Aso et al. 2019 (scRNA-seq)",right,,fw008113,FBbt_00110932,,isomorphic,,,
81348742775155264,720575940636553306,155744.0,42776.0,5046.0,155744.0,42776.0,5046.0,6371493.0,intrinsic,central,Kenyon_Cell,KCab,11862.0,KCab,KCab-s,MBp2,MBp2,dopamine,0.5787576645653114,"acetylcholine; sNPF; acetylcholine, sNPF","Barnstedt et al. 2016 (immuno, RNAi); Johard et al. (immuno); Aso et al. 2019 (scRNA-seq)",right,,fw008127,FBbt_00100248,,isomorphic,,,
81278305177305039,720575940625331006,154897.0,42460.0,4102.0,147544.0,31560.0,4176.0,5642348.0,intrinsic,central,Kenyon_Cell,KCg,14292.0,KCg-m,KCg-m,MBp1,MBp1,dopamine,0.7419036821550261,"acetylcholine; sNPF; acetylcholine, sNPF","Barnstedt et al. 2016 (immuno); Johard et al., 2008 (immuno); Aso et al. 2019 (scRNA-seq)",right,,fw008141,FBbt_00111061,,isomorphic,,,
81910799308362509,720575940633516980,163784.0,29728.0,4577.0,163784.0,29728.0,4577.0,6715187.0,intrinsic,central,Kenyon_Cell,KCab,11862.0,KCab,KCab-c,MBp4,MBp4,dopamine,0.5612960480101398,"acetylcholine; sNPF; acetylcholine, sNPF","Barnstedt et al. 2016 (immuno, RNAi); Johard et al. (immuno); Aso et al. 2019 (scRNA-seq)",right,,fw008163,FBbt_00100248,,isomorphic,,,
81489480196044177,720575940632668973,157830.0,43571.0,4293.0,152032.0,42344.0,5130.0,6370727.0,intrinsic,central,Kenyon_Cell,KCg,14292.0,KCg-m,KCg-m,MBp2,MBp2,dopamine,0.7911520397320116,"acetylcholine; sNPF; acetylcholine, sNPF","Barnstedt et al. 2016 (immuno); Johard et al., 2008 (immuno); Aso et al. 2019 (scRNA-seq)",right,,fw008175,FBbt_00111061,,isomorphic,,,
80573449503901709,720575940618266491,144696.0,24640.0,3649.0,144696.0,24640.0,3649.0,5591782.0,intrinsic,central,Kenyon_Cell,KCg,14292.0,KCg-m,KCg-m,MBp1,MBp1,dopamine,0.8041362567903381,"acetylcholine; sNPF; acetylcholine, sNPF","Barnstedt et al. 2016 (immuno); Johard et al., 2008 (immuno); Aso et al. 2019 (scRNA-seq)",right,,fw008184,FBbt_00111061,,isomorphic,,,
80714461937784477,720575940632927405,147296.0,29280.0,4538.0,147296.0,29280.0,4538.0,5641634.0,intrinsic,central,Kenyon_Cell,KCg,14292.0,KCg-m,KCg-m,MBp1,MBp1,dopamine,0.7696913165805537,"acetylcholine; sNPF; acetylcholine, sNPF","Barnstedt et al. 2016 (immuno); Johard et al., 2008 (immuno); Aso et al. 2019 (scRNA-seq)",right,,fw008199,FBbt_00111061,,isomorphic,,,
81278442817252142,720575940626002494,155480.0,43832.0,5320.0,155480.0,43832.0,5320.0,6376343.0,intrinsic,central,Kenyon_Cell,,17488.0,KCapbp-ap1,KCa'b'-ap1,MBp2,MBp2,dopamine,0.4599172895383137,acetylcholine; acetylcholine,"Barnstedt et al. 2016 (immuno, RNAi); Aso et al. 2019 (scRNA-seq)",right,,fw008205,FBbt:00049836,,isomorphic,,,
81278305177068007,720575940629733314,155297.0,42509.0,3896.0,149840.0,32864.0,4755.0,6314562.0,intrinsic,central,Kenyon_Cell,KCab,11862.0,KCab,KCab-m,MBp1,MBp1,dopamine,0.5751427794939002,"acetylcholine; sNPF; acetylcholine, sNPF","Barnstedt et al. 2016 (immuno, RNAi); Johard et al. (immuno); Aso et al. 2019 (scRNA-seq)",right,,fw008225,FBbt_00100248,,isomorphic,,,
81277205732323172,720575940613258975,155504.0,25432.0,4211.0,155504.0,25432.0,4211.0,6320113.0,intrinsic,central,Kenyon_Cell,,17488.0,KCapbp-ap2,KCa'b'-ap2,MBp3,MBp3,dopamine,0.483394953062466,acetylcholine; acetylcholine,"Barnstedt et al. 2016 (immuno, RNAi); Aso et al. 2019 (scRNA-seq)",right,,fw008237,FBbt:00049837,,isomorphic,,,
81489548983082823,720575940616547648,158432.0,44664.0,5112.0,158432.0,44664.0,5112.0,6824659.0,intrinsic,central,Kenyon_Cell,KCab,11862.0,KCab,KCab-c,MBp2,MBp2,dopamine,0.6156915499500709,"acetylcholine; sNPF; acetylcholine, sNPF","Barnstedt et al. 2016 (immuno, RNAi); Johard et al. (immuno); Aso et al. 2019 (scRNA-seq)",right,,fw008250,FBbt_00100248,,isomorphic,,,
81278373896801466,720575940619744960,155078.0,42830.0,4103.0,150712.0,27616.0,4087.0,6308834.0,intrinsic,central,Kenyon_Cell,KCg,14292.0,KCg-m,KCg-m,MBp1,MBp1,dopamine,0.771150332892547,"acetylcholine; sNPF; acetylcholine, sNPF","Barnstedt et al. 2016 (immuno); Johard et al., 2008 (immuno); Aso et al. 2019 (scRNA-seq)",right,,fw008261,FBbt_00111061,,isomorphic,,,
81840980387120974,720575940609226702,162792.0,37592.0,5106.0,162792.0,37592.0,5106.0,6749355.0,intrinsic,central,Kenyon_Cell,KCg,14292.0,KCg-m,KCg-m,MBp3,MBp3,dopamine,0.7577614742658627,"acetylcholine; sNPF; acetylcholine, sNPF","Barnstedt et al. 2016 (immuno); Johard et al., 2008 (immuno); Aso et al. 2019 (scRNA-seq)",right,,fw008282,FBbt_00111061,,isomorphic,,,
81136605616391969,720575940631694137,152664.0,27400.0,4106.0,152664.0,27400.0,4106.0,6309634.0,intrinsic,central,Kenyon_Cell,,17488.0,KCapbp-ap2,KCa'b'-ap2,MBp3,MBp3,dopamine,0.5566246735056287,acetylcholine; acetylcholine,"Barnstedt et al. 2016 (immuno, RNAi); Aso et al. 2019 (scRNA-seq)",right,,fw008283,FBbt:00049837,,isomorphic,,,
81489480196056810,720575940622594601,158488.0,43178.0,4293.0,158064.0,35320.0,5130.0,6748419.0,intrinsic,central,Kenyon_Cell,KCg,14292.0,KCg-m,KCg-m,MBp3,MBp3,dopamine,0.7757748590454381,"acetylcholine; sNPF; acetylcholine, sNPF","Barnstedt et al. 2016 (immuno); Johard et al., 2008 (immuno); Aso et al. 2019 (scRNA-seq)",right,,fw008285,FBbt_00111061,,isomorphic,,,
81066374311180750,720575940623030015,152264.0,29624.0,4102.0,152264.0,29624.0,4102.0,6309514.0,intrinsic,central,Kenyon_Cell,,17488.0,KCapbp-ap2,KCa'b'-ap2,MBp3,MBp3,dopamine,0.5178024397334288,acetylcholine; acetylcholine,"Barnstedt et al. 2016 (immuno, RNAi); Aso et al. 2019 (scRNA-seq)",right,,fw008290,FBbt:00049837,,isomorphic,,,
81137155506358626,720575940626582842,152624.0,35456.0,5129.0,152624.0,35456.0,5129.0,6352719.0,intrinsic,central,Kenyon_Cell,KCg,14292.0,KCg-m,KCg-m,MBp3,MBp3,dopamine,0.739593911969134,"acetylcholine; sNPF; acetylcholine, sNPF","Barnstedt et al. 2016 (immuno); Johard et al., 2008 (immuno); Aso et al. 2019 (scRNA-seq)",right,,fw008306,FBbt_00111061,,isomorphic,,,
81136949347744347,720575940621802751,153224.0,32872.0,5004.0,153224.0,32872.0,5004.0,6318177.0,intrinsic,central,Kenyon_Cell,,17488.0,KCapbp-m,KCa'b'-m,MBp3,MBp3,dopamine,0.568933785124862,acetylcholine; acetylcholine,"Barnstedt et al. 2016 (immuno, RNAi); Aso et al. 2019 (scRNA-seq)",right,,fw008307,FBbt:00100253,,isomorphic,,,
81559848940227778,720575940612714671,159101.0,43435.0,4294.0,154168.0,41064.0,5197.0,6356238.0,intrinsic,central,Kenyon_Cell,KCg,14292.0,KCg-m,KCg-m,MBp2,MBp2,dopamine,0.7691594551165359,"acetylcholine; sNPF; acetylcholine, sNPF","Barnstedt et al. 2016 (immuno); Johard et al., 2008 (immuno); Aso et al. 2019 (scRNA-seq)",right,,fw008320,FBbt_00111061,,isomorphic,,,
81489480196048658,720575940607978820,157878.0,43634.0,4294.0,157880.0,46832.0,5147.0,6824264.0,intrinsic,central,Kenyon_Cell,KCg,14292.0,KCg-m,KCg-m,MBp2,MBp2,dopamine,0.7906063037177091,"acetylcholine; sNPF; acetylcholine, sNPF","Barnstedt et al. 2016 (immuno); Johard et al., 2008 (immuno); Aso et al. 2019 (scRNA-seq)",right,,fw008322,FBbt_00111061,,isomorphic,,,
80995661969414069,720575940617514726,150960.0,24448.0,3952.0,150960.0,24448.0,3952.0,6279784.0,intrinsic,central,Kenyon_Cell,,17488.0,KCapbp-m,KCa'b'-m,MBp1,MBp1,dopamine,0.5096787202700592,acetylcholine; acetylcholine,"Barnstedt et al. 2016 (immuno, RNAi); Aso et al. 2019 (scRNA-seq)",right,,fw008324,FBbt:00100253,,isomorphic,,,
81700723935143578,720575940613690031,161480.0,44896.0,5134.0,161480.0,44896.0,5134.0,6825391.0,intrinsic,central,Kenyon_Cell,,17488.0,KCapbp-ap1,KCa'b'-ap1,MBp2,MBp2,dopamine,0.5810749663382117,acetylcholine; acetylcholine,"Barnstedt et al. 2016 (immuno, RNAi); Aso et al. 2019 (scRNA-seq)",right,,fw008334,FBbt:00049836,,isomorphic,,,
81066030713652517,720575940619054027,151864.0,24464.0,4032.0,151864.0,24464.0,4032.0,6280571.0,intrinsic,central,Kenyon_Cell,KCab,11862.0,KCab,KCab-s,MBp3,MBp3,dopamine,0.6498024101812402,"acetylcholine; sNPF; acetylcholine, sNPF","Barnstedt et al. 2016 (immuno, RNAi); Johard et al. (immuno); Aso et al. 2019 (scRNA-seq)",right,,fw008340,FBbt_00100248,,isomorphic,,,
80573449504044387,720575940628685059,144704.0,24472.0,3751.0,144704.0,24472.0,3751.0,5591777.0,intrinsic,central,Kenyon_Cell,KCg,14292.0,KCg-m,KCg-m,MBp1,MBp1,dopamine,0.8269293210881499,"acetylcholine; sNPF; acetylcholine, sNPF","Barnstedt et al. 2016 (immuno); Johard et al., 2008 (immuno); Aso et al. 2019 (scRNA-seq)",right,,fw008360,FBbt_00111061,,isomorphic,,,
81630217617528439,720575940620713129,160246.0,43444.0,3976.0,171880.0,33960.0,4661.0,7076810.0,intrinsic,central,Kenyon_Cell,KCg,14292.0,KCg-m,KCg-m,MBp4,MBp4,dopamine,0.7712713090847854,"acetylcholine; sNPF; acetylcholine, sNPF","Barnstedt et al. 2016 (immuno); Johard et al., 2008 (immuno); Aso et al. 2019 (scRNA-seq)",right,,fw008383,FBbt_00111061,,isomorphic,,,
81347849287808807,720575940625655464,156144.0,30304.0,4102.0,156144.0,30304.0,4102.0,6692387.0,intrinsic,central,Kenyon_Cell,KCg,14292.0,KCg-m,KCg-m,MBp3,MBp3,dopamine,0.6498838295329414,"acetylcholine; sNPF; acetylcholine, sNPF","Barnstedt et al. 2016 (immuno); Johard et al., 2008 (immuno); Aso et al. 2019 (scRNA-seq)",right,,fw008408,FBbt_00111061,,isomorphic,,,
81206974360552596,720575940639158480,154136.0,28192.0,4085.0,154136.0,28192.0,4085.0,6310219.0,intrinsic,central,Kenyon_Cell,,17488.0,KCapbp-ap1,KCa'b'-ap1,MBp3,MBp3,dopamine,0.557919681177374,acetylcholine; acetylcholine,"Barnstedt et al. 2016 (immuno, RNAi); Aso et al. 2019 (scRNA-seq)",right,,fw008411,FBbt:00049836,,isomorphic,,,
81348742640969921,720575940631625272,155765.0,43107.0,4102.0,147384.0,23216.0,3623.0,5593483.0,intrinsic,central,Kenyon_Cell,KCg,14292.0,KCg-m,KCg-m,MBp1,MBp1,dopamine,0.687641499304912,"acetylcholine; sNPF; acetylcholine, sNPF","Barnstedt et al. 2016 (immuno); Johard et al., 2008 (immuno); Aso et al. 2019 (scRNA-seq)",right,,fw008439,FBbt_00111061,,isomorphic,,,
81771092679274690,720575940623314765,162248.0,45328.0,5112.0,162248.0,45328.0,5112.0,6825546.0,intrinsic,central,Kenyon_Cell,KCg,19102.0,KCg-d,KCg-d,MBp2,MBp2,dopamine,0.5730009187292501,"acetylcholine; sNPF; acetylcholine, sNPF","Barnstedt et al. 2016 (immuno); Johard et al., 2008 (immuno); Aso et al. 2019 (scRNA-seq)",right,,fw008442,FBbt_00110932,,isomorphic,,,
80784624456365271,720575940621878021,147560.0,25712.0,3951.0,147560.0,25712.0,3951.0,5631870.0,intrinsic,central,Kenyon_Cell,,17488.0,KCapbp-ap2,KCa'b'-ap2,MBp1,MBp1,dopamine,0.6169699125353693,acetylcholine; acetylcholine,"Barnstedt et al. 2016 (immuno, RNAi); Aso et al. 2019 (scRNA-seq)",right,,fw008469,FBbt:00049837,,isomorphic,,,
81840293058015602,720575940622263510,163752.0,28136.0,4054.0,163752.0,28136.0,4054.0,6693381.0,intrinsic,central,Kenyon_Cell,KCg,14292.0,KCg-m,KCg-m,MBp4,MBp4,dopamine,0.7710885632744112,"acetylcholine; sNPF; acetylcholine, sNPF","Barnstedt et al. 2016 (immuno); Johard et al., 2008 (immuno); Aso et al. 2019 (scRNA-seq)",right,,fw008482,FBbt_00111061,,isomorphic,,,
81629805435055155,720575940631425235,160608.0,37280.0,5112.0,160608.0,37280.0,5112.0,6748750.0,intrinsic,central,Kenyon_Cell,KCab,11862.0,KCab,KCab-m,MBp3,MBp3,dopamine,0.6031954715593727,"acetylcholine; sNPF; acetylcholine, sNPF","Barnstedt et al. 2016 (immuno, RNAi); Johard et al. (immuno); Aso et al. 2019 (scRNA-seq)",right,,fw008485,FBbt_00100248,,isomorphic,,,
81348467897349509,720575940613867682,156370.0,39282.0,5133.0,161288.0,40240.0,5112.0,6748961.0,intrinsic,central,Kenyon_Cell,KCg,14292.0,KCg-m,KCg-m,MBp2,MBp2,dopamine,0.7891611128392126,"acetylcholine; sNPF; acetylcholine, sNPF","Barnstedt et al. 2016 (immuno); Johard et al., 2008 (immuno); Aso et al. 2019 (scRNA-seq)",right,,fw008490,FBbt_00111061,,isomorphic,,,
81559848940221861,720575940629108094,159633.0,43188.0,4294.0,164504.0,28032.0,4089.0,7056519.0,intrinsic,central,Kenyon_Cell,KCg,14292.0,KCg-m,KCg-m,MBp4,MBp4,dopamine,0.809539865367158,"acetylcholine; sNPF; acetylcholine, sNPF","Barnstedt et al. 2016 (immuno); Johard et al., 2008 (immuno); Aso et al. 2019 (scRNA-seq)",right,,fw008504,FBbt_00111061,,isomorphic,,,
81348742640721079,720575940611704813,156093.0,42787.0,3896.0,147392.0,31264.0,4367.0,5642103.0,intrinsic,central,Kenyon_Cell,KCab,11862.0,KCab,KCab-c,MBp1,MBp1,dopamine,0.5600720057338329,"acetylcholine; sNPF; acetylcholine, sNPF","Barnstedt et al. 2016 (immuno, RNAi); Johard et al. (immuno); Aso et al. 2019 (scRNA-seq)",right,,fw008506,FBbt_00100248,,isomorphic,,,
81348742640958644,720575940636898281,155838.0,43350.0,4103.0,142304.0,24656.0,3709.0,5589113.0,intrinsic,central,Kenyon_Cell,KCg,14292.0,KCg-m,KCg-m,MBp1,MBp1,dopamine,0.7307985903408063,"acetylcholine; sNPF; acetylcholine, sNPF","Barnstedt et al. 2016 (immuno); Johard et al., 2008 (immuno); Aso et al. 2019 (scRNA-seq)",right,,fw008527,FBbt_00111061,,isomorphic,,,
81700242898756939,720575940626313546,161672.0,37704.0,5132.0,161672.0,37704.0,5132.0,6749046.0,intrinsic,central,Kenyon_Cell,,17488.0,KCapbp-m,KCa'b'-m,MBp3,MBp3,dopamine,0.5459981063937815,acetylcholine; acetylcholine,"Barnstedt et al. 2016 (immuno, RNAi); Aso et al. 2019 (scRNA-seq)",right,,fw008534,FBbt:00100253,,isomorphic,,,
81278305177097724,720575940634975851,155353.0,41951.0,3897.0,147536.0,30296.0,4623.0,5642333.0,intrinsic,central,Kenyon_Cell,KCg,14292.0,KCg-m,KCg-m,MBp2,MBp2,dopamine,0.8282686115274125,"acetylcholine; sNPF; acetylcholine, sNPF","Barnstedt et al. 2016 (immuno); Johard et al., 2008 (immuno); Aso et al. 2019 (scRNA-seq)",right,,fw008536,FBbt_00111061,,isomorphic,,,
81277411890880872,720575940624994941,155504.0,28368.0,4292.0,155504.0,28368.0,4292.0,6320090.0,intrinsic,central,Kenyon_Cell,,17488.0,KCapbp-ap1,KCa'b'-ap1,MBp3,MBp3,dopamine,0.5660227961700763,acetylcholine; acetylcholine,"Barnstedt et al. 2016 (immuno, RNAi); Aso et al. 2019 (scRNA-seq)",right,,fw008573,FBbt:00049836,,isomorphic,,,
80714393150939553,720575940633224555,147344.0,27768.0,3836.0,147344.0,27768.0,3836.0,5631779.0,intrinsic,central,Kenyon_Cell,,17488.0,KCapbp-ap1,KCa'b'-ap1,MBp1,MBp1,dopamine,0.6421065879806741,acetylcholine; acetylcholine,"Barnstedt et al. 2016 (immuno, RNAi); Aso et al. 2019 (scRNA-seq)",right,,fw008586,FBbt:00049836,,isomorphic,,,
81910868027418488,720575940614778454,164260.0,31347.0,4294.0,166352.0,29736.0,4088.0,7056787.0,intrinsic,central,Kenyon_Cell,KCg,14292.0,KCg-m,KCg-m,MBp4,MBp4,dopamine,0.7965171981862114,"acetylcholine; sNPF; acetylcholine, sNPF","Barnstedt et al. 2016 (immuno); Johard et al., 2008 (immuno); Aso et al. 2019 (scRNA-seq)",right,,fw008591,FBbt_00111061,,isomorphic,,,
82403449236716146,720575940632728476,171944.0,31080.0,4317.0,171944.0,31080.0,4317.0,7067334.0,intrinsic,central,Kenyon_Cell,KCg,14292.0,KCg-m,KCg-m,MBp4,MBp4,dopamine,0.7619297254238684,"acetylcholine; sNPF; acetylcholine, sNPF","Barnstedt et al. 2016 (immuno); Johard et al., 2008 (immuno); Aso et al. 2019 (scRNA-seq)",right,,fw008601,FBbt_00111061,,isomorphic,,,
80996486737302263,720575940634430103,150651.0,37190.0,4974.0,148528.0,32856.0,4862.0,6312125.0,intrinsic,central,Kenyon_Cell,KCg,14292.0,KCg-m,KCg-m,MBp2,MBp2,dopamine,0.7385253091541338,"acetylcholine; sNPF; acetylcholine, sNPF","Barnstedt et al. 2016 (immuno); Johard et al., 2008 (immuno); Aso et al. 2019 (scRNA-seq)",right,,fw008604,FBbt_00111061,,isomorphic,,,
81489480196050214,720575940617865280,158638.0,42843.0,4293.0,165080.0,27320.0,4089.0,7056591.0,intrinsic,central,Kenyon_Cell,KCg,14292.0,KCg-m,KCg-m,MBp4,MBp4,dopamine,0.7230460557950127,"acetylcholine; sNPF; acetylcholine, sNPF","Barnstedt et al. 2016 (immuno); Johard et al., 2008 (immuno); Aso et al. 2019 (scRNA-seq)",right,,fw008615,FBbt_00111061,,isomorphic,,,
81488449337272326,720575940628590595,158392.0,27416.0,4105.0,158392.0,27416.0,4105.0,6692680.0,intrinsic,central,Kenyon_Cell,,17488.0,KCapbp-ap2,KCa'b'-ap2,MBp3,MBp3,dopamine,0.4881440739808772,acetylcholine; acetylcholine,"Barnstedt et al. 2016 (immuno, RNAi); Aso et al. 2019 (scRNA-seq)",right,,fw008618,FBbt:00049837,,isomorphic,,,
80925774328804213,720575940613563187,150183.0,31818.0,4571.0,148160.0,26536.0,4088.0,6307658.0,intrinsic,central,Kenyon_Cell,KCab,11862.0,KCab,KCab-s,MBp1,MBp1,dopamine,0.6017883202952495,"acetylcholine; sNPF; acetylcholine, sNPF","Barnstedt et al. 2016 (immuno, RNAi); Johard et al. (immuno); Aso et al. 2019 (scRNA-seq)",right,,fw008620,FBbt_00100248,,isomorphic,,,
81559848806371217,720575940619682625,159249.0,43634.0,3594.0,153944.0,41024.0,5361.0,6356068.0,intrinsic,central,Kenyon_Cell,,17488.0,KCapbp-m,KCa'b'-m,MBp2,MBp2,dopamine,0.5331262388349675,acetylcholine; acetylcholine,"Barnstedt et al. 2016 (immuno, RNAi); Aso et al. 2019 (scRNA-seq)",right,,fw008625,FBbt:00100253,,isomorphic,,,
81910730588638086,720575940624597228,163768.0,29280.0,4413.0,163768.0,29280.0,4413.0,6715128.0,intrinsic,central,Kenyon_Cell,KCg,14292.0,KCg-m,KCg-m,MBp4,MBp4,dopamine,0.8371698072606186,"acetylcholine; sNPF; acetylcholine, sNPF","Barnstedt et al. 2016 (immuno); Johard et al., 2008 (immuno); Aso et al. 2019 (scRNA-seq)",right,,fw008647,FBbt_00111061,,isomorphic,,,
82122111699297668,720575940627332100,167440.0,32792.0,4562.0,167440.0,32792.0,4562.0,7064330.0,intrinsic,central,Kenyon_Cell,KCab,11862.0,KCab,KCab-c,MBp4,MBp4,dopamine,0.507726409770083,"acetylcholine; sNPF; acetylcholine, sNPF","Barnstedt et al. 2016 (immuno, RNAi); Johard et al. (immuno); Aso et al. 2019 (scRNA-seq)",right,,fw008650,FBbt_00100248,,isomorphic,,,
81559848940243419,720575940604997152,159130.0,42999.0,4294.0,166032.0,28200.0,4102.0,7056755.0,intrinsic,central,Kenyon_Cell,KCg,14292.0,KCg-m,KCg-m,MBp4,MBp4,dopamine,0.834859826904923,"acetylcholine; sNPF; acetylcholine, sNPF","Barnstedt et al. 2016 (immuno); Johard et al., 2008 (immuno); Aso et al. 2019 (scRNA-seq)",right,,fw008651,FBbt_00111061,,isomorphic,,,
81418974147041535,720575940630067816,157176.0,41024.0,5212.0,157176.0,41024.0,5212.0,6751890.0,intrinsic,central,Kenyon_Cell,KCab,11862.0,KCab,KCab-m,MBp2,MBp2,dopamine,0.6684782986883533,"acetylcholine; sNPF; acetylcholine, sNPF","Barnstedt et al. 2016 (immuno, RNAi); Johard et al. (immuno); Aso et al. 2019 (scRNA-seq)",right,,fw008660,FBbt_00100248,,isomorphic,,,
81207936567391407,720575940619060321,153720.0,42312.0,5114.0,153720.0,42312.0,5114.0,6371098.0,intrinsic,central,Kenyon_Cell,KCab,11862.0,KCab,KCab-s,MBp2,MBp2,dopamine,0.6068374052968128,"acetylcholine; sNPF; acetylcholine, sNPF","Barnstedt et al. 2016 (immuno, RNAi); Johard et al. (immuno); Aso et al. 2019 (scRNA-seq)",right,,fw008672,FBbt_00100248,,isomorphic,,,
81348811360480212,720575940627543695,156454.0,43892.0,4103.0,151408.0,38368.0,5130.0,6352560.0,intrinsic,central,Kenyon_Cell,KCg,14292.0,KCg-m,KCg-m,MBp2,MBp2,dopamine,0.7762172838531722,"acetylcholine; sNPF; acetylcholine, sNPF","Barnstedt et al. 2016 (immuno); Johard et al., 2008 (immuno); Aso et al. 2019 (scRNA-seq)",right,,fw008678,FBbt_00111061,,isomorphic,,,
80995661969515950,720575940621924103,150928.0,24520.0,4037.0,150928.0,24520.0,4037.0,6279765.0,intrinsic,central,Kenyon_Cell,KCg,14292.0,KCg-m,KCg-m,MBp1,MBp1,dopamine,0.8047742743861521,"acetylcholine; sNPF; acetylcholine, sNPF","Barnstedt et al. 2016 (immuno); Johard et al., 2008 (immuno); Aso et al. 2019 (scRNA-seq)",right,,fw008682,FBbt_00111061,,isomorphic,,,
81630217617527350,720575940623386506,159948.0,43464.0,3977.0,163888.0,28648.0,4358.0,6715577.0,intrinsic,central,Kenyon_Cell,KCg,14292.0,KCg-m,KCg-m,MBp4,MBp4,dopamine,0.8349005991986349,"acetylcholine; sNPF; acetylcholine, sNPF","Barnstedt et al. 2016 (immuno); Johard et al., 2008 (immuno); Aso et al. 2019 (scRNA-seq)",right,,fw008683,FBbt_00111061,,isomorphic,,,
81700655215687868,720575940628689963,160760.0,43816.0,5123.0,160760.0,43816.0,5123.0,6825184.0,intrinsic,central,Kenyon_Cell,KCab,11862.0,KCab,KCab-c,MBp2,MBp2,dopamine,0.5580604776973105,"acetylcholine; sNPF; acetylcholine, sNPF","Barnstedt et al. 2016 (immuno, RNAi); Johard et al. (immuno); Aso et al. 2019 (scRNA-seq)",right,,fw008698,FBbt_00100248,,isomorphic,,,
81419248823949325,720575940634078200,157344.0,44761.0,3977.0,156488.0,38472.0,5115.0,6748246.0,intrinsic,central,Kenyon_Cell,KCg,14292.0,KCg-m,KCg-m,MBp2,MBp2,dopamine,0.6832847056090141,"acetylcholine; sNPF; acetylcholine, sNPF","Barnstedt et al. 2016 (immuno); Johard et al., 2008 (immuno); Aso et al. 2019 (scRNA-seq)",right,,fw008706,FBbt_00111061,,isomorphic,,,
81630217751970764,720575940628103806,160168.0,43280.0,5131.0,160168.0,43280.0,5131.0,6825038.0,intrinsic,central,Kenyon_Cell,,17488.0,KCapbp-m,KCa'b'-m,MBp2,MBp2,dopamine,0.5698956086156269,acetylcholine; acetylcholine,"Barnstedt et al. 2016 (immuno, RNAi); Aso et al. 2019 (scRNA-seq)",right,,fw008715,FBbt:00100253,,isomorphic,,,
81348742640998818,720575940624158352,155764.0,43205.0,4102.0,143688.0,24560.0,3621.0,5590728.0,intrinsic,central,Kenyon_Cell,KCg,14292.0,KCg-m,KCg-m,MBp1,MBp1,dopamine,0.7830956935353985,"acetylcholine; sNPF; acetylcholine, sNPF","Barnstedt et al. 2016 (immuno); Johard et al., 2008 (immuno); Aso et al. 2019 (scRNA-seq)",right,,fw008725,FBbt_00111061,,isomorphic,,,
81489480196049613,720575940621504269,158356.0,43544.0,4293.0,152840.0,39640.0,5110.0,6352724.0,intrinsic,central,Kenyon_Cell,KCg,14292.0,KCg-m,KCg-m,MBp2,MBp2,dopamine,0.7312557098786778,"acetylcholine; sNPF; acetylcholine, sNPF","Barnstedt et al. 2016 (immuno); Johard et al., 2008 (immuno); Aso et al. 2019 (scRNA-seq)",right,,fw008736,FBbt_00111061,,isomorphic,,,
81489548915525601,720575940643281262,157918.0,43758.0,4293.0,155720.0,46560.0,5019.0,6371487.0,intrinsic,central,Kenyon_Cell,KCg,14292.0,KCg-m,KCg-m,MBp2,MBp2,dopamine,0.7711476589077184,"acetylcholine; sNPF; acetylcholine, sNPF","Barnstedt et al. 2016 (immuno); Johard et al., 2008 (immuno); Aso et al. 2019 (scRNA-seq)",right,,fw008745,FBbt_00111061,,isomorphic,,,
81136949347671730,720575940625323326,152528.0,32840.0,4928.0,152528.0,32840.0,4928.0,6317326.0,intrinsic,central,Kenyon_Cell,KCg,14292.0,KCg-m,KCg-m,MBp3,MBp3,dopamine,0.8173140171868478,"acetylcholine; sNPF; acetylcholine, sNPF","Barnstedt et al. 2016 (immuno); Johard et al., 2008 (immuno); Aso et al. 2019 (scRNA-seq)",right,,fw008748,FBbt_00111061,,isomorphic,,,
80996486737316889,720575940617856340,150881.0,37194.0,4974.0,149480.0,32816.0,4841.0,6314061.0,intrinsic,central,Kenyon_Cell,KCg,14292.0,KCg-m,KCg-m,MBp2,MBp2,dopamine,0.7874990713724003,"acetylcholine; sNPF; acetylcholine, sNPF","Barnstedt et al. 2016 (immuno); Johard et al., 2008 (immuno); Aso et al. 2019 (scRNA-seq)",right,,fw008756,FBbt_00111061,,isomorphic,,,
81489548915550366,720575940659850113,157865.0,43697.0,4293.0,155744.0,45384.0,5055.0,6371496.0,intrinsic,central,Kenyon_Cell,KCg,14292.0,KCg-m,KCg-m,MBp2,MBp2,dopamine,0.7520250457150273,"acetylcholine; sNPF; acetylcholine, sNPF","Barnstedt et al. 2016 (immuno); Johard et al., 2008 (immuno); Aso et al. 2019 (scRNA-seq)",right,,fw008766,FBbt_00111061,,isomorphic,,,
82403449236831557,720575940624086251,171912.0,30752.0,4424.0,171912.0,30752.0,4424.0,7067325.0,intrinsic,central,Kenyon_Cell,,17488.0,KCapbp-ap2,KCa'b'-ap2,MBp4,MBp4,dopamine,0.5314557219247907,acetylcholine; acetylcholine,"Barnstedt et al. 2016 (immuno, RNAi); Aso et al. 2019 (scRNA-seq)",right,,fw008772,FBbt:00049837,,isomorphic,,,
81700449056893041,720575940618776833,161088.0,40928.0,4896.0,161088.0,40928.0,4896.0,6748923.0,intrinsic,central,Kenyon_Cell,KCg,19102.0,KCg-d,KCg-d,MBp3,MBp3,dopamine,0.5835632996777133,"acetylcholine; sNPF; acetylcholine, sNPF","Barnstedt et al. 2016 (immuno); Johard et al., 2008 (immuno); Aso et al. 2019 (scRNA-seq)",right,,fw008775,FBbt_00110932,,isomorphic,,,
81630217684425833,720575940621832542,159858.0,43331.0,4293.0,171968.0,30672.0,4159.0,7067366.0,intrinsic,central,Kenyon_Cell,KCg,14292.0,KCg-m,KCg-m,MBp4,MBp4,dopamine,0.678815595850242,"acetylcholine; sNPF; acetylcholine, sNPF","Barnstedt et al. 2016 (immuno); Johard et al., 2008 (immuno); Aso et al. 2019 (scRNA-seq)",right,,fw008788,FBbt_00111061,,isomorphic,,,
81066305591657666,720575940608176514,152488.0,28360.0,4101.0,152488.0,28360.0,4101.0,6309585.0,intrinsic,central,Kenyon_Cell,KCg,14292.0,KCg-m,KCg-m,MBp3,MBp3,dopamine,0.8303162677895862,"acetylcholine; sNPF; acetylcholine, sNPF","Barnstedt et al. 2016 (immuno); Johard et al., 2008 (immuno); Aso et al. 2019 (scRNA-seq)",right,,fw008813,FBbt_00111061,,isomorphic,,,
82403517956414268,720575940610580377,171576.0,31504.0,4478.0,171576.0,31504.0,4478.0,7067096.0,intrinsic,central,Kenyon_Cell,,11862.0,KCab-p,KCab-p,MBp4,MBp4,dopamine,0.6246837036294748,acetylcholine; acetylcholine,Barnstedt et al. 2016 (immuno); Aso et al. 2019 (scRNA-seq),right,,fw008816,FBbt_00110931,,isomorphic,,,
81488999227319242,720575940605792946,158104.0,36104.0,5128.0,158104.0,36104.0,5128.0,6748421.0,intrinsic,central,Kenyon_Cell,KCg,19102.0,KCg-d,KCg-d,MBp3,MBp3,dopamine,0.6342073587965456,"acetylcholine; sNPF; acetylcholine, sNPF","Barnstedt et al. 2016 (immuno); Johard et al., 2008 (immuno); Aso et al. 2019 (scRNA-seq)",right,,fw008819,FBbt_00110932,,isomorphic,,,
81700792654568305,720575940613824012,160920.0,45992.0,5125.0,160920.0,45992.0,5125.0,6825225.0,intrinsic,central,Kenyon_Cell,KCg,19102.0,KCg-d,KCg-d,MBp2,MBp2,dopamine,0.585695413854086,"acetylcholine; sNPF; acetylcholine, sNPF","Barnstedt et al. 2016 (immuno); Johard et al., 2008 (immuno); Aso et al. 2019 (scRNA-seq)",right,,fw008824,FBbt_00110932,,isomorphic,,,
81630217617544119,720575940628304578,160135.0,43552.0,3977.0,172096.0,33616.0,4537.0,7076908.0,intrinsic,central,Kenyon_Cell,KCg,14292.0,KCg-m,KCg-m,MBp4,MBp4,dopamine,0.8204509954791901,"acetylcholine; sNPF; acetylcholine, sNPF","Barnstedt et al. 2016 (immuno); Johard et al., 2008 (immuno); Aso et al. 2019 (scRNA-seq)",right,,fw008839,FBbt_00111061,,isomorphic,,,
81348673921249218,720575940635541623,156089.0,42562.0,3896.0,147424.0,29808.0,4351.0,5642157.0,intrinsic,central,Kenyon_Cell,KCab,11862.0,KCab,KCab-c,MBp1,MBp1,dopamine,0.5623565408178945,"acetylcholine; sNPF; acetylcholine, sNPF","Barnstedt et al. 2016 (immuno, RNAi); Johard et al. (immuno); Aso et al. 2019 (scRNA-seq)",right,,fw008856,FBbt_00100248,,isomorphic,,,
80784761895473259,720575940629863737,148272.0,27856.0,4089.0,148272.0,27856.0,4089.0,6307702.0,intrinsic,central,Kenyon_Cell,KCab,11862.0,KCab,KCab-s,MBp1,MBp1,dopamine,0.604120996827931,"acetylcholine; sNPF; acetylcholine, sNPF","Barnstedt et al. 2016 (immuno, RNAi); Johard et al. (immuno); Aso et al. 2019 (scRNA-seq)",right,,fw008860,FBbt_00100248,,isomorphic,,,
81559848940226614,720575940616723549,158894.0,43378.0,4294.0,155704.0,43616.0,4964.0,6371486.0,intrinsic,central,Kenyon_Cell,KCg,14292.0,KCg-m,KCg-m,MBp2,MBp2,dopamine,0.814226416867645,"acetylcholine; sNPF; acetylcholine, sNPF","Barnstedt et al. 2016 (immuno); Johard et al., 2008 (immuno); Aso et al. 2019 (scRNA-seq)",right,,fw008863,FBbt_00111061,,isomorphic,,,
80784761962100245,720575940613071587,147504.0,27744.0,4261.0,147504.0,27744.0,4261.0,5642264.0,intrinsic,central,Kenyon_Cell,KCg,14292.0,KCg-m,KCg-m,MBp1,MBp1,dopamine,0.8141177631354998,"acetylcholine; sNPF; acetylcholine, sNPF","Barnstedt et al. 2016 (immuno); Johard et al., 2008 (immuno); Aso et al. 2019 (scRNA-seq)",right,,fw008869,FBbt_00111061,,isomorphic,,,
81348811494697766,720575940630415268,155608.0,44216.0,5076.0,155608.0,44216.0,5076.0,6371475.0,intrinsic,central,Kenyon_Cell,KCab,11862.0,KCab,KCab-s,MBp2,MBp2,dopamine,0.6564109860695164,"acetylcholine; sNPF; acetylcholine, sNPF","Barnstedt et al. 2016 (immuno, RNAi); Johard et al. (immuno); Aso et al. 2019 (scRNA-seq)",right,,fw008919,FBbt_00100248,,isomorphic,,,
81489548983103641,720575940622932809,158072.0,43984.0,5119.0,158072.0,43984.0,5119.0,6824577.0,intrinsic,central,Kenyon_Cell,KCab,11862.0,KCab,KCab-c,MBp2,MBp2,dopamine,0.4902722650750896,"acetylcholine; sNPF; acetylcholine, sNPF","Barnstedt et al. 2016 (immuno, RNAi); Johard et al. (immuno); Aso et al. 2019 (scRNA-seq)",right,,fw008923,FBbt_00100248,,isomorphic,,,
80643818248156194,720575940609950869,145456.0,24520.0,3714.0,145456.0,24520.0,3714.0,5592151.0,intrinsic,central,Kenyon_Cell,KCg,14292.0,KCg-m,KCg-m,MBp1,MBp1,dopamine,0.7290080554996525,"acetylcholine; sNPF; acetylcholine, sNPF","Barnstedt et al. 2016 (immuno); Johard et al., 2008 (immuno); Aso et al. 2019 (scRNA-seq)",right,,fw008925,FBbt_00111061,,isomorphic,,,
81630217617528498,720575940628491792,159776.0,43524.0,3976.0,164688.0,26544.0,4090.0,7056538.0,intrinsic,central,Kenyon_Cell,KCg,14292.0,KCg-m,KCg-m,MBp4,MBp4,dopamine,0.7457803988776128,"acetylcholine; sNPF; acetylcholine, sNPF","Barnstedt et al. 2016 (immuno); Johard et al., 2008 (immuno); Aso et al. 2019 (scRNA-seq)",right,,fw008987,FBbt_00111061,,isomorphic,,,
81559848940230127,720575940619954091,158894.0,43453.0,4293.0,168320.0,32832.0,4734.0,7065930.0,intrinsic,central,Kenyon_Cell,KCg,14292.0,KCg-m,KCg-m,MBp4,MBp4,dopamine,0.8275541165916352,"acetylcholine; sNPF; acetylcholine, sNPF","Barnstedt et al. 2016 (immuno); Johard et al., 2008 (immuno); Aso et al. 2019 (scRNA-seq)",right,,fw008989,FBbt_00111061,,isomorphic,,,
81348811360430712,720575940623503111,156109.0,43804.0,4103.0,150304.0,37080.0,5124.0,6352253.0,intrinsic,central,Kenyon_Cell,KCg,14292.0,KCg-m,KCg-m,MBp2,MBp2,dopamine,0.7959118782676033,"acetylcholine; sNPF; acetylcholine, sNPF","Barnstedt et al. 2016 (immuno); Johard et al., 2008 (immuno); Aso et al. 2019 (scRNA-seq)",right,,fw008999,FBbt_00111061,,isomorphic,,,
81911005533272500,720575940632164269,164648.0,32832.0,4649.0,164648.0,32832.0,4649.0,7060503.0,intrinsic,central,Kenyon_Cell,KCab,11862.0,KCab,KCab-m,MBp4,MBp4,dopamine,0.6321945729094575,"acetylcholine; sNPF; acetylcholine, sNPF","Barnstedt et al. 2016 (immuno, RNAi); Johard et al. (immuno); Aso et al. 2019 (scRNA-seq)",right,,fw009001,FBbt_00100248,,isomorphic,,,
81067130426274435,720575940620451916,151512.0,40896.0,5321.0,151512.0,40896.0,5321.0,6354460.0,intrinsic,central,Kenyon_Cell,KCg,14292.0,KCg-m,KCg-m,MBp2,MBp2,dopamine,0.7865818171446372,"acetylcholine; sNPF; acetylcholine, sNPF","Barnstedt et al. 2016 (immuno); Johard et al., 2008 (immuno); Aso et al. 2019 (scRNA-seq)",right,,fw009009,FBbt_00111061,,isomorphic,,,
81348467897341501,720575940621044701,155973.0,39157.0,5132.0,163032.0,39024.0,5128.0,6749463.0,intrinsic,central,Kenyon_Cell,KCg,14292.0,KCg-m,KCg-m,MBp2,MBp2,dopamine,0.7657206561370596,"acetylcholine; sNPF; acetylcholine, sNPF","Barnstedt et al. 2016 (immuno); Johard et al., 2008 (immuno); Aso et al. 2019 (scRNA-seq)",right,,fw009019,FBbt_00111061,,isomorphic,,,
81419248823961208,720575940626991771,157403.0,44696.0,3977.0,151152.0,30288.0,4098.0,6309048.0,intrinsic,central,Kenyon_Cell,KCg,14292.0,KCg-m,KCg-m,MBp1,MBp1,dopamine,0.7483201266394096,"acetylcholine; sNPF; acetylcholine, sNPF","Barnstedt et al. 2016 (immuno); Johard et al., 2008 (immuno); Aso et al. 2019 (scRNA-seq)",right,,fw009046,FBbt_00111061,,isomorphic,,,
81277343104739158,720575940629397079,155072.0,27808.0,4104.0,155072.0,27808.0,4104.0,6310618.0,intrinsic,central,Kenyon_Cell,,17488.0,KCapbp-ap2,KCa'b'-ap2,MBp3,MBp3,dopamine,0.5151860123453296,acetylcholine; acetylcholine,"Barnstedt et al. 2016 (immuno, RNAi); Aso et al. 2019 (scRNA-seq)",right,,fw009049,FBbt:00049837,,isomorphic,,,
81347780634885712,720575940618657334,155584.0,28536.0,4175.0,155584.0,28536.0,4175.0,6320284.0,intrinsic,central,Kenyon_Cell,,17488.0,KCapbp-ap2,KCa'b'-ap2,MBp3,MBp3,dopamine,0.4974793955625297,acetylcholine; acetylcholine,"Barnstedt et al. 2016 (immuno, RNAi); Aso et al. 2019 (scRNA-seq)",right,,fw009055,FBbt:00049837,,isomorphic,,,
81489480196053705,720575940636352357,158595.0,43349.0,4293.0,160744.0,36448.0,5125.0,6748807.0,intrinsic,central,Kenyon_Cell,KCg,14292.0,KCg-m,KCg-m,MBp4,MBp4,dopamine,0.7931434130962658,"acetylcholine; sNPF; acetylcholine, sNPF","Barnstedt et al. 2016 (immuno); Johard et al., 2008 (immuno); Aso et al. 2019 (scRNA-seq)",right,,fw009057,FBbt_00111061,,isomorphic,,,
81348742640976426,720575940620007457,155666.0,43069.0,4102.0,147512.0,29640.0,3989.0,5631863.0,intrinsic,central,Kenyon_Cell,KCg,14292.0,KCg-m,KCg-m,MBp1,MBp1,dopamine,0.7563538089142435,"acetylcholine; sNPF; acetylcholine, sNPF","Barnstedt et al. 2016 (immuno); Johard et al., 2008 (immuno); Aso et al. 2019 (scRNA-seq)",right,,fw009059,FBbt_00111061,,isomorphic,,,
81418974147163830,720575940618183559,157600.0,41032.0,5310.0,157600.0,41032.0,5310.0,6754820.0,intrinsic,central,Kenyon_Cell,,17488.0,KCapbp-m,KCa'b'-m,MBp2,MBp2,dopamine,0.579641680167331,acetylcholine; acetylcholine,"Barnstedt et al. 2016 (immuno, RNAi); Aso et al. 2019 (scRNA-seq)",right,,fw009081,FBbt:00100253,,isomorphic,,,
80854924481009382,720575940617857053,148472.0,24640.0,3943.0,148472.0,24640.0,3943.0,6276670.0,intrinsic,central,Kenyon_Cell,,17488.0,KCapbp-ap2,KCa'b'-ap2,MBp1,MBp1,dopamine,0.549310892944858,acetylcholine; acetylcholine,"Barnstedt et al. 2016 (immuno, RNAi); Aso et al. 2019 (scRNA-seq)",right,,fw009084,FBbt:00049837,,isomorphic,,,
81348673921238902,720575940622938637,155887.0,42428.0,3896.0,147448.0,29288.0,4291.0,5642209.0,intrinsic,central,Kenyon_Cell,KCab,11862.0,KCab,KCab-c,MBp1,MBp1,dopamine,0.6561720338102536,"acetylcholine; sNPF; acetylcholine, sNPF","Barnstedt et al. 2016 (immuno, RNAi); Johard et al. (immuno); Aso et al. 2019 (scRNA-seq)",right,,fw009085,FBbt_00100248,,isomorphic,,,
80714393151276155,720575940630038156,146456.0,28176.0,4092.0,146456.0,28176.0,4092.0,5631508.0,intrinsic,central,Kenyon_Cell,KCg,14292.0,KCg-m,KCg-m,MBp1,MBp1,dopamine,0.8132579449649232,"acetylcholine; sNPF; acetylcholine, sNPF","Barnstedt et al. 2016 (immuno); Johard et al., 2008 (immuno); Aso et al. 2019 (scRNA-seq)",right,,fw009090,FBbt_00111061,,isomorphic,,,
81630217617501750,720575940619487414,160130.0,43486.0,3977.0,169064.0,32744.0,4589.0,7066375.0,intrinsic,central,Kenyon_Cell,KCg,14292.0,KCg-m,KCg-m,MBp4,MBp4,dopamine,0.77926814820869,"acetylcholine; sNPF; acetylcholine, sNPF","Barnstedt et al. 2016 (immuno); Johard et al., 2008 (immuno); Aso et al. 2019 (scRNA-seq)",right,,fw009097,FBbt_00111061,,isomorphic,,,
80925430664360804,720575940621869918,149864.0,26408.0,4090.0,149864.0,26408.0,4090.0,6308359.0,intrinsic,central,Kenyon_Cell,KCg,14292.0,KCg-m,KCg-m,MBp3,MBp3,dopamine,0.7544663578289709,"acetylcholine; sNPF; acetylcholine, sNPF","Barnstedt et al. 2016 (immuno); Johard et al., 2008 (immuno); Aso et al. 2019 (scRNA-seq)",right,,fw009099,FBbt_00111061,,isomorphic,,,
81418905360993837,720575940616616075,157302.0,40276.0,5133.0,159320.0,40864.0,5292.0,6776805.0,intrinsic,central,Kenyon_Cell,,17488.0,KCapbp-m,KCa'b'-m,MBp2,MBp2,dopamine,0.5671579012378427,acetylcholine; acetylcholine,"Barnstedt et al. 2016 (immuno, RNAi); Aso et al. 2019 (scRNA-seq)",right,,fw009175,FBbt:00100253,,isomorphic,,,
80784624456477931,720575940633802009,147384.0,25320.0,4034.0,147384.0,25320.0,4034.0,5631798.0,intrinsic,central,Kenyon_Cell,,17488.0,KCapbp-m,KCa'b'-m,MBp1,MBp1,dopamine,0.5404052548537903,acetylcholine; acetylcholine,"Barnstedt et al. 2016 (immuno, RNAi); Aso et al. 2019 (scRNA-seq)",right,,fw009189,FBbt:00100253,,isomorphic,,,
81559711568571177,720575940642021064,159600.0,40944.0,4939.0,159600.0,40944.0,4939.0,6748544.0,intrinsic,central,Kenyon_Cell,KCg,19102.0,KCg-d,KCg-d,MBp3,MBp3,dopamine,0.5925015844070858,"acetylcholine; sNPF; acetylcholine, sNPF","Barnstedt et al. 2016 (immuno); Johard et al., 2008 (immuno); Aso et al. 2019 (scRNA-seq)",right,,fw009233,FBbt_00110932,,isomorphic,,,
81559780288309975,720575940610690162,159424.0,41728.0,5118.0,159424.0,41728.0,5118.0,6824871.0,intrinsic,central,Kenyon_Cell,KCab,11862.0,KCab,KCab-s,MBp2,MBp2,dopamine,0.642481082191126,"acetylcholine; sNPF; acetylcholine, sNPF","Barnstedt et al. 2016 (immuno, RNAi); Johard et al. (immuno); Aso et al. 2019 (scRNA-seq)",right,,fw009247,FBbt_00100248,,isomorphic,,,
81347849287724571,720575940625800741,155640.0,29504.0,4040.0,155640.0,29504.0,4040.0,6310782.0,intrinsic,central,Kenyon_Cell,KCg,14292.0,KCg-m,KCg-m,MBp3,MBp3,dopamine,0.7621757398006428,"acetylcholine; sNPF; acetylcholine, sNPF","Barnstedt et al. 2016 (immuno); Johard et al., 2008 (immuno); Aso et al. 2019 (scRNA-seq)",right,,fw009252,FBbt_00111061,,isomorphic,,,
81489548848623480,720575940629765647,158337.0,44187.0,3976.0,158656.0,45792.0,5127.0,6824696.0,intrinsic,central,Kenyon_Cell,,17488.0,KCapbp-ap1,KCa'b'-ap1,MBp2,MBp2,dopamine,0.4757298109111184,acetylcholine; acetylcholine,"Barnstedt et al. 2016 (immuno, RNAi); Aso et al. 2019 (scRNA-seq)",right,,fw009261,FBbt:00049836,,isomorphic,,,
82473955420181932,720575940610952089,172656.0,32680.0,4541.0,172656.0,32680.0,4541.0,7336422.0,intrinsic,central,Kenyon_Cell,,17488.0,KCapbp-ap1,KCa'b'-ap1,MBp4,MBp4,dopamine,0.4757298415793197,acetylcholine; acetylcholine,"Barnstedt et al. 2016 (immuno, RNAi); Aso et al. 2019 (scRNA-seq)",right,,fw009265,FBbt:00049836,,isomorphic,,,
81348811494534811,720575940646034740,155592.0,44664.0,4958.0,155592.0,44664.0,4958.0,6371473.0,intrinsic,central,Kenyon_Cell,KCg,14292.0,KCg-m,KCg-m,MBp2,MBp2,dopamine,0.7058345605660039,"acetylcholine; sNPF; acetylcholine, sNPF","Barnstedt et al. 2016 (immuno); Johard et al., 2008 (immuno); Aso et al. 2019 (scRNA-seq)",right,,fw009280,FBbt_00111061,,isomorphic,,,
81700449057085458,720575940628309186,160824.0,40896.0,5056.0,160824.0,40896.0,5056.0,6748827.0,intrinsic,central,Kenyon_Cell,KCab,11862.0,KCab,KCab-s,MBp2,MBp2,dopamine,0.5888479832516378,"acetylcholine; sNPF; acetylcholine, sNPF","Barnstedt et al. 2016 (immuno, RNAi); Johard et al. (immuno); Aso et al. 2019 (scRNA-seq)",right,,fw009285,FBbt_00100248,,isomorphic,,,
81206905641043990,720575940612019570,153568.0,26320.0,4090.0,153568.0,26320.0,4090.0,6310031.0,intrinsic,central,Kenyon_Cell,,17488.0,KCapbp-m,KCa'b'-m,MBp3,MBp3,dopamine,0.5213155530519935,acetylcholine; acetylcholine,"Barnstedt et al. 2016 (immuno, RNAi); Aso et al. 2019 (scRNA-seq)",right,,fw009332,FBbt:00100253,,isomorphic,,,
82473886700578945,720575940624054675,171960.0,32128.0,4522.0,171960.0,32128.0,4522.0,7067369.0,intrinsic,central,Kenyon_Cell,KCab,11862.0,KCab,KCab-s,MBp4,MBp4,dopamine,0.5911121702261302,"acetylcholine; sNPF; acetylcholine, sNPF","Barnstedt et al. 2016 (immuno, RNAi); Johard et al. (immuno); Aso et al. 2019 (scRNA-seq)",right,,fw009345,FBbt_00100248,,isomorphic,,,
81559917727298968,720575940617734603,159072.0,44096.0,5122.0,159072.0,44096.0,5122.0,6824788.0,intrinsic,central,Kenyon_Cell,KCab,11862.0,KCab,KCab-c,MBp2,MBp2,dopamine,0.5964632935138204,"acetylcholine; sNPF; acetylcholine, sNPF","Barnstedt et al. 2016 (immuno, RNAi); Johard et al. (immuno); Aso et al. 2019 (scRNA-seq)",right,,fw009356,FBbt_00100248,,isomorphic,,,
81348673921220020,720575940623991333,155964.0,42582.0,3896.0,147432.0,29864.0,4445.0,5642175.0,intrinsic,central,Kenyon_Cell,KCab,11862.0,KCab,KCab-c,MBp1,MBp1,dopamine,0.5915760010377592,"acetylcholine; sNPF; acetylcholine, sNPF","Barnstedt et al. 2016 (immuno, RNAi); Johard et al. (immuno); Aso et al. 2019 (scRNA-seq)",right,,fw009384,FBbt_00100248,,isomorphic,,,
80925774328781546,720575940622784611,150391.0,32101.0,4571.0,149280.0,25408.0,4088.0,6308109.0,intrinsic,central,Kenyon_Cell,KCab,11862.0,KCab,KCab-s,MBp1,MBp1,dopamine,0.551009402719771,"acetylcholine; sNPF; acetylcholine, sNPF","Barnstedt et al. 2016 (immuno, RNAi); Johard et al. (immuno); Aso et al. 2019 (scRNA-seq)",right,,fw009394,FBbt_00100248,,isomorphic,,,
81910868027415631,720575940631256168,164601.0,31327.0,4294.0,170656.0,28960.0,4097.0,7057980.0,intrinsic,central,Kenyon_Cell,KCg,14292.0,KCg-m,KCg-m,MBp4,MBp4,dopamine,0.7728668190146987,"acetylcholine; sNPF; acetylcholine, sNPF","Barnstedt et al. 2016 (immuno); Johard et al., 2008 (immuno); Aso et al. 2019 (scRNA-seq)",right,,fw009405,FBbt_00111061,,isomorphic,,,
80784830614875350,720575940643501472,147416.0,28952.0,4052.0,147416.0,28952.0,4052.0,5631806.0,intrinsic,central,Kenyon_Cell,,17488.0,KCapbp-ap2,KCa'b'-ap2,MBp1,MBp1,dopamine,0.5277359552971783,acetylcholine; acetylcholine,"Barnstedt et al. 2016 (immuno, RNAi); Aso et al. 2019 (scRNA-seq)",right,,fw009409,FBbt:00049837,,isomorphic,,,
81207867914572290,720575940620418774,153640.0,40912.0,5282.0,153640.0,40912.0,5282.0,6355955.0,intrinsic,central,Kenyon_Cell,,17488.0,KCapbp-ap2,KCa'b'-ap2,MBp2,MBp2,dopamine,0.4900406725940257,acetylcholine; acetylcholine,"Barnstedt et al. 2016 (immuno, RNAi); Aso et al. 2019 (scRNA-seq)",right,,fw009434,FBbt:00049837,,isomorphic,,,
81277205665719520,720575940606666953,155024.0,25888.0,4091.0,155024.0,25888.0,4091.0,6310576.0,intrinsic,central,Kenyon_Cell,,17488.0,KCapbp-ap1,KCa'b'-ap1,MBp3,MBp3,dopamine,0.497362213610508,acetylcholine; acetylcholine,"Barnstedt et al. 2016 (immuno, RNAi); Aso et al. 2019 (scRNA-seq)",right,,fw009466,FBbt:00049836,,isomorphic,,,
81278373896794869,720575940641084405,155432.0,43122.0,4102.0,147448.0,25368.0,3671.0,5631836.0,intrinsic,central,Kenyon_Cell,KCg,14292.0,KCg-m,KCg-m,MBp1,MBp1,dopamine,0.7506075730197586,"acetylcholine; sNPF; acetylcholine, sNPF","Barnstedt et al. 2016 (immuno); Johard et al., 2008 (immuno); Aso et al. 2019 (scRNA-seq)",right,,fw009538,FBbt_00111061,,isomorphic,,,
81910936813929907,720575940629202167,163832.0,32376.0,4764.0,163832.0,32376.0,4764.0,6715288.0,intrinsic,central,Kenyon_Cell,KCab,11862.0,KCab,KCab-m,MBp4,MBp4,dopamine,0.6054174176105693,"acetylcholine; sNPF; acetylcholine, sNPF","Barnstedt et al. 2016 (immuno, RNAi); Johard et al. (immuno); Aso et al. 2019 (scRNA-seq)",right,,fw009560,FBbt_00100248,,isomorphic,,,
81067267798585617,720575940606902741,152256.0,43632.0,5126.0,152256.0,43632.0,5126.0,6370775.0,intrinsic,central,Kenyon_Cell,KCab,11862.0,KCab,KCab-s,MBp2,MBp2,dopamine,0.5434430811296238,"acetylcholine; sNPF; acetylcholine, sNPF","Barnstedt et al. 2016 (immuno, RNAi); Johard et al. (immuno); Aso et al. 2019 (scRNA-seq)",right,,fw009587,FBbt_00100248,,isomorphic,,,
81348605402854057,720575940615896989,155648.0,41544.0,5218.0,155648.0,41544.0,5218.0,6376424.0,intrinsic,central,Kenyon_Cell,KCab,11862.0,KCab,KCab-m,MBp2,MBp2,dopamine,0.5913155401062069,"acetylcholine; sNPF; acetylcholine, sNPF","Barnstedt et al. 2016 (immuno, RNAi); Johard et al. (immuno); Aso et al. 2019 (scRNA-seq)",right,,fw009593,FBbt_00100248,,isomorphic,,,
81278099153176314,720575940633300927,155054.0,38568.0,5132.0,155680.0,40448.0,5322.0,6357843.0,intrinsic,central,Kenyon_Cell,KCg,14292.0,KCg-m,KCg-m,MBp2,MBp2,dopamine,0.7532867228580897,"acetylcholine; sNPF; acetylcholine, sNPF","Barnstedt et al. 2016 (immuno); Johard et al., 2008 (immuno); Aso et al. 2019 (scRNA-seq)",right,,fw009597,FBbt_00111061,,isomorphic,,,
81559367971409767,720575940620827713,159480.0,36288.0,5118.0,159480.0,36288.0,5118.0,6748534.0,intrinsic,central,Kenyon_Cell,KCg,14292.0,KCg-m,KCg-m,MBp3,MBp3,dopamine,0.7362055578457563,"acetylcholine; sNPF; acetylcholine, sNPF","Barnstedt et al. 2016 (immuno); Johard et al., 2008 (immuno); Aso et al. 2019 (scRNA-seq)",right,,fw009648,FBbt_00111061,,isomorphic,,,
80996143005895190,720575940620073606,150920.0,31736.0,4098.0,150920.0,31736.0,4098.0,6308962.0,intrinsic,central,Kenyon_Cell,KCg,14292.0,KCg-m,KCg-m,MBp1,MBp1,dopamine,0.7621177225464794,"acetylcholine; sNPF; acetylcholine, sNPF","Barnstedt et al. 2016 (immuno); Johard et al., 2008 (immuno); Aso et al. 2019 (scRNA-seq)",right,,fw009654,FBbt_00111061,,isomorphic,,,
81347711915412311,720575940611110468,155656.0,27720.0,4172.0,155656.0,27720.0,4172.0,6320456.0,intrinsic,central,Kenyon_Cell,,17488.0,KCapbp-m,KCa'b'-m,MBp3,MBp3,dopamine,0.4937015667852822,acetylcholine; acetylcholine,"Barnstedt et al. 2016 (immuno, RNAi); Aso et al. 2019 (scRNA-seq)",right,,fw009657,FBbt:00100253,,isomorphic,,,
81419317677879242,720575940625317139,157216.0,45920.0,5114.0,157216.0,45920.0,5114.0,6823698.0,intrinsic,central,Kenyon_Cell,,17488.0,KCapbp-ap1,KCa'b'-ap1,MBp2,MBp2,dopamine,0.5389194248368526,acetylcholine; acetylcholine,"Barnstedt et al. 2016 (immuno, RNAi); Aso et al. 2019 (scRNA-seq)",right,,fw009676,FBbt:00049836,,isomorphic,,,
81278305177067431,720575940624638396,155205.0,41674.0,3897.0,147448.0,26144.0,3678.0,5631828.0,intrinsic,central,Kenyon_Cell,KCg,14292.0,KCg-m,KCg-m,MBp1,MBp1,dopamine,0.7503482834458717,"acetylcholine; sNPF; acetylcholine, sNPF","Barnstedt et al. 2016 (immuno); Johard et al., 2008 (immuno); Aso et al. 2019 (scRNA-seq)",right,,fw009678,FBbt_00111061,,isomorphic,,,
81489548915539582,720575940644136983,158076.0,43736.0,4294.0,164792.0,41584.0,5115.0,7084251.0,intrinsic,central,Kenyon_Cell,KCg,14292.0,KCg-m,KCg-m,MBp2,MBp2,dopamine,0.6487018179225614,"acetylcholine; sNPF; acetylcholine, sNPF","Barnstedt et al. 2016 (immuno); Johard et al., 2008 (immuno); Aso et al. 2019 (scRNA-seq)",right,,fw009679,FBbt_00111061,,isomorphic,,,
81348742641007392,720575940633908887,155940.0,43245.0,4103.0,162736.0,42872.0,5123.0,6825651.0,intrinsic,central,Kenyon_Cell,KCg,14292.0,KCg-m,KCg-m,MBp2,MBp2,dopamine,0.7317838253254111,"acetylcholine; sNPF; acetylcholine, sNPF","Barnstedt et al. 2016 (immuno); Johard et al., 2008 (immuno); Aso et al. 2019 (scRNA-seq)",right,,fw009772,FBbt_00111061,,isomorphic,,,
81630355190907045,720575940638626613,160016.0,44680.0,5115.0,160016.0,44680.0,5115.0,6824985.0,intrinsic,central,Kenyon_Cell,,17488.0,KCapbp-ap1,KCa'b'-ap1,MBp2,MBp2,dopamine,0.5063627118690388,acetylcholine; acetylcholine,"Barnstedt et al. 2016 (immuno, RNAi); Aso et al. 2019 (scRNA-seq)",right,,fw009776,FBbt:00049836,,isomorphic,,,
81278373896821393,720575940615974493,155112.0,42658.0,4102.0,143832.0,24592.0,3773.0,5590845.0,intrinsic,central,Kenyon_Cell,KCg,14292.0,KCg-m,KCg-m,MBp1,MBp1,dopamine,0.7184215785509575,"acetylcholine; sNPF; acetylcholine, sNPF","Barnstedt et al. 2016 (immuno); Johard et al., 2008 (immuno); Aso et al. 2019 (scRNA-seq)",right,,fw009780,FBbt_00111061,,isomorphic,,,
81770542923435781,720575940632735021,161808.0,36816.0,5117.0,161808.0,36816.0,5117.0,6749071.0,intrinsic,central,Kenyon_Cell,KCg,14292.0,KCg-m,KCg-m,MBp3,MBp3,dopamine,0.756704372523435,"acetylcholine; sNPF; acetylcholine, sNPF","Barnstedt et al. 2016 (immuno); Johard et al., 2008 (immuno); Aso et al. 2019 (scRNA-seq)",right,,fw009801,FBbt_00111061,,isomorphic,,,
81348811360418563,720575940645377668,156252.0,43803.0,4102.0,162800.0,40904.0,5019.0,6749363.0,intrinsic,central,Kenyon_Cell,KCg,14292.0,KCg-m,KCg-m,MBp2,MBp2,dopamine,0.8125339031950594,"acetylcholine; sNPF; acetylcholine, sNPF","Barnstedt et al. 2016 (immuno); Johard et al., 2008 (immuno); Aso et al. 2019 (scRNA-seq)",right,,fw009809,FBbt_00111061,,isomorphic,,,
80644161846026480,720575940628761039,145800.0,29440.0,4094.0,145800.0,29440.0,4094.0,5631231.0,intrinsic,central,Kenyon_Cell,KCab,11862.0,KCab,KCab-s,MBp1,MBp1,dopamine,0.6013031867805587,"acetylcholine; sNPF; acetylcholine, sNPF","Barnstedt et al. 2016 (immuno, RNAi); Johard et al. (immuno); Aso et al. 2019 (scRNA-seq)",right,,fw009824,FBbt_00100248,,isomorphic,,,
81489480196057926,720575940619701631,158492.0,43242.0,4293.0,159704.0,37520.0,5120.0,6748559.0,intrinsic,central,Kenyon_Cell,KCg,14292.0,KCg-m,KCg-m,MBp3,MBp3,dopamine,0.7239748003162203,"acetylcholine; sNPF; acetylcholine, sNPF","Barnstedt et al. 2016 (immuno); Johard et al., 2008 (immuno); Aso et al. 2019 (scRNA-seq)",right,,fw009842,FBbt_00111061,,isomorphic,,,
81629942874066181,720575940621680133,160472.0,39480.0,5122.0,160472.0,39480.0,5122.0,6748706.0,intrinsic,central,Kenyon_Cell,KCg,14292.0,KCg-m,KCg-m,MBp3,MBp3,dopamine,0.7384643256332925,"acetylcholine; sNPF; acetylcholine, sNPF","Barnstedt et al. 2016 (immuno); Johard et al., 2008 (immuno); Aso et al. 2019 (scRNA-seq)",right,,fw009879,FBbt_00111061,,isomorphic,,,
81278373896560209,720575940630687827,155418.0,42875.0,3897.0,148264.0,32816.0,4371.0,6311543.0,intrinsic,central,Kenyon_Cell,KCab,11862.0,KCab,KCab-m,MBp1,MBp1,dopamine,0.5708263119046968,"acetylcholine; sNPF; acetylcholine, sNPF","Barnstedt et al. 2016 (immuno, RNAi); Johard et al. (immuno); Aso et al. 2019 (scRNA-seq)",right,,fw009992,FBbt_00100248,,isomorphic,,,
82473955420068463,720575940607993668,172584.0,32744.0,4454.0,172584.0,32744.0,4454.0,7336404.0,intrinsic,central,Kenyon_Cell,KCab,11862.0,KCab,KCab-s,MBp4,MBp4,dopamine,0.6322927091472361,"acetylcholine; sNPF; acetylcholine, sNPF","Barnstedt et al. 2016 (immuno, RNAi); Johard et al. (immuno); Aso et al. 2019 (scRNA-seq)",right,,fw010008,FBbt_00100248,,isomorphic,,,
82192480509961741,720575940619937718,168240.0,32720.0,4633.0,168240.0,32720.0,4633.0,7065822.0,intrinsic,central,Kenyon_Cell,,11862.0,KCab-p,KCab-p,MBp4,MBp4,dopamine,0.6107912059246322,acetylcholine; acetylcholine,Barnstedt et al. 2016 (immuno); Aso et al. 2019 (scRNA-seq),right,,fw010019,FBbt_00110931,,isomorphic,,,
81348811360441711,720575940619434887,156083.0,43910.0,4103.0,155640.0,45824.0,5243.0,6376441.0,intrinsic,central,Kenyon_Cell,KCg,14292.0,KCg-m,KCg-m,MBp2,MBp2,dopamine,0.7546488420666226,"acetylcholine; sNPF; acetylcholine, sNPF","Barnstedt et al. 2016 (immuno); Johard et al., 2008 (immuno); Aso et al. 2019 (scRNA-seq)",right,,fw010034,FBbt_00111061,,isomorphic,,,
81348673921253616,720575940613977041,156229.0,42126.0,3896.0,150920.0,33432.0,4966.0,6352440.0,intrinsic,central,Kenyon_Cell,KCab,11862.0,KCab,KCab-s,MBp1,MBp1,dopamine,0.5503119046769502,"acetylcholine; sNPF; acetylcholine, sNPF","Barnstedt et al. 2016 (immuno, RNAi); Johard et al. (immuno); Aso et al. 2019 (scRNA-seq)",right,,fw010222,FBbt_00100248,,isomorphic,,,
82051743021676078,720575940649649529,166264.0,32760.0,4687.0,166264.0,32760.0,4687.0,7063317.0,intrinsic,central,Kenyon_Cell,KCab,11862.0,KCab,KCab-c,MBp4,MBp4,dopamine,0.6238723452083657,"acetylcholine; sNPF; acetylcholine, sNPF","Barnstedt et al. 2016 (immuno, RNAi); Johard et al. (immuno); Aso et al. 2019 (scRNA-seq)",right,,fw010285,FBbt_00100248,,isomorphic,,,
80925774328797509,720575940610505621,150296.0,31902.0,4571.0,150800.0,25056.0,4096.0,6308885.0,intrinsic,central,Kenyon_Cell,KCab,11862.0,KCab,KCab-s,MBp1,MBp1,dopamine,0.6100613484920699,"acetylcholine; sNPF; acetylcholine, sNPF","Barnstedt et al. 2016 (immuno, RNAi); Johard et al. (immuno); Aso et al. 2019 (scRNA-seq)",right,,fw010377,FBbt_00100248,,isomorphic,,,
80855268078594792,720575940631549743,149368.0,30200.0,4096.0,149368.0,30200.0,4096.0,6308159.0,intrinsic,central,Kenyon_Cell,,17488.0,KCapbp-ap1,KCa'b'-ap1,MBp1,MBp1,dopamine,0.6391471746361955,acetylcholine; acetylcholine,"Barnstedt et al. 2016 (immuno, RNAi); Aso et al. 2019 (scRNA-seq)",right,,fw010444,FBbt:00049836,,isomorphic,,,
81347643196218317,720575940619897734,155664.0,26248.0,4396.0,155664.0,26248.0,4396.0,6320505.0,intrinsic,central,Kenyon_Cell,,11862.0,KCab-p,KCab-p,MBp3,MBp3,dopamine,0.5907484649265206,acetylcholine; acetylcholine,Barnstedt et al. 2016 (immuno); Aso et al. 2019 (scRNA-seq),right,,fw011064,FBbt_00110931,,isomorphic,,,
80784830681860646,720575940621951453,147440.0,28560.0,4444.0,147440.0,28560.0,4444.0,5642139.0,intrinsic,central,Kenyon_Cell,,17488.0,KCapbp-ap2,KCa'b'-ap2,MBp1,MBp1,dopamine,0.5018753762437297,acetylcholine; acetylcholine,"Barnstedt et al. 2016 (immuno, RNAi); Aso et al. 2019 (scRNA-seq)",right,,fw011145,FBbt:00049837,,isomorphic,,,
80573586943496011,720575940639278325,144920.0,26552.0,4097.0,144920.0,26552.0,4097.0,5630791.0,intrinsic,central,Kenyon_Cell,,17488.0,KCapbp-ap2,KCa'b'-ap2,MBp1,MBp1,dopamine,0.5449994393259873,acetylcholine; acetylcholine,"Barnstedt et al. 2016 (immuno, RNAi); Aso et al. 2019 (scRNA-seq)",right,,fw011150,FBbt:00049837,,isomorphic,,,
82614692908299473,720575940626043454,174608.0,32728.0,4406.0,174608.0,32728.0,4406.0,7336836.0,intrinsic,central,Kenyon_Cell,,11862.0,KCab-p,KCab-p,MBp4,MBp4,dopamine,0.6054534747932849,acetylcholine; acetylcholine,Barnstedt et al. 2016 (immuno); Aso et al. 2019 (scRNA-seq),right,,fw011987,FBbt_00110931,,isomorphic,,,
81699761795291394,720575940620457904,161600.0,30544.0,4563.0,161600.0,30544.0,4563.0,6708496.0,intrinsic,central,Kenyon_Cell,KCg,14292.0,KCg-m,KCg-m,MBp4,MBp4,dopamine,0.7826151573884635,"acetylcholine; sNPF; acetylcholine, sNPF","Barnstedt et al. 2016 (immuno); Johard et al., 2008 (immuno); Aso et al. 2019 (scRNA-seq)",right,,fw012151,FBbt_00111061,,isomorphic,,,
81136674402910171,720575940629474090,153064.0,29112.0,4577.0,153064.0,29112.0,4577.0,6318001.0,intrinsic,central,Kenyon_Cell,KCab,11862.0,KCab,KCab-c,MBp3,MBp3,dopamine,0.5985068195796186,"acetylcholine; sNPF; acetylcholine, sNPF","Barnstedt et al. 2016 (immuno, RNAi); Johard et al. (immuno); Aso et al. 2019 (scRNA-seq)",right,,fw012627,FBbt_00100248,,isomorphic,,,
81278374097557721,720575940626526218,154928.0,43232.0,5172.0,154928.0,43232.0,5172.0,6376191.0,intrinsic,central,Kenyon_Cell,KCab,11862.0,KCab,KCab-c,MBp2,MBp2,dopamine,0.6819335920798941,"acetylcholine; sNPF; acetylcholine, sNPF","Barnstedt et al. 2016 (immuno, RNAi); Johard et al. (immuno); Aso et al. 2019 (scRNA-seq)",right,,fw012738,FBbt_00100248,,isomorphic,,,
81559848940238131,720575940625678613,159300.0,43315.0,4293.0,160768.0,29832.0,4479.0,6703226.0,intrinsic,central,Kenyon_Cell,KCg,14292.0,KCg-m,KCg-m,MBp4,MBp4,dopamine,0.8263384796229513,"acetylcholine; sNPF; acetylcholine, sNPF","Barnstedt et al. 2016 (immuno); Johard et al., 2008 (immuno); Aso et al. 2019 (scRNA-seq)",right,,fw013016,FBbt_00111061,,isomorphic,,,
81137705261993741,720575940631647043,153440.0,44552.0,4971.0,153440.0,44552.0,4971.0,6371057.0,intrinsic,central,Kenyon_Cell,KCg,14292.0,KCg-m,KCg-m,MBp2,MBp2,dopamine,0.7452962717743059,"acetylcholine; sNPF; acetylcholine, sNPF","Barnstedt et al. 2016 (immuno); Johard et al., 2008 (immuno); Aso et al. 2019 (scRNA-seq)",right,,fw013887,FBbt_00111061,,isomorphic,,,
81911417850601106,720575940623105023,164136.0,39136.0,4987.0,164136.0,39136.0,4987.0,6749669.0,intrinsic,central,Kenyon_Cell,KCg,14292.0,KCg-m,KCg-m,MBp3,MBp3,dopamine,0.7881350528630897,"acetylcholine; sNPF; acetylcholine, sNPF","Barnstedt et al. 2016 (immuno); Johard et al., 2008 (immuno); Aso et al. 2019 (scRNA-seq)",right,,fw013925,FBbt_00111061,,isomorphic,,,
81207111799359432,720575940629406012,153840.0,30120.0,4020.0,153840.0,30120.0,4020.0,6310159.0,intrinsic,central,Kenyon_Cell,KCg,14292.0,KCg-m,KCg-m,MBp3,MBp3,dopamine,0.8119873466289884,"acetylcholine; sNPF; acetylcholine, sNPF","Barnstedt et al. 2016 (immuno); Johard et al., 2008 (immuno); Aso et al. 2019 (scRNA-seq)",right,,fw014178,FBbt_00111061,,isomorphic,,,
81418286885241364,720575940603674656,157448.0,30552.0,4767.0,157448.0,30552.0,4767.0,6696298.0,intrinsic,central,Kenyon_Cell,KCab,11862.0,KCab,KCab-c,MBp3,MBp3,dopamine,0.5104203991332417,"acetylcholine; sNPF; acetylcholine, sNPF","Barnstedt et al. 2016 (immuno, RNAi); Johard et al. (immuno); Aso et al. 2019 (scRNA-seq)",right,,fw014187,FBbt_00100248,,isomorphic,,,
82051605515779603,720575940621882401,166736.0,30456.0,4297.0,166736.0,30456.0,4297.0,7063827.0,intrinsic,central,Kenyon_Cell,KCab,11862.0,KCab,KCab-m,MBp4,MBp4,dopamine,0.6265318413914621,"acetylcholine; sNPF; acetylcholine, sNPF","Barnstedt et al. 2016 (immuno, RNAi); Johard et al. (immuno); Aso et al. 2019 (scRNA-seq)",right,,fw014239,FBbt_00100248,,isomorphic,,,
81981305491470056,720575940627986220,165776.0,31400.0,4584.0,165776.0,31400.0,4584.0,7062908.0,intrinsic,central,Kenyon_Cell,KCab,11862.0,KCab,KCab-c,MBp4,MBp4,dopamine,0.5557105978443916,"acetylcholine; sNPF; acetylcholine, sNPF","Barnstedt et al. 2016 (immuno, RNAi); Johard et al. (immuno); Aso et al. 2019 (scRNA-seq)",right,,fw014244,FBbt_00100248,,isomorphic,,,
81559917592807165,720575940625901002,159524.0,43959.0,3977.0,161440.0,28728.0,4217.0,6707787.0,intrinsic,central,Kenyon_Cell,KCg,14292.0,KCg-m,KCg-m,MBp4,MBp4,dopamine,0.8467070888814644,"acetylcholine; sNPF; acetylcholine, sNPF","Barnstedt et al. 2016 (immuno); Johard et al., 2008 (immuno); Aso et al. 2019 (scRNA-seq)",right,,fw014247,FBbt_00111061,,isomorphic,,,
81489480330125646,720575940651816950,157696.0,43288.0,5190.0,157696.0,43288.0,5190.0,6826750.0,intrinsic,central,Kenyon_Cell,KCab,11862.0,KCab,KCab-m,MBp2,MBp2,dopamine,0.5722593468917154,"acetylcholine; sNPF; acetylcholine, sNPF","Barnstedt et al. 2016 (immuno, RNAi); Johard et al. (immuno); Aso et al. 2019 (scRNA-seq)",right,,fw014276,FBbt_00100248,,isomorphic,,,
81348742640725797,720575940633075163,155757.0,42789.0,3896.0,148880.0,29712.0,4566.0,6312836.0,intrinsic,central,Kenyon_Cell,KCab,11862.0,KCab,KCab-m,MBp1,MBp1,dopamine,0.6042287782251363,"acetylcholine; sNPF; acetylcholine, sNPF","Barnstedt et al. 2016 (immuno, RNAi); Johard et al. (immuno); Aso et al. 2019 (scRNA-seq)",right,,fw014289,FBbt_00100248,,isomorphic,,,
81207043147058272,720575940622888205,153664.0,28712.0,4546.0,153664.0,28712.0,4546.0,6318472.0,intrinsic,central,Kenyon_Cell,KCab,11862.0,KCab,KCab-c,MBp3,MBp3,dopamine,0.713843265418335,"acetylcholine; sNPF; acetylcholine, sNPF","Barnstedt et al. 2016 (immuno, RNAi); Johard et al. (immuno); Aso et al. 2019 (scRNA-seq)",right,,fw014306,FBbt_00100248,,isomorphic,,,
81489549049590978,720575940613681458,157808.0,44016.0,5199.0,157808.0,44016.0,5199.0,6826807.0,intrinsic,central,Kenyon_Cell,KCab,11862.0,KCab,KCab-c,MBp2,MBp2,dopamine,0.6161926039516982,"acetylcholine; sNPF; acetylcholine, sNPF","Barnstedt et al. 2016 (immuno, RNAi); Johard et al. (immuno); Aso et al. 2019 (scRNA-seq)",right,,fw014308,FBbt_00100248,,isomorphic,,,
81910936746896508,720575940625663674,164185.0,31423.0,4293.0,164744.0,31544.0,4216.0,7060921.0,intrinsic,central,Kenyon_Cell,KCg,14292.0,KCg-m,KCg-m,MBp4,MBp4,dopamine,0.7882122256121026,"acetylcholine; sNPF; acetylcholine, sNPF","Barnstedt et al. 2016 (immuno); Johard et al., 2008 (immuno); Aso et al. 2019 (scRNA-seq)",right,,fw014310,FBbt_00111061,,isomorphic,,,
81418149379607630,720575940626621498,156656.0,28664.0,4574.0,156656.0,28664.0,4574.0,6695056.0,intrinsic,central,Kenyon_Cell,KCab,11862.0,KCab,KCab-c,MBp3,MBp3,dopamine,0.6171281866592031,"acetylcholine; sNPF; acetylcholine, sNPF","Barnstedt et al. 2016 (immuno, RNAi); Johard et al. (immuno); Aso et al. 2019 (scRNA-seq)",right,,fw014432,FBbt_00100248,,isomorphic,,,
81207043147104535,720575940617727435,154088.0,29304.0,4597.0,154088.0,29304.0,4597.0,6318769.0,intrinsic,central,Kenyon_Cell,KCab,11862.0,KCab,KCab-c,MBp3,MBp3,dopamine,0.6695600726382489,"acetylcholine; sNPF; acetylcholine, sNPF","Barnstedt et al. 2016 (immuno, RNAi); Johard et al. (immuno); Aso et al. 2019 (scRNA-seq)",right,,fw014494,FBbt_00100248,,isomorphic,,,
81489617568148998,720575940631662049,158069.0,44717.0,3976.0,153664.0,44144.0,4894.0,6371088.0,intrinsic,central,Kenyon_Cell,KCg,19102.0,KCg-d,KCg-d,MBp2,MBp2,dopamine,0.7713089940038085,"acetylcholine; sNPF; acetylcholine, sNPF","Barnstedt et al. 2016 (immuno); Johard et al., 2008 (immuno); Aso et al. 2019 (scRNA-seq)",right,,fw014753,FBbt_00110932,,isomorphic,,,
81981168052505952,720575940609970801,165480.0,30176.0,4557.0,165480.0,30176.0,4557.0,7062504.0,intrinsic,central,Kenyon_Cell,KCab,11862.0,KCab,KCab-c,MBp4,MBp4,dopamine,0.5384916173540372,"acetylcholine; sNPF; acetylcholine, sNPF","Barnstedt et al. 2016 (immuno, RNAi); Johard et al. (immuno); Aso et al. 2019 (scRNA-seq)",right,,fw014830,FBbt_00100248,,isomorphic,,,
81348742640719766,720575940619156565,156375.0,42674.0,3897.0,149048.0,30376.0,4579.0,6313137.0,intrinsic,central,Kenyon_Cell,KCab,11862.0,KCab,KCab-c,MBp1,MBp1,dopamine,0.6175519797273172,"acetylcholine; sNPF; acetylcholine, sNPF","Barnstedt et al. 2016 (immuno, RNAi); Johard et al. (immuno); Aso et al. 2019 (scRNA-seq)",right,,fw014969,FBbt_00100248,,isomorphic,,,
81629324398130799,720575940630547916,160088.0,29760.0,4660.0,160088.0,29760.0,4660.0,6700282.0,intrinsic,central,Kenyon_Cell,KCab,11862.0,KCab,KCab-m,MBp3,MBp3,dopamine,0.6248640700114176,"acetylcholine; sNPF; acetylcholine, sNPF","Barnstedt et al. 2016 (immuno, RNAi); Johard et al. (immuno); Aso et al. 2019 (scRNA-seq)",right,,fw015041,FBbt_00100248,,isomorphic,,,
81348673921241374,720575940621924615,156268.0,42534.0,3897.0,146688.0,30072.0,4368.0,5641183.0,intrinsic,central,Kenyon_Cell,KCab,11862.0,KCab,KCab-c,MBp1,MBp1,dopamine,0.6472341613168581,"acetylcholine; sNPF; acetylcholine, sNPF","Barnstedt et al. 2016 (immuno, RNAi); Johard et al. (immuno); Aso et al. 2019 (scRNA-seq)",right,,fw015082,FBbt_00100248,,isomorphic,,,
81981236771977294,720575940628842839,165016.0,30760.0,4560.0,165016.0,30760.0,4560.0,7061639.0,intrinsic,central,Kenyon_Cell,KCab,11862.0,KCab,KCab-c,MBp4,MBp4,dopamine,0.5510333587343482,"acetylcholine; sNPF; acetylcholine, sNPF","Barnstedt et al. 2016 (immuno, RNAi); Johard et al. (immuno); Aso et al. 2019 (scRNA-seq)",right,,fw015102,FBbt_00100248,,isomorphic,,,
81981236772037575,720575940622335112,164928.0,31328.0,4610.0,164928.0,31328.0,4610.0,7061461.0,intrinsic,central,Kenyon_Cell,KCab,11862.0,KCab,KCab-c,MBp4,MBp4,dopamine,0.5710015601339733,"acetylcholine; sNPF; acetylcholine, sNPF","Barnstedt et al. 2016 (immuno, RNAi); Johard et al. (immuno); Aso et al. 2019 (scRNA-seq)",right,,fw015104,FBbt_00100248,,isomorphic,,,
82122042979861779,720575940615897245,167472.0,31432.0,4576.0,167472.0,31432.0,4576.0,7064388.0,intrinsic,central,Kenyon_Cell,KCab,11862.0,KCab,KCab-c,MBp4,MBp4,dopamine,0.5863526304050435,"acetylcholine; sNPF; acetylcholine, sNPF","Barnstedt et al. 2016 (immuno, RNAi); Johard et al. (immuno); Aso et al. 2019 (scRNA-seq)",right,,fw015119,FBbt_00100248,,isomorphic,,,
81630217617535733,720575940626649433,160489.0,43076.0,3977.0,160416.0,41416.0,4910.0,6825110.0,intrinsic,central,Kenyon_Cell,KCg,19102.0,KCg-d,KCg-d,MBp4,MBp4,dopamine,0.6558937183435073,"acetylcholine; sNPF; acetylcholine, sNPF","Barnstedt et al. 2016 (immuno); Johard et al., 2008 (immuno); Aso et al. 2019 (scRNA-seq)",right,,fw015181,FBbt_00110932,,isomorphic,,,
81348673921228415,720575940614148283,156237.0,42598.0,3896.0,148368.0,27016.0,4154.0,6311703.0,intrinsic,central,Kenyon_Cell,KCab,11862.0,KCab,KCab-c,MBp1,MBp1,dopamine,0.5349501355588677,"acetylcholine; sNPF; acetylcholine, sNPF","Barnstedt et al. 2016 (immuno, RNAi); Johard et al. (immuno); Aso et al. 2019 (scRNA-seq)",right,,fw015183,FBbt_00100248,,isomorphic,,,
81630217684418127,720575940628201259,159908.0,43535.0,4293.0,165256.0,31328.0,4154.0,7062070.0,intrinsic,central,Kenyon_Cell,KCg,14292.0,KCg-m,KCg-m,MBp4,MBp4,dopamine,0.7955749217154368,"acetylcholine; sNPF; acetylcholine, sNPF","Barnstedt et al. 2016 (immuno); Johard et al., 2008 (immuno); Aso et al. 2019 (scRNA-seq)",right,,fw015213,FBbt_00111061,,isomorphic,,,
80573793101558099,720575940632010567,144488.0,29600.0,3865.0,144488.0,29600.0,3865.0,5630635.0,intrinsic,central,Kenyon_Cell,KCg,14292.0,KCg-m,KCg-m,MBp1,MBp1,dopamine,0.8151646106178906,"acetylcholine; sNPF; acetylcholine, sNPF","Barnstedt et al. 2016 (immuno); Johard et al., 2008 (immuno); Aso et al. 2019 (scRNA-seq)",right,,fw015284,FBbt_00111061,,isomorphic,,,
81489480330084468,720575940622727572,158456.0,42952.0,5163.0,158456.0,42952.0,5163.0,6827020.0,intrinsic,central,Kenyon_Cell,KCab,11862.0,KCab,KCab-m,MBp2,MBp2,dopamine,0.5444872907791697,"acetylcholine; sNPF; acetylcholine, sNPF","Barnstedt et al. 2016 (immuno, RNAi); Johard et al. (immuno); Aso et al. 2019 (scRNA-seq)",right,,fw015307,FBbt_00100248,,isomorphic,,,
81066374378216829,720575940624593132,152000.0,30000.0,4572.0,152000.0,30000.0,4572.0,6316657.0,intrinsic,central,Kenyon_Cell,KCg,14292.0,KCg-m,KCg-m,MBp1,MBp1,dopamine,0.75528848422663,"acetylcholine; sNPF; acetylcholine, sNPF","Barnstedt et al. 2016 (immuno); Johard et al., 2008 (immuno); Aso et al. 2019 (scRNA-seq)",right,,fw015323,FBbt_00111061,,isomorphic,,,
81348673921240060,720575940629022875,155930.0,42307.0,3896.0,148864.0,27680.0,4150.0,6312788.0,intrinsic,central,Kenyon_Cell,KCab,11862.0,KCab,KCab-c,MBp1,MBp1,dopamine,0.5829406197347212,"acetylcholine; sNPF; acetylcholine, sNPF","Barnstedt et al. 2016 (immuno, RNAi); Johard et al. (immuno); Aso et al. 2019 (scRNA-seq)",right,,fw015355,FBbt_00100248,,isomorphic,,,
81348742640714934,720575940619090785,156067.0,42864.0,3896.0,150728.0,29472.0,4312.0,6315260.0,intrinsic,central,Kenyon_Cell,KCab,11862.0,KCab,KCab-m,MBp1,MBp1,dopamine,0.6087243994799754,"acetylcholine; sNPF; acetylcholine, sNPF","Barnstedt et al. 2016 (immuno, RNAi); Johard et al. (immuno); Aso et al. 2019 (scRNA-seq)",right,,fw015398,FBbt_00100248,,isomorphic,,,
81488586843261550,720575940637754019,157880.0,29768.0,4553.0,157880.0,29768.0,4553.0,6696842.0,intrinsic,central,Kenyon_Cell,KCab,11862.0,KCab,KCab-m,MBp3,MBp3,dopamine,0.5961282829404051,"acetylcholine; sNPF; acetylcholine, sNPF","Barnstedt et al. 2016 (immuno, RNAi); Johard et al. (immuno); Aso et al. 2019 (scRNA-seq)",right,,fw015420,FBbt_00100248,,isomorphic,,,
82051605516138800,720575940614251670,166624.0,31184.0,4551.0,166624.0,31184.0,4551.0,7063684.0,intrinsic,central,Kenyon_Cell,KCab,11862.0,KCab,KCab-c,MBp4,MBp4,dopamine,0.6547851759176228,"acetylcholine; sNPF; acetylcholine, sNPF","Barnstedt et al. 2016 (immuno, RNAi); Johard et al. (immuno); Aso et al. 2019 (scRNA-seq)",right,,fw015468,FBbt_00100248,,isomorphic,,,
81559848940241158,720575940608823509,158725.0,42855.0,4294.0,151984.0,32328.0,4838.0,6316688.0,intrinsic,central,Kenyon_Cell,KCg,14292.0,KCg-m,KCg-m,MBp3,MBp3,dopamine,0.7701860569791231,"acetylcholine; sNPF; acetylcholine, sNPF","Barnstedt et al. 2016 (immuno); Johard et al., 2008 (immuno); Aso et al. 2019 (scRNA-seq)",right,,fw015491,FBbt_00111061,,isomorphic,,,
81840293124612321,720575940617452689,163048.0,27864.0,4136.0,163048.0,27864.0,4136.0,6712792.0,intrinsic,central,Kenyon_Cell,KCg,14292.0,KCg-m,KCg-m,MBp4,MBp4,dopamine,0.789964543876978,"acetylcholine; sNPF; acetylcholine, sNPF","Barnstedt et al. 2016 (immuno); Johard et al., 2008 (immuno); Aso et al. 2019 (scRNA-seq)",right,,fw015545,FBbt_00111061,,isomorphic,,,
81418080659881262,720575940632584787,156672.0,28104.0,4382.0,156672.0,28104.0,4382.0,6695172.0,intrinsic,central,Kenyon_Cell,KCg,14292.0,KCg-m,KCg-m,MBp3,MBp3,dopamine,0.811110663386315,"acetylcholine; sNPF; acetylcholine, sNPF","Barnstedt et al. 2016 (immuno); Johard et al., 2008 (immuno); Aso et al. 2019 (scRNA-seq)",right,,fw015577,FBbt_00111061,,isomorphic,,,
80996486737295496,720575940625994728,150771.0,37138.0,4975.0,148256.0,33784.0,4775.0,6351671.0,intrinsic,central,Kenyon_Cell,KCg,14292.0,KCg-m,KCg-m,MBp2,MBp2,dopamine,0.7866201067129411,"acetylcholine; sNPF; acetylcholine, sNPF","Barnstedt et al. 2016 (immuno); Johard et al., 2008 (immuno); Aso et al. 2019 (scRNA-seq)",right,,fw015638,FBbt_00111061,,isomorphic,,,
81278305177064245,720575940626316802,155174.0,42285.0,3897.0,141896.0,25632.0,3612.0,5629690.0,intrinsic,central,Kenyon_Cell,KCg,14292.0,KCg-m,KCg-m,MBp1,MBp1,dopamine,0.8149800471477776,"acetylcholine; sNPF; acetylcholine, sNPF","Barnstedt et al. 2016 (immuno); Johard et al., 2008 (immuno); Aso et al. 2019 (scRNA-seq)",right,,fw015639,FBbt_00111061,,isomorphic,,,
81559848940227601,720575940627351751,158949.0,43127.0,4294.0,154336.0,33824.0,5055.0,6352954.0,intrinsic,central,Kenyon_Cell,KCg,14292.0,KCg-m,KCg-m,MBp4,MBp4,dopamine,0.7416345686109722,"acetylcholine; sNPF; acetylcholine, sNPF","Barnstedt et al. 2016 (immuno); Johard et al., 2008 (immuno); Aso et al. 2019 (scRNA-seq)",right,,fw015641,FBbt_00111061,,isomorphic,,,
80714461870386517,720575940632510048,146584.0,28336.0,3833.0,146584.0,28336.0,3833.0,5631581.0,intrinsic,central,Kenyon_Cell,KCg,14292.0,KCg-m,KCg-m,MBp1,MBp1,dopamine,0.8262496284403844,"acetylcholine; sNPF; acetylcholine, sNPF","Barnstedt et al. 2016 (immuno); Johard et al., 2008 (immuno); Aso et al. 2019 (scRNA-seq)",right,,fw015657,FBbt_00111061,,isomorphic,,,
81066374310908310,720575940633146007,151848.0,29984.0,3943.0,151848.0,29984.0,3943.0,6309334.0,intrinsic,central,Kenyon_Cell,KCg,14292.0,KCg-m,KCg-m,MBp1,MBp1,dopamine,0.8050493735752238,"acetylcholine; sNPF; acetylcholine, sNPF","Barnstedt et al. 2016 (immuno); Johard et al., 2008 (immuno); Aso et al. 2019 (scRNA-seq)",right,,fw015723,FBbt_00111061,,isomorphic,,,
81347780634842592,720575940615798540,156424.0,28312.0,4149.0,156424.0,28312.0,4149.0,6694575.0,intrinsic,central,Kenyon_Cell,,17488.0,KCapbp-ap2,KCa'b'-ap2,MBp3,MBp3,dopamine,0.4403787634567297,acetylcholine; acetylcholine,"Barnstedt et al. 2016 (immuno, RNAi); Aso et al. 2019 (scRNA-seq)",right,,fw015785,FBbt:00049837,,isomorphic,,,
80855405584429626,720575940630780755,148416.0,31424.0,4453.0,148416.0,31424.0,4453.0,6311870.0,intrinsic,central,Kenyon_Cell,KCab,11862.0,KCab,KCab-c,MBp1,MBp1,dopamine,0.5025518364094554,"acetylcholine; sNPF; acetylcholine, sNPF","Barnstedt et al. 2016 (immuno, RNAi); Johard et al. (immuno); Aso et al. 2019 (scRNA-seq)",right,,fw015827,FBbt_00100248,,isomorphic,,,
81489480196055987,720575940636242039,158418.0,43575.0,4293.0,158336.0,40520.0,5185.0,6762226.0,intrinsic,central,Kenyon_Cell,KCg,14292.0,KCg-m,KCg-m,MBp2,MBp2,dopamine,0.7282654249099134,"acetylcholine; sNPF; acetylcholine, sNPF","Barnstedt et al. 2016 (immuno); Johard et al., 2008 (immuno); Aso et al. 2019 (scRNA-seq)",right,,fw015836,FBbt_00111061,,isomorphic,,,
81207180652698513,720575940603050668,154320.0,30528.0,4770.0,154320.0,30528.0,4770.0,6318925.0,intrinsic,central,Kenyon_Cell,KCab,11862.0,KCab,KCab-m,MBp3,MBp3,dopamine,0.5377642256971785,"acetylcholine; sNPF; acetylcholine, sNPF","Barnstedt et al. 2016 (immuno, RNAi); Johard et al. (immuno); Aso et al. 2019 (scRNA-seq)",right,,fw015846,FBbt_00100248,,isomorphic,,,
81559849007650361,720575940620474582,159640.0,43192.0,5001.0,159640.0,43192.0,5001.0,6824934.0,intrinsic,central,Kenyon_Cell,KCab,11862.0,KCab,KCab-c,MBp2,MBp2,dopamine,0.4983748386605556,"acetylcholine; sNPF; acetylcholine, sNPF","Barnstedt et al. 2016 (immuno, RNAi); Johard et al. (immuno); Aso et al. 2019 (scRNA-seq)",right,,fw015876,FBbt_00100248,,isomorphic,,,
80925705609311363,720575940628239671,150160.0,30936.0,4562.0,150160.0,30936.0,4562.0,6314833.0,intrinsic,central,Kenyon_Cell,KCab,11862.0,KCab,KCab-m,MBp1,MBp1,dopamine,0.6111938485683247,"acetylcholine; sNPF; acetylcholine, sNPF","Barnstedt et al. 2016 (immuno, RNAi); Johard et al. (immuno); Aso et al. 2019 (scRNA-seq)",right,,fw015935,FBbt_00100248,,isomorphic,,,
81066443097630604,720575940606341250,152016.0,30808.0,4552.0,152016.0,30808.0,4552.0,6316659.0,intrinsic,central,Kenyon_Cell,KCg,14292.0,KCg-m,KCg-m,MBp1,MBp1,dopamine,0.7809417175575379,"acetylcholine; sNPF; acetylcholine, sNPF","Barnstedt et al. 2016 (immuno); Johard et al., 2008 (immuno); Aso et al. 2019 (scRNA-seq)",right,,fw015940,FBbt_00111061,,isomorphic,,,
81348742640716183,720575940607715420,155867.0,42874.0,3896.0,148128.0,29776.0,4601.0,6311361.0,intrinsic,central,Kenyon_Cell,KCab,11862.0,KCab,KCab-c,MBp1,MBp1,dopamine,0.5019052178403925,"acetylcholine; sNPF; acetylcholine, sNPF","Barnstedt et al. 2016 (immuno, RNAi); Johard et al. (immuno); Aso et al. 2019 (scRNA-seq)",right,,fw015962,FBbt_00100248,,isomorphic,,,
81419180238852029,720575940620172397,157144.0,44384.0,5062.0,157144.0,44384.0,5062.0,6823607.0,intrinsic,central,Kenyon_Cell,KCab,11862.0,KCab,KCab-c,MBp2,MBp2,dopamine,0.5259693555576859,"acetylcholine; sNPF; acetylcholine, sNPF","Barnstedt et al. 2016 (immuno, RNAi); Johard et al. (immuno); Aso et al. 2019 (scRNA-seq)",right,,fw015977,FBbt_00100248,,isomorphic,,,
82051674235557175,720575940629997561,166200.0,31592.0,4480.0,166200.0,31592.0,4480.0,7063290.0,intrinsic,central,Kenyon_Cell,KCab,11862.0,KCab,KCab-c,MBp4,MBp4,dopamine,0.5522741309458288,"acetylcholine; sNPF; acetylcholine, sNPF","Barnstedt et al. 2016 (immuno, RNAi); Johard et al. (immuno); Aso et al. 2019 (scRNA-seq)",right,,fw015991,FBbt_00100248,,isomorphic,,,
81981168052400631,720575940621176670,165608.0,30056.0,4483.0,165608.0,30056.0,4483.0,7062723.0,intrinsic,central,Kenyon_Cell,KCab,11862.0,KCab,KCab-c,MBp4,MBp4,dopamine,0.5996152567143133,"acetylcholine; sNPF; acetylcholine, sNPF","Barnstedt et al. 2016 (immuno, RNAi); Johard et al. (immuno); Aso et al. 2019 (scRNA-seq)",right,,fw016002,FBbt_00100248,,isomorphic,,,
81348742640941387,720575940620354241,155893.0,43289.0,4102.0,153184.0,44608.0,5211.0,6375478.0,intrinsic,central,Kenyon_Cell,KCg,14292.0,KCg-m,KCg-m,MBp2,MBp2,dopamine,0.7553404098235297,"acetylcholine; sNPF; acetylcholine, sNPF","Barnstedt et al. 2016 (immuno); Johard et al., 2008 (immuno); Aso et al. 2019 (scRNA-seq)",right,,fw016003,FBbt_00111061,,isomorphic,,,
81278305177090518,720575940621871484,155033.0,42393.0,3896.0,146672.0,25040.0,3646.0,5631589.0,intrinsic,central,Kenyon_Cell,KCg,19102.0,KCg-d,KCg-d,MBp1,MBp1,dopamine,0.691862973652403,"acetylcholine; sNPF; acetylcholine, sNPF","Barnstedt et al. 2016 (immuno); Johard et al., 2008 (immuno); Aso et al. 2019 (scRNA-seq)",right,,fw016010,FBbt_00110932,,isomorphic,,,
81278373896797927,720575940626948485,155223.0,42879.0,4103.0,141760.0,26144.0,3723.0,5629646.0,intrinsic,central,Kenyon_Cell,KCg,14292.0,KCg-m,KCg-m,MBp1,MBp1,dopamine,0.7686770891132411,"acetylcholine; sNPF; acetylcholine, sNPF","Barnstedt et al. 2016 (immuno); Johard et al., 2008 (immuno); Aso et al. 2019 (scRNA-seq)",right,,fw016015,FBbt_00111061,,isomorphic,,,
82192411724015233,720575940608621614,168600.0,31992.0,4570.0,168600.0,31992.0,4570.0,7066094.0,intrinsic,central,Kenyon_Cell,KCab,11862.0,KCab,KCab-c,MBp4,MBp4,dopamine,0.6594352645732211,"acetylcholine; sNPF; acetylcholine, sNPF","Barnstedt et al. 2016 (immuno, RNAi); Johard et al. (immuno); Aso et al. 2019 (scRNA-seq)",right,,fw016021,FBbt_00100248,,isomorphic,,,
81277411824085138,720575940618194708,154952.0,28536.0,4023.0,154952.0,28536.0,4023.0,6310551.0,intrinsic,central,Kenyon_Cell,KCg,14292.0,KCg-m,KCg-m,MBp3,MBp3,dopamine,0.8246313728883453,"acetylcholine; sNPF; acetylcholine, sNPF","Barnstedt et al. 2016 (immuno); Johard et al., 2008 (immuno); Aso et al. 2019 (scRNA-seq)",right,,fw016110,FBbt_00111061,,isomorphic,,,
81910936746894093,720575940622812808,164502.0,31388.0,4294.0,169032.0,29240.0,4203.0,7066362.0,intrinsic,central,Kenyon_Cell,KCg,14292.0,KCg-m,KCg-m,MBp4,MBp4,dopamine,0.7639256757306695,"acetylcholine; sNPF; acetylcholine, sNPF","Barnstedt et al. 2016 (immuno); Johard et al., 2008 (immuno); Aso et al. 2019 (scRNA-seq)",right,,fw016123,FBbt_00111061,,isomorphic,,,
81348673921232932,720575940621837601,155769.0,42364.0,3896.0,148560.0,29800.0,4305.0,6312138.0,intrinsic,central,Kenyon_Cell,KCab,11862.0,KCab,KCab-c,MBp1,MBp1,dopamine,0.6758379223084638,"acetylcholine; sNPF; acetylcholine, sNPF","Barnstedt et al. 2016 (immuno, RNAi); Johard et al. (immuno); Aso et al. 2019 (scRNA-seq)",right,,fw016129,FBbt_00100248,,isomorphic,,,
82262711748413519,720575940632930458,169168.0,30848.0,4346.0,169168.0,30848.0,4346.0,7066449.0,intrinsic,central,Kenyon_Cell,KCab,11862.0,KCab,KCab-c,MBp4,MBp4,dopamine,0.5505973400977352,"acetylcholine; sNPF; acetylcholine, sNPF","Barnstedt et al. 2016 (immuno, RNAi); Johard et al. (immuno); Aso et al. 2019 (scRNA-seq)",right,,fw016135,FBbt_00100248,,isomorphic,,,
81348673921234246,720575940630250543,156181.0,42513.0,3897.0,148088.0,29360.0,4355.0,6311319.0,intrinsic,central,Kenyon_Cell,KCab,11862.0,KCab,KCab-c,MBp1,MBp1,dopamine,0.610526263699021,"acetylcholine; sNPF; acetylcholine, sNPF","Barnstedt et al. 2016 (immuno, RNAi); Johard et al. (immuno); Aso et al. 2019 (scRNA-seq)",right,,fw016165,FBbt_00100248,,isomorphic,,,
80644093126487653,720575940624271716,145960.0,28448.0,4039.0,145960.0,28448.0,4039.0,5631311.0,intrinsic,central,Kenyon_Cell,KCg,14292.0,KCg-m,KCg-m,MBp1,MBp1,dopamine,0.6387784278523896,"acetylcholine; sNPF; acetylcholine, sNPF","Barnstedt et al. 2016 (immuno); Johard et al., 2008 (immuno); Aso et al. 2019 (scRNA-seq)",right,,fw016172,FBbt_00111061,,isomorphic,,,
81489480196062582,720575940616588608,158543.0,43631.0,4294.0,155016.0,43032.0,5073.0,6371352.0,intrinsic,central,Kenyon_Cell,KCg,19102.0,KCg-d,KCg-d,MBp2,MBp2,dopamine,0.7064742531294387,"acetylcholine; sNPF; acetylcholine, sNPF","Barnstedt et al. 2016 (immuno); Johard et al., 2008 (immuno); Aso et al. 2019 (scRNA-seq)",right,,fw016173,FBbt_00110932,,isomorphic,,,
82051605516196285,720575940637773117,166016.0,30592.0,4596.0,166016.0,30592.0,4596.0,7063134.0,intrinsic,central,Kenyon_Cell,KCab,11862.0,KCab,KCab-c,MBp4,MBp4,dopamine,0.5695519111115606,"acetylcholine; sNPF; acetylcholine, sNPF","Barnstedt et al. 2016 (immuno, RNAi); Johard et al. (immuno); Aso et al. 2019 (scRNA-seq)",right,,fw016192,FBbt_00100248,,isomorphic,,,
80925568102933834,720575940607828233,149576.0,28872.0,3833.0,149576.0,28872.0,3833.0,6308236.0,intrinsic,central,Kenyon_Cell,KCg,14292.0,KCg-m,KCg-m,MBp1,MBp1,dopamine,0.8001843157198694,"acetylcholine; sNPF; acetylcholine, sNPF","Barnstedt et al. 2016 (immuno); Johard et al., 2008 (immuno); Aso et al. 2019 (scRNA-seq)",right,,fw016197,FBbt_00111061,,isomorphic,,,
81559848940236932,720575940624494373,159541.0,43131.0,4294.0,162032.0,28336.0,4157.0,6710144.0,intrinsic,central,Kenyon_Cell,KCg,14292.0,KCg-m,KCg-m,MBp4,MBp4,dopamine,0.7843370128927692,"acetylcholine; sNPF; acetylcholine, sNPF","Barnstedt et al. 2016 (immuno); Johard et al., 2008 (immuno); Aso et al. 2019 (scRNA-seq)",right,,fw016203,FBbt_00111061,,isomorphic,,,
81207043147086213,720575940630555340,154520.0,28792.0,4571.0,154520.0,28792.0,4571.0,6319109.0,intrinsic,central,Kenyon_Cell,KCab,11862.0,KCab,KCab-c,MBp3,MBp3,dopamine,0.6164215348187398,"acetylcholine; sNPF; acetylcholine, sNPF","Barnstedt et al. 2016 (immuno, RNAi); Johard et al. (immuno); Aso et al. 2019 (scRNA-seq)",right,,fw016207,FBbt_00100248,,isomorphic,,,
81348673921238926,720575940613284063,155697.0,42442.0,3896.0,148528.0,30472.0,4349.0,6312099.0,intrinsic,central,Kenyon_Cell,KCab,11862.0,KCab,KCab-c,MBp1,MBp1,dopamine,0.6848085488639373,"acetylcholine; sNPF; acetylcholine, sNPF","Barnstedt et al. 2016 (immuno, RNAi); Johard et al. (immuno); Aso et al. 2019 (scRNA-seq)",right,,fw016274,FBbt_00100248,,isomorphic,,,
81558886867960634,720575940625508400,159424.0,28936.0,4556.0,159424.0,28936.0,4556.0,6699025.0,intrinsic,central,Kenyon_Cell,KCab,11862.0,KCab,KCab-m,MBp3,MBp3,dopamine,0.6011459679931722,"acetylcholine; sNPF; acetylcholine, sNPF","Barnstedt et al. 2016 (immuno, RNAi); Johard et al. (immuno); Aso et al. 2019 (scRNA-seq)",right,,fw016347,FBbt_00100248,,isomorphic,,,
81348742641024611,720575940623542972,155595.0,43008.0,4103.0,148936.0,26624.0,3687.0,6307994.0,intrinsic,central,Kenyon_Cell,KCg,14292.0,KCg-m,KCg-m,MBp1,MBp1,dopamine,0.7827681920168278,"acetylcholine; sNPF; acetylcholine, sNPF","Barnstedt et al. 2016 (immuno); Johard et al., 2008 (immuno); Aso et al. 2019 (scRNA-seq)",right,,fw016350,FBbt_00111061,,isomorphic,,,
81559917659687259,720575940625258506,159334.0,43772.0,4294.0,156560.0,44592.0,4965.0,6823044.0,intrinsic,central,Kenyon_Cell,KCg,19102.0,KCg-d,KCg-d,MBp3,MBp3,dopamine,0.6571679416384087,"acetylcholine; sNPF; acetylcholine, sNPF","Barnstedt et al. 2016 (immuno); Johard et al., 2008 (immuno); Aso et al. 2019 (scRNA-seq)",right,,fw016351,FBbt_00110932,,isomorphic,,,
81278373896551298,720575940630675730,155169.0,42639.0,3897.0,142664.0,25008.0,3638.0,5629988.0,intrinsic,central,Kenyon_Cell,KCg,14292.0,KCg-m,KCg-m,MBp1,MBp1,dopamine,0.7510967944697915,"acetylcholine; sNPF; acetylcholine, sNPF","Barnstedt et al. 2016 (immuno); Johard et al., 2008 (immuno); Aso et al. 2019 (scRNA-seq)",right,,fw016382,FBbt_00111061,,isomorphic,,,
80784693175503585,720575940618266747,148184.0,27048.0,3733.0,148184.0,27048.0,3733.0,6307697.0,intrinsic,central,Kenyon_Cell,KCg,14292.0,KCg-m,KCg-m,MBp1,MBp1,dopamine,0.8204891685099568,"acetylcholine; sNPF; acetylcholine, sNPF","Barnstedt et al. 2016 (immuno); Johard et al., 2008 (immuno); Aso et al. 2019 (scRNA-seq)",right,,fw016383,FBbt_00111061,,isomorphic,,,
81981236771854852,720575940618210251,164928.0,30840.0,4463.0,164928.0,30840.0,4463.0,7061460.0,intrinsic,central,Kenyon_Cell,KCab,11862.0,KCab,KCab-m,MBp4,MBp4,dopamine,0.5846319392047392,"acetylcholine; sNPF; acetylcholine, sNPF","Barnstedt et al. 2016 (immuno, RNAi); Johard et al. (immuno); Aso et al. 2019 (scRNA-seq)",right,,fw016410,FBbt_00100248,,isomorphic,,,
81066511883868411,720575940641536397,152368.0,31664.0,4800.0,152368.0,31664.0,4800.0,6317091.0,intrinsic,central,Kenyon_Cell,KCg,14292.0,KCg-m,KCg-m,MBp3,MBp3,dopamine,0.7496493733816554,"acetylcholine; sNPF; acetylcholine, sNPF","Barnstedt et al. 2016 (immuno); Johard et al., 2008 (immuno); Aso et al. 2019 (scRNA-seq)",right,,fw016431,FBbt_00111061,,isomorphic,,,
81489480196046051,720575940610946070,158427.0,42961.0,4293.0,154512.0,31496.0,4164.0,6319097.0,intrinsic,central,Kenyon_Cell,KCg,14292.0,KCg-m,KCg-m,MBp3,MBp3,dopamine,0.7761757427386989,"acetylcholine; sNPF; acetylcholine, sNPF","Barnstedt et al. 2016 (immuno); Johard et al., 2008 (immuno); Aso et al. 2019 (scRNA-seq)",right,,fw016443,FBbt_00111061,,isomorphic,,,
80503355637976884,720575940628807503,143544.0,29128.0,3904.0,143544.0,29128.0,3904.0,5630274.0,intrinsic,central,Kenyon_Cell,KCg,14292.0,KCg-m,KCg-m,MBp1,MBp1,dopamine,0.7589019918392051,"acetylcholine; sNPF; acetylcholine, sNPF","Barnstedt et al. 2016 (immuno); Johard et al., 2008 (immuno); Aso et al. 2019 (scRNA-seq)",right,,fw016480,FBbt_00111061,,isomorphic,,,
81277480677348771,720575940614132667,154696.0,29896.0,4729.0,154696.0,29896.0,4729.0,6319239.0,intrinsic,central,Kenyon_Cell,KCab,11862.0,KCab,KCab-c,MBp3,MBp3,dopamine,0.5358457922575932,"acetylcholine; sNPF; acetylcholine, sNPF","Barnstedt et al. 2016 (immuno, RNAi); Johard et al. (immuno); Aso et al. 2019 (scRNA-seq)",right,,fw016484,FBbt_00100248,,isomorphic,,,
81136743122461488,720575940622133206,152512.0,29560.0,4622.0,152512.0,29560.0,4622.0,6317286.0,intrinsic,central,Kenyon_Cell,KCab,11862.0,KCab,KCab-c,MBp3,MBp3,dopamine,0.6069115411766985,"acetylcholine; sNPF; acetylcholine, sNPF","Barnstedt et al. 2016 (immuno, RNAi); Johard et al. (immuno); Aso et al. 2019 (scRNA-seq)",right,,fw016485,FBbt_00100248,,isomorphic,,,
81630217751698624,720575940615894173,159712.0,43624.0,4919.0,159712.0,43624.0,4919.0,6824948.0,intrinsic,central,Kenyon_Cell,KCab,11862.0,KCab,KCab-m,MBp2,MBp2,dopamine,0.6055592411940537,"acetylcholine; sNPF; acetylcholine, sNPF","Barnstedt et al. 2016 (immuno, RNAi); Johard et al. (immuno); Aso et al. 2019 (scRNA-seq)",right,,fw016493,FBbt_00100248,,isomorphic,,,
81067061706777315,720575940605197745,151544.0,39728.0,5304.0,151544.0,39728.0,5304.0,6354494.0,intrinsic,central,Kenyon_Cell,KCg,14292.0,KCg-m,KCg-m,MBp2,MBp2,dopamine,0.755168651425151,"acetylcholine; sNPF; acetylcholine, sNPF","Barnstedt et al. 2016 (immuno); Johard et al., 2008 (immuno); Aso et al. 2019 (scRNA-seq)",right,,fw016499,FBbt_00111061,,isomorphic,,,
81630286337015789,720575940621334980,159870.0,44134.0,3977.0,159744.0,29064.0,4152.0,6699616.0,intrinsic,central,Kenyon_Cell,KCg,14292.0,KCg-m,KCg-m,MBp4,MBp4,dopamine,0.7820324226872372,"acetylcholine; sNPF; acetylcholine, sNPF","Barnstedt et al. 2016 (immuno); Johard et al., 2008 (immuno); Aso et al. 2019 (scRNA-seq)",right,,fw016516,FBbt_00111061,,isomorphic,,,
81630217684412674,720575940610505426,160004.0,43525.0,4293.0,158288.0,31136.0,4201.0,6697388.0,intrinsic,central,Kenyon_Cell,KCg,19102.0,KCg-d,KCg-d,MBp4,MBp4,dopamine,0.7265150876729343,"acetylcholine; sNPF; acetylcholine, sNPF","Barnstedt et al. 2016 (immuno); Johard et al., 2008 (immuno); Aso et al. 2019 (scRNA-seq)",right,,fw016530,FBbt_00110932,,isomorphic,,,
80855199358803425,720575940636356836,148840.0,29056.0,3853.0,148840.0,29056.0,3853.0,6307957.0,intrinsic,central,Kenyon_Cell,KCg,14292.0,KCg-m,KCg-m,MBp1,MBp1,dopamine,0.822320505530165,"acetylcholine; sNPF; acetylcholine, sNPF","Barnstedt et al. 2016 (immuno); Johard et al., 2008 (immuno); Aso et al. 2019 (scRNA-seq)",right,,fw016532,FBbt_00111061,,isomorphic,,,
81348673921251454,720575940644837655,155937.0,42416.0,3896.0,149080.0,30376.0,4456.0,6313199.0,intrinsic,central,Kenyon_Cell,KCab,11862.0,KCab,KCab-c,MBp1,MBp1,dopamine,0.6540541578964636,"acetylcholine; sNPF; acetylcholine, sNPF","Barnstedt et al. 2016 (immuno, RNAi); Johard et al. (immuno); Aso et al. 2019 (scRNA-seq)",right,,fw016537,FBbt_00100248,,isomorphic,,,
81207111933100141,720575940605451552,154496.0,29344.0,4673.0,154496.0,29344.0,4673.0,6319084.0,intrinsic,central,Kenyon_Cell,KCab,11862.0,KCab,KCab-c,MBp3,MBp3,dopamine,0.6052537683585028,"acetylcholine; sNPF; acetylcholine, sNPF","Barnstedt et al. 2016 (immuno, RNAi); Johard et al. (immuno); Aso et al. 2019 (scRNA-seq)",right,,fw016539,FBbt_00100248,,isomorphic,,,
82121974260288650,720575940609979505,167544.0,30848.0,4534.0,167544.0,30848.0,4534.0,7064424.0,intrinsic,central,Kenyon_Cell,KCab,11862.0,KCab,KCab-c,MBp4,MBp4,dopamine,0.623196171918221,"acetylcholine; sNPF; acetylcholine, sNPF","Barnstedt et al. 2016 (immuno, RNAi); Johard et al. (immuno); Aso et al. 2019 (scRNA-seq)",right,,fw016542,FBbt_00100248,,isomorphic,,,
81559849007754463,720575940619509744,158672.0,43592.0,5068.0,158672.0,43592.0,5068.0,6824706.0,intrinsic,central,Kenyon_Cell,KCab,11862.0,KCab,KCab-c,MBp2,MBp2,dopamine,0.5731315749697388,"acetylcholine; sNPF; acetylcholine, sNPF","Barnstedt et al. 2016 (immuno, RNAi); Johard et al. (immuno); Aso et al. 2019 (scRNA-seq)",right,,fw016558,FBbt_00100248,,isomorphic,,,
80996143072965169,720575940646609028,151200.0,31845.0,4571.0,149808.0,25792.0,3959.0,6308325.0,intrinsic,central,Kenyon_Cell,,17488.0,KCapbp-m,KCa'b'-m,MBp1,MBp1,dopamine,0.5013770478282147,acetylcholine; acetylcholine,"Barnstedt et al. 2016 (immuno, RNAi); Aso et al. 2019 (scRNA-seq)",right,,fw016562,FBbt:00100253,,isomorphic,,,
81630217617508527,720575940637219918,160310.0,43494.0,3976.0,161880.0,31344.0,4674.0,6709511.0,intrinsic,central,Kenyon_Cell,KCg,19102.0,KCg-d,KCg-d,MBp4,MBp4,dopamine,0.6752565428076971,"acetylcholine; sNPF; acetylcholine, sNPF","Barnstedt et al. 2016 (immuno); Johard et al., 2008 (immuno); Aso et al. 2019 (scRNA-seq)",right,,fw016589,FBbt_00110932,,isomorphic,,,
81278442817037501,720575940633570808,155080.0,43968.0,5164.0,155080.0,43968.0,5164.0,6376219.0,intrinsic,central,Kenyon_Cell,KCab,11862.0,KCab,KCab-c,MBp2,MBp2,dopamine,0.563345822839373,"acetylcholine; sNPF; acetylcholine, sNPF","Barnstedt et al. 2016 (immuno, RNAi); Johard et al. (immuno); Aso et al. 2019 (scRNA-seq)",right,,fw016604,FBbt_00100248,,isomorphic,,,
81418218099127075,720575940621189637,157176.0,30024.0,4603.0,157176.0,30024.0,4603.0,6695891.0,intrinsic,central,Kenyon_Cell,KCab,11862.0,KCab,KCab-m,MBp3,MBp3,dopamine,0.5587629636312216,"acetylcholine; sNPF; acetylcholine, sNPF","Barnstedt et al. 2016 (immuno, RNAi); Johard et al. (immuno); Aso et al. 2019 (scRNA-seq)",right,,fw016609,FBbt_00100248,,isomorphic,,,
81419248958323542,720575940625762447,157256.0,45112.0,5072.0,157256.0,45112.0,5072.0,6823740.0,intrinsic,central,Kenyon_Cell,KCab,11862.0,KCab,KCab-c,MBp2,MBp2,dopamine,0.530230113090188,"acetylcholine; sNPF; acetylcholine, sNPF","Barnstedt et al. 2016 (immuno, RNAi); Johard et al. (immuno); Aso et al. 2019 (scRNA-seq)",right,,fw016636,FBbt_00100248,,isomorphic,,,
81347849355015234,720575940629625466,156328.0,29792.0,4614.0,156328.0,29792.0,4614.0,6694330.0,intrinsic,central,Kenyon_Cell,KCab,11862.0,KCab,KCab-c,MBp3,MBp3,dopamine,0.6082102822144474,"acetylcholine; sNPF; acetylcholine, sNPF","Barnstedt et al. 2016 (immuno, RNAi); Johard et al. (immuno); Aso et al. 2019 (scRNA-seq)",right,,fw016638,FBbt_00100248,,isomorphic,,,
81418218099115154,720575940615964884,157032.0,29360.0,4585.0,157032.0,29360.0,4585.0,6695723.0,intrinsic,central,Kenyon_Cell,KCab,11862.0,KCab,KCab-c,MBp3,MBp3,dopamine,0.5900390842959922,"acetylcholine; sNPF; acetylcholine, sNPF","Barnstedt et al. 2016 (immuno, RNAi); Johard et al. (immuno); Aso et al. 2019 (scRNA-seq)",right,,fw016649,FBbt_00100248,,isomorphic,,,
82122042979727727,720575940631630561,167688.0,31544.0,4489.0,167688.0,31544.0,4489.0,7064772.0,intrinsic,central,Kenyon_Cell,KCab,11862.0,KCab,KCab-c,MBp4,MBp4,dopamine,0.6289402368435859,"acetylcholine; sNPF; acetylcholine, sNPF","Barnstedt et al. 2016 (immuno, RNAi); Johard et al. (immuno); Aso et al. 2019 (scRNA-seq)",right,,fw016663,FBbt_00100248,,isomorphic,,,
81770061819905648,720575940628291407,162328.0,30320.0,4504.0,162328.0,30320.0,4504.0,6711096.0,intrinsic,central,Kenyon_Cell,KCab,11862.0,KCab,KCab-s,MBp4,MBp4,dopamine,0.6602956453662643,"acetylcholine; sNPF; acetylcholine, sNPF","Barnstedt et al. 2016 (immuno, RNAi); Johard et al. (immuno); Aso et al. 2019 (scRNA-seq)",right,,fw016670,FBbt_00100248,,isomorphic,,,
81348673921250186,720575940630452388,155867.0,42250.0,3897.0,148760.0,31472.0,4603.0,6312590.0,intrinsic,central,Kenyon_Cell,KCab,11862.0,KCab,KCab-m,MBp1,MBp1,dopamine,0.5528227126852813,"acetylcholine; sNPF; acetylcholine, sNPF","Barnstedt et al. 2016 (immuno, RNAi); Johard et al. (immuno); Aso et al. 2019 (scRNA-seq)",right,,fw016679,FBbt_00100248,,isomorphic,,,
81206974427509120,720575940634890175,154256.0,28256.0,4514.0,154256.0,28256.0,4514.0,6318910.0,intrinsic,central,Kenyon_Cell,KCab,11862.0,KCab,KCab-c,MBp3,MBp3,dopamine,0.6387781230060006,"acetylcholine; sNPF; acetylcholine, sNPF","Barnstedt et al. 2016 (immuno, RNAi); Johard et al. (immuno); Aso et al. 2019 (scRNA-seq)",right,,fw016693,FBbt_00100248,,isomorphic,,,
82051605516097727,720575940624601731,165824.0,30984.0,4525.0,165824.0,30984.0,4525.0,7062972.0,intrinsic,central,Kenyon_Cell,KCab,11862.0,KCab,KCab-c,MBp4,MBp4,dopamine,0.5962265019968672,"acetylcholine; sNPF; acetylcholine, sNPF","Barnstedt et al. 2016 (immuno, RNAi); Johard et al. (immuno); Aso et al. 2019 (scRNA-seq)",right,,fw016702,FBbt_00100248,,isomorphic,,,
81348673921254871,720575940629792620,155684.0,42381.0,3897.0,147944.0,28296.0,4193.0,6311038.0,intrinsic,central,Kenyon_Cell,KCab,11862.0,KCab,KCab-c,MBp1,MBp1,dopamine,0.6038761113287913,"acetylcholine; sNPF; acetylcholine, sNPF","Barnstedt et al. 2016 (immuno, RNAi); Johard et al. (immuno); Aso et al. 2019 (scRNA-seq)",right,,fw016712,FBbt_00100248,,isomorphic,,,
81489549049731376,720575940646308148,157792.0,44392.0,5297.0,157792.0,44392.0,5297.0,6826811.0,intrinsic,central,Kenyon_Cell,KCab,11862.0,KCab,KCab-s,MBp2,MBp2,dopamine,0.5890002917952871,"acetylcholine; sNPF; acetylcholine, sNPF","Barnstedt et al. 2016 (immuno, RNAi); Johard et al. (immuno); Aso et al. 2019 (scRNA-seq)",right,,fw016713,FBbt_00100248,,isomorphic,,,
81348811494716589,720575940619435399,156512.0,43808.0,5082.0,156512.0,43808.0,5082.0,6823002.0,intrinsic,central,Kenyon_Cell,KCab,11862.0,KCab,KCab-m,MBp2,MBp2,dopamine,0.5442791509913859,"acetylcholine; sNPF; acetylcholine, sNPF","Barnstedt et al. 2016 (immuno, RNAi); Johard et al. (immuno); Aso et al. 2019 (scRNA-seq)",right,,fw016715,FBbt_00100248,,isomorphic,,,
81136743122410362,720575940627782148,153256.0,29792.0,4579.0,153256.0,29792.0,4579.0,6318145.0,intrinsic,central,Kenyon_Cell,KCab,11862.0,KCab,KCab-c,MBp3,MBp3,dopamine,0.5651316371315971,"acetylcholine; sNPF; acetylcholine, sNPF","Barnstedt et al. 2016 (immuno, RNAi); Johard et al. (immuno); Aso et al. 2019 (scRNA-seq)",right,,fw016732,FBbt_00100248,,isomorphic,,,
81840361844609952,720575940618876062,163208.0,29256.0,4545.0,163208.0,29256.0,4545.0,6713240.0,intrinsic,central,Kenyon_Cell,KCab,11862.0,KCab,KCab-m,MBp4,MBp4,dopamine,0.6029559900358774,"acetylcholine; sNPF; acetylcholine, sNPF","Barnstedt et al. 2016 (immuno, RNAi); Johard et al. (immuno); Aso et al. 2019 (scRNA-seq)",right,,fw016762,FBbt_00100248,,isomorphic,,,
81559849007649336,720575940619430326,158760.0,43536.0,4981.0,158760.0,43536.0,4981.0,6824723.0,intrinsic,central,Kenyon_Cell,KCab,11862.0,KCab,KCab-m,MBp2,MBp2,dopamine,0.5905087948402222,"acetylcholine; sNPF; acetylcholine, sNPF","Barnstedt et al. 2016 (immuno, RNAi); Johard et al. (immuno); Aso et al. 2019 (scRNA-seq)",right,,fw016767,FBbt_00100248,,isomorphic,,,
81207111799419643,720575940624721084,154040.0,29568.0,4056.0,154040.0,29568.0,4056.0,6310200.0,intrinsic,central,Kenyon_Cell,KCg,14292.0,KCg-m,KCg-m,MBp3,MBp3,dopamine,0.8137463281048963,"acetylcholine; sNPF; acetylcholine, sNPF","Barnstedt et al. 2016 (immuno); Johard et al., 2008 (immuno); Aso et al. 2019 (scRNA-seq)",right,,fw016773,FBbt_00111061,,isomorphic,,,
81418149312383175,720575940621071203,157400.0,28352.0,4002.0,157400.0,28352.0,4002.0,6692560.0,intrinsic,central,Kenyon_Cell,KCg,14292.0,KCg-m,KCg-m,MBp3,MBp3,dopamine,0.791850801562148,"acetylcholine; sNPF; acetylcholine, sNPF","Barnstedt et al. 2016 (immuno); Johard et al., 2008 (immuno); Aso et al. 2019 (scRNA-seq)",right,,fw016787,FBbt_00111061,,isomorphic,,,
82051605515853908,720575940625024125,166304.0,30960.0,4341.0,166304.0,30960.0,4341.0,7063374.0,intrinsic,central,Kenyon_Cell,KCab,11862.0,KCab,KCab-m,MBp4,MBp4,dopamine,0.5870271404555987,"acetylcholine; sNPF; acetylcholine, sNPF","Barnstedt et al. 2016 (immuno, RNAi); Johard et al. (immuno); Aso et al. 2019 (scRNA-seq)",right,,fw016804,FBbt_00100248,,isomorphic,,,
80503080759696337,720575940617908820,144128.0,25168.0,3629.0,144128.0,25168.0,3629.0,5630497.0,intrinsic,central,Kenyon_Cell,KCg,14292.0,KCg-m,KCg-m,MBp1,MBp1,dopamine,0.8046568699398995,"acetylcholine; sNPF; acetylcholine, sNPF","Barnstedt et al. 2016 (immuno); Johard et al., 2008 (immuno); Aso et al. 2019 (scRNA-seq)",right,,fw016833,FBbt_00111061,,isomorphic,,,
82122042979857111,720575940614121147,167712.0,32112.0,4595.0,167712.0,32112.0,4595.0,7064785.0,intrinsic,central,Kenyon_Cell,KCab,11862.0,KCab,KCab-c,MBp4,MBp4,dopamine,0.607480422088232,"acetylcholine; sNPF; acetylcholine, sNPF","Barnstedt et al. 2016 (immuno, RNAi); Johard et al. (immuno); Aso et al. 2019 (scRNA-seq)",right,,fw016857,FBbt_00100248,,isomorphic,,,
81207043146982900,720575940621872645,154224.0,29096.0,4492.0,154224.0,29096.0,4492.0,6318868.0,intrinsic,central,Kenyon_Cell,KCg,14292.0,KCg-m,KCg-m,MBp3,MBp3,dopamine,0.7786408249966135,"acetylcholine; sNPF; acetylcholine, sNPF","Barnstedt et al. 2016 (immuno); Johard et al., 2008 (immuno); Aso et al. 2019 (scRNA-seq)",right,,fw016866,FBbt_00111061,,isomorphic,,,
81278373896793068,720575940625323795,155362.0,42814.0,4103.0,145728.0,27808.0,3987.0,5631191.0,intrinsic,central,Kenyon_Cell,KCg,14292.0,KCg-m,KCg-m,MBp1,MBp1,dopamine,0.7195189178998934,"acetylcholine; sNPF; acetylcholine, sNPF","Barnstedt et al. 2016 (immuno); Johard et al., 2008 (immuno); Aso et al. 2019 (scRNA-seq)",right,,fw016870,FBbt_00111061,,isomorphic,,,
81630217684403657,720575940625604839,159818.0,43645.0,4293.0,161576.0,31496.0,4300.0,6708369.0,intrinsic,central,Kenyon_Cell,KCg,19102.0,KCg-d,KCg-d,MBp4,MBp4,dopamine,0.6678962027560279,"acetylcholine; sNPF; acetylcholine, sNPF","Barnstedt et al. 2016 (immuno); Johard et al., 2008 (immuno); Aso et al. 2019 (scRNA-seq)",right,,fw016911,FBbt_00110932,,isomorphic,,,
81559917659712032,720575940639218165,159560.0,43705.0,4293.0,170776.0,31936.0,4289.0,7066977.0,intrinsic,central,Kenyon_Cell,KCg,19102.0,KCg-d,KCg-d,MBp4,MBp4,dopamine,0.7305838326000832,"acetylcholine; sNPF; acetylcholine, sNPF","Barnstedt et al. 2016 (immuno); Johard et al., 2008 (immuno); Aso et al. 2019 (scRNA-seq)",right,,fw016919,FBbt_00110932,,isomorphic,,,
81559917727147330,720575940615401433,158736.0,44288.0,5008.0,158736.0,44288.0,5008.0,6824720.0,intrinsic,central,Kenyon_Cell,KCab,11862.0,KCab,KCab-c,MBp2,MBp2,dopamine,0.5987618720818462,"acetylcholine; sNPF; acetylcholine, sNPF","Barnstedt et al. 2016 (immuno, RNAi); Johard et al. (immuno); Aso et al. 2019 (scRNA-seq)",right,,fw016931,FBbt_00100248,,isomorphic,,,
80996418084516210,720575940626825853,150848.0,35928.0,5169.0,150848.0,35928.0,5169.0,6353990.0,intrinsic,central,Kenyon_Cell,,17488.0,KCapbp-m,KCa'b'-m,MBp2,MBp2,dopamine,0.469135175294146,acetylcholine; acetylcholine,"Barnstedt et al. 2016 (immuno, RNAi); Aso et al. 2019 (scRNA-seq)",right,,fw016932,FBbt:00100253,,isomorphic,,,
82262711748506143,720575940630537676,168968.0,31160.0,4419.0,168968.0,31160.0,4419.0,7066331.0,intrinsic,central,Kenyon_Cell,KCab,11862.0,KCab,KCab-c,MBp4,MBp4,dopamine,0.5669012078478274,"acetylcholine; sNPF; acetylcholine, sNPF","Barnstedt et al. 2016 (immuno, RNAi); Johard et al. (immuno); Aso et al. 2019 (scRNA-seq)",right,,fw016936,FBbt_00100248,,isomorphic,,,
81348673921240049,720575940621389764,156075.0,42343.0,3897.0,149328.0,27576.0,4231.0,6313742.0,intrinsic,central,Kenyon_Cell,KCab,11862.0,KCab,KCab-c,MBp1,MBp1,dopamine,0.4541859248164495,"acetylcholine; sNPF; acetylcholine, sNPF","Barnstedt et al. 2016 (immuno, RNAi); Johard et al. (immuno); Aso et al. 2019 (scRNA-seq)",right,,fw016937,FBbt_00100248,,isomorphic,,,
81278442750484017,720575940624107706,154952.0,43744.0,5080.0,154952.0,43744.0,5080.0,6371325.0,intrinsic,central,Kenyon_Cell,KCab,11862.0,KCab,KCab-s,MBp2,MBp2,dopamine,0.6376635208017298,"acetylcholine; sNPF; acetylcholine, sNPF","Barnstedt et al. 2016 (immuno, RNAi); Johard et al. (immuno); Aso et al. 2019 (scRNA-seq)",right,,fw016939,FBbt_00100248,,isomorphic,,,
81559780288058132,720575940629211666,159232.0,42392.0,4931.0,159232.0,42392.0,4931.0,6824843.0,intrinsic,central,Kenyon_Cell,KCab,11862.0,KCab,KCab-s,MBp2,MBp2,dopamine,0.5830713654158995,"acetylcholine; sNPF; acetylcholine, sNPF","Barnstedt et al. 2016 (immuno, RNAi); Johard et al. (immuno); Aso et al. 2019 (scRNA-seq)",right,,fw016949,FBbt_00100248,,isomorphic,,,
81278373896543235,720575940632233628,155544.0,42642.0,3897.0,148272.0,30712.0,4589.0,6311566.0,intrinsic,central,Kenyon_Cell,KCab,11862.0,KCab,KCab-m,MBp1,MBp1,dopamine,0.6023181857709298,"acetylcholine; sNPF; acetylcholine, sNPF","Barnstedt et al. 2016 (immuno, RNAi); Johard et al. (immuno); Aso et al. 2019 (scRNA-seq)",right,,fw016951,FBbt_00100248,,isomorphic,,,
80855130639173275,720575940630751535,148776.0,27552.0,3763.0,148776.0,27552.0,3763.0,6307925.0,intrinsic,central,Kenyon_Cell,KCg,14292.0,KCg-m,KCg-m,MBp1,MBp1,dopamine,0.7392836698956013,"acetylcholine; sNPF; acetylcholine, sNPF","Barnstedt et al. 2016 (immuno); Johard et al., 2008 (immuno); Aso et al. 2019 (scRNA-seq)",right,,fw016957,FBbt_00111061,,isomorphic,,,
81910868094340352,720575940633989999,164448.0,30856.0,4672.0,164448.0,30856.0,4672.0,7059514.0,intrinsic,central,Kenyon_Cell,KCab,11862.0,KCab,KCab-c,MBp4,MBp4,dopamine,0.6067198212987195,"acetylcholine; sNPF; acetylcholine, sNPF","Barnstedt et al. 2016 (immuno, RNAi); Johard et al. (immuno); Aso et al. 2019 (scRNA-seq)",right,,fw016978,FBbt_00100248,,isomorphic,,,
80855199426156828,720575940619336942,149368.0,28968.0,4546.0,149368.0,28968.0,4546.0,6313810.0,intrinsic,central,Kenyon_Cell,KCg,14292.0,KCg-m,KCg-m,MBp1,MBp1,dopamine,0.7724255234813129,"acetylcholine; sNPF; acetylcholine, sNPF","Barnstedt et al. 2016 (immuno); Johard et al., 2008 (immuno); Aso et al. 2019 (scRNA-seq)",right,,fw016979,FBbt_00111061,,isomorphic,,,
81489548982844256,720575940629201423,157992.0,44616.0,4933.0,157992.0,44616.0,4933.0,6824558.0,intrinsic,central,Kenyon_Cell,KCab,11862.0,KCab,KCab-s,MBp2,MBp2,dopamine,0.6412382028174781,"acetylcholine; sNPF; acetylcholine, sNPF","Barnstedt et al. 2016 (immuno, RNAi); Johard et al. (immuno); Aso et al. 2019 (scRNA-seq)",right,,fw016985,FBbt_00100248,,isomorphic,,,
81278305177058566,720575940632929690,155564.0,42598.0,3897.0,146352.0,30768.0,4357.0,5641012.0,intrinsic,central,Kenyon_Cell,KCab,11862.0,KCab,KCab-c,MBp1,MBp1,dopamine,0.5636324254365753,"acetylcholine; sNPF; acetylcholine, sNPF","Barnstedt et al. 2016 (immuno, RNAi); Johard et al. (immuno); Aso et al. 2019 (scRNA-seq)",right,,fw016990,FBbt_00100248,,isomorphic,,,
81418286885265999,720575940619668212,156624.0,31224.0,4794.0,156624.0,31224.0,4794.0,6695038.0,intrinsic,central,Kenyon_Cell,KCab,11862.0,KCab,KCab-c,MBp3,MBp3,dopamine,0.5102467850428236,"acetylcholine; sNPF; acetylcholine, sNPF","Barnstedt et al. 2016 (immuno, RNAi); Johard et al. (immuno); Aso et al. 2019 (scRNA-seq)",right,,fw016993,FBbt_00100248,,isomorphic,,,
81488724349044279,720575940629079707,158176.0,31552.0,4893.0,158176.0,31552.0,4893.0,6697215.0,intrinsic,central,Kenyon_Cell,KCab,11862.0,KCab,KCab-c,MBp3,MBp3,dopamine,0.614681697939477,"acetylcholine; sNPF; acetylcholine, sNPF","Barnstedt et al. 2016 (immuno, RNAi); Johard et al. (immuno); Aso et al. 2019 (scRNA-seq)",right,,fw017009,FBbt_00100248,,isomorphic,,,
81630286337033975,720575940623438665,160129.0,43823.0,3977.0,159328.0,28672.0,4213.0,6698770.0,intrinsic,central,Kenyon_Cell,KCg,14292.0,KCg-m,KCg-m,MBp4,MBp4,dopamine,0.7937239084162375,"acetylcholine; sNPF; acetylcholine, sNPF","Barnstedt et al. 2016 (immuno); Johard et al., 2008 (immuno); Aso et al. 2019 (scRNA-seq)",right,,fw017018,FBbt_00111061,,isomorphic,,,
81559917727077091,720575940603751782,159368.0,44120.0,4960.0,159368.0,44120.0,4960.0,6824869.0,intrinsic,central,Kenyon_Cell,KCab,11862.0,KCab,KCab-m,MBp2,MBp2,dopamine,0.4870449513667799,"acetylcholine; sNPF; acetylcholine, sNPF","Barnstedt et al. 2016 (immuno, RNAi); Johard et al. (immuno); Aso et al. 2019 (scRNA-seq)",right,,fw017030,FBbt_00100248,,isomorphic,,,
81278373896794398,720575940611111829,155267.0,42711.0,4102.0,143208.0,26440.0,3631.0,5630168.0,intrinsic,central,Kenyon_Cell,KCg,14292.0,KCg-m,KCg-m,MBp1,MBp1,dopamine,0.7995900067990346,"acetylcholine; sNPF; acetylcholine, sNPF","Barnstedt et al. 2016 (immuno); Johard et al., 2008 (immuno); Aso et al. 2019 (scRNA-seq)",right,,fw017061,FBbt_00111061,,isomorphic,,,
81981305491335879,720575940605180337,165264.0,31600.0,4486.0,165264.0,31600.0,4486.0,7062089.0,intrinsic,central,Kenyon_Cell,KCab,11862.0,KCab,KCab-s,MBp4,MBp4,dopamine,0.5907914712331414,"acetylcholine; sNPF; acetylcholine, sNPF","Barnstedt et al. 2016 (immuno, RNAi); Johard et al. (immuno); Aso et al. 2019 (scRNA-seq)",right,,fw017064,FBbt_00100248,,isomorphic,,,
81137224292408007,720575940654810785,152776.0,36584.0,5206.0,152776.0,36584.0,5206.0,6355335.0,intrinsic,central,Kenyon_Cell,KCg,19102.0,KCg-d,KCg-d,MBp3,MBp3,dopamine,0.4812661994137261,"acetylcholine; sNPF; acetylcholine, sNPF","Barnstedt et al. 2016 (immuno); Johard et al., 2008 (immuno); Aso et al. 2019 (scRNA-seq)",right,,fw017068,FBbt_00110932,,isomorphic,,,
82333149212383641,720575940623554748,170056.0,31552.0,4600.0,170056.0,31552.0,4600.0,7066762.0,intrinsic,central,Kenyon_Cell,,17488.0,KCapbp-m,KCa'b'-m,MBp4,MBp4,dopamine,0.4570420565182291,acetylcholine; acetylcholine,"Barnstedt et al. 2016 (immuno, RNAi); Aso et al. 2019 (scRNA-seq)",right,,fw017080,FBbt:00100253,,isomorphic,,,
81840430564223267,720575940621391636,162976.0,29896.0,4600.0,162976.0,29896.0,4600.0,6712502.0,intrinsic,central,Kenyon_Cell,KCab,11862.0,KCab,KCab-m,MBp4,MBp4,dopamine,0.6064712230449881,"acetylcholine; sNPF; acetylcholine, sNPF","Barnstedt et al. 2016 (immuno, RNAi); Johard et al. (immuno); Aso et al. 2019 (scRNA-seq)",right,,fw017086,FBbt_00100248,,isomorphic,,,
81770130606117506,720575940619723088,161864.0,30600.0,4766.0,161864.0,30600.0,4766.0,6709629.0,intrinsic,central,Kenyon_Cell,KCg,14292.0,KCg-m,KCg-m,MBp3,MBp3,dopamine,0.7670331040317682,"acetylcholine; sNPF; acetylcholine, sNPF","Barnstedt et al. 2016 (immuno); Johard et al., 2008 (immuno); Aso et al. 2019 (scRNA-seq)",right,,fw017089,FBbt_00111061,,isomorphic,,,
82051536796531129,720575940617090082,166480.0,29896.0,4464.0,166480.0,29896.0,4464.0,7063541.0,intrinsic,central,Kenyon_Cell,KCab,11862.0,KCab,KCab-c,MBp4,MBp4,dopamine,0.562622682993936,"acetylcholine; sNPF; acetylcholine, sNPF","Barnstedt et al. 2016 (immuno, RNAi); Johard et al. (immuno); Aso et al. 2019 (scRNA-seq)",right,,fw017105,FBbt_00100248,,isomorphic,,,
81348673921237655,720575940624572052,155906.0,42368.0,3897.0,148696.0,28768.0,4227.0,6312455.0,intrinsic,central,Kenyon_Cell,KCab,11862.0,KCab,KCab-c,MBp1,MBp1,dopamine,0.5874433034565281,"acetylcholine; sNPF; acetylcholine, sNPF","Barnstedt et al. 2016 (immuno, RNAi); Johard et al. (immuno); Aso et al. 2019 (scRNA-seq)",right,,fw017116,FBbt_00100248,,isomorphic,,,
81418149379561471,720575940606483723,157568.0,28952.0,4549.0,157568.0,28952.0,4549.0,6696379.0,intrinsic,central,Kenyon_Cell,KCab,11862.0,KCab,KCab-c,MBp3,MBp3,dopamine,0.5526570116152217,"acetylcholine; sNPF; acetylcholine, sNPF","Barnstedt et al. 2016 (immuno, RNAi); Johard et al. (immuno); Aso et al. 2019 (scRNA-seq)",right,,fw017149,FBbt_00100248,,isomorphic,,,
81630286337004149,720575940625532689,160109.0,43870.0,3976.0,159216.0,29752.0,4320.0,6698704.0,intrinsic,central,Kenyon_Cell,KCg,14292.0,KCg-m,KCg-m,MBp4,MBp4,dopamine,0.761607039679754,"acetylcholine; sNPF; acetylcholine, sNPF","Barnstedt et al. 2016 (immuno); Johard et al., 2008 (immuno); Aso et al. 2019 (scRNA-seq)",right,,fw017160,FBbt_00111061,,isomorphic,,,
81277411891210422,720575940632473440,155192.0,28856.0,4526.0,155192.0,28856.0,4526.0,6319691.0,intrinsic,central,Kenyon_Cell,KCab,11862.0,KCab,KCab-c,MBp3,MBp3,dopamine,0.5862609515946581,"acetylcholine; sNPF; acetylcholine, sNPF","Barnstedt et al. 2016 (immuno, RNAi); Johard et al. (immuno); Aso et al. 2019 (scRNA-seq)",right,,fw017166,FBbt_00100248,,isomorphic,,,
81910868027433146,720575940605664446,164089.0,30637.0,4293.0,167920.0,26864.0,4038.0,7057077.0,intrinsic,central,Kenyon_Cell,KCg,14292.0,KCg-m,KCg-m,MBp4,MBp4,dopamine,0.7746423292254025,"acetylcholine; sNPF; acetylcholine, sNPF","Barnstedt et al. 2016 (immuno); Johard et al., 2008 (immuno); Aso et al. 2019 (scRNA-seq)",right,,fw017209,FBbt_00111061,,isomorphic,,,
81489548848629405,720575940610945558,157994.0,44450.0,3977.0,151432.0,38304.0,5226.0,6354386.0,intrinsic,central,Kenyon_Cell,KCg,14292.0,KCg-m,KCg-m,MBp2,MBp2,dopamine,0.7563232566779734,"acetylcholine; sNPF; acetylcholine, sNPF","Barnstedt et al. 2016 (immuno); Johard et al., 2008 (immuno); Aso et al. 2019 (scRNA-seq)",right,,fw017230,FBbt_00111061,,isomorphic,,,
81277480610774376,720575940627630154,154952.0,29400.0,4597.0,154952.0,29400.0,4597.0,6319421.0,intrinsic,central,Kenyon_Cell,KCab,11862.0,KCab,KCab-c,MBp3,MBp3,dopamine,0.5791618625323991,"acetylcholine; sNPF; acetylcholine, sNPF","Barnstedt et al. 2016 (immuno, RNAi); Johard et al. (immuno); Aso et al. 2019 (scRNA-seq)",right,,fw017232,FBbt_00100248,,isomorphic,,,
81770061819983635,720575940617941046,162384.0,29472.0,4549.0,162384.0,29472.0,4549.0,6711275.0,intrinsic,central,Kenyon_Cell,KCab,11862.0,KCab,KCab-m,MBp4,MBp4,dopamine,0.6426752904296053,"acetylcholine; sNPF; acetylcholine, sNPF","Barnstedt et al. 2016 (immuno, RNAi); Johard et al. (immuno); Aso et al. 2019 (scRNA-seq)",right,,fw017258,FBbt_00100248,,isomorphic,,,
82192274284769737,720575940627776450,168024.0,29832.0,4361.0,168024.0,29832.0,4361.0,7065559.0,intrinsic,central,Kenyon_Cell,KCab,11862.0,KCab,KCab-m,MBp4,MBp4,dopamine,0.5564861511744049,"acetylcholine; sNPF; acetylcholine, sNPF","Barnstedt et al. 2016 (immuno, RNAi); Johard et al. (immuno); Aso et al. 2019 (scRNA-seq)",right,,fw017264,FBbt_00100248,,isomorphic,,,
81489617568125965,720575940625786899,158638.0,44685.0,3977.0,152816.0,30872.0,4053.0,6309675.0,intrinsic,central,Kenyon_Cell,KCg,19102.0,KCg-d,KCg-d,MBp1,MBp1,dopamine,0.5674891856066326,"acetylcholine; sNPF; acetylcholine, sNPF","Barnstedt et al. 2016 (immuno); Johard et al., 2008 (immuno); Aso et al. 2019 (scRNA-seq)",right,,fw017270,FBbt_00110932,,isomorphic,,,
81419111586000810,720575940614899851,156888.0,43152.0,5234.0,156888.0,43152.0,5234.0,6826327.0,intrinsic,central,Kenyon_Cell,KCab,11862.0,KCab,KCab-m,MBp2,MBp2,dopamine,0.5891343527123099,"acetylcholine; sNPF; acetylcholine, sNPF","Barnstedt et al. 2016 (immuno, RNAi); Johard et al. (immuno); Aso et al. 2019 (scRNA-seq)",right,,fw017289,FBbt_00100248,,isomorphic,,,
81348673921250414,720575940619802539,155759.0,42565.0,3896.0,150192.0,28848.0,4265.0,6314882.0,intrinsic,central,Kenyon_Cell,KCab,11862.0,KCab,KCab-c,MBp1,MBp1,dopamine,0.622585438964266,"acetylcholine; sNPF; acetylcholine, sNPF","Barnstedt et al. 2016 (immuno, RNAi); Johard et al. (immuno); Aso et al. 2019 (scRNA-seq)",right,,fw017290,FBbt_00100248,,isomorphic,,,
81419248823957905,720575940603045804,157245.0,44813.0,3977.0,153184.0,32352.0,4144.0,6318110.0,intrinsic,central,Kenyon_Cell,KCg,19102.0,KCg-d,KCg-d,MBp1,MBp1,dopamine,0.6000440765092079,"acetylcholine; sNPF; acetylcholine, sNPF","Barnstedt et al. 2016 (immuno); Johard et al., 2008 (immuno); Aso et al. 2019 (scRNA-seq)",right,,fw017298,FBbt_00110932,,isomorphic,,,
81348673921232875,720575940606549961,156004.0,42296.0,3896.0,149456.0,28432.0,4299.0,6313975.0,intrinsic,central,Kenyon_Cell,KCab,11862.0,KCab,KCab-c,MBp1,MBp1,dopamine,0.5810176668868154,"acetylcholine; sNPF; acetylcholine, sNPF","Barnstedt et al. 2016 (immuno, RNAi); Johard et al. (immuno); Aso et al. 2019 (scRNA-seq)",right,,fw017319,FBbt_00100248,,isomorphic,,,
80714668029077741,720575940627150090,147048.0,31856.0,4027.0,147048.0,31856.0,4027.0,5631696.0,intrinsic,central,Kenyon_Cell,KCg,14292.0,KCg-m,KCg-m,MBp1,MBp1,dopamine,0.7457670463025319,"acetylcholine; sNPF; acetylcholine, sNPF","Barnstedt et al. 2016 (immuno); Johard et al., 2008 (immuno); Aso et al. 2019 (scRNA-seq)",right,,fw017346,FBbt_00111061,,isomorphic,,,
80996555456786233,720575940623543303,150868.0,37622.0,4974.0,149376.0,37216.0,4841.0,6352020.0,intrinsic,central,Kenyon_Cell,KCg,14292.0,KCg-m,KCg-m,MBp2,MBp2,dopamine,0.7921553645155129,"acetylcholine; sNPF; acetylcholine, sNPF","Barnstedt et al. 2016 (immuno); Johard et al., 2008 (immuno); Aso et al. 2019 (scRNA-seq)",right,,fw017359,FBbt_00111061,,isomorphic,,,
81700586496067322,720575940617924432,161048.0,43376.0,5054.0,161048.0,43376.0,5054.0,6825252.0,intrinsic,central,Kenyon_Cell,KCab,11862.0,KCab,KCab-c,MBp2,MBp2,dopamine,0.5180666244798617,"acetylcholine; sNPF; acetylcholine, sNPF","Barnstedt et al. 2016 (immuno, RNAi); Johard et al. (immuno); Aso et al. 2019 (scRNA-seq)",right,,fw017381,FBbt_00100248,,isomorphic,,,
81348673921229391,720575940628056375,155625.0,42419.0,3896.0,149856.0,29640.0,4323.0,6314549.0,intrinsic,central,Kenyon_Cell,KCab,11862.0,KCab,KCab-c,MBp1,MBp1,dopamine,0.5414623203220631,"acetylcholine; sNPF; acetylcholine, sNPF","Barnstedt et al. 2016 (immuno, RNAi); Johard et al. (immuno); Aso et al. 2019 (scRNA-seq)",right,,fw017399,FBbt_00100248,,isomorphic,,,
81629324331700221,720575940637277117,159728.0,30184.0,4592.0,159728.0,30184.0,4592.0,6699655.0,intrinsic,central,Kenyon_Cell,KCab,11862.0,KCab,KCab-m,MBp3,MBp3,dopamine,0.6031504509991689,"acetylcholine; sNPF; acetylcholine, sNPF","Barnstedt et al. 2016 (immuno, RNAi); Johard et al. (immuno); Aso et al. 2019 (scRNA-seq)",right,,fw017428,FBbt_00100248,,isomorphic,,,
81418286885134039,720575940620931750,157280.0,30392.0,4685.0,157280.0,30392.0,4685.0,6696008.0,intrinsic,central,Kenyon_Cell,KCab,11862.0,KCab,KCab-m,MBp3,MBp3,dopamine,0.5867692093362281,"acetylcholine; sNPF; acetylcholine, sNPF","Barnstedt et al. 2016 (immuno, RNAi); Johard et al. (immuno); Aso et al. 2019 (scRNA-seq)",right,,fw017437,FBbt_00100248,,isomorphic,,,
81630217684415567,720575940609132642,159954.0,43587.0,4294.0,156480.0,46320.0,4974.0,6822979.0,intrinsic,central,Kenyon_Cell,KCg,19102.0,KCg-d,KCg-d,MBp2,MBp2,dopamine,0.6969280497061068,"acetylcholine; sNPF; acetylcholine, sNPF","Barnstedt et al. 2016 (immuno); Johard et al., 2008 (immuno); Aso et al. 2019 (scRNA-seq)",right,,fw017438,FBbt_00110932,,isomorphic,,,
81278305177070102,720575940622890509,155384.0,41894.0,3897.0,143760.0,23848.0,3628.0,5590800.0,intrinsic,central,Kenyon_Cell,KCg,14292.0,KCg-m,KCg-m,MBp1,MBp1,dopamine,0.72708852447308,"acetylcholine; sNPF; acetylcholine, sNPF","Barnstedt et al. 2016 (immuno); Johard et al., 2008 (immuno); Aso et al. 2019 (scRNA-seq)",right,,fw017452,FBbt_00111061,,isomorphic,,,
81066236871913205,720575940633560545,151608.0,27728.0,3885.0,151608.0,27728.0,3885.0,6309252.0,intrinsic,central,Kenyon_Cell,KCg,14292.0,KCg-m,KCg-m,MBp1,MBp1,dopamine,0.7636933665940487,"acetylcholine; sNPF; acetylcholine, sNPF","Barnstedt et al. 2016 (immuno); Johard et al., 2008 (immuno); Aso et al. 2019 (scRNA-seq)",right,,fw017454,FBbt_00111061,,isomorphic,,,
81840430563838574,720575940630477305,163376.0,29520.0,4322.0,163376.0,29520.0,4322.0,6713679.0,intrinsic,central,Kenyon_Cell,KCg,14292.0,KCg-m,KCg-m,MBp4,MBp4,dopamine,0.7690921177348727,"acetylcholine; sNPF; acetylcholine, sNPF","Barnstedt et al. 2016 (immuno); Johard et al., 2008 (immuno); Aso et al. 2019 (scRNA-seq)",right,,fw017472,FBbt_00111061,,isomorphic,,,
81418218098977586,720575940608633134,157288.0,29552.0,4497.0,157288.0,29552.0,4497.0,6695968.0,intrinsic,central,Kenyon_Cell,KCab,11862.0,KCab,KCab-c,MBp3,MBp3,dopamine,0.583732389152257,"acetylcholine; sNPF; acetylcholine, sNPF","Barnstedt et al. 2016 (immuno, RNAi); Johard et al. (immuno); Aso et al. 2019 (scRNA-seq)",right,,fw017499,FBbt_00100248,,isomorphic,,,
81981236771633417,720575940612706706,165488.0,30944.0,4311.0,165488.0,30944.0,4311.0,7062519.0,intrinsic,central,Kenyon_Cell,KCab,11862.0,KCab,KCab-m,MBp4,MBp4,dopamine,0.6018688446745711,"acetylcholine; sNPF; acetylcholine, sNPF","Barnstedt et al. 2016 (immuno, RNAi); Johard et al. (immuno); Aso et al. 2019 (scRNA-seq)",right,,fw017500,FBbt_00100248,,isomorphic,,,
81489480263509486,720575940631875097,158320.0,42752.0,5058.0,158320.0,42752.0,5058.0,6824651.0,intrinsic,central,Kenyon_Cell,KCab,11862.0,KCab,KCab-m,MBp2,MBp2,dopamine,0.5230661925486104,"acetylcholine; sNPF; acetylcholine, sNPF","Barnstedt et al. 2016 (immuno, RNAi); Johard et al. (immuno); Aso et al. 2019 (scRNA-seq)",right,,fw017507,FBbt_00100248,,isomorphic,,,
81910868027744371,720575940618396399,164536.0,31208.0,4523.0,164536.0,31208.0,4523.0,7059885.0,intrinsic,central,Kenyon_Cell,KCab,11862.0,KCab,KCab-m,MBp4,MBp4,dopamine,0.5171515380781503,"acetylcholine; sNPF; acetylcholine, sNPF","Barnstedt et al. 2016 (immuno, RNAi); Johard et al. (immuno); Aso et al. 2019 (scRNA-seq)",right,,fw017514,FBbt_00100248,,isomorphic,,,
81419180104663412,720575940639258613,156831.0,44088.0,4103.0,151304.0,43312.0,5187.0,6374099.0,intrinsic,central,Kenyon_Cell,KCg,14292.0,KCg-m,KCg-m,MBp2,MBp2,dopamine,0.7609035906606743,"acetylcholine; sNPF; acetylcholine, sNPF","Barnstedt et al. 2016 (immuno); Johard et al., 2008 (immuno); Aso et al. 2019 (scRNA-seq)",right,,fw017521,FBbt_00111061,,isomorphic,,,
80996143005781533,720575940608631342,150456.0,32096.0,4019.0,150456.0,32096.0,4019.0,6308741.0,intrinsic,central,Kenyon_Cell,KCg,14292.0,KCg-m,KCg-m,MBp1,MBp1,dopamine,0.6874904362995934,"acetylcholine; sNPF; acetylcholine, sNPF","Barnstedt et al. 2016 (immuno); Johard et al., 2008 (immuno); Aso et al. 2019 (scRNA-seq)",right,,fw017539,FBbt_00111061,,isomorphic,,,
82051674235733792,720575940636375653,165960.0,32184.0,4601.0,165960.0,32184.0,4601.0,7063090.0,intrinsic,central,Kenyon_Cell,KCab,11862.0,KCab,KCab-c,MBp4,MBp4,dopamine,0.5114092929744517,"acetylcholine; sNPF; acetylcholine, sNPF","Barnstedt et al. 2016 (immuno, RNAi); Johard et al. (immuno); Aso et al. 2019 (scRNA-seq)",right,,fw017559,FBbt_00100248,,isomorphic,,,
80644024406795744,720575940646598788,145568.0,27648.0,3854.0,145568.0,27648.0,3854.0,5631086.0,intrinsic,central,Kenyon_Cell,KCg,14292.0,KCg-m,KCg-m,MBp1,MBp1,dopamine,0.7087537745601623,"acetylcholine; sNPF; acetylcholine, sNPF","Barnstedt et al. 2016 (immuno); Johard et al., 2008 (immuno); Aso et al. 2019 (scRNA-seq)",right,,fw017569,FBbt_00111061,,isomorphic,,,
82262780468058098,720575940630613835,169688.0,31552.0,4458.0,169688.0,31552.0,4458.0,7066641.0,intrinsic,central,Kenyon_Cell,KCab,11862.0,KCab,KCab-c,MBp4,MBp4,dopamine,0.5338823297764954,"acetylcholine; sNPF; acetylcholine, sNPF","Barnstedt et al. 2016 (immuno, RNAi); Johard et al. (immuno); Aso et al. 2019 (scRNA-seq)",right,,fw017576,FBbt_00100248,,isomorphic,,,
81489548915510808,720575940625721866,158420.0,43728.0,4293.0,148336.0,30120.0,3795.0,6307730.0,intrinsic,central,Kenyon_Cell,KCg,19102.0,KCg-d,KCg-d,MBp1,MBp1,dopamine,0.592526752248708,"acetylcholine; sNPF; acetylcholine, sNPF","Barnstedt et al. 2016 (immuno); Johard et al., 2008 (immuno); Aso et al. 2019 (scRNA-seq)",right,,fw017584,FBbt_00110932,,isomorphic,,,
81911486569961242,720575940636513882,164264.0,40040.0,4902.0,164264.0,40040.0,4902.0,7074072.0,intrinsic,central,Kenyon_Cell,KCg,19102.0,KCg-d,KCg-d,MBp4,MBp4,dopamine,0.6176860865108953,"acetylcholine; sNPF; acetylcholine, sNPF","Barnstedt et al. 2016 (immuno); Johard et al., 2008 (immuno); Aso et al. 2019 (scRNA-seq)",right,,fw017596,FBbt_00110932,,isomorphic,,,
81418011940580636,720575940620363691,156600.0,27024.0,4506.0,156600.0,27024.0,4506.0,6694919.0,intrinsic,central,Kenyon_Cell,KCg,14292.0,KCg-m,KCg-m,MBp3,MBp3,dopamine,0.7420127521859646,"acetylcholine; sNPF; acetylcholine, sNPF","Barnstedt et al. 2016 (immuno); Johard et al., 2008 (immuno); Aso et al. 2019 (scRNA-seq)",right,,fw017643,FBbt_00111061,,isomorphic,,,
81206974427624487,720575940630917293,153856.0,27984.0,4588.0,153856.0,27984.0,4588.0,6318608.0,intrinsic,central,Kenyon_Cell,KCab,11862.0,KCab,KCab-c,MBp3,MBp3,dopamine,0.6704546476335157,"acetylcholine; sNPF; acetylcholine, sNPF","Barnstedt et al. 2016 (immuno, RNAi); Johard et al. (immuno); Aso et al. 2019 (scRNA-seq)",right,,fw017650,FBbt_00100248,,isomorphic,,,
81348673921243478,720575940630265952,155804.0,42288.0,3896.0,149320.0,29664.0,4480.0,6313705.0,intrinsic,central,Kenyon_Cell,KCab,11862.0,KCab,KCab-c,MBp1,MBp1,dopamine,0.6024202176301361,"acetylcholine; sNPF; acetylcholine, sNPF","Barnstedt et al. 2016 (immuno, RNAi); Johard et al. (immuno); Aso et al. 2019 (scRNA-seq)",right,,fw017656,FBbt_00100248,,isomorphic,,,
81559986446479441,720575940625969640,158848.0,44928.0,4938.0,158848.0,44928.0,4938.0,6824740.0,intrinsic,central,Kenyon_Cell,KCab,11862.0,KCab,KCab-s,MBp2,MBp2,dopamine,0.5745556719453361,"acetylcholine; sNPF; acetylcholine, sNPF","Barnstedt et al. 2016 (immuno, RNAi); Johard et al. (immuno); Aso et al. 2019 (scRNA-seq)",right,,fw017664,FBbt_00100248,,isomorphic,,,
80855405517431938,720575940635696535,148688.0,32264.0,4035.0,148688.0,32264.0,4035.0,6307906.0,intrinsic,central,Kenyon_Cell,KCg,14292.0,KCg-m,KCg-m,MBp1,MBp1,dopamine,0.5739308650101641,"acetylcholine; sNPF; acetylcholine, sNPF","Barnstedt et al. 2016 (immuno); Johard et al., 2008 (immuno); Aso et al. 2019 (scRNA-seq)",right,,fw017669,FBbt_00111061,,isomorphic,,,
81630286403894011,720575940626951171,159927.0,43666.0,4294.0,159272.0,45600.0,4958.0,6824848.0,intrinsic,central,Kenyon_Cell,KCg,19102.0,KCg-d,KCg-d,MBp2,MBp2,dopamine,0.5794614544211654,"acetylcholine; sNPF; acetylcholine, sNPF","Barnstedt et al. 2016 (immuno); Johard et al., 2008 (immuno); Aso et al. 2019 (scRNA-seq)",right,,fw017715,FBbt_00110932,,isomorphic,,,
81559917659716574,720575940623328231,159223.0,43706.0,4293.0,157232.0,45928.0,4901.0,6823594.0,intrinsic,central,Kenyon_Cell,KCg,19102.0,KCg-d,KCg-d,MBp2,MBp2,dopamine,0.6276142760974913,"acetylcholine; sNPF; acetylcholine, sNPF","Barnstedt et al. 2016 (immuno); Johard et al., 2008 (immuno); Aso et al. 2019 (scRNA-seq)",right,,fw017719,FBbt_00110932,,isomorphic,,,
82262711748568059,720575940628506732,168960.0,30384.0,4465.0,168960.0,30384.0,4465.0,7066328.0,intrinsic,central,Kenyon_Cell,KCab,11862.0,KCab,KCab-c,MBp4,MBp4,dopamine,0.6362229820276755,"acetylcholine; sNPF; acetylcholine, sNPF","Barnstedt et al. 2016 (immuno, RNAi); Johard et al. (immuno); Aso et al. 2019 (scRNA-seq)",right,,fw017721,FBbt_00100248,,isomorphic,,,
82333286651310889,720575940624941326,170240.0,33760.0,4586.0,170240.0,33760.0,4586.0,7076470.0,intrinsic,central,Kenyon_Cell,KCg,14292.0,KCg-m,KCg-m,MBp4,MBp4,dopamine,0.8080363704735868,"acetylcholine; sNPF; acetylcholine, sNPF","Barnstedt et al. 2016 (immuno); Johard et al., 2008 (immuno); Aso et al. 2019 (scRNA-seq)",right,,fw017723,FBbt_00111061,,isomorphic,,,
81348742641030193,720575940618770230,155602.0,43523.0,4102.0,148400.0,29984.0,3872.0,6307757.0,intrinsic,central,Kenyon_Cell,KCg,19102.0,KCg-d,KCg-d,MBp1,MBp1,dopamine,0.5983788054088764,"acetylcholine; sNPF; acetylcholine, sNPF","Barnstedt et al. 2016 (immuno); Johard et al., 2008 (immuno); Aso et al. 2019 (scRNA-seq)",right,,fw017726,FBbt_00110932,,isomorphic,,,
81348742775188732,720575940637695395,156528.0,43080.0,5068.0,156528.0,43080.0,5068.0,6823016.0,intrinsic,central,Kenyon_Cell,KCab,11862.0,KCab,KCab-m,MBp2,MBp2,dopamine,0.581533373658096,"acetylcholine; sNPF; acetylcholine, sNPF","Barnstedt et al. 2016 (immuno, RNAi); Johard et al. (immuno); Aso et al. 2019 (scRNA-seq)",right,,fw017736,FBbt_00100248,,isomorphic,,,
82121974260007341,720575940622005025,167592.0,30456.0,4333.0,167592.0,30456.0,4333.0,7064449.0,intrinsic,central,Kenyon_Cell,KCab,11862.0,KCab,KCab-m,MBp4,MBp4,dopamine,0.5320462525273548,"acetylcholine; sNPF; acetylcholine, sNPF","Barnstedt et al. 2016 (immuno, RNAi); Johard et al. (immuno); Aso et al. 2019 (scRNA-seq)",right,,fw017741,FBbt_00100248,,isomorphic,,,
81348673921254876,720575940633043295,155758.0,42431.0,3897.0,146976.0,28816.0,4228.0,5641324.0,intrinsic,central,Kenyon_Cell,KCab,11862.0,KCab,KCab-c,MBp1,MBp1,dopamine,0.6752760153538638,"acetylcholine; sNPF; acetylcholine, sNPF","Barnstedt et al. 2016 (immuno, RNAi); Johard et al. (immuno); Aso et al. 2019 (scRNA-seq)",right,,fw017752,FBbt_00100248,,isomorphic,,,
81419249025118819,720575940620403649,157480.0,44808.0,5345.0,157480.0,44808.0,5345.0,6826617.0,intrinsic,central,Kenyon_Cell,KCab,11862.0,KCab,KCab-s,MBp2,MBp2,dopamine,0.6062030065193007,"acetylcholine; sNPF; acetylcholine, sNPF","Barnstedt et al. 2016 (immuno, RNAi); Johard et al. (immuno); Aso et al. 2019 (scRNA-seq)",right,,fw017759,FBbt_00100248,,isomorphic,,,
82121974260135230,720575940620058236,167496.0,30512.0,4418.0,167496.0,30512.0,4418.0,7064395.0,intrinsic,central,Kenyon_Cell,KCab,11862.0,KCab,KCab-c,MBp4,MBp4,dopamine,0.5310017184385978,"acetylcholine; sNPF; acetylcholine, sNPF","Barnstedt et al. 2016 (immuno, RNAi); Johard et al. (immuno); Aso et al. 2019 (scRNA-seq)",right,,fw017766,FBbt_00100248,,isomorphic,,,
82262711748614360,720575940621561226,169112.0,31088.0,4506.0,169112.0,31088.0,4506.0,7066405.0,intrinsic,central,Kenyon_Cell,KCab,11862.0,KCab,KCab-c,MBp4,MBp4,dopamine,0.6448110219380528,"acetylcholine; sNPF; acetylcholine, sNPF","Barnstedt et al. 2016 (immuno, RNAi); Johard et al. (immuno); Aso et al. 2019 (scRNA-seq)",right,,fw017773,FBbt_00100248,,isomorphic,,,
81489480196054524,720575940640487669,158548.0,42994.0,4294.0,153648.0,31568.0,4154.0,6318460.0,intrinsic,central,Kenyon_Cell,KCg,14292.0,KCg-m,KCg-m,MBp3,MBp3,dopamine,0.7695788155867607,"acetylcholine; sNPF; acetylcholine, sNPF","Barnstedt et al. 2016 (immuno); Johard et al., 2008 (immuno); Aso et al. 2019 (scRNA-seq)",right,,fw017779,FBbt_00111061,,isomorphic,,,
81418905427624375,720575940612668834,156760.0,39896.0,5280.0,156760.0,39896.0,5280.0,6750704.0,intrinsic,central,Kenyon_Cell,,17488.0,KCapbp-m,KCa'b'-m,MBp2,MBp2,dopamine,0.4237204177431841,acetylcholine; acetylcholine,"Barnstedt et al. 2016 (immuno, RNAi); Aso et al. 2019 (scRNA-seq)",right,,fw017783,FBbt:00100253,,isomorphic,,,
81559024373519893,720575940632718291,159176.0,30440.0,4708.0,159176.0,30440.0,4708.0,6698652.0,intrinsic,central,Kenyon_Cell,KCab,11862.0,KCab,KCab-m,MBp3,MBp3,dopamine,0.5682929253760903,"acetylcholine; sNPF; acetylcholine, sNPF","Barnstedt et al. 2016 (immuno, RNAi); Johard et al. (immuno); Aso et al. 2019 (scRNA-seq)",right,,fw017786,FBbt_00100248,,isomorphic,,,
81770955240186889,720575940607981636,161776.0,43320.0,5001.0,161776.0,43320.0,5001.0,6825466.0,intrinsic,central,Kenyon_Cell,KCab,11862.0,KCab,KCab-m,MBp2,MBp2,dopamine,0.5422713080776144,"acetylcholine; sNPF; acetylcholine, sNPF","Barnstedt et al. 2016 (immuno, RNAi); Johard et al. (immuno); Aso et al. 2019 (scRNA-seq)",right,,fw017787,FBbt_00100248,,isomorphic,,,
82192343004239364,720575940632932506,168296.0,31080.0,4355.0,168296.0,31080.0,4355.0,7065877.0,intrinsic,central,Kenyon_Cell,KCab,11862.0,KCab,KCab-c,MBp4,MBp4,dopamine,0.5581343986473292,"acetylcholine; sNPF; acetylcholine, sNPF","Barnstedt et al. 2016 (immuno, RNAi); Johard et al. (immuno); Aso et al. 2019 (scRNA-seq)",right,,fw017811,FBbt_00100248,,isomorphic,,,
81489480263487724,720575940619742656,157624.0,42848.0,5042.0,157624.0,42848.0,5042.0,6824248.0,intrinsic,central,Kenyon_Cell,KCab,11862.0,KCab,KCab-m,MBp2,MBp2,dopamine,0.600336834101273,"acetylcholine; sNPF; acetylcholine, sNPF","Barnstedt et al. 2016 (immuno, RNAi); Johard et al. (immuno); Aso et al. 2019 (scRNA-seq)",right,,fw017823,FBbt_00100248,,isomorphic,,,
81348742640714549,720575940632353499,155737.0,42636.0,3896.0,149296.0,30408.0,4319.0,6313689.0,intrinsic,central,Kenyon_Cell,KCab,11862.0,KCab,KCab-c,MBp1,MBp1,dopamine,0.5776286529857614,"acetylcholine; sNPF; acetylcholine, sNPF","Barnstedt et al. 2016 (immuno, RNAi); Johard et al. (immuno); Aso et al. 2019 (scRNA-seq)",right,,fw017832,FBbt_00100248,,isomorphic,,,
81066305591565530,720575940634442091,152392.0,28840.0,4025.0,152392.0,28840.0,4025.0,6309555.0,intrinsic,central,Kenyon_Cell,KCg,14292.0,KCg-m,KCg-m,MBp1,MBp1,dopamine,0.7761533345327055,"acetylcholine; sNPF; acetylcholine, sNPF","Barnstedt et al. 2016 (immuno); Johard et al., 2008 (immuno); Aso et al. 2019 (scRNA-seq)",right,,fw017877,FBbt_00111061,,isomorphic,,,
81277480610632112,720575940643504288,155104.0,29504.0,4486.0,155104.0,29504.0,4486.0,6319580.0,intrinsic,central,Kenyon_Cell,KCab,11862.0,KCab,KCab-m,MBp3,MBp3,dopamine,0.6005388126604775,"acetylcholine; sNPF; acetylcholine, sNPF","Barnstedt et al. 2016 (immuno, RNAi); Johard et al. (immuno); Aso et al. 2019 (scRNA-seq)",right,,fw017878,FBbt_00100248,,isomorphic,,,
80995936847133168,720575940629332606,151136.0,28352.0,3862.0,151136.0,28352.0,3862.0,6309022.0,intrinsic,central,Kenyon_Cell,KCg,14292.0,KCg-m,KCg-m,MBp1,MBp1,dopamine,0.7812527074920986,"acetylcholine; sNPF; acetylcholine, sNPF","Barnstedt et al. 2016 (immuno); Johard et al., 2008 (immuno); Aso et al. 2019 (scRNA-seq)",right,,fw017886,FBbt_00111061,,isomorphic,,,
81348673921225749,720575940612339810,156357.0,42344.0,3896.0,151144.0,30312.0,4562.0,6315589.0,intrinsic,central,Kenyon_Cell,KCab,11862.0,KCab,KCab-m,MBp1,MBp1,dopamine,0.6154307068651076,"acetylcholine; sNPF; acetylcholine, sNPF","Barnstedt et al. 2016 (immuno, RNAi); Johard et al. (immuno); Aso et al. 2019 (scRNA-seq)",right,,fw017909,FBbt_00100248,,isomorphic,,,
81559986446610046,720575940627741562,158704.0,45048.0,5022.0,158704.0,45048.0,5022.0,6824712.0,intrinsic,central,Kenyon_Cell,KCab,11862.0,KCab,KCab-s,MBp2,MBp2,dopamine,0.593359651933006,"acetylcholine; sNPF; acetylcholine, sNPF","Barnstedt et al. 2016 (immuno, RNAi); Johard et al. (immuno); Aso et al. 2019 (scRNA-seq)",right,,fw017915,FBbt_00100248,,isomorphic,,,
81559848940241420,720575940636246446,159606.0,43385.0,4293.0,160568.0,30304.0,4544.0,6701875.0,intrinsic,central,Kenyon_Cell,KCg,14292.0,KCg-m,KCg-m,MBp4,MBp4,dopamine,0.7489647135802696,"acetylcholine; sNPF; acetylcholine, sNPF","Barnstedt et al. 2016 (immuno); Johard et al., 2008 (immuno); Aso et al. 2019 (scRNA-seq)",right,,fw017934,FBbt_00111061,,isomorphic,,,
81347780701894921,720575940616547904,156232.0,29080.0,4627.0,156232.0,29080.0,4627.0,6693968.0,intrinsic,central,Kenyon_Cell,KCab,11862.0,KCab,KCab-c,MBp3,MBp3,dopamine,0.5179509766089772,"acetylcholine; sNPF; acetylcholine, sNPF","Barnstedt et al. 2016 (immuno, RNAi); Johard et al. (immuno); Aso et al. 2019 (scRNA-seq)",right,,fw017941,FBbt_00100248,,isomorphic,,,
81348673921266645,720575940639749109,155833.0,42557.0,3897.0,149456.0,29216.0,4274.0,6314006.0,intrinsic,central,Kenyon_Cell,KCab,11862.0,KCab,KCab-c,MBp1,MBp1,dopamine,0.5698274224547784,"acetylcholine; sNPF; acetylcholine, sNPF","Barnstedt et al. 2016 (immuno, RNAi); Johard et al. (immuno); Aso et al. 2019 (scRNA-seq)",right,,fw017963,FBbt_00100248,,isomorphic,,,
81489480330124742,720575940616647990,158576.0,43616.0,5188.0,158576.0,43616.0,5188.0,6827060.0,intrinsic,central,Kenyon_Cell,KCab,11862.0,KCab,KCab-c,MBp2,MBp2,dopamine,0.6143648860810619,"acetylcholine; sNPF; acetylcholine, sNPF","Barnstedt et al. 2016 (immuno, RNAi); Johard et al. (immuno); Aso et al. 2019 (scRNA-seq)",right,,fw017990,FBbt_00100248,,isomorphic,,,
81278373896806019,720575940623438571,155483.0,42879.0,4103.0,145288.0,26312.0,3836.0,5630941.0,intrinsic,central,Kenyon_Cell,KCg,14292.0,KCg-m,KCg-m,MBp1,MBp1,dopamine,0.7680101712181474,"acetylcholine; sNPF; acetylcholine, sNPF","Barnstedt et al. 2016 (immuno); Johard et al., 2008 (immuno); Aso et al. 2019 (scRNA-seq)",right,,fw017992,FBbt_00111061,,isomorphic,,,
81488655629447535,720575940610943897,158336.0,31312.0,4818.0,158336.0,31312.0,4818.0,6697477.0,intrinsic,central,Kenyon_Cell,KCab,11862.0,KCab,KCab-c,MBp3,MBp3,dopamine,0.6081454024110156,"acetylcholine; sNPF; acetylcholine, sNPF","Barnstedt et al. 2016 (immuno, RNAi); Johard et al. (immuno); Aso et al. 2019 (scRNA-seq)",right,,fw018023,FBbt_00100248,,isomorphic,,,
81208005353388026,720575940637704765,153696.0,42784.0,5176.0,153696.0,42784.0,5176.0,6375801.0,intrinsic,central,Kenyon_Cell,KCab,11862.0,KCab,KCab-s,MBp2,MBp2,dopamine,0.6035400632885218,"acetylcholine; sNPF; acetylcholine, sNPF","Barnstedt et al. 2016 (immuno, RNAi); Johard et al. (immuno); Aso et al. 2019 (scRNA-seq)",right,,fw018031,FBbt_00100248,,isomorphic,,,
81348742640728924,720575940615465433,156148.0,42667.0,3897.0,146280.0,30328.0,4283.0,5640984.0,intrinsic,central,Kenyon_Cell,KCab,11862.0,KCab,KCab-c,MBp1,MBp1,dopamine,0.5633416976640021,"acetylcholine; sNPF; acetylcholine, sNPF","Barnstedt et al. 2016 (immuno, RNAi); Johard et al. (immuno); Aso et al. 2019 (scRNA-seq)",right,,fw018040,FBbt_00100248,,isomorphic,,,
81488518123856488,720575940634468197,157960.0,29096.0,4623.0,157960.0,29096.0,4623.0,6696971.0,intrinsic,central,Kenyon_Cell,KCab,11862.0,KCab,KCab-c,MBp3,MBp3,dopamine,0.5496869875062046,"acetylcholine; sNPF; acetylcholine, sNPF","Barnstedt et al. 2016 (immuno, RNAi); Johard et al. (immuno); Aso et al. 2019 (scRNA-seq)",right,,fw018044,FBbt_00100248,,isomorphic,,,
81489548915524111,720575940612090321,158483.0,43677.0,4293.0,155040.0,44184.0,4892.0,6371339.0,intrinsic,central,Kenyon_Cell,KCg,19102.0,KCg-d,KCg-d,MBp2,MBp2,dopamine,0.7307797927805172,"acetylcholine; sNPF; acetylcholine, sNPF","Barnstedt et al. 2016 (immuno); Johard et al., 2008 (immuno); Aso et al. 2019 (scRNA-seq)",right,,fw018063,FBbt_00110932,,isomorphic,,,
81630149032363329,720575940634920543,160432.0,42160.0,5019.0,160432.0,42160.0,5019.0,6825117.0,intrinsic,central,Kenyon_Cell,KCab,11862.0,KCab,KCab-m,MBp2,MBp2,dopamine,0.6266861285762595,"acetylcholine; sNPF; acetylcholine, sNPF","Barnstedt et al. 2016 (immuno, RNAi); Johard et al. (immuno); Aso et al. 2019 (scRNA-seq)",right,,fw018070,FBbt_00100248,,isomorphic,,,
81066718042661351,720575940612023983,152416.0,34864.0,5076.0,152416.0,34864.0,5076.0,6352691.0,intrinsic,central,Kenyon_Cell,KCg,19102.0,KCg-d,KCg-d,MBp3,MBp3,dopamine,0.5696999219347522,"acetylcholine; sNPF; acetylcholine, sNPF","Barnstedt et al. 2016 (immuno); Johard et al., 2008 (immuno); Aso et al. 2019 (scRNA-seq)",right,,fw018085,FBbt_00110932,,isomorphic,,,
81981236838483634,720575940622641132,165264.0,30784.0,4638.0,165264.0,30784.0,4638.0,7062088.0,intrinsic,central,Kenyon_Cell,KCab,11862.0,KCab,KCab-c,MBp4,MBp4,dopamine,0.5846966933212975,"acetylcholine; sNPF; acetylcholine, sNPF","Barnstedt et al. 2016 (immuno, RNAi); Johard et al. (immuno); Aso et al. 2019 (scRNA-seq)",right,,fw018086,FBbt_00100248,,isomorphic,,,
81630217684399676,720575940644710964,159998.0,43618.0,4293.0,160768.0,31400.0,4316.0,6702947.0,intrinsic,central,Kenyon_Cell,KCg,19102.0,KCg-d,KCg-d,MBp4,MBp4,dopamine,0.5887600743171063,"acetylcholine; sNPF; acetylcholine, sNPF","Barnstedt et al. 2016 (immuno); Johard et al., 2008 (immuno); Aso et al. 2019 (scRNA-seq)",right,,fw018098,FBbt_00110932,,isomorphic,,,
80573861821168841,720575940635884143,144440.0,30368.0,3944.0,144440.0,30368.0,3944.0,5630597.0,intrinsic,central,Kenyon_Cell,KCg,14292.0,KCg-m,KCg-m,MBp1,MBp1,dopamine,0.8136237400429704,"acetylcholine; sNPF; acetylcholine, sNPF","Barnstedt et al. 2016 (immuno); Johard et al., 2008 (immuno); Aso et al. 2019 (scRNA-seq)",right,,fw018109,FBbt_00111061,,isomorphic,,,
80996280579013010,720575940628687259,151000.0,34240.0,5063.0,151000.0,34240.0,5063.0,6352446.0,intrinsic,central,Kenyon_Cell,KCg,14292.0,KCg-m,KCg-m,MBp3,MBp3,dopamine,0.7328721247182224,"acetylcholine; sNPF; acetylcholine, sNPF","Barnstedt et al. 2016 (immuno); Johard et al., 2008 (immuno); Aso et al. 2019 (scRNA-seq)",right,,fw018114,FBbt_00111061,,isomorphic,,,
80714324431195118,720575940637169998,146464.0,26832.0,3647.0,146464.0,26832.0,3647.0,5631503.0,intrinsic,central,Kenyon_Cell,KCg,14292.0,KCg-m,KCg-m,MBp1,MBp1,dopamine,0.7425185124715256,"acetylcholine; sNPF; acetylcholine, sNPF","Barnstedt et al. 2016 (immuno); Johard et al., 2008 (immuno); Aso et al. 2019 (scRNA-seq)",right,,fw018132,FBbt_00111061,,isomorphic,,,
82262780468161213,720575940644747572,169392.0,31784.0,4537.0,169392.0,31784.0,4537.0,7066522.0,intrinsic,central,Kenyon_Cell,KCab,11862.0,KCab,KCab-c,MBp4,MBp4,dopamine,0.6291585754333612,"acetylcholine; sNPF; acetylcholine, sNPF","Barnstedt et al. 2016 (immuno, RNAi); Johard et al. (immuno); Aso et al. 2019 (scRNA-seq)",right,,fw018136,FBbt_00100248,,isomorphic,,,
81559848940241541,720575940607348931,159004.0,43623.0,4294.0,152584.0,43560.0,4982.0,6370863.0,intrinsic,central,Kenyon_Cell,KCg,19102.0,KCg-d,KCg-d,MBp2,MBp2,dopamine,0.5853049534914445,"acetylcholine; sNPF; acetylcholine, sNPF","Barnstedt et al. 2016 (immuno); Johard et al., 2008 (immuno); Aso et al. 2019 (scRNA-seq)",right,,fw018142,FBbt_00110932,,isomorphic,,,
81489342824551695,720575940607337923,158160.0,41376.0,5082.0,158160.0,41376.0,5082.0,6824617.0,intrinsic,central,Kenyon_Cell,KCab,11862.0,KCab,KCab-m,MBp2,MBp2,dopamine,0.600646158246152,"acetylcholine; sNPF; acetylcholine, sNPF","Barnstedt et al. 2016 (immuno, RNAi); Johard et al. (immuno); Aso et al. 2019 (scRNA-seq)",right,,fw018150,FBbt_00100248,,isomorphic,,,
80855061919789422,720575940639588723,149056.0,26328.0,3821.0,149056.0,26328.0,3821.0,6308041.0,intrinsic,central,Kenyon_Cell,KCg,14292.0,KCg-m,KCg-m,MBp1,MBp1,dopamine,0.8158593820572916,"acetylcholine; sNPF; acetylcholine, sNPF","Barnstedt et al. 2016 (immuno); Johard et al., 2008 (immuno); Aso et al. 2019 (scRNA-seq)",right,,fw018151,FBbt_00111061,,isomorphic,,,
81348742841762702,720575940604766153,156240.0,43088.0,5189.0,156240.0,43088.0,5189.0,6826116.0,intrinsic,central,Kenyon_Cell,KCab,11862.0,KCab,KCab-m,MBp2,MBp2,dopamine,0.5513298263356076,"acetylcholine; sNPF; acetylcholine, sNPF","Barnstedt et al. 2016 (immuno, RNAi); Johard et al. (immuno); Aso et al. 2019 (scRNA-seq)",right,,fw018152,FBbt_00100248,,isomorphic,,,
81559848940237083,720575940633056467,159550.0,43414.0,4293.0,168704.0,33544.0,4704.0,7076004.0,intrinsic,central,Kenyon_Cell,KCg,14292.0,KCg-m,KCg-m,MBp4,MBp4,dopamine,0.7565697862436531,"acetylcholine; sNPF; acetylcholine, sNPF","Barnstedt et al. 2016 (immuno); Johard et al., 2008 (immuno); Aso et al. 2019 (scRNA-seq)",right,,fw018153,FBbt_00111061,,isomorphic,,,
81559024306495983,720575940631686308,159024.0,30536.0,4277.0,159024.0,30536.0,4277.0,6698448.0,intrinsic,central,Kenyon_Cell,KCg,14292.0,KCg-m,KCg-m,MBp4,MBp4,dopamine,0.699902173565969,"acetylcholine; sNPF; acetylcholine, sNPF","Barnstedt et al. 2016 (immuno); Johard et al., 2008 (immuno); Aso et al. 2019 (scRNA-seq)",right,,fw018165,FBbt_00111061,,isomorphic,,,
81348674122389566,720575940613364461,156112.0,42344.0,5262.0,156112.0,42344.0,5262.0,6826055.0,intrinsic,central,Kenyon_Cell,,17488.0,KCapbp-ap1,KCa'b'-ap1,MBp2,MBp2,dopamine,0.5228480599457778,acetylcholine; acetylcholine,"Barnstedt et al. 2016 (immuno, RNAi); Aso et al. 2019 (scRNA-seq)",right,,fw018176,FBbt:00049836,,isomorphic,,,
80644230565229881,720575940622972365,145944.0,30816.0,3888.0,145944.0,30816.0,3888.0,5631297.0,intrinsic,central,Kenyon_Cell,KCg,14292.0,KCg-m,KCg-m,MBp1,MBp1,dopamine,0.8652439930745556,"acetylcholine; sNPF; acetylcholine, sNPF","Barnstedt et al. 2016 (immuno); Johard et al., 2008 (immuno); Aso et al. 2019 (scRNA-seq)",right,,fw018191,FBbt_00111061,,isomorphic,,,
81348673921241335,720575940626694479,155996.0,42462.0,3897.0,148800.0,28848.0,4326.0,6312629.0,intrinsic,central,Kenyon_Cell,KCab,11862.0,KCab,KCab-c,MBp1,MBp1,dopamine,0.6588545589218603,"acetylcholine; sNPF; acetylcholine, sNPF","Barnstedt et al. 2016 (immuno, RNAi); Johard et al. (immuno); Aso et al. 2019 (scRNA-seq)",right,,fw018202,FBbt_00100248,,isomorphic,,,
81910730588545103,720575940611210865,164552.0,29192.0,4348.0,164552.0,29192.0,4348.0,7059976.0,intrinsic,central,Kenyon_Cell,KCg,14292.0,KCg-m,KCg-m,MBp4,MBp4,dopamine,0.7564651826268586,"acetylcholine; sNPF; acetylcholine, sNPF","Barnstedt et al. 2016 (immuno); Johard et al., 2008 (immuno); Aso et al. 2019 (scRNA-seq)",right,,fw018213,FBbt_00111061,,isomorphic,,,
81559848940224088,720575940616095517,159390.0,43127.0,4293.0,162968.0,30384.0,4406.0,6712558.0,intrinsic,central,Kenyon_Cell,KCg,14292.0,KCg-m,KCg-m,MBp4,MBp4,dopamine,0.752777966841926,"acetylcholine; sNPF; acetylcholine, sNPF","Barnstedt et al. 2016 (immuno); Johard et al., 2008 (immuno); Aso et al. 2019 (scRNA-seq)",right,,fw018224,FBbt_00111061,,isomorphic,,,
82121974259967448,720575940618992749,167400.0,31176.0,4311.0,167400.0,31176.0,4311.0,7064329.0,intrinsic,central,Kenyon_Cell,KCab,11862.0,KCab,KCab-m,MBp4,MBp4,dopamine,0.5833022461945215,"acetylcholine; sNPF; acetylcholine, sNPF","Barnstedt et al. 2016 (immuno, RNAi); Johard et al. (immuno); Aso et al. 2019 (scRNA-seq)",right,,fw018225,FBbt_00100248,,isomorphic,,,
81840361844518562,720575940618586459,162800.0,29304.0,4472.0,162800.0,29304.0,4472.0,6712188.0,intrinsic,central,Kenyon_Cell,KCab,11862.0,KCab,KCab-s,MBp4,MBp4,dopamine,0.6370183004484107,"acetylcholine; sNPF; acetylcholine, sNPF","Barnstedt et al. 2016 (immuno, RNAi); Johard et al. (immuno); Aso et al. 2019 (scRNA-seq)",right,,fw018228,FBbt_00100248,,isomorphic,,,
81630080312803571,720575940632068383,160656.0,41560.0,4968.0,160656.0,41560.0,4968.0,6825153.0,intrinsic,central,Kenyon_Cell,KCab,11862.0,KCab,KCab-m,MBp2,MBp2,dopamine,0.5499717955716974,"acetylcholine; sNPF; acetylcholine, sNPF","Barnstedt et al. 2016 (immuno, RNAi); Johard et al. (immuno); Aso et al. 2019 (scRNA-seq)",right,,fw018250,FBbt_00100248,,isomorphic,,,
81348673921230724,720575940622102763,155802.0,42601.0,3897.0,150104.0,28936.0,4346.0,6314766.0,intrinsic,central,Kenyon_Cell,KCab,11862.0,KCab,KCab-c,MBp1,MBp1,dopamine,0.5692274280566425,"acetylcholine; sNPF; acetylcholine, sNPF","Barnstedt et al. 2016 (immuno, RNAi); Johard et al. (immuno); Aso et al. 2019 (scRNA-seq)",right,,fw018255,FBbt_00100248,,isomorphic,,,
81278373896804042,720575940616087323,155270.0,43108.0,4102.0,145624.0,26576.0,3655.0,5631138.0,intrinsic,central,Kenyon_Cell,KCg,14292.0,KCg-m,KCg-m,MBp1,MBp1,dopamine,0.7683894750662524,"acetylcholine; sNPF; acetylcholine, sNPF","Barnstedt et al. 2016 (immuno); Johard et al., 2008 (immuno); Aso et al. 2019 (scRNA-seq)",right,,fw018267,FBbt_00111061,,isomorphic,,,
80573518223340596,720575940626513171,144848.0,25872.0,3627.0,144848.0,25872.0,3627.0,5630747.0,intrinsic,central,Kenyon_Cell,KCg,14292.0,KCg-m,KCg-m,MBp1,MBp1,dopamine,0.7291553014013683,"acetylcholine; sNPF; acetylcholine, sNPF","Barnstedt et al. 2016 (immuno); Johard et al., 2008 (immuno); Aso et al. 2019 (scRNA-seq)",right,,fw018277,FBbt_00111061,,isomorphic,,,
82262780468074982,720575940634362999,168880.0,31888.0,4471.0,168880.0,31888.0,4471.0,7066279.0,intrinsic,central,Kenyon_Cell,KCab,11862.0,KCab,KCab-c,MBp4,MBp4,dopamine,0.5742956255708968,"acetylcholine; sNPF; acetylcholine, sNPF","Barnstedt et al. 2016 (immuno, RNAi); Johard et al. (immuno); Aso et al. 2019 (scRNA-seq)",right,,fw018283,FBbt_00100248,,isomorphic,,,
81066168152445016,720575940619519909,151768.0,26800.0,3876.0,151768.0,26800.0,3876.0,6309317.0,intrinsic,central,Kenyon_Cell,KCg,14292.0,KCg-m,KCg-m,MBp1,MBp1,dopamine,0.7980703296451412,"acetylcholine; sNPF; acetylcholine, sNPF","Barnstedt et al. 2016 (immuno); Johard et al., 2008 (immuno); Aso et al. 2019 (scRNA-seq)",right,,fw018288,FBbt_00111061,,isomorphic,,,
82122042979271739,720575940625642340,167600.0,31512.0,4187.0,167600.0,31512.0,4187.0,7064408.0,intrinsic,central,Kenyon_Cell,KCab,11862.0,KCab,KCab-s,MBp4,MBp4,dopamine,0.6527102486192762,"acetylcholine; sNPF; acetylcholine, sNPF","Barnstedt et al. 2016 (immuno, RNAi); Johard et al. (immuno); Aso et al. 2019 (scRNA-seq)",right,,fw018289,FBbt_00100248,,isomorphic,,,
81630217617518008,720575940619872372,160219.0,43400.0,3977.0,168832.0,34368.0,4569.0,7076015.0,intrinsic,central,Kenyon_Cell,KCg,14292.0,KCg-m,KCg-m,MBp4,MBp4,dopamine,0.7856646785363772,"acetylcholine; sNPF; acetylcholine, sNPF","Barnstedt et al. 2016 (immuno); Johard et al., 2008 (immuno); Aso et al. 2019 (scRNA-seq)",right,,fw018304,FBbt_00111061,,isomorphic,,,
81348742640970170,720575940624851864,155609.0,43252.0,4102.0,144232.0,27440.0,3695.0,5630540.0,intrinsic,central,Kenyon_Cell,KCg,14292.0,KCg-m,KCg-m,MBp1,MBp1,dopamine,0.7954220988703146,"acetylcholine; sNPF; acetylcholine, sNPF","Barnstedt et al. 2016 (immuno); Johard et al., 2008 (immuno); Aso et al. 2019 (scRNA-seq)",right,,fw018306,FBbt_00111061,,isomorphic,,,
81629186892541928,720575940624480148,160336.0,27424.0,4480.0,160336.0,27424.0,4480.0,6700914.0,intrinsic,central,Kenyon_Cell,KCg,14292.0,KCg-m,KCg-m,MBp3,MBp3,dopamine,0.7426045715527497,"acetylcholine; sNPF; acetylcholine, sNPF","Barnstedt et al. 2016 (immuno); Johard et al., 2008 (immuno); Aso et al. 2019 (scRNA-seq)",right,,fw018307,FBbt_00111061,,isomorphic,,,
80925636822659427,720575940620811073,149968.0,29920.0,4032.0,149968.0,29920.0,4032.0,6308414.0,intrinsic,central,Kenyon_Cell,KCg,14292.0,KCg-m,KCg-m,MBp1,MBp1,dopamine,0.7338275312450571,"acetylcholine; sNPF; acetylcholine, sNPF","Barnstedt et al. 2016 (immuno); Johard et al., 2008 (immuno); Aso et al. 2019 (scRNA-seq)",right,,fw018340,FBbt_00111061,,isomorphic,,,
81066305658241260,720575940617814429,151856.0,29112.0,4226.0,151856.0,29112.0,4226.0,6316517.0,intrinsic,central,Kenyon_Cell,KCab,11862.0,KCab,KCab-s,MBp3,MBp3,dopamine,0.5820248896932251,"acetylcholine; sNPF; acetylcholine, sNPF","Barnstedt et al. 2016 (immuno, RNAi); Johard et al. (immuno); Aso et al. 2019 (scRNA-seq)",right,,fw018350,FBbt_00100248,,isomorphic,,,
81066305658761392,720575940636488878,151704.0,28904.0,4585.0,151704.0,28904.0,4585.0,6316275.0,intrinsic,central,Kenyon_Cell,KCab,11862.0,KCab,KCab-s,MBp3,MBp3,dopamine,0.6716515648509428,"acetylcholine; sNPF; acetylcholine, sNPF","Barnstedt et al. 2016 (immuno, RNAi); Johard et al. (immuno); Aso et al. 2019 (scRNA-seq)",right,,fw018360,FBbt_00100248,,isomorphic,,,
81347918074365425,720575940616672822,156416.0,30408.0,4548.0,156416.0,30408.0,4548.0,6694530.0,intrinsic,central,Kenyon_Cell,KCab,11862.0,KCab,KCab-m,MBp3,MBp3,dopamine,0.6602643145472322,"acetylcholine; sNPF; acetylcholine, sNPF","Barnstedt et al. 2016 (immuno, RNAi); Johard et al. (immuno); Aso et al. 2019 (scRNA-seq)",right,,fw018366,FBbt_00100248,,isomorphic,,,
80926117993136561,720575940637737021,150126.0,36899.0,4974.0,149680.0,33792.0,4913.0,6352071.0,intrinsic,central,Kenyon_Cell,KCg,14292.0,KCg-m,KCg-m,MBp2,MBp2,dopamine,0.7639915637785178,"acetylcholine; sNPF; acetylcholine, sNPF","Barnstedt et al. 2016 (immuno); Johard et al., 2008 (immuno); Aso et al. 2019 (scRNA-seq)",right,,fw018408,FBbt_00111061,,isomorphic,,,
80995936914571943,720575940623947500,150920.0,29128.0,4577.0,150920.0,29128.0,4577.0,6315367.0,intrinsic,central,Kenyon_Cell,KCg,14292.0,KCg-m,KCg-m,MBp1,MBp1,dopamine,0.8072679720199237,"acetylcholine; sNPF; acetylcholine, sNPF","Barnstedt et al. 2016 (immuno); Johard et al., 2008 (immuno); Aso et al. 2019 (scRNA-seq)",right,,fw018409,FBbt_00111061,,isomorphic,,,
80714255711718537,720575940617079257,146720.0,25696.0,3642.0,146720.0,25696.0,3642.0,5631606.0,intrinsic,central,Kenyon_Cell,KCg,14292.0,KCg-m,KCg-m,MBp1,MBp1,dopamine,0.771968637904275,"acetylcholine; sNPF; acetylcholine, sNPF","Barnstedt et al. 2016 (immuno); Johard et al., 2008 (immuno); Aso et al. 2019 (scRNA-seq)",right,,fw018412,FBbt_00111061,,isomorphic,,,
81630286403888255,720575940605424416,159778.0,43752.0,4294.0,158928.0,31536.0,4215.0,6698344.0,intrinsic,central,Kenyon_Cell,KCg,19102.0,KCg-d,KCg-d,MBp4,MBp4,dopamine,0.66604296149965,"acetylcholine; sNPF; acetylcholine, sNPF","Barnstedt et al. 2016 (immuno); Johard et al., 2008 (immuno); Aso et al. 2019 (scRNA-seq)",right,,fw018426,FBbt_00110932,,isomorphic,,,
81348673921234017,720575940630592460,156014.0,42175.0,3896.0,148120.0,33256.0,4584.0,6351567.0,intrinsic,central,Kenyon_Cell,KCab,11862.0,KCab,KCab-m,MBp1,MBp1,dopamine,0.5807751745203914,"acetylcholine; sNPF; acetylcholine, sNPF","Barnstedt et al. 2016 (immuno, RNAi); Johard et al. (immuno); Aso et al. 2019 (scRNA-seq)",right,,fw018441,FBbt_00100248,,isomorphic,,,
80996143005826061,720575940621810871,151312.0,32216.0,4047.0,151312.0,32216.0,4047.0,6309119.0,intrinsic,central,Kenyon_Cell,KCg,19102.0,KCg-d,KCg-d,MBp1,MBp1,dopamine,0.60699980236013,"acetylcholine; sNPF; acetylcholine, sNPF","Barnstedt et al. 2016 (immuno); Johard et al., 2008 (immuno); Aso et al. 2019 (scRNA-seq)",right,,fw018448,FBbt_00110932,,isomorphic,,,
81278236457636888,720575940620469742,155266.0,41557.0,3897.0,143248.0,28144.0,3825.0,5630162.0,intrinsic,central,Kenyon_Cell,KCg,14292.0,KCg-m,KCg-m,MBp1,MBp1,dopamine,0.8062293368906752,"acetylcholine; sNPF; acetylcholine, sNPF","Barnstedt et al. 2016 (immuno); Johard et al., 2008 (immuno); Aso et al. 2019 (scRNA-seq)",right,,fw018450,FBbt_00111061,,isomorphic,,,
81770130539519586,720575940622861971,162456.0,30840.0,4588.0,162456.0,30840.0,4588.0,6711249.0,intrinsic,central,Kenyon_Cell,KCab,11862.0,KCab,KCab-s,MBp4,MBp4,dopamine,0.5931329952013774,"acetylcholine; sNPF; acetylcholine, sNPF","Barnstedt et al. 2016 (immuno, RNAi); Johard et al. (immuno); Aso et al. 2019 (scRNA-seq)",right,,fw018452,FBbt_00100248,,isomorphic,,,
81630286337012026,720575940615476667,159943.0,44263.0,3977.0,158232.0,30496.0,4168.0,6697289.0,intrinsic,central,Kenyon_Cell,KCg,19102.0,KCg-d,KCg-d,MBp4,MBp4,dopamine,0.5449667736934231,"acetylcholine; sNPF; acetylcholine, sNPF","Barnstedt et al. 2016 (immuno); Johard et al., 2008 (immuno); Aso et al. 2019 (scRNA-seq)",right,,fw018453,FBbt_00110932,,isomorphic,,,
81559848873345927,720575940604319078,159523.0,43450.0,3977.0,163312.0,28368.0,4247.0,6713381.0,intrinsic,central,Kenyon_Cell,,17488.0,KCapbp-ap1,KCa'b'-ap1,MBp4,MBp4,dopamine,0.319759266026328,acetylcholine; acetylcholine,"Barnstedt et al. 2016 (immuno, RNAi); Aso et al. 2019 (scRNA-seq)",right,,fw018460,FBbt:00049836,,isomorphic,,,
81630286471344933,720575940629500542,160016.0,44184.0,5039.0,160016.0,44184.0,5039.0,6824990.0,intrinsic,central,Kenyon_Cell,KCab,11862.0,KCab,KCab-c,MBp2,MBp2,dopamine,0.5484031686779963,"acetylcholine; sNPF; acetylcholine, sNPF","Barnstedt et al. 2016 (immuno, RNAi); Johard et al. (immuno); Aso et al. 2019 (scRNA-seq)",right,,fw018465,FBbt_00100248,,isomorphic,,,
82192343004468173,720575940614744991,168352.0,31288.0,4534.0,168352.0,31288.0,4534.0,7065929.0,intrinsic,central,Kenyon_Cell,KCab,11862.0,KCab,KCab-c,MBp4,MBp4,dopamine,0.6537061566661777,"acetylcholine; sNPF; acetylcholine, sNPF","Barnstedt et al. 2016 (immuno, RNAi); Johard et al. (immuno); Aso et al. 2019 (scRNA-seq)",right,,fw018492,FBbt_00100248,,isomorphic,,,
81630286336995175,720575940629839863,160224.0,43848.0,3977.0,157888.0,29704.0,4177.0,6696883.0,intrinsic,central,Kenyon_Cell,KCg,19102.0,KCg-d,KCg-d,MBp4,MBp4,dopamine,0.7027314075128976,"acetylcholine; sNPF; acetylcholine, sNPF","Barnstedt et al. 2016 (immuno); Johard et al., 2008 (immuno); Aso et al. 2019 (scRNA-seq)",right,,fw018493,FBbt_00110932,,isomorphic,,,
81559848940235775,720575940604478176,159458.0,43132.0,4293.0,162112.0,28088.0,4262.0,6710425.0,intrinsic,central,Kenyon_Cell,KCg,14292.0,KCg-m,KCg-m,MBp4,MBp4,dopamine,0.7300824096821239,"acetylcholine; sNPF; acetylcholine, sNPF","Barnstedt et al. 2016 (immuno); Johard et al., 2008 (immuno); Aso et al. 2019 (scRNA-seq)",right,,fw018532,FBbt_00111061,,isomorphic,,,
81981168052312806,720575940617529318,165144.0,29704.0,4415.0,165144.0,29704.0,4415.0,7061871.0,intrinsic,central,Kenyon_Cell,KCab,11862.0,KCab,KCab-c,MBp4,MBp4,dopamine,0.5677482105355192,"acetylcholine; sNPF; acetylcholine, sNPF","Barnstedt et al. 2016 (immuno, RNAi); Johard et al. (immuno); Aso et al. 2019 (scRNA-seq)",right,,fw018541,FBbt_00100248,,isomorphic,,,
81699761861860194,720575940631448531,161040.0,30944.0,4698.0,161040.0,30944.0,4698.0,6704909.0,intrinsic,central,Kenyon_Cell,KCg,19102.0,KCg-d,KCg-d,MBp4,MBp4,dopamine,0.5803085962549792,"acetylcholine; sNPF; acetylcholine, sNPF","Barnstedt et al. 2016 (immuno); Johard et al., 2008 (immuno); Aso et al. 2019 (scRNA-seq)",right,,fw018549,FBbt_00110932,,isomorphic,,,
81136605683417512,720575940605997513,152872.0,28016.0,4576.0,152872.0,28016.0,4576.0,6317711.0,intrinsic,central,Kenyon_Cell,KCab,11862.0,KCab,KCab-s,MBp3,MBp3,dopamine,0.5970440826687589,"acetylcholine; sNPF; acetylcholine, sNPF","Barnstedt et al. 2016 (immuno, RNAi); Johard et al. (immuno); Aso et al. 2019 (scRNA-seq)",right,,fw018561,FBbt_00100248,,isomorphic,,,
82192343004369733,720575940613764364,168200.0,30976.0,4457.0,168200.0,30976.0,4457.0,7065803.0,intrinsic,central,Kenyon_Cell,KCab,11862.0,KCab,KCab-c,MBp4,MBp4,dopamine,0.4848111379150988,"acetylcholine; sNPF; acetylcholine, sNPF","Barnstedt et al. 2016 (immuno, RNAi); Johard et al. (immuno); Aso et al. 2019 (scRNA-seq)",right,,fw018565,FBbt_00100248,,isomorphic,,,
81348742640716140,720575940637595507,156471.0,42742.0,3896.0,148808.0,28416.0,4155.0,6312621.0,intrinsic,central,Kenyon_Cell,KCab,11862.0,KCab,KCab-m,MBp1,MBp1,dopamine,0.5640753083278596,"acetylcholine; sNPF; acetylcholine, sNPF","Barnstedt et al. 2016 (immuno, RNAi); Johard et al. (immuno); Aso et al. 2019 (scRNA-seq)",right,,fw018569,FBbt_00100248,,isomorphic,,,
81137018067265238,720575940630218552,153112.0,34096.0,5010.0,153112.0,34096.0,5010.0,6352763.0,intrinsic,central,Kenyon_Cell,KCg,19102.0,KCg-d,KCg-d,MBp3,MBp3,dopamine,0.6113486570064236,"acetylcholine; sNPF; acetylcholine, sNPF","Barnstedt et al. 2016 (immuno); Johard et al., 2008 (immuno); Aso et al. 2019 (scRNA-seq)",right,,fw018571,FBbt_00110932,,isomorphic,,,
81419180238796545,720575940634117216,157392.0,43720.0,5032.0,157392.0,43720.0,5032.0,6823962.0,intrinsic,central,Kenyon_Cell,KCab,11862.0,KCab,KCab-c,MBp2,MBp2,dopamine,0.6420980506066755,"acetylcholine; sNPF; acetylcholine, sNPF","Barnstedt et al. 2016 (immuno, RNAi); Johard et al. (immuno); Aso et al. 2019 (scRNA-seq)",right,,fw018574,FBbt_00100248,,isomorphic,,,
82121974260112005,720575940637907428,167544.0,31256.0,4407.0,167544.0,31256.0,4407.0,7064425.0,intrinsic,central,Kenyon_Cell,KCab,11862.0,KCab,KCab-c,MBp4,MBp4,dopamine,0.5685830425296028,"acetylcholine; sNPF; acetylcholine, sNPF","Barnstedt et al. 2016 (immuno, RNAi); Johard et al. (immuno); Aso et al. 2019 (scRNA-seq)",right,,fw018592,FBbt_00100248,,isomorphic,,,
80996280578768421,720575940612739186,151168.0,33816.0,4887.0,151168.0,33816.0,4887.0,6352510.0,intrinsic,central,Kenyon_Cell,KCg,19102.0,KCg-d,KCg-d,MBp1,MBp1,dopamine,0.6034763599040405,"acetylcholine; sNPF; acetylcholine, sNPF","Barnstedt et al. 2016 (immuno); Johard et al., 2008 (immuno); Aso et al. 2019 (scRNA-seq)",right,,fw018596,FBbt_00110932,,isomorphic,,,
81629393050742677,720575940628408055,160160.0,30512.0,4310.0,160160.0,30512.0,4310.0,6700423.0,intrinsic,central,Kenyon_Cell,KCg,14292.0,KCg-m,KCg-m,MBp4,MBp4,dopamine,0.74330714292323,"acetylcholine; sNPF; acetylcholine, sNPF","Barnstedt et al. 2016 (immuno); Johard et al., 2008 (immuno); Aso et al. 2019 (scRNA-seq)",right,,fw018600,FBbt_00111061,,isomorphic,,,
81278373896552932,720575940635656670,155475.0,42966.0,3896.0,148440.0,32336.0,4616.0,6311847.0,intrinsic,central,Kenyon_Cell,KCab,11862.0,KCab,KCab-m,MBp1,MBp1,dopamine,0.6501258604969891,"acetylcholine; sNPF; acetylcholine, sNPF","Barnstedt et al. 2016 (immuno, RNAi); Johard et al. (immuno); Aso et al. 2019 (scRNA-seq)",right,,fw018601,FBbt_00100248,,isomorphic,,,
81559848940224623,720575940620576494,159193.0,43643.0,4293.0,157016.0,45176.0,4941.0,6823371.0,intrinsic,central,Kenyon_Cell,KCg,19102.0,KCg-d,KCg-d,MBp2,MBp2,dopamine,0.6264361104634606,"acetylcholine; sNPF; acetylcholine, sNPF","Barnstedt et al. 2016 (immuno); Johard et al., 2008 (immuno); Aso et al. 2019 (scRNA-seq)",right,,fw018615,FBbt_00110932,,isomorphic,,,
81630217617532698,720575940635803876,160172.0,43435.0,3977.0,171120.0,33864.0,4622.0,7076626.0,intrinsic,central,Kenyon_Cell,KCg,14292.0,KCg-m,KCg-m,MBp4,MBp4,dopamine,0.7785657852684249,"acetylcholine; sNPF; acetylcholine, sNPF","Barnstedt et al. 2016 (immuno); Johard et al., 2008 (immuno); Aso et al. 2019 (scRNA-seq)",right,,fw018628,FBbt_00111061,,isomorphic,,,
81489411610657303,720575940635150990,158248.0,41832.0,5217.0,158248.0,41832.0,5217.0,6826974.0,intrinsic,central,Kenyon_Cell,KCab,11862.0,KCab,KCab-s,MBp2,MBp2,dopamine,0.6390545367822451,"acetylcholine; sNPF; acetylcholine, sNPF","Barnstedt et al. 2016 (immuno, RNAi); Johard et al. (immuno); Aso et al. 2019 (scRNA-seq)",right,,fw018646,FBbt_00100248,,isomorphic,,,
81559848940226349,720575940606347394,158886.0,43092.0,4293.0,151400.0,31768.0,4808.0,6315898.0,intrinsic,central,Kenyon_Cell,KCg,14292.0,KCg-m,KCg-m,MBp4,MBp4,dopamine,0.8252616941984261,"acetylcholine; sNPF; acetylcholine, sNPF","Barnstedt et al. 2016 (immuno); Johard et al., 2008 (immuno); Aso et al. 2019 (scRNA-seq)",right,,fw018655,FBbt_00111061,,isomorphic,,,
81981168052207192,720575940625223690,165400.0,29400.0,4341.0,165400.0,29400.0,4341.0,7062377.0,intrinsic,central,Kenyon_Cell,KCab,11862.0,KCab,KCab-s,MBp4,MBp4,dopamine,0.5596438371532869,"acetylcholine; sNPF; acetylcholine, sNPF","Barnstedt et al. 2016 (immuno, RNAi); Johard et al. (immuno); Aso et al. 2019 (scRNA-seq)",right,,fw018662,FBbt_00100248,,isomorphic,,,
80925362011445114,720575940626305679,150168.0,25632.0,4217.0,150168.0,25632.0,4217.0,6314780.0,intrinsic,central,Kenyon_Cell,KCab,11862.0,KCab,KCab-s,MBp3,MBp3,dopamine,0.5757797890858535,"acetylcholine; sNPF; acetylcholine, sNPF","Barnstedt et al. 2016 (immuno, RNAi); Johard et al. (immuno); Aso et al. 2019 (scRNA-seq)",right,,fw018669,FBbt_00100248,,isomorphic,,,
81630286471272149,720575940631177035,160464.0,43736.0,4992.0,160464.0,43736.0,4992.0,6825127.0,intrinsic,central,Kenyon_Cell,KCab,11862.0,KCab,KCab-c,MBp2,MBp2,dopamine,0.5025394124963092,"acetylcholine; sNPF; acetylcholine, sNPF","Barnstedt et al. 2016 (immuno, RNAi); Johard et al. (immuno); Aso et al. 2019 (scRNA-seq)",right,,fw018689,FBbt_00100248,,isomorphic,,,
81207180652771076,720575940620179821,153760.0,30640.0,4835.0,153760.0,30640.0,4835.0,6318538.0,intrinsic,central,Kenyon_Cell,KCab,11862.0,KCab,KCab-m,MBp3,MBp3,dopamine,0.5679863597812884,"acetylcholine; sNPF; acetylcholine, sNPF","Barnstedt et al. 2016 (immuno, RNAi); Johard et al. (immuno); Aso et al. 2019 (scRNA-seq)",right,,fw018692,FBbt_00100248,,isomorphic,,,
81630217751746951,720575940606452681,160344.0,43136.0,4948.0,160344.0,43136.0,4948.0,6825101.0,intrinsic,central,Kenyon_Cell,KCab,11862.0,KCab,KCab-m,MBp2,MBp2,dopamine,0.506649732954075,"acetylcholine; sNPF; acetylcholine, sNPF","Barnstedt et al. 2016 (immuno, RNAi); Johard et al. (immuno); Aso et al. 2019 (scRNA-seq)",right,,fw018696,FBbt_00100248,,isomorphic,,,
81136743055124042,720575940616677661,153264.0,29600.0,3966.0,153264.0,29600.0,3966.0,6309904.0,intrinsic,central,Kenyon_Cell,KCg,14292.0,KCg-m,KCg-m,MBp1,MBp1,dopamine,0.7152527180971999,"acetylcholine; sNPF; acetylcholine, sNPF","Barnstedt et al. 2016 (immuno); Johard et al., 2008 (immuno); Aso et al. 2019 (scRNA-seq)",right,,fw018700,FBbt_00111061,,isomorphic,,,
81489617568137115,720575940637584755,157952.0,44770.0,3976.0,152552.0,31024.0,4718.0,6317352.0,intrinsic,central,Kenyon_Cell,KCg,19102.0,KCg-d,KCg-d,MBp1,MBp1,dopamine,0.5911201937413261,"acetylcholine; sNPF; acetylcholine, sNPF","Barnstedt et al. 2016 (immuno); Johard et al., 2008 (immuno); Aso et al. 2019 (scRNA-seq)",right,,fw018705,FBbt_00110932,,isomorphic,,,
81418149379437940,720575940607792139,157472.0,29000.0,4444.0,157472.0,29000.0,4444.0,6696281.0,intrinsic,central,Kenyon_Cell,KCg,14292.0,KCg-m,KCg-m,MBp3,MBp3,dopamine,0.7613420896551742,"acetylcholine; sNPF; acetylcholine, sNPF","Barnstedt et al. 2016 (immuno); Johard et al., 2008 (immuno); Aso et al. 2019 (scRNA-seq)",right,,fw018706,FBbt_00111061,,isomorphic,,,
82051536796201819,720575940611664281,166304.0,30136.0,4236.0,166304.0,30136.0,4236.0,7063372.0,intrinsic,central,Kenyon_Cell,KCab,11862.0,KCab,KCab-s,MBp4,MBp4,dopamine,0.6146878328926164,"acetylcholine; sNPF; acetylcholine, sNPF","Barnstedt et al. 2016 (immuno, RNAi); Johard et al. (immuno); Aso et al. 2019 (scRNA-seq)",right,,fw018708,FBbt_00100248,,isomorphic,,,
81559848940248569,720575940630935570,158979.0,42996.0,4294.0,160704.0,27976.0,4147.0,6702633.0,intrinsic,central,Kenyon_Cell,KCg,14292.0,KCg-m,KCg-m,MBp4,MBp4,dopamine,0.7985567268696346,"acetylcholine; sNPF; acetylcholine, sNPF","Barnstedt et al. 2016 (immuno); Johard et al., 2008 (immuno); Aso et al. 2019 (scRNA-seq)",right,,fw018712,FBbt_00111061,,isomorphic,,,
81348742640709738,720575940618544367,156050.0,42635.0,3897.0,148216.0,30528.0,4464.0,6311448.0,intrinsic,central,Kenyon_Cell,KCab,11862.0,KCab,KCab-c,MBp1,MBp1,dopamine,0.5425572657414092,"acetylcholine; sNPF; acetylcholine, sNPF","Barnstedt et al. 2016 (immuno, RNAi); Johard et al. (immuno); Aso et al. 2019 (scRNA-seq)",right,,fw018722,FBbt_00100248,,isomorphic,,,
81559849007579559,720575940630906029,159184.0,43120.0,4934.0,159184.0,43120.0,4934.0,6824826.0,intrinsic,central,Kenyon_Cell,KCab,11862.0,KCab,KCab-m,MBp2,MBp2,dopamine,0.5610870880246784,"acetylcholine; sNPF; acetylcholine, sNPF","Barnstedt et al. 2016 (immuno, RNAi); Johard et al. (immuno); Aso et al. 2019 (scRNA-seq)",right,,fw018725,FBbt_00100248,,isomorphic,,,
81066305591561824,720575940627854568,151560.0,29216.0,4030.0,151560.0,29216.0,4030.0,6309211.0,intrinsic,central,Kenyon_Cell,KCg,14292.0,KCg-m,KCg-m,MBp1,MBp1,dopamine,0.8075239698664721,"acetylcholine; sNPF; acetylcholine, sNPF","Barnstedt et al. 2016 (immuno); Johard et al., 2008 (immuno); Aso et al. 2019 (scRNA-seq)",right,,fw018726,FBbt_00111061,,isomorphic,,,
81559917659720286,720575940626242054,159495.0,43755.0,4294.0,166160.0,35856.0,4871.0,7074919.0,intrinsic,central,Kenyon_Cell,KCg,19102.0,KCg-d,KCg-d,MBp4,MBp4,dopamine,0.6275532388579921,"acetylcholine; sNPF; acetylcholine, sNPF","Barnstedt et al. 2016 (immuno); Johard et al., 2008 (immuno); Aso et al. 2019 (scRNA-seq)",right,,fw018760,FBbt_00110932,,isomorphic,,,
81207111933086439,720575940627621626,153520.0,29568.0,4656.0,153520.0,29568.0,4656.0,6318394.0,intrinsic,central,Kenyon_Cell,KCab,11862.0,KCab,KCab-c,MBp3,MBp3,dopamine,0.5771340371284468,"acetylcholine; sNPF; acetylcholine, sNPF","Barnstedt et al. 2016 (immuno, RNAi); Johard et al. (immuno); Aso et al. 2019 (scRNA-seq)",right,,fw018770,FBbt_00100248,,isomorphic,,,
81136743055249426,720575940627426837,153088.0,30104.0,4055.0,153088.0,30104.0,4055.0,6309780.0,intrinsic,central,Kenyon_Cell,KCg,14292.0,KCg-m,KCg-m,MBp1,MBp1,dopamine,0.7503213476143897,"acetylcholine; sNPF; acetylcholine, sNPF","Barnstedt et al. 2016 (immuno); Johard et al., 2008 (immuno); Aso et al. 2019 (scRNA-seq)",right,,fw018776,FBbt_00111061,,isomorphic,,,
82192343004288706,720575940614772383,168536.0,30440.0,4389.0,168536.0,30440.0,4389.0,7066058.0,intrinsic,central,Kenyon_Cell,KCab,11862.0,KCab,KCab-c,MBp4,MBp4,dopamine,0.5630335191427656,"acetylcholine; sNPF; acetylcholine, sNPF","Barnstedt et al. 2016 (immuno, RNAi); Johard et al. (immuno); Aso et al. 2019 (scRNA-seq)",right,,fw018786,FBbt_00100248,,isomorphic,,,
81348811360415243,720575940649020025,156431.0,43926.0,4102.0,152976.0,37808.0,5177.0,6355491.0,intrinsic,central,Kenyon_Cell,KCg,14292.0,KCg-m,KCg-m,MBp2,MBp2,dopamine,0.7506748913215444,"acetylcholine; sNPF; acetylcholine, sNPF","Barnstedt et al. 2016 (immuno); Johard et al., 2008 (immuno); Aso et al. 2019 (scRNA-seq)",right,,fw018795,FBbt_00111061,,isomorphic,,,
81559848940223970,720575940624584579,158790.0,42993.0,4293.0,152024.0,28968.0,4140.0,6316699.0,intrinsic,central,Kenyon_Cell,KCg,14292.0,KCg-m,KCg-m,MBp3,MBp3,dopamine,0.7525611993755694,"acetylcholine; sNPF; acetylcholine, sNPF","Barnstedt et al. 2016 (immuno); Johard et al., 2008 (immuno); Aso et al. 2019 (scRNA-seq)",right,,fw018797,FBbt_00111061,,isomorphic,,,
82192343004164583,720575940616052625,168512.0,30384.0,4306.0,168512.0,30384.0,4306.0,7066038.0,intrinsic,central,Kenyon_Cell,KCab,11862.0,KCab,KCab-m,MBp4,MBp4,dopamine,0.5933647473197708,"acetylcholine; sNPF; acetylcholine, sNPF","Barnstedt et al. 2016 (immuno, RNAi); Johard et al. (immuno); Aso et al. 2019 (scRNA-seq)",right,,fw018802,FBbt_00100248,,isomorphic,,,
81630286337005392,720575940610658674,160249.0,43764.0,3977.0,159400.0,31064.0,4304.0,6698955.0,intrinsic,central,Kenyon_Cell,KCg,19102.0,KCg-d,KCg-d,MBp4,MBp4,dopamine,0.532672858173192,"acetylcholine; sNPF; acetylcholine, sNPF","Barnstedt et al. 2016 (immuno); Johard et al., 2008 (immuno); Aso et al. 2019 (scRNA-seq)",right,,fw018809,FBbt_00110932,,isomorphic,,,
80925774328801607,720575940621922398,150044.0,32030.0,4572.0,150144.0,29168.0,4045.0,6308529.0,intrinsic,central,Kenyon_Cell,KCab,11862.0,KCab,KCab-s,MBp1,MBp1,dopamine,0.6272770157114554,"acetylcholine; sNPF; acetylcholine, sNPF","Barnstedt et al. 2016 (immuno, RNAi); Johard et al. (immuno); Aso et al. 2019 (scRNA-seq)",right,,fw018823,FBbt_00100248,,isomorphic,,,
81630217617523810,720575940608662485,160319.0,43225.0,3976.0,169760.0,31632.0,4356.0,7066662.0,intrinsic,central,Kenyon_Cell,KCg,14292.0,KCg-m,KCg-m,MBp4,MBp4,dopamine,0.7815658637368968,"acetylcholine; sNPF; acetylcholine, sNPF","Barnstedt et al. 2016 (immuno); Johard et al., 2008 (immuno); Aso et al. 2019 (scRNA-seq)",right,,fw018843,FBbt_00111061,,isomorphic,,,
81348742640719997,720575940633040223,155854.0,43041.0,3897.0,146088.0,29096.0,4179.0,5640907.0,intrinsic,central,Kenyon_Cell,KCab,11862.0,KCab,KCab-s,MBp1,MBp1,dopamine,0.5772973801094401,"acetylcholine; sNPF; acetylcholine, sNPF","Barnstedt et al. 2016 (immuno, RNAi); Johard et al. (immuno); Aso et al. 2019 (scRNA-seq)",right,,fw018844,FBbt_00100248,,isomorphic,,,
81419180305438087,720575940645759523,156656.0,43888.0,5192.0,156656.0,43888.0,5192.0,6826263.0,intrinsic,central,Kenyon_Cell,KCab,11862.0,KCab,KCab-c,MBp2,MBp2,dopamine,0.6235964619292638,"acetylcholine; sNPF; acetylcholine, sNPF","Barnstedt et al. 2016 (immuno, RNAi); Johard et al. (immuno); Aso et al. 2019 (scRNA-seq)",right,,fw018845,FBbt_00100248,,isomorphic,,,
80925568103044368,720575940617937181,149760.0,29120.0,3916.0,149760.0,29120.0,3916.0,6308318.0,intrinsic,central,Kenyon_Cell,KCg,14292.0,KCg-m,KCg-m,MBp1,MBp1,dopamine,0.7398558762511249,"acetylcholine; sNPF; acetylcholine, sNPF","Barnstedt et al. 2016 (immuno); Johard et al., 2008 (immuno); Aso et al. 2019 (scRNA-seq)",right,,fw018849,FBbt_00111061,,isomorphic,,,
81136605616180444,720575940629823563,153448.0,28024.0,3958.0,153448.0,28024.0,3958.0,6309989.0,intrinsic,central,Kenyon_Cell,KCg,19102.0,KCg-d,KCg-d,MBp1,MBp1,dopamine,0.723531279066592,"acetylcholine; sNPF; acetylcholine, sNPF","Barnstedt et al. 2016 (immuno); Johard et al., 2008 (immuno); Aso et al. 2019 (scRNA-seq)",right,,fw018850,FBbt_00110932,,isomorphic,,,
80643955687178209,720575940629515306,145560.0,26344.0,3753.0,145560.0,26344.0,3753.0,5631092.0,intrinsic,central,Kenyon_Cell,KCg,14292.0,KCg-m,KCg-m,MBp1,MBp1,dopamine,0.8025864038787014,"acetylcholine; sNPF; acetylcholine, sNPF","Barnstedt et al. 2016 (immuno); Johard et al., 2008 (immuno); Aso et al. 2019 (scRNA-seq)",right,,fw018879,FBbt_00111061,,isomorphic,,,
81348742640725729,720575940633551540,155987.0,42705.0,3897.0,149448.0,28368.0,4222.0,6313963.0,intrinsic,central,Kenyon_Cell,KCab,11862.0,KCab,KCab-c,MBp1,MBp1,dopamine,0.5400281229971583,"acetylcholine; sNPF; acetylcholine, sNPF","Barnstedt et al. 2016 (immuno, RNAi); Johard et al. (immuno); Aso et al. 2019 (scRNA-seq)",right,,fw018891,FBbt_00100248,,isomorphic,,,
81488586843176360,720575940623166471,158288.0,29352.0,4493.0,158288.0,29352.0,4493.0,6697377.0,intrinsic,central,Kenyon_Cell,KCab,11862.0,KCab,KCab-m,MBp3,MBp3,dopamine,0.5456316703872169,"acetylcholine; sNPF; acetylcholine, sNPF","Barnstedt et al. 2016 (immuno, RNAi); Johard et al. (immuno); Aso et al. 2019 (scRNA-seq)",right,,fw018909,FBbt_00100248,,isomorphic,,,
81278305177069961,720575940622204669,155154.0,41741.0,3896.0,153080.0,29520.0,4501.0,6318017.0,intrinsic,central,Kenyon_Cell,KCg,19102.0,KCg-d,KCg-d,MBp1,MBp1,dopamine,0.5852056519934697,"acetylcholine; sNPF; acetylcholine, sNPF","Barnstedt et al. 2016 (immuno); Johard et al., 2008 (immuno); Aso et al. 2019 (scRNA-seq)",right,,fw018928,FBbt_00110932,,isomorphic,,,
81418286885240830,720575940633093483,157528.0,31304.0,4769.0,157528.0,31304.0,4769.0,6696354.0,intrinsic,central,Kenyon_Cell,KCab,11862.0,KCab,KCab-c,MBp3,MBp3,dopamine,0.484118039719846,"acetylcholine; sNPF; acetylcholine, sNPF","Barnstedt et al. 2016 (immuno, RNAi); Johard et al. (immuno); Aso et al. 2019 (scRNA-seq)",right,,fw018940,FBbt_00100248,,isomorphic,,,
81348742640731513,720575940615456985,156201.0,42799.0,3897.0,150184.0,29920.0,4466.0,6314854.0,intrinsic,central,Kenyon_Cell,KCab,11862.0,KCab,KCab-c,MBp1,MBp1,dopamine,0.5450857686405391,"acetylcholine; sNPF; acetylcholine, sNPF","Barnstedt et al. 2016 (immuno, RNAi); Johard et al. (immuno); Aso et al. 2019 (scRNA-seq)",right,,fw018944,FBbt_00100248,,isomorphic,,,
81066443164358401,720575940635386616,151856.0,30936.0,4765.0,151856.0,30936.0,4765.0,6316447.0,intrinsic,central,Kenyon_Cell,KCg,14292.0,KCg-m,KCg-m,MBp3,MBp3,dopamine,0.8022966412888503,"acetylcholine; sNPF; acetylcholine, sNPF","Barnstedt et al. 2016 (immuno); Johard et al., 2008 (immuno); Aso et al. 2019 (scRNA-seq)",right,,fw018945,FBbt_00111061,,isomorphic,,,
80573861821302871,720575940635628766,145312.0,31312.0,4042.0,145312.0,31312.0,4042.0,5630955.0,intrinsic,central,Kenyon_Cell,KCg,14292.0,KCg-m,KCg-m,MBp1,MBp1,dopamine,0.7967518057449909,"acetylcholine; sNPF; acetylcholine, sNPF","Barnstedt et al. 2016 (immuno); Johard et al., 2008 (immuno); Aso et al. 2019 (scRNA-seq)",right,,fw018966,FBbt_00111061,,isomorphic,,,
81559780354888877,720575940614854294,158800.0,42400.0,5228.0,158800.0,42400.0,5228.0,6827156.0,intrinsic,central,Kenyon_Cell,KCab,11862.0,KCab,KCab-m,MBp2,MBp2,dopamine,0.5327177512911238,"acetylcholine; sNPF; acetylcholine, sNPF","Barnstedt et al. 2016 (immuno, RNAi); Johard et al. (immuno); Aso et al. 2019 (scRNA-seq)",right,,fw018967,FBbt_00100248,,isomorphic,,,
81347780701945405,720575940634954164,156576.0,28384.0,4664.0,156576.0,28384.0,4664.0,6694886.0,intrinsic,central,Kenyon_Cell,KCg,14292.0,KCg-m,KCg-m,MBp3,MBp3,dopamine,0.7555848138928647,"acetylcholine; sNPF; acetylcholine, sNPF","Barnstedt et al. 2016 (immuno); Johard et al., 2008 (immuno); Aso et al. 2019 (scRNA-seq)",right,,fw018976,FBbt_00111061,,isomorphic,,,
81348673921223572,720575940609405646,155658.0,42586.0,3897.0,146456.0,31184.0,4236.0,5641081.0,intrinsic,central,Kenyon_Cell,KCab,11862.0,KCab,KCab-c,MBp1,MBp1,dopamine,0.4997346919430938,"acetylcholine; sNPF; acetylcholine, sNPF","Barnstedt et al. 2016 (immuno, RNAi); Johard et al. (immuno); Aso et al. 2019 (scRNA-seq)",right,,fw019001,FBbt_00100248,,isomorphic,,,
81559917592809352,720575940626758489,159556.0,44351.0,3976.0,160448.0,28520.0,4194.0,6701372.0,intrinsic,central,Kenyon_Cell,KCg,14292.0,KCg-m,KCg-m,MBp4,MBp4,dopamine,0.7158049016336774,"acetylcholine; sNPF; acetylcholine, sNPF","Barnstedt et al. 2016 (immuno); Johard et al., 2008 (immuno); Aso et al. 2019 (scRNA-seq)",right,,fw019008,FBbt_00111061,,isomorphic,,,
81066305591382313,720575940631842956,152000.0,28456.0,3899.0,152000.0,28456.0,3899.0,6309408.0,intrinsic,central,Kenyon_Cell,KCg,14292.0,KCg-m,KCg-m,MBp1,MBp1,dopamine,0.7919665396951914,"acetylcholine; sNPF; acetylcholine, sNPF","Barnstedt et al. 2016 (immuno); Johard et al., 2008 (immuno); Aso et al. 2019 (scRNA-seq)",right,,fw019015,FBbt_00111061,,isomorphic,,,
81558955587534371,720575940634638990,158920.0,30256.0,4610.0,158920.0,30256.0,4610.0,6698324.0,intrinsic,central,Kenyon_Cell,KCab,11862.0,KCab,KCab-m,MBp3,MBp3,dopamine,0.5968504140539338,"acetylcholine; sNPF; acetylcholine, sNPF","Barnstedt et al. 2016 (immuno, RNAi); Johard et al. (immuno); Aso et al. 2019 (scRNA-seq)",right,,fw019017,FBbt_00100248,,isomorphic,,,
81348673921234141,720575940626655321,155860.0,42315.0,3897.0,148936.0,30872.0,4520.0,6312868.0,intrinsic,central,Kenyon_Cell,KCab,11862.0,KCab,KCab-c,MBp1,MBp1,dopamine,0.6526676091520802,"acetylcholine; sNPF; acetylcholine, sNPF","Barnstedt et al. 2016 (immuno, RNAi); Johard et al. (immuno); Aso et al. 2019 (scRNA-seq)",right,,fw019019,FBbt_00100248,,isomorphic,,,
81981305558042401,720575940627243623,165576.0,31592.0,4694.0,165576.0,31592.0,4694.0,7062645.0,intrinsic,central,Kenyon_Cell,KCab,11862.0,KCab,KCab-c,MBp4,MBp4,dopamine,0.5818768059859419,"acetylcholine; sNPF; acetylcholine, sNPF","Barnstedt et al. 2016 (immuno, RNAi); Johard et al. (immuno); Aso et al. 2019 (scRNA-seq)",right,,fw019035,FBbt_00100248,,isomorphic,,,
80503218198906203,720575940621403844,143320.0,26904.0,3809.0,143320.0,26904.0,3809.0,5630188.0,intrinsic,central,Kenyon_Cell,KCg,14292.0,KCg-m,KCg-m,MBp1,MBp1,dopamine,0.794104709956412,"acetylcholine; sNPF; acetylcholine, sNPF","Barnstedt et al. 2016 (immuno); Johard et al., 2008 (immuno); Aso et al. 2019 (scRNA-seq)",right,,fw019058,FBbt_00111061,,isomorphic,,,
81488518123749114,720575940614902667,158616.0,29072.0,4562.0,158616.0,29072.0,4562.0,6697988.0,intrinsic,central,Kenyon_Cell,KCab,11862.0,KCab,KCab-c,MBp3,MBp3,dopamine,0.5499312005236257,"acetylcholine; sNPF; acetylcholine, sNPF","Barnstedt et al. 2016 (immuno, RNAi); Johard et al. (immuno); Aso et al. 2019 (scRNA-seq)",right,,fw019059,FBbt_00100248,,isomorphic,,,
81348673921249199,720575940625158437,156305.0,42474.0,3896.0,148264.0,29864.0,4516.0,6311459.0,intrinsic,central,Kenyon_Cell,KCab,11862.0,KCab,KCab-m,MBp1,MBp1,dopamine,0.4562394351556547,"acetylcholine; sNPF; acetylcholine, sNPF","Barnstedt et al. 2016 (immuno, RNAi); Johard et al. (immuno); Aso et al. 2019 (scRNA-seq)",right,,fw019075,FBbt_00100248,,isomorphic,,,
81278305177060689,720575940612337203,155486.0,42314.0,3897.0,148424.0,31720.0,4527.0,6311898.0,intrinsic,central,Kenyon_Cell,KCab,11862.0,KCab,KCab-m,MBp1,MBp1,dopamine,0.5282847461914089,"acetylcholine; sNPF; acetylcholine, sNPF","Barnstedt et al. 2016 (immuno, RNAi); Johard et al. (immuno); Aso et al. 2019 (scRNA-seq)",right,,fw019077,FBbt_00100248,,isomorphic,,,
82051605516008462,720575940625807108,166048.0,30840.0,4450.0,166048.0,30840.0,4450.0,7063157.0,intrinsic,central,Kenyon_Cell,KCab,11862.0,KCab,KCab-c,MBp4,MBp4,dopamine,0.4740696997597073,"acetylcholine; sNPF; acetylcholine, sNPF","Barnstedt et al. 2016 (immuno, RNAi); Johard et al. (immuno); Aso et al. 2019 (scRNA-seq)",right,,fw019086,FBbt_00100248,,isomorphic,,,
81348673921236526,720575940618779118,155918.0,42480.0,3896.0,148392.0,29928.0,4416.0,6311774.0,intrinsic,central,Kenyon_Cell,KCab,11862.0,KCab,KCab-c,MBp1,MBp1,dopamine,0.5828904463364454,"acetylcholine; sNPF; acetylcholine, sNPF","Barnstedt et al. 2016 (immuno, RNAi); Johard et al. (immuno); Aso et al. 2019 (scRNA-seq)",right,,fw019103,FBbt_00100248,,isomorphic,,,
81910799308414503,720575940624232974,164536.0,30184.0,4611.0,164536.0,30184.0,4611.0,7059918.0,intrinsic,central,Kenyon_Cell,KCab,11862.0,KCab,KCab-c,MBp4,MBp4,dopamine,0.4871016196235543,"acetylcholine; sNPF; acetylcholine, sNPF","Barnstedt et al. 2016 (immuno, RNAi); Johard et al. (immuno); Aso et al. 2019 (scRNA-seq)",right,,fw019105,FBbt_00100248,,isomorphic,,,
80854993200342557,720575940623191334,149176.0,25304.0,3819.0,149176.0,25304.0,3819.0,6308084.0,intrinsic,central,Kenyon_Cell,KCg,14292.0,KCg-m,KCg-m,MBp1,MBp1,dopamine,0.7463581161798429,"acetylcholine; sNPF; acetylcholine, sNPF","Barnstedt et al. 2016 (immuno); Johard et al., 2008 (immuno); Aso et al. 2019 (scRNA-seq)",right,,fw019109,FBbt_00111061,,isomorphic,,,
81348742640719779,720575940618359745,155874.0,42662.0,3897.0,149808.0,30184.0,4384.0,6314479.0,intrinsic,central,Kenyon_Cell,KCab,11862.0,KCab,KCab-c,MBp1,MBp1,dopamine,0.5591920685297586,"acetylcholine; sNPF; acetylcholine, sNPF","Barnstedt et al. 2016 (immuno, RNAi); Johard et al. (immuno); Aso et al. 2019 (scRNA-seq)",right,,fw019124,FBbt_00100248,,isomorphic,,,
81559917659706197,720575940605550950,159066.0,43750.0,4293.0,161464.0,40312.0,4939.0,6749001.0,intrinsic,central,Kenyon_Cell,KCg,19102.0,KCg-d,KCg-d,MBp3,MBp3,dopamine,0.5625482032661244,"acetylcholine; sNPF; acetylcholine, sNPF","Barnstedt et al. 2016 (immuno); Johard et al., 2008 (immuno); Aso et al. 2019 (scRNA-seq)",right,,fw019134,FBbt_00110932,,isomorphic,,,
81419180238681750,720575940628209212,157232.0,44376.0,4931.0,157232.0,44376.0,4931.0,6823739.0,intrinsic,central,Kenyon_Cell,KCab,11862.0,KCab,KCab-s,MBp2,MBp2,dopamine,0.614161321457379,"acetylcholine; sNPF; acetylcholine, sNPF","Barnstedt et al. 2016 (immuno, RNAi); Johard et al. (immuno); Aso et al. 2019 (scRNA-seq)",right,,fw019146,FBbt_00100248,,isomorphic,,,
81348742640735644,720575940620892877,156265.0,42667.0,3897.0,149112.0,28944.0,4406.0,6313257.0,intrinsic,central,Kenyon_Cell,KCab,11862.0,KCab,KCab-c,MBp1,MBp1,dopamine,0.5970366774062102,"acetylcholine; sNPF; acetylcholine, sNPF","Barnstedt et al. 2016 (immuno, RNAi); Johard et al. (immuno); Aso et al. 2019 (scRNA-seq)",right,,fw019153,FBbt_00100248,,isomorphic,,,
81559780288235624,720575940628519020,158800.0,41864.0,5064.0,158800.0,41864.0,5064.0,6824727.0,intrinsic,central,Kenyon_Cell,KCab,11862.0,KCab,KCab-m,MBp2,MBp2,dopamine,0.5933567646268192,"acetylcholine; sNPF; acetylcholine, sNPF","Barnstedt et al. 2016 (immuno, RNAi); Johard et al. (immuno); Aso et al. 2019 (scRNA-seq)",right,,fw019169,FBbt_00100248,,isomorphic,,,
80573586942936121,720575940612575230,144800.0,26464.0,3694.0,144800.0,26464.0,3694.0,5630733.0,intrinsic,central,Kenyon_Cell,KCg,14292.0,KCg-m,KCg-m,MBp1,MBp1,dopamine,0.7516783498104558,"acetylcholine; sNPF; acetylcholine, sNPF","Barnstedt et al. 2016 (immuno); Johard et al., 2008 (immuno); Aso et al. 2019 (scRNA-seq)",right,,fw019175,FBbt_00111061,,isomorphic,,,
81278305177305076,720575940621809246,154955.0,42432.0,4103.0,143440.0,27968.0,3732.0,5630226.0,intrinsic,central,Kenyon_Cell,KCg,14292.0,KCg-m,KCg-m,MBp1,MBp1,dopamine,0.7630209117803691,"acetylcholine; sNPF; acetylcholine, sNPF","Barnstedt et al. 2016 (immuno); Johard et al., 2008 (immuno); Aso et al. 2019 (scRNA-seq)",right,,fw019178,FBbt_00111061,,isomorphic,,,
81347918141171480,720575940646419235,156232.0,31248.0,4896.0,156232.0,31248.0,4896.0,6693885.0,intrinsic,central,Kenyon_Cell,KCg,14292.0,KCg-m,KCg-m,MBp3,MBp3,dopamine,0.7470663260447864,"acetylcholine; sNPF; acetylcholine, sNPF","Barnstedt et al. 2016 (immuno); Johard et al., 2008 (immuno); Aso et al. 2019 (scRNA-seq)",right,,fw019181,FBbt_00111061,,isomorphic,,,
81699624356321363,720575940615783837,161400.0,29048.0,4579.0,161400.0,29048.0,4579.0,6707630.0,intrinsic,central,Kenyon_Cell,KCg,19102.0,KCg-d,KCg-d,MBp3,MBp3,dopamine,0.7275218360062544,"acetylcholine; sNPF; acetylcholine, sNPF","Barnstedt et al. 2016 (immuno); Johard et al., 2008 (immuno); Aso et al. 2019 (scRNA-seq)",right,,fw019190,FBbt_00110932,,isomorphic,,,
81559848940217485,720575940626364401,158964.0,43438.0,4294.0,149160.0,26928.0,3783.0,6308077.0,intrinsic,central,Kenyon_Cell,KCg,14292.0,KCg-m,KCg-m,MBp1,MBp1,dopamine,0.8075140241244055,"acetylcholine; sNPF; acetylcholine, sNPF","Barnstedt et al. 2016 (immuno); Johard et al., 2008 (immuno); Aso et al. 2019 (scRNA-seq)",right,,fw019198,FBbt_00111061,,isomorphic,,,
80925499450746397,720575940624296376,150336.0,27896.0,4458.0,150336.0,27896.0,4458.0,6314982.0,intrinsic,central,Kenyon_Cell,KCg,14292.0,KCg-m,KCg-m,MBp1,MBp1,dopamine,0.8121156082225466,"acetylcholine; sNPF; acetylcholine, sNPF","Barnstedt et al. 2016 (immuno); Johard et al., 2008 (immuno); Aso et al. 2019 (scRNA-seq)",right,,fw019205,FBbt_00111061,,isomorphic,,,
81910868027415529,720575940618765528,164419.0,31289.0,4293.0,169432.0,29864.0,4148.0,7066533.0,intrinsic,central,Kenyon_Cell,KCg,14292.0,KCg-m,KCg-m,MBp4,MBp4,dopamine,0.7564915980574934,"acetylcholine; sNPF; acetylcholine, sNPF","Barnstedt et al. 2016 (immuno); Johard et al., 2008 (immuno); Aso et al. 2019 (scRNA-seq)",right,,fw019207,FBbt_00111061,,isomorphic,,,
81207043213568307,720575940626560857,153944.0,28616.0,4632.0,153944.0,28616.0,4632.0,6318661.0,intrinsic,central,Kenyon_Cell,KCab,11862.0,KCab,KCab-c,MBp3,MBp3,dopamine,0.6361763217344739,"acetylcholine; sNPF; acetylcholine, sNPF","Barnstedt et al. 2016 (immuno, RNAi); Johard et al. (immuno); Aso et al. 2019 (scRNA-seq)",right,,fw019215,FBbt_00100248,,isomorphic,,,
81419317744505667,720575940641362907,156728.0,46520.0,5281.0,156728.0,46520.0,5281.0,6826277.0,intrinsic,central,Kenyon_Cell,KCg,14292.0,KCg-m,KCg-m,MBp2,MBp2,dopamine,0.8045885210801426,"acetylcholine; sNPF; acetylcholine, sNPF","Barnstedt et al. 2016 (immuno); Johard et al., 2008 (immuno); Aso et al. 2019 (scRNA-seq)",right,,fw019228,FBbt_00111061,,isomorphic,,,
81559093093221462,720575940626676120,159320.0,31568.0,4901.0,159320.0,31568.0,4901.0,6698761.0,intrinsic,central,Kenyon_Cell,KCab,11862.0,KCab,KCab-m,MBp3,MBp3,dopamine,0.5888254142445672,"acetylcholine; sNPF; acetylcholine, sNPF","Barnstedt et al. 2016 (immuno, RNAi); Johard et al. (immuno); Aso et al. 2019 (scRNA-seq)",right,,fw019229,FBbt_00100248,,isomorphic,,,
81136880560807435,720575940624562836,152872.0,31712.0,4189.0,152872.0,31712.0,4189.0,6317734.0,intrinsic,central,Kenyon_Cell,KCg,19102.0,KCg-d,KCg-d,MBp1,MBp1,dopamine,0.5921862977575003,"acetylcholine; sNPF; acetylcholine, sNPF","Barnstedt et al. 2016 (immuno); Johard et al., 2008 (immuno); Aso et al. 2019 (scRNA-seq)",right,,fw019233,FBbt_00110932,,isomorphic,,,
81488518123438399,720575940619866657,158520.0,29280.0,4332.0,158520.0,29280.0,4332.0,6697881.0,intrinsic,central,Kenyon_Cell,KCg,19102.0,KCg-d,KCg-d,MBp3,MBp3,dopamine,0.6362610381940949,"acetylcholine; sNPF; acetylcholine, sNPF","Barnstedt et al. 2016 (immuno); Johard et al., 2008 (immuno); Aso et al. 2019 (scRNA-seq)",right,,fw019241,FBbt_00110932,,isomorphic,,,
81348742640735850,720575940609190866,155946.0,42759.0,3897.0,148648.0,29520.0,4227.0,6312304.0,intrinsic,central,Kenyon_Cell,KCab,11862.0,KCab,KCab-c,MBp1,MBp1,dopamine,0.5314675421133803,"acetylcholine; sNPF; acetylcholine, sNPF","Barnstedt et al. 2016 (immuno, RNAi); Johard et al. (immuno); Aso et al. 2019 (scRNA-seq)",right,,fw019245,FBbt_00100248,,isomorphic,,,
81559917727231792,720575940628574715,159560.0,43648.0,5068.0,159560.0,43648.0,5068.0,6824896.0,intrinsic,central,Kenyon_Cell,KCab,11862.0,KCab,KCab-c,MBp2,MBp2,dopamine,0.6283814121949607,"acetylcholine; sNPF; acetylcholine, sNPF","Barnstedt et al. 2016 (immuno, RNAi); Johard et al. (immuno); Aso et al. 2019 (scRNA-seq)",right,,fw019249,FBbt_00100248,,isomorphic,,,
81066992987135643,720575940638468678,151800.0,38992.0,5182.0,151800.0,38992.0,5182.0,6354688.0,intrinsic,central,Kenyon_Cell,KCg,14292.0,KCg-m,KCg-m,MBp2,MBp2,dopamine,0.7290697120044906,"acetylcholine; sNPF; acetylcholine, sNPF","Barnstedt et al. 2016 (immuno); Johard et al., 2008 (immuno); Aso et al. 2019 (scRNA-seq)",right,,fw019252,FBbt_00111061,,isomorphic,,,
81136743188899254,720575940624426533,152848.0,30224.0,4653.0,152848.0,30224.0,4653.0,6317731.0,intrinsic,central,Kenyon_Cell,KCab,11862.0,KCab,KCab-c,MBp3,MBp3,dopamine,0.5790031853541837,"acetylcholine; sNPF; acetylcholine, sNPF","Barnstedt et al. 2016 (immuno, RNAi); Johard et al. (immuno); Aso et al. 2019 (scRNA-seq)",right,,fw019261,FBbt_00100248,,isomorphic,,,
81278305177085373,720575940624754983,155382.0,42509.0,3896.0,146824.0,32296.0,4302.0,5641252.0,intrinsic,central,Kenyon_Cell,KCab,11862.0,KCab,KCab-m,MBp1,MBp1,dopamine,0.5480140876303544,"acetylcholine; sNPF; acetylcholine, sNPF","Barnstedt et al. 2016 (immuno, RNAi); Johard et al. (immuno); Aso et al. 2019 (scRNA-seq)",right,,fw019277,FBbt_00100248,,isomorphic,,,
80996143072950532,720575940606864341,150667.0,31725.0,4571.0,153160.0,30504.0,4353.0,6318063.0,intrinsic,central,Kenyon_Cell,KCab,11862.0,KCab,KCab-m,MBp1,MBp1,dopamine,0.566392482940625,"acetylcholine; sNPF; acetylcholine, sNPF","Barnstedt et al. 2016 (immuno, RNAi); Johard et al. (immuno); Aso et al. 2019 (scRNA-seq)",right,,fw019286,FBbt_00100248,,isomorphic,,,
82192411723590385,720575940640688336,168144.0,31536.0,4266.0,168144.0,31536.0,4266.0,7065703.0,intrinsic,central,Kenyon_Cell,KCg,14292.0,KCg-m,KCg-m,MBp4,MBp4,dopamine,0.8084865344661775,"acetylcholine; sNPF; acetylcholine, sNPF","Barnstedt et al. 2016 (immuno); Johard et al., 2008 (immuno); Aso et al. 2019 (scRNA-seq)",right,,fw019289,FBbt_00111061,,isomorphic,,,
80573861821099520,720575940632197935,145088.0,30352.0,3882.0,145088.0,30352.0,3882.0,5630881.0,intrinsic,central,Kenyon_Cell,KCg,14292.0,KCg-m,KCg-m,MBp1,MBp1,dopamine,0.7811197633492912,"acetylcholine; sNPF; acetylcholine, sNPF","Barnstedt et al. 2016 (immuno); Johard et al., 2008 (immuno); Aso et al. 2019 (scRNA-seq)",right,,fw019291,FBbt_00111061,,isomorphic,,,
80714461937266939,720575940625837060,146856.0,28904.0,4139.0,146856.0,28904.0,4139.0,5641251.0,intrinsic,central,Kenyon_Cell,KCab,11862.0,KCab,KCab-s,MBp1,MBp1,dopamine,0.6406156610127798,"acetylcholine; sNPF; acetylcholine, sNPF","Barnstedt et al. 2016 (immuno, RNAi); Johard et al. (immuno); Aso et al. 2019 (scRNA-seq)",right,,fw019303,FBbt_00100248,,isomorphic,,,
81348742640738167,720575940624704002,156136.0,42913.0,3897.0,149648.0,31488.0,4514.0,6314281.0,intrinsic,central,Kenyon_Cell,KCab,11862.0,KCab,KCab-m,MBp1,MBp1,dopamine,0.6231259416015387,"acetylcholine; sNPF; acetylcholine, sNPF","Barnstedt et al. 2016 (immuno, RNAi); Johard et al. (immuno); Aso et al. 2019 (scRNA-seq)",right,,fw019307,FBbt_00100248,,isomorphic,,,
81769993100039886,720575940615263903,162392.0,28872.0,4222.0,162392.0,28872.0,4222.0,6711095.0,intrinsic,central,Kenyon_Cell,KCg,14292.0,KCg-m,KCg-m,MBp4,MBp4,dopamine,0.7548160584830621,"acetylcholine; sNPF; acetylcholine, sNPF","Barnstedt et al. 2016 (immuno); Johard et al., 2008 (immuno); Aso et al. 2019 (scRNA-seq)",right,,fw019308,FBbt_00111061,,isomorphic,,,
82051674235367293,720575940624327196,166192.0,31672.0,4358.0,166192.0,31672.0,4358.0,7063277.0,intrinsic,central,Kenyon_Cell,KCab,11862.0,KCab,KCab-m,MBp4,MBp4,dopamine,0.5811717658548148,"acetylcholine; sNPF; acetylcholine, sNPF","Barnstedt et al. 2016 (immuno, RNAi); Johard et al. (immuno); Aso et al. 2019 (scRNA-seq)",right,,fw019312,FBbt_00100248,,isomorphic,,,
82262780467937915,720575940626343665,168984.0,31720.0,4375.0,168984.0,31720.0,4375.0,7066344.0,intrinsic,central,Kenyon_Cell,KCab,11862.0,KCab,KCab-s,MBp4,MBp4,dopamine,0.6458210236520635,"acetylcholine; sNPF; acetylcholine, sNPF","Barnstedt et al. 2016 (immuno, RNAi); Johard et al. (immuno); Aso et al. 2019 (scRNA-seq)",right,,fw019321,FBbt_00100248,,isomorphic,,,
80925774328809822,720575940645828740,150193.0,31672.0,4572.0,150808.0,29072.0,4198.0,6315289.0,intrinsic,central,Kenyon_Cell,KCab,11862.0,KCab,KCab-m,MBp1,MBp1,dopamine,0.6057212027856147,"acetylcholine; sNPF; acetylcholine, sNPF","Barnstedt et al. 2016 (immuno, RNAi); Johard et al. (immuno); Aso et al. 2019 (scRNA-seq)",right,,fw019322,FBbt_00100248,,isomorphic,,,
81489548848606358,720575940609169762,158340.0,44639.0,3977.0,155104.0,44064.0,4987.0,6371364.0,intrinsic,central,Kenyon_Cell,KCg,19102.0,KCg-d,KCg-d,MBp2,MBp2,dopamine,0.6816349914234138,"acetylcholine; sNPF; acetylcholine, sNPF","Barnstedt et al. 2016 (immuno); Johard et al., 2008 (immuno); Aso et al. 2019 (scRNA-seq)",right,,fw019327,FBbt_00110932,,isomorphic,,,
80995868127787954,720575940613782796,151352.0,27328.0,3948.0,151352.0,27328.0,3948.0,6309128.0,intrinsic,central,Kenyon_Cell,KCg,14292.0,KCg-m,KCg-m,MBp1,MBp1,dopamine,0.8299381867484189,"acetylcholine; sNPF; acetylcholine, sNPF","Barnstedt et al. 2016 (immuno); Johard et al., 2008 (immuno); Aso et al. 2019 (scRNA-seq)",right,,fw019335,FBbt_00111061,,isomorphic,,,
81630217617536996,720575940634661806,160408.0,43467.0,3977.0,165272.0,37704.0,4973.0,7074539.0,intrinsic,central,Kenyon_Cell,KCg,19102.0,KCg-d,KCg-d,MBp4,MBp4,dopamine,0.5890451862344697,"acetylcholine; sNPF; acetylcholine, sNPF","Barnstedt et al. 2016 (immuno); Johard et al., 2008 (immuno); Aso et al. 2019 (scRNA-seq)",right,,fw019341,FBbt_00110932,,isomorphic,,,
81488586909834251,720575940611045700,158272.0,29856.0,4703.0,158272.0,29856.0,4703.0,6697362.0,intrinsic,central,Kenyon_Cell,KCab,11862.0,KCab,KCab-m,MBp3,MBp3,dopamine,0.5506075816517386,"acetylcholine; sNPF; acetylcholine, sNPF","Barnstedt et al. 2016 (immuno, RNAi); Johard et al. (immuno); Aso et al. 2019 (scRNA-seq)",right,,fw019348,FBbt_00100248,,isomorphic,,,
81066168152370706,720575940626700889,152384.0,26864.0,3816.0,152384.0,26864.0,3816.0,6309548.0,intrinsic,central,Kenyon_Cell,KCg,14292.0,KCg-m,KCg-m,MBp1,MBp1,dopamine,0.7874037836552576,"acetylcholine; sNPF; acetylcholine, sNPF","Barnstedt et al. 2016 (immuno); Johard et al., 2008 (immuno); Aso et al. 2019 (scRNA-seq)",right,,fw019350,FBbt_00111061,,isomorphic,,,
81208005353561624,720575940614614203,153880.0,43632.0,5302.0,153880.0,43632.0,5302.0,6375872.0,intrinsic,central,Kenyon_Cell,,17488.0,KCapbp-ap2,KCa'b'-ap2,MBp2,MBp2,dopamine,0.5278439730295648,acetylcholine; acetylcholine,"Barnstedt et al. 2016 (immuno, RNAi); Aso et al. 2019 (scRNA-seq)",right,,fw019359,FBbt:00049837,,isomorphic,,,
81347780635349113,720575940617612578,156480.0,29104.0,4503.0,156480.0,29104.0,4503.0,6694657.0,intrinsic,central,Kenyon_Cell,KCab,11862.0,KCab,KCab-c,MBp3,MBp3,dopamine,0.5548733835443044,"acetylcholine; sNPF; acetylcholine, sNPF","Barnstedt et al. 2016 (immuno, RNAi); Johard et al. (immuno); Aso et al. 2019 (scRNA-seq)",right,,fw019376,FBbt_00100248,,isomorphic,,,
81489617568141614,720575940614813526,157800.0,44716.0,3977.0,159560.0,45352.0,5037.0,6824904.0,intrinsic,central,Kenyon_Cell,KCg,19102.0,KCg-d,KCg-d,MBp2,MBp2,dopamine,0.6184318670742514,"acetylcholine; sNPF; acetylcholine, sNPF","Barnstedt et al. 2016 (immuno); Johard et al., 2008 (immuno); Aso et al. 2019 (scRNA-seq)",right,,fw019380,FBbt_00110932,,isomorphic,,,
81489342824635702,720575940626646544,158059.0,40716.0,5133.0,160584.0,42168.0,5179.0,6828928.0,intrinsic,central,Kenyon_Cell,KCab,11862.0,KCab,KCab-s,MBp2,MBp2,dopamine,0.6508121090935384,"acetylcholine; sNPF; acetylcholine, sNPF","Barnstedt et al. 2016 (immuno, RNAi); Johard et al. (immuno); Aso et al. 2019 (scRNA-seq)",right,,fw019381,FBbt_00100248,,isomorphic,,,
81488586843238639,720575940621203376,158624.0,30240.0,4533.0,158624.0,30240.0,4533.0,6697969.0,intrinsic,central,Kenyon_Cell,KCab,11862.0,KCab,KCab-m,MBp3,MBp3,dopamine,0.642998607386474,"acetylcholine; sNPF; acetylcholine, sNPF","Barnstedt et al. 2016 (immuno, RNAi); Johard et al. (immuno); Aso et al. 2019 (scRNA-seq)",right,,fw019385,FBbt_00100248,,isomorphic,,,
81278305177076203,720575940619630207,155438.0,42439.0,3897.0,146648.0,32064.0,4192.0,5641161.0,intrinsic,central,Kenyon_Cell,KCab,11862.0,KCab,KCab-m,MBp1,MBp1,dopamine,0.4696072355065823,"acetylcholine; sNPF; acetylcholine, sNPF","Barnstedt et al. 2016 (immuno, RNAi); Johard et al. (immuno); Aso et al. 2019 (scRNA-seq)",right,,fw019391,FBbt_00100248,,isomorphic,,,
81559642849208953,720575940632009356,158696.0,40288.0,5018.0,158696.0,40288.0,5018.0,6748446.0,intrinsic,central,Kenyon_Cell,KCg,19102.0,KCg-d,KCg-d,MBp3,MBp3,dopamine,0.546767610461499,"acetylcholine; sNPF; acetylcholine, sNPF","Barnstedt et al. 2016 (immuno); Johard et al., 2008 (immuno); Aso et al. 2019 (scRNA-seq)",right,,fw019393,FBbt_00110932,,isomorphic,,,
81277274385152996,720575940615876294,155136.0,27120.0,4046.0,155136.0,27120.0,4046.0,6310633.0,intrinsic,central,Kenyon_Cell,KCg,14292.0,KCg-m,KCg-m,MBp3,MBp3,dopamine,0.7647320808522674,"acetylcholine; sNPF; acetylcholine, sNPF","Barnstedt et al. 2016 (immuno); Johard et al., 2008 (immuno); Aso et al. 2019 (scRNA-seq)",right,,fw019398,FBbt_00111061,,isomorphic,,,
81840430564106033,720575940617708747,163128.0,29992.0,4513.0,163128.0,29992.0,4513.0,6712899.0,intrinsic,central,Kenyon_Cell,KCab,11862.0,KCab,KCab-m,MBp4,MBp4,dopamine,0.6493078528787782,"acetylcholine; sNPF; acetylcholine, sNPF","Barnstedt et al. 2016 (immuno, RNAi); Johard et al. (immuno); Aso et al. 2019 (scRNA-seq)",right,,fw019406,FBbt_00100248,,isomorphic,,,
81630217617528269,720575940636636486,160540.0,43171.0,3977.0,160032.0,29800.0,4187.0,6700180.0,intrinsic,central,Kenyon_Cell,KCg,19102.0,KCg-d,KCg-d,MBp4,MBp4,dopamine,0.6418493540616164,"acetylcholine; sNPF; acetylcholine, sNPF","Barnstedt et al. 2016 (immuno); Johard et al., 2008 (immuno); Aso et al. 2019 (scRNA-seq)",right,,fw019425,FBbt_00110932,,isomorphic,,,
81207111933165215,720575940607352003,153784.0,30048.0,4721.0,153784.0,30048.0,4721.0,6318565.0,intrinsic,central,Kenyon_Cell,KCab,11862.0,KCab,KCab-c,MBp3,MBp3,dopamine,0.5100231469524014,"acetylcholine; sNPF; acetylcholine, sNPF","Barnstedt et al. 2016 (immuno, RNAi); Johard et al. (immuno); Aso et al. 2019 (scRNA-seq)",right,,fw019436,FBbt_00100248,,isomorphic,,,
81489480196050454,720575940623822261,158398.0,43243.0,4293.0,153680.0,33448.0,5027.0,6352826.0,intrinsic,central,Kenyon_Cell,KCg,14292.0,KCg-m,KCg-m,MBp3,MBp3,dopamine,0.7311966379095598,"acetylcholine; sNPF; acetylcholine, sNPF","Barnstedt et al. 2016 (immuno); Johard et al., 2008 (immuno); Aso et al. 2019 (scRNA-seq)",right,,fw019441,FBbt_00111061,,isomorphic,,,
82051674235714629,720575940635016048,166800.0,31904.0,4603.0,166800.0,31904.0,4603.0,7063863.0,intrinsic,central,Kenyon_Cell,KCab,11862.0,KCab,KCab-c,MBp4,MBp4,dopamine,0.632916534726429,"acetylcholine; sNPF; acetylcholine, sNPF","Barnstedt et al. 2016 (immuno, RNAi); Johard et al. (immuno); Aso et al. 2019 (scRNA-seq)",right,,fw019447,FBbt_00100248,,isomorphic,,,
82051674302191573,720575940632932762,166464.0,32024.0,4681.0,166464.0,32024.0,4681.0,7063519.0,intrinsic,central,Kenyon_Cell,KCab,11862.0,KCab,KCab-c,MBp4,MBp4,dopamine,0.6561187451894054,"acetylcholine; sNPF; acetylcholine, sNPF","Barnstedt et al. 2016 (immuno, RNAi); Johard et al. (immuno); Aso et al. 2019 (scRNA-seq)",right,,fw019473,FBbt_00100248,,isomorphic,,,
81278373896798202,720575940628060934,155515.0,43085.0,4103.0,146424.0,29936.0,4025.0,5631509.0,intrinsic,central,Kenyon_Cell,KCg,14292.0,KCg-m,KCg-m,MBp1,MBp1,dopamine,0.7561542057767344,"acetylcholine; sNPF; acetylcholine, sNPF","Barnstedt et al. 2016 (immuno); Johard et al., 2008 (immuno); Aso et al. 2019 (scRNA-seq)",right,,fw019476,FBbt_00111061,,isomorphic,,,
81559780086911726,720575940604008672,159663.0,42175.0,3594.0,152864.0,28624.0,3939.0,6309696.0,intrinsic,central,Kenyon_Cell,KCg,14292.0,KCg-m,KCg-m,MBp1,MBp1,dopamine,0.7126100909891521,"acetylcholine; sNPF; acetylcholine, sNPF","Barnstedt et al. 2016 (immuno); Johard et al., 2008 (immuno); Aso et al. 2019 (scRNA-seq)",right,,fw019477,FBbt_00111061,,isomorphic,,,
81277480677167627,720575940622671613,154728.0,30008.0,4647.0,154728.0,30008.0,4647.0,6319252.0,intrinsic,central,Kenyon_Cell,KCab,11862.0,KCab,KCab-c,MBp3,MBp3,dopamine,0.5752251729964741,"acetylcholine; sNPF; acetylcholine, sNPF","Barnstedt et al. 2016 (immuno, RNAi); Johard et al. (immuno); Aso et al. 2019 (scRNA-seq)",right,,fw019484,FBbt_00100248,,isomorphic,,,
81981168052455660,720575940631998023,165480.0,29368.0,4531.0,165480.0,29368.0,4531.0,7062518.0,intrinsic,central,Kenyon_Cell,KCab,11862.0,KCab,KCab-c,MBp4,MBp4,dopamine,0.5772050385582636,"acetylcholine; sNPF; acetylcholine, sNPF","Barnstedt et al. 2016 (immuno, RNAi); Johard et al. (immuno); Aso et al. 2019 (scRNA-seq)",right,,fw019496,FBbt_00100248,,isomorphic,,,
81559848940232283,720575940633123609,159240.0,43303.0,4293.0,166544.0,34192.0,4852.0,7075084.0,intrinsic,central,Kenyon_Cell,KCg,14292.0,KCg-m,KCg-m,MBp4,MBp4,dopamine,0.747006938248938,"acetylcholine; sNPF; acetylcholine, sNPF","Barnstedt et al. 2016 (immuno); Johard et al., 2008 (immuno); Aso et al. 2019 (scRNA-seq)",right,,fw019502,FBbt_00111061,,isomorphic,,,
81700517776412523,720575940606454108,160816.0,42376.0,4919.0,160816.0,42376.0,4919.0,6825195.0,intrinsic,central,Kenyon_Cell,KCab,11862.0,KCab,KCab-m,MBp2,MBp2,dopamine,0.565433382174164,"acetylcholine; sNPF; acetylcholine, sNPF","Barnstedt et al. 2016 (immuno, RNAi); Johard et al. (immuno); Aso et al. 2019 (scRNA-seq)",right,,fw019518,FBbt_00100248,,isomorphic,,,
81770886520619888,720575940620831949,162696.0,42576.0,4938.0,162696.0,42576.0,4938.0,6825625.0,intrinsic,central,Kenyon_Cell,KCab,11862.0,KCab,KCab-m,MBp2,MBp2,dopamine,0.4590754401807097,"acetylcholine; sNPF; acetylcholine, sNPF","Barnstedt et al. 2016 (immuno, RNAi); Johard et al. (immuno); Aso et al. 2019 (scRNA-seq)",right,,fw019520,FBbt_00100248,,isomorphic,,,
80995799408108980,720575940637050933,150840.0,26752.0,3793.0,150840.0,26752.0,3793.0,6308898.0,intrinsic,central,Kenyon_Cell,KCg,14292.0,KCg-m,KCg-m,MBp1,MBp1,dopamine,0.8356636516237508,"acetylcholine; sNPF; acetylcholine, sNPF","Barnstedt et al. 2016 (immuno); Johard et al., 2008 (immuno); Aso et al. 2019 (scRNA-seq)",right,,fw019521,FBbt_00111061,,isomorphic,,,
81066305658593986,720575940628054839,151976.0,28736.0,4475.0,151976.0,28736.0,4475.0,6316636.0,intrinsic,central,Kenyon_Cell,KCab,11862.0,KCab,KCab-s,MBp3,MBp3,dopamine,0.6057086428631099,"acetylcholine; sNPF; acetylcholine, sNPF","Barnstedt et al. 2016 (immuno, RNAi); Johard et al. (immuno); Aso et al. 2019 (scRNA-seq)",right,,fw019525,FBbt_00100248,,isomorphic,,,
80714118272755005,720575940606963586,146376.0,23392.0,3622.0,146376.0,23392.0,3622.0,5592864.0,intrinsic,central,Kenyon_Cell,KCg,14292.0,KCg-m,KCg-m,MBp1,MBp1,dopamine,0.7460553081492464,"acetylcholine; sNPF; acetylcholine, sNPF","Barnstedt et al. 2016 (immuno); Johard et al., 2008 (immuno); Aso et al. 2019 (scRNA-seq)",right,,fw019532,FBbt_00111061,,isomorphic,,,
80503355637937396,720575940626225941,143928.0,28544.0,3873.0,143928.0,28544.0,3873.0,5630440.0,intrinsic,central,Kenyon_Cell,KCg,14292.0,KCg-m,KCg-m,MBp1,MBp1,dopamine,0.7910138853342177,"acetylcholine; sNPF; acetylcholine, sNPF","Barnstedt et al. 2016 (immuno); Johard et al., 2008 (immuno); Aso et al. 2019 (scRNA-seq)",right,,fw019538,FBbt_00111061,,isomorphic,,,
81348811360430514,720575940627834359,155740.0,43682.0,4102.0,152680.0,27864.0,3899.0,6309631.0,intrinsic,central,Kenyon_Cell,KCg,14292.0,KCg-m,KCg-m,MBp1,MBp1,dopamine,0.7099229422217697,"acetylcholine; sNPF; acetylcholine, sNPF","Barnstedt et al. 2016 (immuno); Johard et al., 2008 (immuno); Aso et al. 2019 (scRNA-seq)",right,,fw019541,FBbt_00111061,,isomorphic,,,
81770886520615472,720575940616308597,161800.0,42600.0,4948.0,161800.0,42600.0,4948.0,6825465.0,intrinsic,central,Kenyon_Cell,KCab,11862.0,KCab,KCab-m,MBp2,MBp2,dopamine,0.6207521874878618,"acetylcholine; sNPF; acetylcholine, sNPF","Barnstedt et al. 2016 (immuno, RNAi); Johard et al. (immuno); Aso et al. 2019 (scRNA-seq)",right,,fw019552,FBbt_00100248,,isomorphic,,,
81630217617528382,720575940639118168,160326.0,43362.0,3977.0,166936.0,35152.0,4820.0,7075219.0,intrinsic,central,Kenyon_Cell,KCg,14292.0,KCg-m,KCg-m,MBp4,MBp4,dopamine,0.7446362895504932,"acetylcholine; sNPF; acetylcholine, sNPF","Barnstedt et al. 2016 (immuno); Johard et al., 2008 (immuno); Aso et al. 2019 (scRNA-seq)",right,,fw019580,FBbt_00111061,,isomorphic,,,
81629393117728155,720575940611988008,160216.0,30888.0,4743.0,160216.0,30888.0,4743.0,6700487.0,intrinsic,central,Kenyon_Cell,KCab,11862.0,KCab,KCab-m,MBp3,MBp3,dopamine,0.6425820824751023,"acetylcholine; sNPF; acetylcholine, sNPF","Barnstedt et al. 2016 (immuno, RNAi); Johard et al. (immuno); Aso et al. 2019 (scRNA-seq)",right,,fw019587,FBbt_00100248,,isomorphic,,,
81559917727231294,720575940633243755,159328.0,44584.0,5054.0,159328.0,44584.0,5054.0,6824861.0,intrinsic,central,Kenyon_Cell,KCab,11862.0,KCab,KCab-c,MBp2,MBp2,dopamine,0.5775068084251036,"acetylcholine; sNPF; acetylcholine, sNPF","Barnstedt et al. 2016 (immuno, RNAi); Johard et al. (immuno); Aso et al. 2019 (scRNA-seq)",right,,fw019589,FBbt_00100248,,isomorphic,,,
81630286403889452,720575940617293268,159676.0,43682.0,4294.0,160824.0,30440.0,4620.0,6703166.0,intrinsic,central,Kenyon_Cell,KCg,19102.0,KCg-d,KCg-d,MBp4,MBp4,dopamine,0.6095692593210182,"acetylcholine; sNPF; acetylcholine, sNPF","Barnstedt et al. 2016 (immuno); Johard et al., 2008 (immuno); Aso et al. 2019 (scRNA-seq)",right,,fw019599,FBbt_00110932,,isomorphic,,,
81488586843401047,720575940614010419,158464.0,29632.0,4618.0,158464.0,29632.0,4618.0,6697733.0,intrinsic,central,Kenyon_Cell,KCab,11862.0,KCab,KCab-m,MBp3,MBp3,dopamine,0.5910781782350096,"acetylcholine; sNPF; acetylcholine, sNPF","Barnstedt et al. 2016 (immuno, RNAi); Johard et al. (immuno); Aso et al. 2019 (scRNA-seq)",right,,fw019604,FBbt_00100248,,isomorphic,,,
81137361731474701,720575940622815684,152872.0,39040.0,5296.0,152872.0,39040.0,5296.0,6355401.0,intrinsic,central,Kenyon_Cell,KCab,11862.0,KCab,KCab-s,MBp2,MBp2,dopamine,0.6494888732878645,"acetylcholine; sNPF; acetylcholine, sNPF","Barnstedt et al. 2016 (immuno, RNAi); Johard et al. (immuno); Aso et al. 2019 (scRNA-seq)",right,,fw019619,FBbt_00100248,,isomorphic,,,
81981236771610955,720575940619404214,164908.0,31121.0,4293.0,164752.0,31120.0,4346.0,7060716.0,intrinsic,central,Kenyon_Cell,KCab,11862.0,KCab,KCab-s,MBp4,MBp4,dopamine,0.6355857832506447,"acetylcholine; sNPF; acetylcholine, sNPF","Barnstedt et al. 2016 (immuno, RNAi); Johard et al. (immuno); Aso et al. 2019 (scRNA-seq)",right,,fw019626,FBbt_00100248,,isomorphic,,,
81700586495873761,720575940637714264,161032.0,43312.0,4895.0,161032.0,43312.0,4895.0,6825235.0,intrinsic,central,Kenyon_Cell,KCg,14292.0,KCg-m,KCg-m,MBp2,MBp2,dopamine,0.5216595446606271,"acetylcholine; sNPF; acetylcholine, sNPF","Barnstedt et al. 2016 (immuno); Johard et al., 2008 (immuno); Aso et al. 2019 (scRNA-seq)",right,,fw019630,FBbt_00111061,,isomorphic,,,
80643886967588823,720575940622451273,146312.0,26216.0,3670.0,146312.0,26216.0,3670.0,5631438.0,intrinsic,central,Kenyon_Cell,KCg,14292.0,KCg-m,KCg-m,MBp1,MBp1,dopamine,0.7858432010757466,"acetylcholine; sNPF; acetylcholine, sNPF","Barnstedt et al. 2016 (immuno); Johard et al., 2008 (immuno); Aso et al. 2019 (scRNA-seq)",right,,fw019641,FBbt_00111061,,isomorphic,,,
82051811741184625,720575940660047489,166800.0,34040.0,4708.0,166800.0,34040.0,4708.0,7075180.0,intrinsic,central,Kenyon_Cell,KCab,11862.0,KCab,KCab-s,MBp4,MBp4,dopamine,0.6126370230384443,"acetylcholine; sNPF; acetylcholine, sNPF","Barnstedt et al. 2016 (immuno, RNAi); Johard et al. (immuno); Aso et al. 2019 (scRNA-seq)",right,,fw019642,FBbt_00100248,,isomorphic,,,
82051674235284077,720575940631575599,166800.0,31656.0,4306.0,166800.0,31656.0,4306.0,7063831.0,intrinsic,central,Kenyon_Cell,KCab,11862.0,KCab,KCab-s,MBp4,MBp4,dopamine,0.606926671815799,"acetylcholine; sNPF; acetylcholine, sNPF","Barnstedt et al. 2016 (immuno, RNAi); Johard et al. (immuno); Aso et al. 2019 (scRNA-seq)",right,,fw019658,FBbt_00100248,,isomorphic,,,
81136536963433791,720575940625570334,153400.0,26488.0,4209.0,153400.0,26488.0,4209.0,6318272.0,intrinsic,central,Kenyon_Cell,KCab,11862.0,KCab,KCab-s,MBp3,MBp3,dopamine,0.6340885567930924,"acetylcholine; sNPF; acetylcholine, sNPF","Barnstedt et al. 2016 (immuno, RNAi); Johard et al. (immuno); Aso et al. 2019 (scRNA-seq)",right,,fw019659,FBbt_00100248,,isomorphic,,,
81136811908533749,720575940637184078,153184.0,31168.0,4792.0,153184.0,31168.0,4792.0,6318049.0,intrinsic,central,Kenyon_Cell,KCab,11862.0,KCab,KCab-m,MBp3,MBp3,dopamine,0.6231157303166001,"acetylcholine; sNPF; acetylcholine, sNPF","Barnstedt et al. 2016 (immuno, RNAi); Johard et al. (immuno); Aso et al. 2019 (scRNA-seq)",right,,fw019660,FBbt_00100248,,isomorphic,,,
81910936813714417,720575940616589888,164480.0,31912.0,4624.0,164480.0,31912.0,4624.0,7059672.0,intrinsic,central,Kenyon_Cell,KCab,11862.0,KCab,KCab-c,MBp4,MBp4,dopamine,0.6061447389508448,"acetylcholine; sNPF; acetylcholine, sNPF","Barnstedt et al. 2016 (immuno, RNAi); Johard et al. (immuno); Aso et al. 2019 (scRNA-seq)",right,,fw019662,FBbt_00100248,,isomorphic,,,
81277343171220462,720575940621023809,154720.0,28144.0,4174.0,154720.0,28144.0,4174.0,6319251.0,intrinsic,central,Kenyon_Cell,,17488.0,KCapbp-ap2,KCa'b'-ap2,MBp3,MBp3,dopamine,0.5391764283272404,acetylcholine; acetylcholine,"Barnstedt et al. 2016 (immuno, RNAi); Aso et al. 2019 (scRNA-seq)",right,,fw019669,FBbt:00049837,,isomorphic,,,
81136674469391607,720575940624492802,152896.0,28712.0,4637.0,152896.0,28712.0,4637.0,6317783.0,intrinsic,central,Kenyon_Cell,KCab,11862.0,KCab,KCab-m,MBp3,MBp3,dopamine,0.628179332519789,"acetylcholine; sNPF; acetylcholine, sNPF","Barnstedt et al. 2016 (immuno, RNAi); Johard et al. (immuno); Aso et al. 2019 (scRNA-seq)",right,,fw019686,FBbt_00100248,,isomorphic,,,
81348742640716275,720575940621382852,156103.0,42987.0,3896.0,149752.0,29520.0,4570.0,6314432.0,intrinsic,central,Kenyon_Cell,KCab,11862.0,KCab,KCab-s,MBp1,MBp1,dopamine,0.6190698544625521,"acetylcholine; sNPF; acetylcholine, sNPF","Barnstedt et al. 2016 (immuno, RNAi); Johard et al. (immuno); Aso et al. 2019 (scRNA-seq)",right,,fw019693,FBbt_00100248,,isomorphic,,,
81418218165700649,720575940624834968,156624.0,30264.0,4761.0,156624.0,30264.0,4761.0,6695000.0,intrinsic,central,Kenyon_Cell,KCab,11862.0,KCab,KCab-c,MBp3,MBp3,dopamine,0.5965942719776258,"acetylcholine; sNPF; acetylcholine, sNPF","Barnstedt et al. 2016 (immuno, RNAi); Johard et al. (immuno); Aso et al. 2019 (scRNA-seq)",right,,fw019694,FBbt_00100248,,isomorphic,,,
81559848940229952,720575940625724072,159286.0,43189.0,4293.0,162696.0,28896.0,4146.0,6711884.0,intrinsic,central,Kenyon_Cell,KCg,14292.0,KCg-m,KCg-m,MBp4,MBp4,dopamine,0.7955254597509106,"acetylcholine; sNPF; acetylcholine, sNPF","Barnstedt et al. 2016 (immuno); Johard et al., 2008 (immuno); Aso et al. 2019 (scRNA-seq)",right,,fw019696,FBbt_00111061,,isomorphic,,,
81136743055213062,720575940630114108,153152.0,29344.0,4034.0,153152.0,29344.0,4034.0,6309838.0,intrinsic,central,Kenyon_Cell,KCg,14292.0,KCg-m,KCg-m,MBp1,MBp1,dopamine,0.792676601838818,"acetylcholine; sNPF; acetylcholine, sNPF","Barnstedt et al. 2016 (immuno); Johard et al., 2008 (immuno); Aso et al. 2019 (scRNA-seq)",right,,fw019710,FBbt_00111061,,isomorphic,,,
81136605616209508,720575940637733702,153224.0,27336.0,3972.0,153224.0,27336.0,3972.0,6309867.0,intrinsic,central,Kenyon_Cell,KCg,14292.0,KCg-m,KCg-m,MBp3,MBp3,dopamine,0.7871757756963168,"acetylcholine; sNPF; acetylcholine, sNPF","Barnstedt et al. 2016 (immuno); Johard et al., 2008 (immuno); Aso et al. 2019 (scRNA-seq)",right,,fw019714,FBbt_00111061,,isomorphic,,,
81630286337009352,720575940618266900,160023.0,44046.0,3977.0,158512.0,29912.0,4240.0,6697821.0,intrinsic,central,Kenyon_Cell,KCg,14292.0,KCg-m,KCg-m,MBp4,MBp4,dopamine,0.7409719436105694,"acetylcholine; sNPF; acetylcholine, sNPF","Barnstedt et al. 2016 (immuno); Johard et al., 2008 (immuno); Aso et al. 2019 (scRNA-seq)",right,,fw019720,FBbt_00111061,,isomorphic,,,
81770886520568676,720575940631216682,162424.0,41848.0,4920.0,162424.0,41848.0,4920.0,6825585.0,intrinsic,central,Kenyon_Cell,KCab,11862.0,KCab,KCab-s,MBp2,MBp2,dopamine,0.5908460299025011,"acetylcholine; sNPF; acetylcholine, sNPF","Barnstedt et al. 2016 (immuno, RNAi); Johard et al. (immuno); Aso et al. 2019 (scRNA-seq)",right,,fw019721,FBbt_00100248,,isomorphic,,,
81840499283637761,720575940623943572,163128.0,30608.0,4548.0,163128.0,30608.0,4548.0,6712806.0,intrinsic,central,Kenyon_Cell,KCab,11862.0,KCab,KCab-s,MBp4,MBp4,dopamine,0.6048242475073955,"acetylcholine; sNPF; acetylcholine, sNPF","Barnstedt et al. 2016 (immuno, RNAi); Johard et al. (immuno); Aso et al. 2019 (scRNA-seq)",right,,fw019727,FBbt_00100248,,isomorphic,,,
81630286337014273,720575940617034753,160052.0,43865.0,3976.0,166000.0,33544.0,4816.0,7074851.0,intrinsic,central,Kenyon_Cell,KCg,14292.0,KCg-m,KCg-m,MBp4,MBp4,dopamine,0.7952786478860706,"acetylcholine; sNPF; acetylcholine, sNPF","Barnstedt et al. 2016 (immuno); Johard et al., 2008 (immuno); Aso et al. 2019 (scRNA-seq)",right,,fw019739,FBbt_00111061,,isomorphic,,,
81629393117624538,720575940611987240,160016.0,30536.0,4662.0,160016.0,30536.0,4662.0,6700110.0,intrinsic,central,Kenyon_Cell,KCab,11862.0,KCab,KCab-m,MBp3,MBp3,dopamine,0.5974811757498653,"acetylcholine; sNPF; acetylcholine, sNPF","Barnstedt et al. 2016 (immuno, RNAi); Johard et al. (immuno); Aso et al. 2019 (scRNA-seq)",right,,fw019743,FBbt_00100248,,isomorphic,,,
81348673921249101,720575940614186602,156024.0,42406.0,3897.0,148664.0,27960.0,4245.0,6312412.0,intrinsic,central,Kenyon_Cell,KCab,11862.0,KCab,KCab-c,MBp1,MBp1,dopamine,0.5061811378299531,"acetylcholine; sNPF; acetylcholine, sNPF","Barnstedt et al. 2016 (immuno, RNAi); Johard et al. (immuno); Aso et al. 2019 (scRNA-seq)",right,,fw019744,FBbt_00100248,,isomorphic,,,
81910868027423381,720575940623059080,164095.0,30757.0,4294.0,167576.0,28792.0,4028.0,7056984.0,intrinsic,central,Kenyon_Cell,KCg,14292.0,KCg-m,KCg-m,MBp4,MBp4,dopamine,0.7932990900275736,"acetylcholine; sNPF; acetylcholine, sNPF","Barnstedt et al. 2016 (immuno); Johard et al., 2008 (immuno); Aso et al. 2019 (scRNA-seq)",right,,fw019745,FBbt_00111061,,isomorphic,,,
82192411723925780,720575940633073760,168056.0,32232.0,4507.0,168056.0,32232.0,4507.0,7065563.0,intrinsic,central,Kenyon_Cell,KCab,11862.0,KCab,KCab-c,MBp4,MBp4,dopamine,0.650763966987278,"acetylcholine; sNPF; acetylcholine, sNPF","Barnstedt et al. 2016 (immuno, RNAi); Johard et al. (immuno); Aso et al. 2019 (scRNA-seq)",right,,fw019749,FBbt_00100248,,isomorphic,,,
81136743189030833,720575940628714358,153160.0,29672.0,4756.0,153160.0,29672.0,4756.0,6318066.0,intrinsic,central,Kenyon_Cell,KCg,14292.0,KCg-m,KCg-m,MBp3,MBp3,dopamine,0.8033501540613123,"acetylcholine; sNPF; acetylcholine, sNPF","Barnstedt et al. 2016 (immuno); Johard et al., 2008 (immuno); Aso et al. 2019 (scRNA-seq)",right,,fw019759,FBbt_00111061,,isomorphic,,,
81630286337023238,720575940649536377,160093.0,43759.0,3976.0,165464.0,34544.0,4891.0,7074650.0,intrinsic,central,Kenyon_Cell,KCg,14292.0,KCg-m,KCg-m,MBp4,MBp4,dopamine,0.7824274823929183,"acetylcholine; sNPF; acetylcholine, sNPF","Barnstedt et al. 2016 (immuno); Johard et al., 2008 (immuno); Aso et al. 2019 (scRNA-seq)",right,,fw019767,FBbt_00111061,,isomorphic,,,
80785036773232628,720575940636553646,148216.0,31584.0,4011.0,148216.0,31584.0,4011.0,6307706.0,intrinsic,central,Kenyon_Cell,KCg,14292.0,KCg-m,KCg-m,MBp1,MBp1,dopamine,0.8169355139405616,"acetylcholine; sNPF; acetylcholine, sNPF","Barnstedt et al. 2016 (immuno); Johard et al., 2008 (immuno); Aso et al. 2019 (scRNA-seq)",right,,fw019774,FBbt_00111061,,isomorphic,,,
81066305591441008,720575940619369198,152448.0,29304.0,3937.0,152448.0,29304.0,3937.0,6309560.0,intrinsic,central,Kenyon_Cell,KCg,14292.0,KCg-m,KCg-m,MBp1,MBp1,dopamine,0.7634970778389017,"acetylcholine; sNPF; acetylcholine, sNPF","Barnstedt et al. 2016 (immuno); Johard et al., 2008 (immuno); Aso et al. 2019 (scRNA-seq)",right,,fw019776,FBbt_00111061,,isomorphic,,,
81137705329052672,720575940622096589,152648.0,43696.0,5434.0,152648.0,43696.0,5434.0,6375188.0,intrinsic,central,Kenyon_Cell,KCg,14292.0,KCg-m,KCg-m,MBp2,MBp2,dopamine,0.8036312108266517,"acetylcholine; sNPF; acetylcholine, sNPF","Barnstedt et al. 2016 (immuno); Johard et al., 2008 (immuno); Aso et al. 2019 (scRNA-seq)",right,,fw019797,FBbt_00111061,,isomorphic,,,
81348673921256197,720575940640276955,155648.0,42502.0,3897.0,148264.0,31232.0,4362.0,6311518.0,intrinsic,central,Kenyon_Cell,KCab,11862.0,KCab,KCab-c,MBp1,MBp1,dopamine,0.5212001184715672,"acetylcholine; sNPF; acetylcholine, sNPF","Barnstedt et al. 2016 (immuno, RNAi); Johard et al. (immuno); Aso et al. 2019 (scRNA-seq)",right,,fw019800,FBbt_00100248,,isomorphic,,,
80996005700583870,720575940623441387,150968.0,30256.0,4695.0,150968.0,30256.0,4695.0,6315408.0,intrinsic,central,Kenyon_Cell,KCab,11862.0,KCab,KCab-m,MBp3,MBp3,dopamine,0.5864811517625983,"acetylcholine; sNPF; acetylcholine, sNPF","Barnstedt et al. 2016 (immuno, RNAi); Johard et al. (immuno); Aso et al. 2019 (scRNA-seq)",right,,fw019803,FBbt_00100248,,isomorphic,,,
81348811360432602,720575940622542517,156276.0,44055.0,4102.0,159696.0,44904.0,4961.0,6824942.0,intrinsic,central,Kenyon_Cell,KCg,14292.0,KCg-m,KCg-m,MBp2,MBp2,dopamine,0.734903551809534,"acetylcholine; sNPF; acetylcholine, sNPF","Barnstedt et al. 2016 (immuno); Johard et al., 2008 (immuno); Aso et al. 2019 (scRNA-seq)",right,,fw019807,FBbt_00111061,,isomorphic,,,
81348742640706489,720575940620211622,155970.0,42839.0,3896.0,147888.0,30920.0,4295.0,6310984.0,intrinsic,central,Kenyon_Cell,KCab,11862.0,KCab,KCab-c,MBp1,MBp1,dopamine,0.5021279585491467,"acetylcholine; sNPF; acetylcholine, sNPF","Barnstedt et al. 2016 (immuno, RNAi); Johard et al. (immuno); Aso et al. 2019 (scRNA-seq)",right,,fw019816,FBbt_00100248,,isomorphic,,,
80925774328811346,720575940644609134,150006.0,32188.0,4572.0,151136.0,31536.0,4197.0,6315604.0,intrinsic,central,Kenyon_Cell,KCab,11862.0,KCab,KCab-s,MBp1,MBp1,dopamine,0.5992617507432332,"acetylcholine; sNPF; acetylcholine, sNPF","Barnstedt et al. 2016 (immuno, RNAi); Johard et al. (immuno); Aso et al. 2019 (scRNA-seq)",right,,fw019830,FBbt_00100248,,isomorphic,,,
81278373896555185,720575940621090659,155503.0,42774.0,3897.0,147912.0,31440.0,4592.0,6311054.0,intrinsic,central,Kenyon_Cell,KCab,11862.0,KCab,KCab-m,MBp1,MBp1,dopamine,0.6165265829483534,"acetylcholine; sNPF; acetylcholine, sNPF","Barnstedt et al. 2016 (immuno, RNAi); Johard et al. (immuno); Aso et al. 2019 (scRNA-seq)",right,,fw019832,FBbt_00100248,,isomorphic,,,
81559917659708293,720575940626586823,159044.0,43675.0,4293.0,152600.0,42832.0,4962.0,6370868.0,intrinsic,central,Kenyon_Cell,KCg,19102.0,KCg-d,KCg-d,MBp2,MBp2,dopamine,0.7003962516560803,"acetylcholine; sNPF; acetylcholine, sNPF","Barnstedt et al. 2016 (immuno); Johard et al., 2008 (immuno); Aso et al. 2019 (scRNA-seq)",right,,fw019845,FBbt_00110932,,isomorphic,,,
81629393117783510,720575940610386661,160448.0,30520.0,4810.0,160448.0,30520.0,4810.0,6701377.0,intrinsic,central,Kenyon_Cell,KCab,11862.0,KCab,KCab-m,MBp3,MBp3,dopamine,0.6207300385174571,"acetylcholine; sNPF; acetylcholine, sNPF","Barnstedt et al. 2016 (immuno, RNAi); Johard et al. (immuno); Aso et al. 2019 (scRNA-seq)",right,,fw019850,FBbt_00100248,,isomorphic,,,
81699693075865907,720575940627912492,160792.0,29560.0,4603.0,160792.0,29560.0,4603.0,6703407.0,intrinsic,central,Kenyon_Cell,KCg,14292.0,KCg-m,KCg-m,MBp3,MBp3,dopamine,0.7141775385522986,"acetylcholine; sNPF; acetylcholine, sNPF","Barnstedt et al. 2016 (immuno); Johard et al., 2008 (immuno); Aso et al. 2019 (scRNA-seq)",right,,fw019858,FBbt_00111061,,isomorphic,,,
81559917659688541,720575940620004129,159396.0,43719.0,4293.0,158392.0,45888.0,4947.0,6824648.0,intrinsic,central,Kenyon_Cell,KCg,19102.0,KCg-d,KCg-d,MBp2,MBp2,dopamine,0.5745369396836847,"acetylcholine; sNPF; acetylcholine, sNPF","Barnstedt et al. 2016 (immuno); Johard et al., 2008 (immuno); Aso et al. 2019 (scRNA-seq)",right,,fw019871,FBbt_00110932,,isomorphic,,,
81559917592805041,720575940631801401,159643.0,43804.0,3977.0,171080.0,31240.0,4337.0,7067074.0,intrinsic,central,Kenyon_Cell,KCg,14292.0,KCg-m,KCg-m,MBp4,MBp4,dopamine,0.8108180361439764,"acetylcholine; sNPF; acetylcholine, sNPF","Barnstedt et al. 2016 (immuno); Johard et al., 2008 (immuno); Aso et al. 2019 (scRNA-seq)",right,,fw019881,FBbt_00111061,,isomorphic,,,
81278305177070413,720575940626331978,155493.0,42521.0,3897.0,149704.0,30104.0,4618.0,6314369.0,intrinsic,central,Kenyon_Cell,KCab,11862.0,KCab,KCab-m,MBp1,MBp1,dopamine,0.5309495529353264,"acetylcholine; sNPF; acetylcholine, sNPF","Barnstedt et al. 2016 (immuno, RNAi); Johard et al. (immuno); Aso et al. 2019 (scRNA-seq)",right,,fw019893,FBbt_00100248,,isomorphic,,,
80925499450486491,720575940629010331,150144.0,27552.0,4277.0,150144.0,27552.0,4277.0,6314853.0,intrinsic,central,Kenyon_Cell,,17488.0,KCapbp-m,KCa'b'-m,MBp1,MBp1,dopamine,0.5421743897693704,acetylcholine; acetylcholine,"Barnstedt et al. 2016 (immuno, RNAi); Aso et al. 2019 (scRNA-seq)",right,,fw019896,FBbt:00100253,,isomorphic,,,
81630286337031754,720575940622981902,159701.0,44198.0,3977.0,159312.0,27232.0,4203.0,6698782.0,intrinsic,central,Kenyon_Cell,KCg,14292.0,KCg-m,KCg-m,MBp4,MBp4,dopamine,0.7388752531721928,"acetylcholine; sNPF; acetylcholine, sNPF","Barnstedt et al. 2016 (immuno); Johard et al., 2008 (immuno); Aso et al. 2019 (scRNA-seq)",right,,fw019906,FBbt_00111061,,isomorphic,,,
81910868027420811,720575940616955229,164432.0,30978.0,4294.0,169408.0,27864.0,4015.0,7057527.0,intrinsic,central,Kenyon_Cell,,17488.0,KCapbp-ap1,KCa'b'-ap1,MBp4,MBp4,dopamine,0.5399519885551334,acetylcholine; acetylcholine,"Barnstedt et al. 2016 (immuno, RNAi); Aso et al. 2019 (scRNA-seq)",right,,fw019923,FBbt:00049836,,isomorphic,,,
81207043079793195,720575940608386315,153736.0,28776.0,3951.0,153736.0,28776.0,3951.0,6310110.0,intrinsic,central,Kenyon_Cell,KCg,14292.0,KCg-m,KCg-m,MBp1,MBp1,dopamine,0.8141660456907567,"acetylcholine; sNPF; acetylcholine, sNPF","Barnstedt et al. 2016 (immuno); Johard et al., 2008 (immuno); Aso et al. 2019 (scRNA-seq)",right,,fw019926,FBbt_00111061,,isomorphic,,,
81419180238710243,720575940636026089,156664.0,43696.0,4951.0,156664.0,43696.0,4951.0,6823091.0,intrinsic,central,Kenyon_Cell,KCg,19102.0,KCg-d,KCg-d,MBp3,MBp3,dopamine,0.6414063595408385,"acetylcholine; sNPF; acetylcholine, sNPF","Barnstedt et al. 2016 (immuno); Johard et al., 2008 (immuno); Aso et al. 2019 (scRNA-seq)",right,,fw019931,FBbt_00110932,,isomorphic,,,
81630217684428337,720575940619556437,159675.0,43448.0,4293.0,165896.0,36848.0,4848.0,7074807.0,intrinsic,central,Kenyon_Cell,KCg,14292.0,KCg-m,KCg-m,MBp4,MBp4,dopamine,0.8141419121710345,"acetylcholine; sNPF; acetylcholine, sNPF","Barnstedt et al. 2016 (immuno); Johard et al., 2008 (immuno); Aso et al. 2019 (scRNA-seq)",right,,fw019933,FBbt_00111061,,isomorphic,,,
81489548848616985,720575940610944022,157849.0,44415.0,3976.0,150816.0,37768.0,5245.0,6353975.0,intrinsic,central,Kenyon_Cell,KCg,14292.0,KCg-m,KCg-m,MBp2,MBp2,dopamine,0.7178304849796632,"acetylcholine; sNPF; acetylcholine, sNPF","Barnstedt et al. 2016 (immuno); Johard et al., 2008 (immuno); Aso et al. 2019 (scRNA-seq)",right,,fw019935,FBbt_00111061,,isomorphic,,,
80855061920072317,720575940627205386,148576.0,26720.0,4015.0,148576.0,26720.0,4015.0,6307831.0,intrinsic,central,Kenyon_Cell,KCg,14292.0,KCg-m,KCg-m,MBp1,MBp1,dopamine,0.7329250786960523,"acetylcholine; sNPF; acetylcholine, sNPF","Barnstedt et al. 2016 (immuno); Johard et al., 2008 (immuno); Aso et al. 2019 (scRNA-seq)",right,,fw019946,FBbt_00111061,,isomorphic,,,
81910868027411457,720575940612607953,164346.0,30690.0,4293.0,167400.0,27488.0,4031.0,7056963.0,intrinsic,central,Kenyon_Cell,KCg,14292.0,KCg-m,KCg-m,MBp4,MBp4,dopamine,0.8199443150988418,"acetylcholine; sNPF; acetylcholine, sNPF","Barnstedt et al., 2016 (immuno); Johard et al., 2008 (immuno); Aso et al., 2019 (scRNA-seq)",right,,fw019947,FBbt_00111061,,isomorphic,,,
80996074420193627,720575940618201620,150536.0,30600.0,4787.0,150536.0,30600.0,4787.0,6315105.0,intrinsic,central,Kenyon_Cell,KCg,14292.0,KCg-m,KCg-m,MBp3,MBp3,dopamine,0.7943029192141239,"acetylcholine; sNPF; acetylcholine, sNPF","Barnstedt et al. 2016 (immuno); Johard et al., 2008 (immuno); Aso et al. 2019 (scRNA-seq)",right,,fw019949,FBbt_00111061,,isomorphic,,,
81419042866528483,720575940630612620,157384.0,41808.0,5227.0,157384.0,41808.0,5227.0,6826555.0,intrinsic,central,Kenyon_Cell,KCab,11862.0,KCab,KCab-m,MBp2,MBp2,dopamine,0.6134313184997439,"acetylcholine; sNPF; acetylcholine, sNPF","Barnstedt et al. 2016 (immuno, RNAi); Johard et al. (immuno); Aso et al. 2019 (scRNA-seq)",right,,fw019956,FBbt_00100248,,isomorphic,,,
81559848940225355,720575940630902083,159643.0,43305.0,4293.0,160488.0,26800.0,4146.0,6701493.0,intrinsic,central,Kenyon_Cell,KCg,14292.0,KCg-m,KCg-m,MBp4,MBp4,dopamine,0.781785623165661,"acetylcholine; sNPF; acetylcholine, sNPF","Barnstedt et al. 2016 (immuno); Johard et al., 2008 (immuno); Aso et al. 2019 (scRNA-seq)",right,,fw019970,FBbt_00111061,,isomorphic,,,
81207180652786894,720575940605507249,154280.0,31000.0,4861.0,154280.0,31000.0,4861.0,6318887.0,intrinsic,central,Kenyon_Cell,KCab,11862.0,KCab,KCab-m,MBp3,MBp3,dopamine,0.5815726500040531,"acetylcholine; sNPF; acetylcholine, sNPF","Barnstedt et al. 2016 (immuno, RNAi); Johard et al. (immuno); Aso et al. 2019 (scRNA-seq)",right,,fw019978,FBbt_00100248,,isomorphic,,,
81348742640725775,720575940626663440,155840.0,42821.0,3897.0,149776.0,30336.0,4526.0,6314461.0,intrinsic,central,Kenyon_Cell,KCab,11862.0,KCab,KCab-m,MBp1,MBp1,dopamine,0.6032198802696778,"acetylcholine; sNPF; acetylcholine, sNPF","Barnstedt et al. 2016 (immuno, RNAi); Johard et al. (immuno); Aso et al. 2019 (scRNA-seq)",right,,fw019984,FBbt_00100248,,isomorphic,,,
82051536796432991,720575940631453922,165992.0,29984.0,4398.0,165992.0,29984.0,4398.0,7063108.0,intrinsic,central,Kenyon_Cell,KCab,11862.0,KCab,KCab-c,MBp4,MBp4,dopamine,0.521597625383471,"acetylcholine; sNPF; acetylcholine, sNPF","Barnstedt et al. 2016 (immuno, RNAi); Johard et al. (immuno); Aso et al. 2019 (scRNA-seq)",right,,fw019987,FBbt_00100248,,isomorphic,,,
82333011772812922,720575940621087408,170400.0,30320.0,4165.0,170400.0,30320.0,4165.0,7066860.0,intrinsic,central,Kenyon_Cell,KCg,14292.0,KCg-m,KCg-m,MBp4,MBp4,dopamine,0.7898129812467299,"acetylcholine; sNPF; acetylcholine, sNPF","Barnstedt et al. 2016 (immuno); Johard et al., 2008 (immuno); Aso et al. 2019 (scRNA-seq)",right,,fw019993,FBbt_00111061,,isomorphic,,,
81559848940253872,720575940633996911,159041.0,42986.0,4293.0,165104.0,27936.0,4152.0,7061769.0,intrinsic,central,Kenyon_Cell,KCg,14292.0,KCg-m,KCg-m,MBp4,MBp4,dopamine,0.6970615761382295,"acetylcholine; sNPF; acetylcholine, sNPF","Barnstedt et al. 2016 (immuno); Johard et al., 2008 (immuno); Aso et al. 2019 (scRNA-seq)",right,,fw019995,FBbt_00111061,,isomorphic,,,
80996486737300708,720575940615252786,150540.0,36927.0,4974.0,149648.0,35536.0,4936.0,6352083.0,intrinsic,central,Kenyon_Cell,KCg,14292.0,KCg-m,KCg-m,MBp2,MBp2,dopamine,0.769291306181838,"acetylcholine; sNPF; acetylcholine, sNPF","Barnstedt et al. 2016 (immuno); Johard et al., 2008 (immuno); Aso et al. 2019 (scRNA-seq)",right,,fw020008,FBbt_00111061,,isomorphic,,,
81559848940221976,720575940612190693,158763.0,43343.0,4293.0,160464.0,38624.0,5009.0,6748692.0,intrinsic,central,Kenyon_Cell,KCg,14292.0,KCg-m,KCg-m,MBp4,MBp4,dopamine,0.7619983987514196,"acetylcholine; sNPF; acetylcholine, sNPF","Barnstedt et al. 2016 (immuno); Johard et al., 2008 (immuno); Aso et al. 2019 (scRNA-seq)",right,,fw020015,FBbt_00111061,,isomorphic,,,
80784830682024029,720575940644583534,148360.0,29120.0,4568.0,148360.0,29120.0,4568.0,6311632.0,intrinsic,central,Kenyon_Cell,KCg,14292.0,KCg-m,KCg-m,MBp1,MBp1,dopamine,0.7869772671062164,"acetylcholine; sNPF; acetylcholine, sNPF","Barnstedt et al. 2016 (immuno); Johard et al., 2008 (immuno); Aso et al. 2019 (scRNA-seq)",right,,fw020024,FBbt_00111061,,isomorphic,,,
81488586843117046,720575940613042403,158616.0,30136.0,4448.0,158616.0,30136.0,4448.0,6698002.0,intrinsic,central,Kenyon_Cell,KCg,14292.0,KCg-m,KCg-m,MBp3,MBp3,dopamine,0.6481241798996799,"acetylcholine; sNPF; acetylcholine, sNPF","Barnstedt et al. 2016 (immuno); Johard et al., 2008 (immuno); Aso et al. 2019 (scRNA-seq)",right,,fw020031,FBbt_00111061,,isomorphic,,,
81489480196055633,720575940617873984,158471.0,42891.0,4294.0,161432.0,25768.0,4204.0,6707666.0,intrinsic,central,Kenyon_Cell,KCg,14292.0,KCg-m,KCg-m,MBp4,MBp4,dopamine,0.7659835979733561,"acetylcholine; sNPF; acetylcholine, sNPF","Barnstedt et al. 2016 (immuno); Johard et al., 2008 (immuno); Aso et al. 2019 (scRNA-seq)",right,,fw020033,FBbt_00111061,,isomorphic,,,
81840568002957680,720575940602564320,163288.0,31776.0,4478.0,163288.0,31776.0,4478.0,6713327.0,intrinsic,central,Kenyon_Cell,KCg,14292.0,KCg-m,KCg-m,MBp4,MBp4,dopamine,0.8378036192361998,"acetylcholine; sNPF; acetylcholine, sNPF","Barnstedt et al. 2016 (immuno); Johard et al., 2008 (immuno); Aso et al. 2019 (scRNA-seq)",right,,fw020035,FBbt_00111061,,isomorphic,,,
81419042866505327,720575940636224142,156848.0,42464.0,5212.0,156848.0,42464.0,5212.0,6826293.0,intrinsic,central,Kenyon_Cell,KCab,11862.0,KCab,KCab-m,MBp2,MBp2,dopamine,0.4998764759223309,"acetylcholine; sNPF; acetylcholine, sNPF","Barnstedt et al. 2016 (immuno, RNAi); Johard et al. (immuno); Aso et al. 2019 (scRNA-seq)",right,,fw020047,FBbt_00100248,,isomorphic,,,
80785036839849327,720575940629854764,148376.0,31816.0,4149.0,148376.0,31816.0,4149.0,6311724.0,intrinsic,central,Kenyon_Cell,KCg,14292.0,KCg-m,KCg-m,MBp1,MBp1,dopamine,0.7705430706910653,"acetylcholine; sNPF; acetylcholine, sNPF","Barnstedt et al. 2016 (immuno); Johard et al., 2008 (immuno); Aso et al. 2019 (scRNA-seq)",right,,fw020057,FBbt_00111061,,isomorphic,,,
81559848940232321,720575940612770418,159568.0,43306.0,4293.0,161408.0,30368.0,4483.0,6707480.0,intrinsic,central,Kenyon_Cell,KCg,14292.0,KCg-m,KCg-m,MBp4,MBp4,dopamine,0.8339247848063944,"acetylcholine; sNPF; acetylcholine, sNPF","Barnstedt et al. 2016 (immuno); Johard et al., 2008 (immuno); Aso et al. 2019 (scRNA-seq)",right,,fw020058,FBbt_00111061,,isomorphic,,,
81278305177071019,720575940605488416,155333.0,41692.0,3896.0,144976.0,27688.0,3777.0,5630810.0,intrinsic,central,Kenyon_Cell,KCg,14292.0,KCg-m,KCg-m,MBp1,MBp1,dopamine,0.7496930850147532,"acetylcholine; sNPF; acetylcholine, sNPF","Barnstedt et al. 2016 (immuno); Johard et al., 2008 (immuno); Aso et al. 2019 (scRNA-seq)",right,,fw020080,FBbt_00111061,,isomorphic,,,
81700586495969540,720575940615134918,161104.0,42984.0,4974.0,161104.0,42984.0,4974.0,6825272.0,intrinsic,central,Kenyon_Cell,KCab,11862.0,KCab,KCab-m,MBp2,MBp2,dopamine,0.5786328408330692,"acetylcholine; sNPF; acetylcholine, sNPF","Barnstedt et al. 2016 (immuno, RNAi); Johard et al. (immuno); Aso et al. 2019 (scRNA-seq)",right,,fw020089,FBbt_00100248,,isomorphic,,,
81277480610692982,720575940612924522,155032.0,29960.0,4544.0,155032.0,29960.0,4544.0,6319498.0,intrinsic,central,Kenyon_Cell,KCab,11862.0,KCab,KCab-c,MBp3,MBp3,dopamine,0.5487526610963799,"acetylcholine; sNPF; acetylcholine, sNPF","Barnstedt et al. 2016 (immuno, RNAi); Johard et al. (immuno); Aso et al. 2019 (scRNA-seq)",right,,fw020111,FBbt_00100248,,isomorphic,,,
81558886868041260,720575940647714425,159280.0,29296.0,4619.0,159280.0,29296.0,4619.0,6698760.0,intrinsic,central,Kenyon_Cell,KCab,11862.0,KCab,KCab-m,MBp3,MBp3,dopamine,0.6250411611026226,"acetylcholine; sNPF; acetylcholine, sNPF","Barnstedt et al. 2016 (immuno, RNAi); Johard et al. (immuno); Aso et al. 2019 (scRNA-seq)",right,,fw020116,FBbt_00100248,,isomorphic,,,
80995868194475366,720575940612490723,151120.0,28064.0,4150.0,151120.0,28064.0,4150.0,6315563.0,intrinsic,central,Kenyon_Cell,KCg,14292.0,KCg-m,KCg-m,MBp1,MBp1,dopamine,0.7146938787441163,"acetylcholine; sNPF; acetylcholine, sNPF","Barnstedt et al. 2016 (immuno); Johard et al., 2008 (immuno); Aso et al. 2019 (scRNA-seq)",right,,fw020124,FBbt_00111061,,isomorphic,,,
81630217751867136,720575940627043666,160344.0,43008.0,5044.0,160344.0,43008.0,5044.0,6825096.0,intrinsic,central,Kenyon_Cell,KCab,11862.0,KCab,KCab-c,MBp2,MBp2,dopamine,0.5065499841893519,"acetylcholine; sNPF; acetylcholine, sNPF","Barnstedt et al. 2016 (immuno, RNAi); Johard et al. (immuno); Aso et al. 2019 (scRNA-seq)",right,,fw020125,FBbt_00100248,,isomorphic,,,
80925774328801800,720575940620572125,149967.0,32258.0,4572.0,149344.0,29184.0,4181.0,6313651.0,intrinsic,central,Kenyon_Cell,KCab,11862.0,KCab,KCab-m,MBp1,MBp1,dopamine,0.6655335862841446,"acetylcholine; sNPF; acetylcholine, sNPF","Barnstedt et al. 2016 (immuno, RNAi); Johard et al. (immuno); Aso et al. 2019 (scRNA-seq)",right,,fw020130,FBbt_00100248,,isomorphic,,,
81630149032283785,720575940616887966,159952.0,42064.0,4963.0,159952.0,42064.0,4963.0,6824980.0,intrinsic,central,Kenyon_Cell,KCab,11862.0,KCab,KCab-m,MBp2,MBp2,dopamine,0.5157565518470212,"acetylcholine; sNPF; acetylcholine, sNPF","Barnstedt et al. 2016 (immuno, RNAi); Johard et al. (immuno); Aso et al. 2019 (scRNA-seq)",right,,fw020147,FBbt_00100248,,isomorphic,,,
81488449404302852,720575940627587078,158416.0,28248.0,4601.0,158416.0,28248.0,4601.0,6697621.0,intrinsic,central,Kenyon_Cell,KCab,11862.0,KCab,KCab-m,MBp3,MBp3,dopamine,0.5519045073529318,"acetylcholine; sNPF; acetylcholine, sNPF","Barnstedt et al. 2016 (immuno, RNAi); Johard et al. (immuno); Aso et al. 2019 (scRNA-seq)",right,,fw020154,FBbt_00100248,,isomorphic,,,
81559848940218926,720575940617293201,159271.0,43636.0,4294.0,154560.0,43760.0,4947.0,6371212.0,intrinsic,central,Kenyon_Cell,KCg,19102.0,KCg-d,KCg-d,MBp2,MBp2,dopamine,0.6602991075200617,"acetylcholine; sNPF; acetylcholine, sNPF","Barnstedt et al. 2016 (immuno); Johard et al., 2008 (immuno); Aso et al. 2019 (scRNA-seq)",right,,fw020156,FBbt_00110932,,isomorphic,,,
81067061706640386,720575940618980299,152224.0,39968.0,5217.0,152224.0,39968.0,5217.0,6354943.0,intrinsic,central,Kenyon_Cell,KCab,11862.0,KCab,KCab-s,MBp2,MBp2,dopamine,0.5757991691977937,"acetylcholine; sNPF; acetylcholine, sNPF","Barnstedt et al. 2016 (immuno, RNAi); Johard et al. (immuno); Aso et al. 2019 (scRNA-seq)",right,,fw020171,FBbt_00100248,,isomorphic,,,
80644024473857181,720575940621864965,146152.0,27752.0,4343.0,146152.0,27752.0,4343.0,5640916.0,intrinsic,central,Kenyon_Cell,KCg,14292.0,KCg-m,KCg-m,MBp1,MBp1,dopamine,0.7978791937298607,"acetylcholine; sNPF; acetylcholine, sNPF","Barnstedt et al. 2016 (immuno); Johard et al., 2008 (immuno); Aso et al. 2019 (scRNA-seq)",right,,fw020173,FBbt_00111061,,isomorphic,,,
81347849354926620,720575940615901597,156512.0,29760.0,4535.0,156512.0,29760.0,4535.0,6694689.0,intrinsic,central,Kenyon_Cell,KCab,11862.0,KCab,KCab-m,MBp3,MBp3,dopamine,0.5636478727363334,"acetylcholine; sNPF; acetylcholine, sNPF","Barnstedt et al. 2016 (immuno, RNAi); Johard et al. (immuno); Aso et al. 2019 (scRNA-seq)",right,,fw020175,FBbt_00100248,,isomorphic,,,
81630217617548921,720575940631458371,159854.0,43548.0,3976.0,165712.0,29184.0,4440.0,7062883.0,intrinsic,central,Kenyon_Cell,KCg,14292.0,KCg-m,KCg-m,MBp4,MBp4,dopamine,0.7456897179769651,"acetylcholine; sNPF; acetylcholine, sNPF","Barnstedt et al. 2016 (immuno); Johard et al., 2008 (immuno); Aso et al. 2019 (scRNA-seq)",right,,fw020182,FBbt_00111061,,isomorphic,,,
82262711748525335,720575940648995705,169688.0,30720.0,4427.0,169688.0,30720.0,4427.0,7066633.0,intrinsic,central,Kenyon_Cell,KCab,11862.0,KCab,KCab-c,MBp4,MBp4,dopamine,0.5552461730865992,"acetylcholine; sNPF; acetylcholine, sNPF","Barnstedt et al. 2016 (immuno, RNAi); Johard et al. (immuno); Aso et al. 2019 (scRNA-seq)",right,,fw020183,FBbt_00100248,,isomorphic,,,
80925843048279361,720575940629365804,149773.0,32521.0,4572.0,149232.0,30048.0,4250.0,6313501.0,intrinsic,central,Kenyon_Cell,KCab,11862.0,KCab,KCab-m,MBp1,MBp1,dopamine,0.5828480594818173,"acetylcholine; sNPF; acetylcholine, sNPF","Barnstedt et al. 2016 (immuno, RNAi); Johard et al. (immuno); Aso et al. 2019 (scRNA-seq)",right,,fw020195,FBbt_00100248,,isomorphic,,,
80644161845810191,720575940629088450,145784.0,30216.0,3939.0,145784.0,30216.0,3939.0,5631226.0,intrinsic,central,Kenyon_Cell,KCg,14292.0,KCg-m,KCg-m,MBp1,MBp1,dopamine,0.797046608823548,"acetylcholine; sNPF; acetylcholine, sNPF","Barnstedt et al. 2016 (immuno); Johard et al., 2008 (immuno); Aso et al. 2019 (scRNA-seq)",right,,fw020196,FBbt_00111061,,isomorphic,,,
81066168152514862,720575940621290017,152408.0,27208.0,3927.0,152408.0,27208.0,3927.0,6309557.0,intrinsic,central,Kenyon_Cell,KCg,14292.0,KCg-m,KCg-m,MBp3,MBp3,dopamine,0.6635014880975658,"acetylcholine; sNPF; acetylcholine, sNPF","Barnstedt et al. 2016 (immuno); Johard et al., 2008 (immuno); Aso et al. 2019 (scRNA-seq)",right,,fw020197,FBbt_00111061,,isomorphic,,,
81137567889900113,720575940618226085,152520.0,42520.0,5294.0,152520.0,42520.0,5294.0,6375171.0,intrinsic,central,Kenyon_Cell,KCab,11862.0,KCab,KCab-s,MBp2,MBp2,dopamine,0.568837304384626,"acetylcholine; sNPF; acetylcholine, sNPF","Barnstedt et al. 2016 (immuno, RNAi); Johard et al. (immuno); Aso et al. 2019 (scRNA-seq)",right,,fw020228,FBbt_00100248,,isomorphic,,,
81277549396953051,720575940617474629,154920.0,30344.0,4840.0,154920.0,30344.0,4840.0,6319375.0,intrinsic,central,Kenyon_Cell,KCg,14292.0,KCg-m,KCg-m,MBp3,MBp3,dopamine,0.7490159433593775,"acetylcholine; sNPF; acetylcholine, sNPF","Barnstedt et al. 2016 (immuno); Johard et al., 2008 (immuno); Aso et al. 2019 (scRNA-seq)",right,,fw020235,FBbt_00111061,,isomorphic,,,
81348811360436517,720575940623977545,156026.0,43943.0,4102.0,151024.0,35024.0,5000.0,6352452.0,intrinsic,central,Kenyon_Cell,KCg,19102.0,KCg-d,KCg-d,MBp1,MBp1,dopamine,0.6212820034630568,"acetylcholine; sNPF; acetylcholine, sNPF","Barnstedt et al. 2016 (immuno); Johard et al., 2008 (immuno); Aso et al. 2019 (scRNA-seq)",right,,fw020236,FBbt_00110932,,isomorphic,,,
81419249024943726,720575940619665023,157440.0,44792.0,5225.0,157440.0,44792.0,5225.0,6826599.0,intrinsic,central,Kenyon_Cell,KCab,11862.0,KCab,KCab-s,MBp2,MBp2,dopamine,0.6491406401600267,"acetylcholine; sNPF; acetylcholine, sNPF","Barnstedt et al. 2016 (immuno, RNAi); Johard et al. (immuno); Aso et al. 2019 (scRNA-seq)",right,,fw020237,FBbt_00100248,,isomorphic,,,
81489411543937158,720575940622402311,158304.0,42160.0,4987.0,158304.0,42160.0,4987.0,6824641.0,intrinsic,central,Kenyon_Cell,KCab,11862.0,KCab,KCab-m,MBp2,MBp2,dopamine,0.5756820005793585,"acetylcholine; sNPF; acetylcholine, sNPF","Barnstedt et al. 2016 (immuno, RNAi); Johard et al. (immuno); Aso et al. 2019 (scRNA-seq)",right,,fw020238,FBbt_00100248,,isomorphic,,,
80503286918334943,720575940605597216,144064.0,27720.0,3786.0,144064.0,27720.0,3786.0,5630472.0,intrinsic,central,Kenyon_Cell,KCg,14292.0,KCg-m,KCg-m,MBp1,MBp1,dopamine,0.7761751109842917,"acetylcholine; sNPF; acetylcholine, sNPF","Barnstedt et al. 2016 (immuno); Johard et al., 2008 (immuno); Aso et al. 2019 (scRNA-seq)",right,,fw020240,FBbt_00111061,,isomorphic,,,
81348673921222389,720575940611686629,156509.0,42594.0,3897.0,148760.0,29152.0,4487.0,6312557.0,intrinsic,central,Kenyon_Cell,KCab,11862.0,KCab,KCab-m,MBp1,MBp1,dopamine,0.6291065120784521,"acetylcholine; sNPF; acetylcholine, sNPF","Barnstedt et al. 2016 (immuno, RNAi); Johard et al. (immuno); Aso et al. 2019 (scRNA-seq)",right,,fw020243,FBbt_00100248,,isomorphic,,,
80854993200148335,720575940630733137,148472.0,25672.0,3682.0,148472.0,25672.0,3682.0,6307755.0,intrinsic,central,Kenyon_Cell,KCg,14292.0,KCg-m,KCg-m,MBp1,MBp1,dopamine,0.8104024753209773,"acetylcholine; sNPF; acetylcholine, sNPF","Barnstedt et al. 2016 (immuno); Johard et al., 2008 (immuno); Aso et al. 2019 (scRNA-seq)",right,,fw020247,FBbt_00111061,,isomorphic,,,
81278373896809258,720575940632003409,155542.0,43289.0,4103.0,150032.0,34904.0,4995.0,6352146.0,intrinsic,central,Kenyon_Cell,KCg,14292.0,KCg-m,KCg-m,MBp2,MBp2,dopamine,0.7419390019966725,"acetylcholine; sNPF; acetylcholine, sNPF","Barnstedt et al. 2016 (immuno); Johard et al., 2008 (immuno); Aso et al. 2019 (scRNA-seq)",right,,fw020248,FBbt_00111061,,isomorphic,,,
82192274284873949,720575940626622480,168056.0,29984.0,4450.0,168056.0,29984.0,4450.0,7065610.0,intrinsic,central,Kenyon_Cell,KCab,11862.0,KCab,KCab-c,MBp4,MBp4,dopamine,0.5630596690148036,"acetylcholine; sNPF; acetylcholine, sNPF","Barnstedt et al. 2016 (immuno, RNAi); Johard et al. (immuno); Aso et al. 2019 (scRNA-seq)",right,,fw020251,FBbt_00100248,,isomorphic,,,
82051536796314379,720575940609999217,165832.0,30168.0,4309.0,165832.0,30168.0,4309.0,7062992.0,intrinsic,central,Kenyon_Cell,KCab,11862.0,KCab,KCab-m,MBp4,MBp4,dopamine,0.5882616346131121,"acetylcholine; sNPF; acetylcholine, sNPF","Barnstedt et al. 2016 (immuno, RNAi); Johard et al. (immuno); Aso et al. 2019 (scRNA-seq)",right,,fw020260,FBbt_00100248,,isomorphic,,,
81418080659784661,720575940630385403,156864.0,27464.0,4319.0,156864.0,27464.0,4319.0,6695494.0,intrinsic,central,Kenyon_Cell,KCab,11862.0,KCab,KCab-s,MBp3,MBp3,dopamine,0.6608245339423426,"acetylcholine; sNPF; acetylcholine, sNPF","Barnstedt et al. 2016 (immuno, RNAi); Johard et al. (immuno); Aso et al. 2019 (scRNA-seq)",right,,fw020266,FBbt_00100248,,isomorphic,,,
80573655729478251,720575940625942590,144960.0,27448.0,4202.0,144960.0,27448.0,4202.0,5640119.0,intrinsic,central,Kenyon_Cell,KCg,14292.0,KCg-m,KCg-m,MBp1,MBp1,dopamine,0.8260266459395168,"acetylcholine; sNPF; acetylcholine, sNPF","Barnstedt et al. 2016 (immuno); Johard et al., 2008 (immuno); Aso et al. 2019 (scRNA-seq)",right,,fw020279,FBbt_00111061,,isomorphic,,,
81348742640958754,720575940615927197,155859.0,43430.0,4103.0,147968.0,30312.0,3954.0,6307584.0,intrinsic,central,Kenyon_Cell,KCg,14292.0,KCg-m,KCg-m,MBp1,MBp1,dopamine,0.7677341352672329,"acetylcholine; sNPF; acetylcholine, sNPF","Barnstedt et al. 2016 (immuno); Johard et al., 2008 (immuno); Aso et al. 2019 (scRNA-seq)",right,,fw020285,FBbt_00111061,,isomorphic,,,
81630286337006715,720575940628259914,160349.0,43722.0,3977.0,159840.0,29248.0,4362.0,6699927.0,intrinsic,central,Kenyon_Cell,KCg,19102.0,KCg-d,KCg-d,MBp4,MBp4,dopamine,0.7571871594709637,"acetylcholine; sNPF; acetylcholine, sNPF","Barnstedt et al. 2016 (immuno); Johard et al., 2008 (immuno); Aso et al. 2019 (scRNA-seq)",right,,fw020295,FBbt_00110932,,isomorphic,,,
80996143139790253,720575940632364717,150992.0,32176.0,4887.0,150992.0,32176.0,4887.0,6315474.0,intrinsic,central,Kenyon_Cell,KCg,14292.0,KCg-m,KCg-m,MBp3,MBp3,dopamine,0.8204941393018453,"acetylcholine; sNPF; acetylcholine, sNPF","Barnstedt et al. 2016 (immuno); Johard et al., 2008 (immuno); Aso et al. 2019 (scRNA-seq)",right,,fw020305,FBbt_00111061,,isomorphic,,,
81348742640948000,720575940624265572,155855.0,43213.0,4102.0,152536.0,44584.0,5278.0,6375151.0,intrinsic,central,Kenyon_Cell,KCg,14292.0,KCg-m,KCg-m,MBp2,MBp2,dopamine,0.750014012153985,"acetylcholine; sNPF; acetylcholine, sNPF","Barnstedt et al. 2016 (immuno); Johard et al., 2008 (immuno); Aso et al. 2019 (scRNA-seq)",right,,fw020307,FBbt_00111061,,isomorphic,,,
81418149446089300,720575940627021128,157240.0,28776.0,4632.0,157240.0,28776.0,4632.0,6695953.0,intrinsic,central,Kenyon_Cell,KCab,11862.0,KCab,KCab-c,MBp3,MBp3,dopamine,0.6628535761356322,"acetylcholine; sNPF; acetylcholine, sNPF","Barnstedt et al. 2016 (immuno, RNAi); Johard et al. (immuno); Aso et al. 2019 (scRNA-seq)",right,,fw020311,FBbt_00100248,,isomorphic,,,
81560055232681791,720575940630966840,159656.0,46248.0,5164.0,159656.0,46248.0,5164.0,6827626.0,intrinsic,central,Kenyon_Cell,KCg,14292.0,KCg-m,KCg-m,MBp2,MBp2,dopamine,0.4108099202193682,"acetylcholine; sNPF; acetylcholine, sNPF","Barnstedt et al. 2016 (immuno); Johard et al., 2008 (immuno); Aso et al. 2019 (scRNA-seq)",right,,fw020314,FBbt_00111061,,isomorphic,,,
81559848940233526,720575940632849069,159407.0,43410.0,4293.0,161216.0,31600.0,4771.0,6706541.0,intrinsic,central,Kenyon_Cell,KCg,14292.0,KCg-m,KCg-m,MBp3,MBp3,dopamine,0.8037204950748935,"acetylcholine; sNPF; acetylcholine, sNPF","Barnstedt et al. 2016 (immuno); Johard et al., 2008 (immuno); Aso et al. 2019 (scRNA-seq)",right,,fw020333,FBbt_00111061,,isomorphic,,,
80573655662639505,720575940639554675,144592.0,27944.0,3863.0,144592.0,27944.0,3863.0,5630677.0,intrinsic,central,Kenyon_Cell,KCg,14292.0,KCg-m,KCg-m,MBp1,MBp1,dopamine,0.764814973079383,"acetylcholine; sNPF; acetylcholine, sNPF","Barnstedt et al. 2016 (immuno); Johard et al., 2008 (immuno); Aso et al. 2019 (scRNA-seq)",right,,fw020334,FBbt_00111061,,isomorphic,,,
81630286337001552,720575940619695553,159929.0,43785.0,3977.0,168400.0,34248.0,4696.0,7075870.0,intrinsic,central,Kenyon_Cell,KCg,14292.0,KCg-m,KCg-m,MBp4,MBp4,dopamine,0.8428353694623452,"acetylcholine; sNPF; acetylcholine, sNPF","Barnstedt et al. 2016 (immuno); Johard et al., 2008 (immuno); Aso et al. 2019 (scRNA-seq)",right,,fw020346,FBbt_00111061,,isomorphic,,,
81278305177068081,720575940611343054,155462.0,42586.0,3896.0,150208.0,33264.0,4828.0,6352220.0,intrinsic,central,Kenyon_Cell,KCab,11862.0,KCab,KCab-m,MBp1,MBp1,dopamine,0.5732160736290144,"acetylcholine; sNPF; acetylcholine, sNPF","Barnstedt et al. 2016 (immuno, RNAi); Johard et al. (immuno); Aso et al. 2019 (scRNA-seq)",right,,fw020347,FBbt_00100248,,isomorphic,,,
81489480330369534,720575940610676403,157888.0,43024.0,5367.0,157888.0,43024.0,5367.0,6826831.0,intrinsic,central,Kenyon_Cell,KCab,11862.0,KCab,KCab-s,MBp2,MBp2,dopamine,0.6203164891484886,"acetylcholine; sNPF; acetylcholine, sNPF","Barnstedt et al. 2016 (immuno, RNAi); Johard et al. (immuno); Aso et al. 2019 (scRNA-seq)",right,,fw020358,FBbt_00100248,,isomorphic,,,
81489548982999904,720575940628640079,157976.0,44640.0,5043.0,157976.0,44640.0,5043.0,6824550.0,intrinsic,central,Kenyon_Cell,KCab,11862.0,KCab,KCab-c,MBp2,MBp2,dopamine,0.6925260705105292,"acetylcholine; sNPF; acetylcholine, sNPF","Barnstedt et al. 2016 (immuno, RNAi); Johard et al. (immuno); Aso et al. 2019 (scRNA-seq)",right,,fw020367,FBbt_00100248,,isomorphic,,,
80573724381989569,720575940624693287,144376.0,29120.0,3806.0,144376.0,29120.0,3806.0,5630579.0,intrinsic,central,Kenyon_Cell,KCg,14292.0,KCg-m,KCg-m,MBp1,MBp1,dopamine,0.7600104451103911,"acetylcholine; sNPF; acetylcholine, sNPF","Barnstedt et al. 2016 (immuno); Johard et al., 2008 (immuno); Aso et al. 2019 (scRNA-seq)",right,,fw020377,FBbt_00111061,,isomorphic,,,
82192411723811475,720575940626742866,168248.0,31680.0,4417.0,168248.0,31680.0,4417.0,7065837.0,intrinsic,central,Kenyon_Cell,KCab,11862.0,KCab,KCab-c,MBp4,MBp4,dopamine,0.5582188534169296,"acetylcholine; sNPF; acetylcholine, sNPF","Barnstedt et al. 2016 (immuno, RNAi); Johard et al. (immuno); Aso et al. 2019 (scRNA-seq)",right,,fw020382,FBbt_00100248,,isomorphic,,,
80503218198746858,720575940632358564,143904.0,26616.0,3688.0,143904.0,26616.0,3688.0,5630421.0,intrinsic,central,Kenyon_Cell,KCg,14292.0,KCg-m,KCg-m,MBp1,MBp1,dopamine,0.823695216921274,"acetylcholine; sNPF; acetylcholine, sNPF","Barnstedt et al. 2016 (immuno); Johard et al., 2008 (immuno); Aso et al. 2019 (scRNA-seq)",right,,fw020393,FBbt_00111061,,isomorphic,,,
81559024306604125,720575940612524030,158776.0,30680.0,4348.0,158776.0,30680.0,4348.0,6698184.0,intrinsic,central,Kenyon_Cell,KCg,19102.0,KCg-d,KCg-d,MBp4,MBp4,dopamine,0.640615007991779,"acetylcholine; sNPF; acetylcholine, sNPF","Barnstedt et al. 2016 (immuno); Johard et al., 2008 (immuno); Aso et al. 2019 (scRNA-seq)",right,,fw020415,FBbt_00110932,,isomorphic,,,
80996486737311827,720575940624421148,150954.0,37337.0,4974.0,149504.0,37088.0,4946.0,6352036.0,intrinsic,central,Kenyon_Cell,KCg,14292.0,KCg-m,KCg-m,MBp2,MBp2,dopamine,0.7523088555702591,"acetylcholine; sNPF; acetylcholine, sNPF","Barnstedt et al. 2016 (immuno); Johard et al., 2008 (immuno); Aso et al. 2019 (scRNA-seq)",right,,fw020419,FBbt_00111061,,isomorphic,,,
80996555456781279,720575940627194426,150772.0,37597.0,4975.0,148272.0,35872.0,4810.0,6351659.0,intrinsic,central,Kenyon_Cell,KCg,14292.0,KCg-m,KCg-m,MBp2,MBp2,dopamine,0.743941599328233,"acetylcholine; sNPF; acetylcholine, sNPF","Barnstedt et al. 2016 (immuno); Johard et al., 2008 (immuno); Aso et al. 2019 (scRNA-seq)",right,,fw020423,FBbt_00111061,,isomorphic,,,
82121905540806141,720575940621518218,166832.0,29648.0,4564.0,166832.0,29648.0,4564.0,7063916.0,intrinsic,central,Kenyon_Cell,KCab,11862.0,KCab,KCab-s,MBp4,MBp4,dopamine,0.5766096116421533,"acetylcholine; sNPF; acetylcholine, sNPF","Barnstedt et al. 2016 (immuno, RNAi); Johard et al. (immuno); Aso et al. 2019 (scRNA-seq)",right,,fw020452,FBbt_00100248,,isomorphic,,,
81206974427268076,720575940618182535,154264.0,27464.0,4333.0,154264.0,27464.0,4333.0,6318891.0,intrinsic,central,Kenyon_Cell,KCab,11862.0,KCab,KCab-s,MBp3,MBp3,dopamine,0.667743164384934,"acetylcholine; sNPF; acetylcholine, sNPF","Barnstedt et al. 2016 (immuno, RNAi); Johard et al. (immuno); Aso et al. 2019 (scRNA-seq)",right,,fw020473,FBbt_00100248,,isomorphic,,,
81558818147914085,720575940617845076,158848.0,28168.0,4154.0,158848.0,28168.0,4154.0,6698202.0,intrinsic,central,Kenyon_Cell,KCg,14292.0,KCg-m,KCg-m,MBp3,MBp3,dopamine,0.7724811217328612,"acetylcholine; sNPF; acetylcholine, sNPF","Barnstedt et al. 2016 (immuno); Johard et al., 2008 (immuno); Aso et al. 2019 (scRNA-seq)",right,,fw020484,FBbt_00111061,,isomorphic,,,
81488586909697708,720575940617456798,158048.0,30248.0,4626.0,158048.0,30248.0,4626.0,6697043.0,intrinsic,central,Kenyon_Cell,KCab,11862.0,KCab,KCab-m,MBp3,MBp3,dopamine,0.6179951732118275,"acetylcholine; sNPF; acetylcholine, sNPF","Barnstedt et al. 2016 (immuno, RNAi); Johard et al. (immuno); Aso et al. 2019 (scRNA-seq)",right,,fw020492,FBbt_00100248,,isomorphic,,,
80996486737299393,720575940615961684,150914.0,37053.0,4975.0,150376.0,31352.0,4762.0,6315002.0,intrinsic,central,Kenyon_Cell,KCg,14292.0,KCg-m,KCg-m,MBp2,MBp2,dopamine,0.6964537829196031,"acetylcholine; sNPF; acetylcholine, sNPF","Barnstedt et al. 2016 (immuno); Johard et al., 2008 (immuno); Aso et al. 2019 (scRNA-seq)",right,,fw020500,FBbt_00111061,,isomorphic,,,
81630355190788997,720575940626353905,160256.0,44928.0,5024.0,160256.0,44928.0,5024.0,6825064.0,intrinsic,central,Kenyon_Cell,KCab,11862.0,KCab,KCab-s,MBp2,MBp2,dopamine,0.6195931126385378,"acetylcholine; sNPF; acetylcholine, sNPF","Barnstedt et al. 2016 (immuno, RNAi); Johard et al. (immuno); Aso et al. 2019 (scRNA-seq)",right,,fw020519,FBbt_00100248,,isomorphic,,,
81558886867759475,720575940617370909,159616.0,28616.0,4413.0,159616.0,28616.0,4413.0,6699434.0,intrinsic,central,Kenyon_Cell,KCg,14292.0,KCg-m,KCg-m,MBp3,MBp3,dopamine,0.7517235575299634,"acetylcholine; sNPF; acetylcholine, sNPF","Barnstedt et al. 2016 (immuno); Johard et al., 2008 (immuno); Aso et al. 2019 (scRNA-seq)",right,,fw020523,FBbt_00111061,,isomorphic,,,
81488449403994001,720575940619658433,157624.0,28008.0,4346.0,157624.0,28008.0,4346.0,6696458.0,intrinsic,central,Kenyon_Cell,KCg,14292.0,KCg-m,KCg-m,MBp3,MBp3,dopamine,0.7317323373886968,"acetylcholine; sNPF; acetylcholine, sNPF","Barnstedt et al. 2016 (immuno); Johard et al., 2008 (immuno); Aso et al. 2019 (scRNA-seq)",right,,fw020528,FBbt_00111061,,isomorphic,,,
81278305177089303,720575940629782091,155079.0,42565.0,3897.0,150032.0,28000.0,4155.0,6314714.0,intrinsic,central,Kenyon_Cell,KCg,14292.0,KCg-m,KCg-m,MBp1,MBp1,dopamine,0.803516976098622,"acetylcholine; sNPF; acetylcholine, sNPF","Barnstedt et al. 2016 (immuno); Johard et al., 2008 (immuno); Aso et al. 2019 (scRNA-seq)",right,,fw020529,FBbt_00111061,,isomorphic,,,
81699624355997517,720575940624596355,161584.0,28816.0,4334.0,161584.0,28816.0,4334.0,6708427.0,intrinsic,central,Kenyon_Cell,KCab,11862.0,KCab,KCab-s,MBp4,MBp4,dopamine,0.5862627324982161,"acetylcholine; sNPF; acetylcholine, sNPF","Barnstedt et al. 2016 (immuno, RNAi); Johard et al. (immuno); Aso et al. 2019 (scRNA-seq)",right,,fw020536,FBbt_00100248,,isomorphic,,,
80996005566785154,720575940624711655,150752.0,29416.0,3969.0,150752.0,29416.0,3969.0,6308891.0,intrinsic,central,Kenyon_Cell,KCg,14292.0,KCg-m,KCg-m,MBp1,MBp1,dopamine,0.7647935081492399,"acetylcholine; sNPF; acetylcholine, sNPF","Barnstedt et al. 2016 (immuno); Johard et al., 2008 (immuno); Aso et al. 2019 (scRNA-seq)",right,,fw020557,FBbt_00111061,,isomorphic,,,
81630286337020726,720575940620407628,159780.0,43828.0,3976.0,161632.0,29424.0,4187.0,6708366.0,intrinsic,central,Kenyon_Cell,KCg,14292.0,KCg-m,KCg-m,MBp4,MBp4,dopamine,0.8057288246231381,"acetylcholine; sNPF; acetylcholine, sNPF","Barnstedt et al. 2016 (immuno); Johard et al., 2008 (immuno); Aso et al. 2019 (scRNA-seq)",right,,fw020559,FBbt_00111061,,isomorphic,,,
81700311618050781,720575940634490735,160856.0,39472.0,4961.0,160856.0,39472.0,4961.0,6748829.0,intrinsic,central,Kenyon_Cell,KCg,19102.0,KCg-d,KCg-d,MBp3,MBp3,dopamine,0.5728920167741568,"acetylcholine; sNPF; acetylcholine, sNPF","Barnstedt et al. 2016 (immuno); Johard et al., 2008 (immuno); Aso et al. 2019 (scRNA-seq)",right,,fw020560,FBbt_00110932,,isomorphic,,,
81489549049845931,720575940617605154,157944.0,43856.0,5378.0,157944.0,43856.0,5378.0,6826873.0,intrinsic,central,Kenyon_Cell,KCab,11862.0,KCab,KCab-s,MBp2,MBp2,dopamine,0.5440859305462331,"acetylcholine; sNPF; acetylcholine, sNPF","Barnstedt et al. 2016 (immuno, RNAi); Johard et al. (immuno); Aso et al. 2019 (scRNA-seq)",right,,fw020566,FBbt_00100248,,isomorphic,,,
81137086786812136,720575940625777939,153200.0,35144.0,5060.0,153200.0,35144.0,5060.0,6352770.0,intrinsic,central,Kenyon_Cell,KCg,19102.0,KCg-d,KCg-d,MBp3,MBp3,dopamine,0.5106379420876758,"acetylcholine; sNPF; acetylcholine, sNPF","Barnstedt et al. 2016 (immuno); Johard et al., 2008 (immuno); Aso et al. 2019 (scRNA-seq)",right,,fw020573,FBbt_00110932,,isomorphic,,,
80784899334178810,720575940606893186,148120.0,29472.0,3934.0,148120.0,29472.0,3934.0,6307665.0,intrinsic,central,Kenyon_Cell,KCg,14292.0,KCg-m,KCg-m,MBp1,MBp1,dopamine,0.7969352478597345,"acetylcholine; sNPF; acetylcholine, sNPF","Barnstedt et al. 2016 (immuno); Johard et al., 2008 (immuno); Aso et al. 2019 (scRNA-seq)",right,,fw020581,FBbt_00111061,,isomorphic,,,
82262643028929664,720575940612896106,169320.0,30056.0,4378.0,169320.0,30056.0,4378.0,7066492.0,intrinsic,central,Kenyon_Cell,KCab,11862.0,KCab,KCab-m,MBp4,MBp4,dopamine,0.6347688786037441,"acetylcholine; sNPF; acetylcholine, sNPF","Barnstedt et al. 2016 (immuno, RNAi); Johard et al. (immuno); Aso et al. 2019 (scRNA-seq)",right,,fw020592,FBbt_00100248,,isomorphic,,,
81630217617527293,720575940624729528,159886.0,43399.0,3976.0,162576.0,28472.0,4315.0,6711664.0,intrinsic,central,Kenyon_Cell,KCg,14292.0,KCg-m,KCg-m,MBp4,MBp4,dopamine,0.7051287288651847,"acetylcholine; sNPF; acetylcholine, sNPF","Barnstedt et al. 2016 (immuno); Johard et al., 2008 (immuno); Aso et al. 2019 (scRNA-seq)",right,,fw020594,FBbt_00111061,,isomorphic,,,
81489411610700345,720575940607337155,157840.0,42528.0,5237.0,157840.0,42528.0,5237.0,6826810.0,intrinsic,central,Kenyon_Cell,KCab,11862.0,KCab,KCab-m,MBp2,MBp2,dopamine,0.6198052075871182,"acetylcholine; sNPF; acetylcholine, sNPF","Barnstedt et al. 2016 (immuno, RNAi); Johard et al. (immuno); Aso et al. 2019 (scRNA-seq)",right,,fw020597,FBbt_00100248,,isomorphic,,,
81699761794991909,720575940641936584,161472.0,30848.0,4364.0,161472.0,30848.0,4364.0,6707822.0,intrinsic,central,Kenyon_Cell,KCg,14292.0,KCg-m,KCg-m,MBp4,MBp4,dopamine,0.7623078474249574,"acetylcholine; sNPF; acetylcholine, sNPF","Barnstedt et al. 2016 (immuno); Johard et al., 2008 (immuno); Aso et al. 2019 (scRNA-seq)",right,,fw020610,FBbt_00111061,,isomorphic,,,
82262574309173098,720575940627687940,169392.0,28848.0,4157.0,169392.0,28848.0,4157.0,7066523.0,intrinsic,central,Kenyon_Cell,KCg,14292.0,KCg-m,KCg-m,MBp4,MBp4,dopamine,0.7456752434644043,"acetylcholine; sNPF; acetylcholine, sNPF","Barnstedt et al. 2016 (immuno); Johard et al., 2008 (immuno); Aso et al. 2019 (scRNA-seq)",right,,fw020611,FBbt_00111061,,isomorphic,,,
81629461837327630,720575940622276365,160320.0,31784.0,4833.0,160320.0,31784.0,4833.0,6700896.0,intrinsic,central,Kenyon_Cell,KCab,11862.0,KCab,KCab-m,MBp3,MBp3,dopamine,0.633944400978365,"acetylcholine; sNPF; acetylcholine, sNPF","Barnstedt et al. 2016 (immuno, RNAi); Johard et al. (immuno); Aso et al. 2019 (scRNA-seq)",right,,fw020623,FBbt_00100248,,isomorphic,,,
81630217684414012,720575940617963480,159858.0,43442.0,4294.0,160832.0,30912.0,4261.0,6703280.0,intrinsic,central,Kenyon_Cell,KCg,14292.0,KCg-m,KCg-m,MBp4,MBp4,dopamine,0.7025922658192268,"acetylcholine; sNPF; acetylcholine, sNPF","Barnstedt et al. 2016 (immuno); Johard et al., 2008 (immuno); Aso et al. 2019 (scRNA-seq)",right,,fw020627,FBbt_00111061,,isomorphic,,,
82333080492666921,720575940617902676,170768.0,30832.0,4403.0,170768.0,30832.0,4403.0,7066979.0,intrinsic,central,Kenyon_Cell,KCab,11862.0,KCab,KCab-s,MBp4,MBp4,dopamine,0.6083041939037148,"acetylcholine; sNPF; acetylcholine, sNPF","Barnstedt et al. 2016 (immuno, RNAi); Johard et al. (immuno); Aso et al. 2019 (scRNA-seq)",right,,fw020641,FBbt_00100248,,isomorphic,,,
81348673921241275,720575940621228894,155839.0,42381.0,3896.0,148096.0,28952.0,4270.0,6311295.0,intrinsic,central,Kenyon_Cell,KCab,11862.0,KCab,KCab-c,MBp1,MBp1,dopamine,0.6662762085264731,"acetylcholine; sNPF; acetylcholine, sNPF","Barnstedt et al. 2016 (immuno, RNAi); Johard et al. (immuno); Aso et al. 2019 (scRNA-seq)",right,,fw020652,FBbt_00100248,,isomorphic,,,
81136811908645272,720575940608456715,153040.0,31280.0,4894.0,153040.0,31280.0,4894.0,6317966.0,intrinsic,central,Kenyon_Cell,KCg,14292.0,KCg-m,KCg-m,MBp3,MBp3,dopamine,0.7674770372847003,"acetylcholine; sNPF; acetylcholine, sNPF","Barnstedt et al. 2016 (immuno); Johard et al., 2008 (immuno); Aso et al. 2019 (scRNA-seq)",right,,fw020658,FBbt_00111061,,isomorphic,,,
81559848940220825,720575940623586999,159652.0,43234.0,4293.0,160648.0,30192.0,4382.0,6702254.0,intrinsic,central,Kenyon_Cell,KCg,14292.0,KCg-m,KCg-m,MBp4,MBp4,dopamine,0.7354299898660573,"acetylcholine; sNPF; acetylcholine, sNPF","Barnstedt et al. 2016 (immuno); Johard et al., 2008 (immuno); Aso et al. 2019 (scRNA-seq)",right,,fw020669,FBbt_00111061,,isomorphic,,,
81136880494089975,720575940626786859,152544.0,31584.0,4007.0,152544.0,31584.0,4007.0,6309593.0,intrinsic,central,Kenyon_Cell,KCg,19102.0,KCg-d,KCg-d,MBp1,MBp1,dopamine,0.654728542158143,"acetylcholine; sNPF; acetylcholine, sNPF","Barnstedt et al. 2016 (immuno); Johard et al., 2008 (immuno); Aso et al. 2019 (scRNA-seq)",right,,fw020683,FBbt_00110932,,isomorphic,,,
81841049106387857,720575940630475513,162888.0,39392.0,4957.0,162888.0,39392.0,4957.0,6749405.0,intrinsic,central,Kenyon_Cell,KCg,14292.0,KCg-m,KCg-m,MBp3,MBp3,dopamine,0.7260751675663025,"acetylcholine; sNPF; acetylcholine, sNPF","Barnstedt et al. 2016 (immuno); Johard et al., 2008 (immuno); Aso et al. 2019 (scRNA-seq)",right,,fw020692,FBbt_00111061,,isomorphic,,,
80714393150736469,720575940632434340,146760.0,27488.0,3690.0,146760.0,27488.0,3690.0,5631618.0,intrinsic,central,Kenyon_Cell,KCg,14292.0,KCg-m,KCg-m,MBp1,MBp1,dopamine,0.7595599693688141,"acetylcholine; sNPF; acetylcholine, sNPF","Barnstedt et al. 2016 (immuno); Johard et al., 2008 (immuno); Aso et al. 2019 (scRNA-seq)",right,,fw020699,FBbt_00111061,,isomorphic,,,
81348673921234033,720575940617649969,155655.0,42177.0,3897.0,146032.0,31800.0,4249.0,5640878.0,intrinsic,central,Kenyon_Cell,KCab,11862.0,KCab,KCab-m,MBp1,MBp1,dopamine,0.5957558278454104,"acetylcholine; sNPF; acetylcholine, sNPF","Barnstedt et al. 2016 (immuno, RNAi); Johard et al. (immuno); Aso et al. 2019 (scRNA-seq)",right,,fw020701,FBbt_00100248,,isomorphic,,,
80996486737305268,720575940605552742,150911.0,37400.0,4975.0,149264.0,36336.0,4981.0,6351996.0,intrinsic,central,Kenyon_Cell,KCg,14292.0,KCg-m,KCg-m,MBp2,MBp2,dopamine,0.772424796859354,"acetylcholine; sNPF; acetylcholine, sNPF","Barnstedt et al. 2016 (immuno); Johard et al., 2008 (immuno); Aso et al. 2019 (scRNA-seq)",right,,fw020707,FBbt_00111061,,isomorphic,,,
81278373896788964,720575940612717202,155139.0,42738.0,4102.0,144512.0,26984.0,3905.0,5630632.0,intrinsic,central,Kenyon_Cell,KCg,14292.0,KCg-m,KCg-m,MBp1,MBp1,dopamine,0.7269952862808029,"acetylcholine; sNPF; acetylcholine, sNPF","Barnstedt et al. 2016 (immuno); Johard et al., 2008 (immuno); Aso et al. 2019 (scRNA-seq)",right,,fw020742,FBbt_00111061,,isomorphic,,,
81559848940224651,720575940616076761,159579.0,43645.0,4294.0,166784.0,36600.0,4832.0,7075173.0,intrinsic,central,Kenyon_Cell,KCg,19102.0,KCg-d,KCg-d,MBp4,MBp4,dopamine,0.5980888776676686,"acetylcholine; sNPF; acetylcholine, sNPF","Barnstedt et al. 2016 (immuno); Johard et al., 2008 (immuno); Aso et al. 2019 (scRNA-seq)",right,,fw020745,FBbt_00110932,,isomorphic,,,
80926117993131769,720575940637954532,150444.0,37004.0,4975.0,148536.0,34328.0,4845.0,6351789.0,intrinsic,central,Kenyon_Cell,KCg,14292.0,KCg-m,KCg-m,MBp2,MBp2,dopamine,0.7731518496031958,"acetylcholine; sNPF; acetylcholine, sNPF","Barnstedt et al. 2016 (immuno); Johard et al., 2008 (immuno); Aso et al. 2019 (scRNA-seq)",right,,fw020757,FBbt_00111061,,isomorphic,,,
80925774328795379,720575940626792778,150197.0,32376.0,4571.0,152200.0,29296.0,4532.0,6316888.0,intrinsic,central,Kenyon_Cell,KCab,11862.0,KCab,KCab-s,MBp1,MBp1,dopamine,0.6456735690233881,"acetylcholine; sNPF; acetylcholine, sNPF","Barnstedt et al. 2016 (immuno, RNAi); Johard et al. (immuno); Aso et al. 2019 (scRNA-seq)",right,,fw020778,FBbt_00100248,,isomorphic,,,
81277411890969554,720575940613434178,154704.0,28984.0,4349.0,154704.0,28984.0,4349.0,6319224.0,intrinsic,central,Kenyon_Cell,KCab,11862.0,KCab,KCab-s,MBp3,MBp3,dopamine,0.630228580155742,"acetylcholine; sNPF; acetylcholine, sNPF","Barnstedt et al. 2016 (immuno, RNAi); Johard et al. (immuno); Aso et al. 2019 (scRNA-seq)",right,,fw020785,FBbt_00100248,,isomorphic,,,
81348742640951402,720575940633493660,155790.0,43622.0,4103.0,152336.0,44248.0,5170.0,6375107.0,intrinsic,central,Kenyon_Cell,KCg,14292.0,KCg-m,KCg-m,MBp2,MBp2,dopamine,0.7812829143899316,"acetylcholine; sNPF; acetylcholine, sNPF","Barnstedt et al. 2016 (immuno); Johard et al., 2008 (immuno); Aso et al. 2019 (scRNA-seq)",right,,fw020799,FBbt_00111061,,isomorphic,,,
81559848940246619,720575940632532255,159393.0,43178.0,4294.0,168000.0,30560.0,4183.0,7065406.0,intrinsic,central,Kenyon_Cell,KCg,14292.0,KCg-m,KCg-m,MBp4,MBp4,dopamine,0.8094060781635135,"acetylcholine; sNPF; acetylcholine, sNPF","Barnstedt et al. 2016 (immuno); Johard et al., 2008 (immuno); Aso et al. 2019 (scRNA-seq)",right,,fw020801,FBbt_00111061,,isomorphic,,,
81347780635274540,720575940610347929,156448.0,28608.0,4448.0,156448.0,28608.0,4448.0,6694613.0,intrinsic,central,Kenyon_Cell,KCab,11862.0,KCab,KCab-c,MBp3,MBp3,dopamine,0.6196158979696477,"acetylcholine; sNPF; acetylcholine, sNPF","Barnstedt et al. 2016 (immuno, RNAi); Johard et al. (immuno); Aso et al. 2019 (scRNA-seq)",right,,fw020807,FBbt_00100248,,isomorphic,,,
80996555456777460,720575940614714518,150708.0,37708.0,4974.0,148872.0,36632.0,4900.0,6351900.0,intrinsic,central,Kenyon_Cell,KCg,14292.0,KCg-m,KCg-m,MBp2,MBp2,dopamine,0.8406575932304351,"acetylcholine; sNPF; acetylcholine, sNPF","Barnstedt et al. 2016 (immuno); Johard et al., 2008 (immuno); Aso et al. 2019 (scRNA-seq)",right,,fw020810,FBbt_00111061,,isomorphic,,,
80925499450757892,720575940628868943,149744.0,27400.0,4464.0,149744.0,27400.0,4464.0,6314400.0,intrinsic,central,Kenyon_Cell,KCg,14292.0,KCg-m,KCg-m,MBp1,MBp1,dopamine,0.7236473287002912,"acetylcholine; sNPF; acetylcholine, sNPF","Barnstedt et al. 2016 (immuno); Johard et al., 2008 (immuno); Aso et al. 2019 (scRNA-seq)",right,,fw020812,FBbt_00111061,,isomorphic,,,
81910868027424778,720575940612686358,164514.0,30898.0,4293.0,166616.0,28968.0,4160.0,7063674.0,intrinsic,central,Kenyon_Cell,KCg,14292.0,KCg-m,KCg-m,MBp4,MBp4,dopamine,0.7806529624407643,"acetylcholine; sNPF; acetylcholine, sNPF","Barnstedt et al. 2016 (immuno); Johard et al., 2008 (immuno); Aso et al. 2019 (scRNA-seq)",right,,fw020815,FBbt_00111061,,isomorphic,,,
81348742640730427,720575940617021441,155954.0,42943.0,3897.0,149008.0,33152.0,4772.0,6351926.0,intrinsic,central,Kenyon_Cell,KCab,11862.0,KCab,KCab-m,MBp1,MBp1,dopamine,0.5980520482353016,"acetylcholine; sNPF; acetylcholine, sNPF","Barnstedt et al. 2016 (immuno, RNAi); Johard et al. (immuno); Aso et al. 2019 (scRNA-seq)",right,,fw020817,FBbt_00100248,,isomorphic,,,
82614555468993328,720575940630222895,174752.0,30800.0,4173.0,174752.0,30800.0,4173.0,7336959.0,intrinsic,central,Kenyon_Cell,KCab,11862.0,KCab,KCab-s,MBp4,MBp4,dopamine,0.6349385351649669,"acetylcholine; sNPF; acetylcholine, sNPF","Barnstedt et al. 2016 (immuno, RNAi); Johard et al. (immuno); Aso et al. 2019 (scRNA-seq)",right,,fw020823,FBbt_00100248,,isomorphic,,,
80714255712160706,720575940618419776,146720.0,26072.0,3958.0,146720.0,26072.0,3958.0,5631611.0,intrinsic,central,Kenyon_Cell,,17488.0,KCapbp-m,KCa'b'-m,MBp1,MBp1,dopamine,0.5778022363721071,acetylcholine; acetylcholine,"Barnstedt et al. 2016 (immuno, RNAi); Aso et al. 2019 (scRNA-seq)",right,,fw020827,FBbt:00100253,,isomorphic,,,
81910868027420975,720575940618015773,164713.0,31174.0,4294.0,169552.0,27128.0,4036.0,7057567.0,intrinsic,central,Kenyon_Cell,KCg,14292.0,KCg-m,KCg-m,MBp4,MBp4,dopamine,0.7904298809225808,"acetylcholine; sNPF; acetylcholine, sNPF","Barnstedt et al. 2016 (immuno); Johard et al., 2008 (immuno); Aso et al. 2019 (scRNA-seq)",right,,fw020833,FBbt_00111061,,isomorphic,,,
81206974427585433,720575940624157675,154264.0,27488.0,4553.0,154264.0,27488.0,4553.0,6318890.0,intrinsic,central,Kenyon_Cell,KCg,14292.0,KCg-m,KCg-m,MBp3,MBp3,dopamine,0.8319927732682781,"acetylcholine; sNPF; acetylcholine, sNPF","Barnstedt et al. 2016 (immuno); Johard et al., 2008 (immuno); Aso et al. 2019 (scRNA-seq)",right,,fw020834,FBbt_00111061,,isomorphic,,,
81770061820028470,720575940611586453,162016.0,29944.0,4589.0,162016.0,29944.0,4589.0,6709984.0,intrinsic,central,Kenyon_Cell,KCab,11862.0,KCab,KCab-s,MBp4,MBp4,dopamine,0.6106407122436088,"acetylcholine; sNPF; acetylcholine, sNPF","Barnstedt et al. 2016 (immuno, RNAi); Johard et al. (immuno); Aso et al. 2019 (scRNA-seq)",right,,fw020848,FBbt_00100248,,isomorphic,,,
81348811360429357,720575940628120655,156535.0,43913.0,4102.0,152352.0,41896.0,5257.0,6375110.0,intrinsic,central,Kenyon_Cell,KCg,14292.0,KCg-m,KCg-m,MBp2,MBp2,dopamine,0.797515484313307,"acetylcholine; sNPF; acetylcholine, sNPF","Barnstedt et al. 2016 (immuno); Johard et al., 2008 (immuno); Aso et al. 2019 (scRNA-seq)",right,,fw020851,FBbt_00111061,,isomorphic,,,
80926117993130452,720575940638480061,150430.0,37311.0,4975.0,148400.0,34976.0,4870.0,6351719.0,intrinsic,central,Kenyon_Cell,KCg,14292.0,KCg-m,KCg-m,MBp2,MBp2,dopamine,0.803975717721057,"acetylcholine; sNPF; acetylcholine, sNPF","Barnstedt et al. 2016 (immuno); Johard et al., 2008 (immuno); Aso et al. 2019 (scRNA-seq)",right,,fw020856,FBbt_00111061,,isomorphic,,,
80714393151108159,720575940645858948,146928.0,27736.0,3950.0,146928.0,27736.0,3950.0,5631663.0,intrinsic,central,Kenyon_Cell,,17488.0,KCapbp-ap2,KCa'b'-ap2,MBp1,MBp1,dopamine,0.5833551223389355,acetylcholine; acetylcholine,"Barnstedt et al. 2016 (immuno, RNAi); Aso et al. 2019 (scRNA-seq)",right,,fw020859,FBbt:00049837,,isomorphic,,,
81559848940234692,720575940624884920,159103.0,43351.0,4294.0,165984.0,35136.0,4843.0,7074839.0,intrinsic,central,Kenyon_Cell,KCg,14292.0,KCg-m,KCg-m,MBp4,MBp4,dopamine,0.7433123117359499,"acetylcholine; sNPF; acetylcholine, sNPF","Barnstedt et al. 2016 (immuno); Johard et al., 2008 (immuno); Aso et al. 2019 (scRNA-seq)",right,,fw020861,FBbt_00111061,,isomorphic,,,
80925430664010054,720575940618905766,150056.0,26688.0,3832.0,150056.0,26688.0,3832.0,6308464.0,intrinsic,central,Kenyon_Cell,KCg,14292.0,KCg-m,KCg-m,MBp1,MBp1,dopamine,0.7807067942021663,"acetylcholine; sNPF; acetylcholine, sNPF","Barnstedt et al. 2016 (immuno); Johard et al., 2008 (immuno); Aso et al. 2019 (scRNA-seq)",right,,fw020865,FBbt_00111061,,isomorphic,,,
81066649323027701,720575940659316609,151496.0,34088.0,4962.0,151496.0,34088.0,4962.0,6352562.0,intrinsic,central,Kenyon_Cell,KCg,14292.0,KCg-m,KCg-m,MBp3,MBp3,dopamine,0.7966282257995272,"acetylcholine; sNPF; acetylcholine, sNPF","Barnstedt et al. 2016 (immuno); Johard et al., 2008 (immuno); Aso et al. 2019 (scRNA-seq)",right,,fw020879,FBbt_00111061,,isomorphic,,,
81206836921428708,720575940632135249,154472.0,26136.0,4041.0,154472.0,26136.0,4041.0,6310314.0,intrinsic,central,Kenyon_Cell,KCg,14292.0,KCg-m,KCg-m,MBp3,MBp3,dopamine,0.7978138768549952,"acetylcholine; sNPF; acetylcholine, sNPF","Barnstedt et al. 2016 (immuno); Johard et al., 2008 (immuno); Aso et al. 2019 (scRNA-seq)",right,,fw020881,FBbt_00111061,,isomorphic,,,
81558818148169513,720575940619834965,159592.0,27312.0,4342.0,159592.0,27312.0,4342.0,6699314.0,intrinsic,central,Kenyon_Cell,KCg,14292.0,KCg-m,KCg-m,MBp3,MBp3,dopamine,0.750144206153806,"acetylcholine; sNPF; acetylcholine, sNPF","Barnstedt et al. 2016 (immuno); Johard et al., 2008 (immuno); Aso et al. 2019 (scRNA-seq)",right,,fw020884,FBbt_00111061,,isomorphic,,,
81981305557996684,720575940630764741,165208.0,32120.0,4668.0,165208.0,32120.0,4668.0,7061906.0,intrinsic,central,Kenyon_Cell,KCab,11862.0,KCab,KCab-c,MBp4,MBp4,dopamine,0.5737087883001992,"acetylcholine; sNPF; acetylcholine, sNPF","Barnstedt et al. 2016 (immuno, RNAi); Johard et al. (immuno); Aso et al. 2019 (scRNA-seq)",right,,fw020895,FBbt_00100248,,isomorphic,,,
81489480196055989,720575940633210475,158593.0,43534.0,4293.0,152744.0,44416.0,4932.0,6370904.0,intrinsic,central,Kenyon_Cell,KCg,14292.0,KCg-m,KCg-m,MBp2,MBp2,dopamine,0.747281030122376,"acetylcholine; sNPF; acetylcholine, sNPF","Barnstedt et al. 2016 (immuno); Johard et al., 2008 (immuno); Aso et al. 2019 (scRNA-seq)",right,,fw020896,FBbt_00111061,,isomorphic,,,
81489548848624644,720575940640688592,158415.0,44139.0,3977.0,150640.0,39928.0,5193.0,6353930.0,intrinsic,central,Kenyon_Cell,KCg,14292.0,KCg-m,KCg-m,MBp2,MBp2,dopamine,0.7918764738467143,"acetylcholine; sNPF; acetylcholine, sNPF","Barnstedt et al. 2016 (immuno); Johard et al., 2008 (immuno); Aso et al. 2019 (scRNA-seq)",right,,fw020899,FBbt_00111061,,isomorphic,,,
82122042979762068,720575940623129087,166952.0,31912.0,4518.0,166952.0,31912.0,4518.0,7063976.0,intrinsic,central,Kenyon_Cell,KCab,11862.0,KCab,KCab-c,MBp4,MBp4,dopamine,0.6478170094216487,"acetylcholine; sNPF; acetylcholine, sNPF","Barnstedt et al. 2016 (immuno, RNAi); Johard et al. (immuno); Aso et al. 2019 (scRNA-seq)",right,,fw020901,FBbt_00100248,,isomorphic,,,
81206836988253985,720575940625171289,153808.0,26216.0,4297.0,153808.0,26216.0,4297.0,6318534.0,intrinsic,central,Kenyon_Cell,KCab,11862.0,KCab,KCab-s,MBp3,MBp3,dopamine,0.575573468818158,"acetylcholine; sNPF; acetylcholine, sNPF","Barnstedt et al. 2016 (immuno, RNAi); Johard et al. (immuno); Aso et al. 2019 (scRNA-seq)",right,,fw020902,FBbt_00100248,,isomorphic,,,
81419180104606094,720575940628300529,156668.0,43965.0,4103.0,154304.0,44264.0,5440.0,6375987.0,intrinsic,central,Kenyon_Cell,KCg,14292.0,KCg-m,KCg-m,MBp2,MBp2,dopamine,0.7797574413292325,"acetylcholine; sNPF; acetylcholine, sNPF","Barnstedt et al. 2016 (immuno); Johard et al., 2008 (immuno); Aso et al. 2019 (scRNA-seq)",right,,fw020912,FBbt_00111061,,isomorphic,,,
82122042979649612,720575940606483467,167440.0,32008.0,4429.0,167440.0,32008.0,4429.0,7064354.0,intrinsic,central,Kenyon_Cell,KCab,11862.0,KCab,KCab-c,MBp4,MBp4,dopamine,0.5732923552379587,"acetylcholine; sNPF; acetylcholine, sNPF","Barnstedt et al. 2016 (immuno, RNAi); Johard et al. (immuno); Aso et al. 2019 (scRNA-seq)",right,,fw020937,FBbt_00100248,,isomorphic,,,
81207730475637079,720575940620272064,153640.0,39352.0,5288.0,153640.0,39352.0,5288.0,6355954.0,intrinsic,central,Kenyon_Cell,KCab,11862.0,KCab,KCab-s,MBp2,MBp2,dopamine,0.6544026487399196,"acetylcholine; sNPF; acetylcholine, sNPF","Barnstedt et al. 2016 (immuno, RNAi); Johard et al. (immuno); Aso et al. 2019 (scRNA-seq)",right,,fw020943,FBbt_00100248,,isomorphic,,,
81630217617531642,720575940637810239,160215.0,43501.0,3976.0,166160.0,28624.0,4031.0,7056762.0,intrinsic,central,Kenyon_Cell,KCg,14292.0,KCg-m,KCg-m,MBp4,MBp4,dopamine,0.8000857852099544,"acetylcholine; sNPF; acetylcholine, sNPF","Barnstedt et al. 2016 (immuno); Johard et al., 2008 (immuno); Aso et al. 2019 (scRNA-seq)",right,,fw020957,FBbt_00111061,,isomorphic,,,
81278373896802030,720575940622549759,155345.0,43194.0,4103.0,144064.0,28464.0,3785.0,5630477.0,intrinsic,central,Kenyon_Cell,KCg,14292.0,KCg-m,KCg-m,MBp1,MBp1,dopamine,0.720125882700411,"acetylcholine; sNPF; acetylcholine, sNPF","Barnstedt et al. 2016 (immuno); Johard et al., 2008 (immuno); Aso et al. 2019 (scRNA-seq)",right,,fw020962,FBbt_00111061,,isomorphic,,,
82333080492465646,720575940618667143,170296.0,31328.0,4257.0,170296.0,31328.0,4257.0,7066814.0,intrinsic,central,Kenyon_Cell,KCg,14292.0,KCg-m,KCg-m,MBp4,MBp4,dopamine,0.8102574959434009,"acetylcholine; sNPF; acetylcholine, sNPF","Barnstedt et al. 2016 (immuno); Johard et al., 2008 (immuno); Aso et al. 2019 (scRNA-seq)",right,,fw020970,FBbt_00111061,,isomorphic,,,
81347574476494562,720575940647153796,156544.0,25496.0,4194.0,156544.0,25496.0,4194.0,6694786.0,intrinsic,central,Kenyon_Cell,,17488.0,KCapbp-ap2,KCa'b'-ap2,MBp3,MBp3,dopamine,0.4971697774549276,acetylcholine; acetylcholine,"Barnstedt et al. 2016 (immuno, RNAi); Aso et al. 2019 (scRNA-seq)",right,,fw020973,FBbt:00049837,,isomorphic,,,
81418286885325047,720575940605000550,156672.0,30640.0,4847.0,156672.0,30640.0,4847.0,6695001.0,intrinsic,central,Kenyon_Cell,KCg,14292.0,KCg-m,KCg-m,MBp3,MBp3,dopamine,0.7888105949782561,"acetylcholine; sNPF; acetylcholine, sNPF","Barnstedt et al. 2016 (immuno); Johard et al., 2008 (immuno); Aso et al. 2019 (scRNA-seq)",right,,fw020977,FBbt_00111061,,isomorphic,,,
81066855548222486,720575940608517385,152008.0,36904.0,5214.0,152008.0,36904.0,5214.0,6354817.0,intrinsic,central,Kenyon_Cell,,17488.0,KCapbp-m,KCa'b'-m,MBp2,MBp2,dopamine,0.4980940889870872,acetylcholine; acetylcholine,"Barnstedt et al. 2016 (immuno, RNAi); Aso et al. 2019 (scRNA-seq)",right,,fw020981,FBbt:00100253,,isomorphic,,,
81630286337003897,720575940639057085,159932.0,43662.0,3976.0,159952.0,27424.0,4152.0,6700084.0,intrinsic,central,Kenyon_Cell,KCg,14292.0,KCg-m,KCg-m,MBp4,MBp4,dopamine,0.7641607942619607,"acetylcholine; sNPF; acetylcholine, sNPF","Barnstedt et al. 2016 (immuno); Johard et al., 2008 (immuno); Aso et al. 2019 (scRNA-seq)",right,,fw020983,FBbt_00111061,,isomorphic,,,
81348811360427954,720575940625900900,156529.0,43872.0,4103.0,153640.0,45320.0,5198.0,6375746.0,intrinsic,central,Kenyon_Cell,KCg,14292.0,KCg-m,KCg-m,MBp2,MBp2,dopamine,0.7766045659582174,"acetylcholine; sNPF; acetylcholine, sNPF","Barnstedt et al. 2016 (immuno); Johard et al., 2008 (immuno); Aso et al. 2019 (scRNA-seq)",right,,fw020991,FBbt_00111061,,isomorphic,,,
82403517956249793,720575940609153746,171144.0,32224.0,4360.0,171144.0,32224.0,4360.0,7067088.0,intrinsic,central,Kenyon_Cell,KCab,11862.0,KCab,KCab-s,MBp4,MBp4,dopamine,0.5890551486490078,"acetylcholine; sNPF; acetylcholine, sNPF","Barnstedt et al. 2016 (immuno, RNAi); Johard et al. (immuno); Aso et al. 2019 (scRNA-seq)",right,,fw020993,FBbt_00100248,,isomorphic,,,
81207936634228793,720575940620051580,153656.0,42376.0,5402.0,153656.0,42376.0,5402.0,6375756.0,intrinsic,central,Kenyon_Cell,KCab,11862.0,KCab,KCab-s,MBp2,MBp2,dopamine,0.5803939384528208,"acetylcholine; sNPF; acetylcholine, sNPF","Barnstedt et al. 2016 (immuno, RNAi); Johard et al. (immuno); Aso et al. 2019 (scRNA-seq)",right,,fw021003,FBbt_00100248,,isomorphic,,,
81136880628114144,720575940639116888,152928.0,32072.0,4863.0,152928.0,32072.0,4863.0,6317827.0,intrinsic,central,Kenyon_Cell,KCg,14292.0,KCg-m,KCg-m,MBp3,MBp3,dopamine,0.771506231116552,"acetylcholine; sNPF; acetylcholine, sNPF","Barnstedt et al. 2016 (immuno); Johard et al., 2008 (immuno); Aso et al. 2019 (scRNA-seq)",right,,fw021015,FBbt_00111061,,isomorphic,,,
81348811360432705,720575940616109398,156370.0,44104.0,4102.0,158584.0,46288.0,5196.0,6827055.0,intrinsic,central,Kenyon_Cell,KCg,14292.0,KCg-m,KCg-m,MBp2,MBp2,dopamine,0.7002340004158771,"acetylcholine; sNPF; acetylcholine, sNPF","Barnstedt et al. 2016 (immuno); Johard et al., 2008 (immuno); Aso et al. 2019 (scRNA-seq)",right,,fw021026,FBbt_00111061,,isomorphic,,,
81630217684412691,720575940627028773,159776.0,43568.0,4293.0,159800.0,28600.0,4320.0,6699740.0,intrinsic,central,Kenyon_Cell,KCg,19102.0,KCg-d,KCg-d,MBp4,MBp4,dopamine,0.6760436312738226,"acetylcholine; sNPF; acetylcholine, sNPF","Barnstedt et al. 2016 (immuno); Johard et al., 2008 (immuno); Aso et al. 2019 (scRNA-seq)",right,,fw021032,FBbt_00110932,,isomorphic,,,
80925774328794781,720575940642338464,150378.0,31844.0,4571.0,151568.0,30128.0,4309.0,6316083.0,intrinsic,central,Kenyon_Cell,KCab,11862.0,KCab,KCab-s,MBp1,MBp1,dopamine,0.6406648161609846,"acetylcholine; sNPF; acetylcholine, sNPF","Barnstedt et al. 2016 (immuno, RNAi); Johard et al. (immuno); Aso et al. 2019 (scRNA-seq)",right,,fw021053,FBbt_00100248,,isomorphic,,,
81066305658713145,720575940622217033,152304.0,28536.0,4555.0,152304.0,28536.0,4555.0,6316990.0,intrinsic,central,Kenyon_Cell,KCab,11862.0,KCab,KCab-m,MBp3,MBp3,dopamine,0.5827428103311976,"acetylcholine; sNPF; acetylcholine, sNPF","Barnstedt et al. 2016 (immuno, RNAi); Johard et al. (immuno); Aso et al. 2019 (scRNA-seq)",right,,fw021061,FBbt_00100248,,isomorphic,,,
81136674402824054,720575940611660714,152920.0,28656.0,4500.0,152920.0,28656.0,4500.0,6317822.0,intrinsic,central,Kenyon_Cell,KCab,11862.0,KCab,KCab-s,MBp3,MBp3,dopamine,0.6192459493625897,"acetylcholine; sNPF; acetylcholine, sNPF","Barnstedt et al. 2016 (immuno, RNAi); Johard et al. (immuno); Aso et al. 2019 (scRNA-seq)",right,,fw021074,FBbt_00100248,,isomorphic,,,
81559917659707055,720575940619995418,158732.0,43667.0,4294.0,162176.0,44408.0,5188.0,6831633.0,intrinsic,central,Kenyon_Cell,KCg,19102.0,KCg-d,KCg-d,MBp2,MBp2,dopamine,0.720562665397736,"acetylcholine; sNPF; acetylcholine, sNPF","Barnstedt et al. 2016 (immuno); Johard et al., 2008 (immuno); Aso et al. 2019 (scRNA-seq)",right,,fw021076,FBbt_00110932,,isomorphic,,,
82403655395433144,720575940628711631,171144.0,33728.0,4542.0,171144.0,33728.0,4542.0,7076624.0,intrinsic,central,Kenyon_Cell,KCab,11862.0,KCab,KCab-s,MBp4,MBp4,dopamine,0.6636107277957759,"acetylcholine; sNPF; acetylcholine, sNPF","Barnstedt et al. 2016 (immuno, RNAi); Johard et al. (immuno); Aso et al. 2019 (scRNA-seq)",right,,fw021077,FBbt_00100248,,isomorphic,,,
81489480196064803,720575940617628962,158205.0,43549.0,4294.0,157448.0,47440.0,5188.0,6826595.0,intrinsic,central,Kenyon_Cell,KCg,14292.0,KCg-m,KCg-m,MBp2,MBp2,dopamine,0.7459002804687966,"acetylcholine; sNPF; acetylcholine, sNPF","Barnstedt et al. 2016 (immuno); Johard et al., 2008 (immuno); Aso et al. 2019 (scRNA-seq)",right,,fw021078,FBbt_00111061,,isomorphic,,,
81489480263392768,720575940627244699,158464.0,42912.0,4955.0,158464.0,42912.0,4955.0,6824665.0,intrinsic,central,Kenyon_Cell,KCab,11862.0,KCab,KCab-m,MBp2,MBp2,dopamine,0.5674316668674046,"acetylcholine; sNPF; acetylcholine, sNPF","Barnstedt et al. 2016 (immuno, RNAi); Johard et al. (immuno); Aso et al. 2019 (scRNA-seq)",right,,fw021081,FBbt_00100248,,isomorphic,,,
81347849354530339,720575940607280306,156288.0,29840.0,4290.0,156288.0,29840.0,4290.0,6694082.0,intrinsic,central,Kenyon_Cell,KCg,14292.0,KCg-m,KCg-m,MBp3,MBp3,dopamine,0.7592324284237814,"acetylcholine; sNPF; acetylcholine, sNPF","Barnstedt et al. 2016 (immuno); Johard et al., 2008 (immuno); Aso et al. 2019 (scRNA-seq)",right,,fw021082,FBbt_00111061,,isomorphic,,,
80503355637844118,720575940632111780,143352.0,28912.0,3817.0,143352.0,28912.0,3817.0,5630206.0,intrinsic,central,Kenyon_Cell,KCg,14292.0,KCg-m,KCg-m,MBp1,MBp1,dopamine,0.7294272243153911,"acetylcholine; sNPF; acetylcholine, sNPF","Barnstedt et al. 2016 (immuno); Johard et al., 2008 (immuno); Aso et al. 2019 (scRNA-seq)",right,,fw021089,FBbt_00111061,,isomorphic,,,
81348742640722368,720575940627094917,156025.0,43006.0,3896.0,145584.0,27872.0,4176.0,5640572.0,intrinsic,central,Kenyon_Cell,KCab,11862.0,KCab,KCab-m,MBp1,MBp1,dopamine,0.6496221776428682,"acetylcholine; sNPF; acetylcholine, sNPF","Barnstedt et al. 2016 (immuno, RNAi); Johard et al. (immuno); Aso et al. 2019 (scRNA-seq)",right,,fw021096,FBbt_00100248,,isomorphic,,,
81419180305509164,720575940620955149,157080.0,44008.0,5251.0,157080.0,44008.0,5251.0,6826416.0,intrinsic,central,Kenyon_Cell,KCab,11862.0,KCab,KCab-m,MBp2,MBp2,dopamine,0.5835998353198586,"acetylcholine; sNPF; acetylcholine, sNPF","Barnstedt et al. 2016 (immuno, RNAi); Johard et al. (immuno); Aso et al. 2019 (scRNA-seq)",right,,fw021097,FBbt_00100248,,isomorphic,,,
81559574129750919,720575940608015627,159624.0,38856.0,5035.0,159624.0,38856.0,5035.0,6748550.0,intrinsic,central,Kenyon_Cell,KCg,14292.0,KCg-m,KCg-m,MBp3,MBp3,dopamine,0.6763514021302363,"acetylcholine; sNPF; acetylcholine, sNPF","Barnstedt et al. 2016 (immuno); Johard et al., 2008 (immuno); Aso et al. 2019 (scRNA-seq)",right,,fw021108,FBbt_00111061,,isomorphic,,,
80573724448920398,720575940619672656,144768.0,28520.0,4177.0,144768.0,28520.0,4177.0,5639889.0,intrinsic,central,Kenyon_Cell,KCg,14292.0,KCg-m,KCg-m,MBp1,MBp1,dopamine,0.7443503029345081,"acetylcholine; sNPF; acetylcholine, sNPF","Barnstedt et al. 2016 (immuno); Johard et al., 2008 (immuno); Aso et al. 2019 (scRNA-seq)",right,,fw021112,FBbt_00111061,,isomorphic,,,
81699830581522072,720575940630878253,161120.0,32184.0,4852.0,161120.0,32184.0,4852.0,6705661.0,intrinsic,central,Kenyon_Cell,KCab,11862.0,KCab,KCab-m,MBp3,MBp3,dopamine,0.6420239327732503,"acetylcholine; sNPF; acetylcholine, sNPF","Barnstedt et al. 2016 (immuno, RNAi); Johard et al. (immuno); Aso et al. 2019 (scRNA-seq)",right,,fw021113,FBbt_00100248,,isomorphic,,,
81348673921229179,720575940628152838,156068.0,42049.0,3897.0,148904.0,31544.0,4241.0,6312871.0,intrinsic,central,Kenyon_Cell,KCab,11862.0,KCab,KCab-m,MBp1,MBp1,dopamine,0.6399399552463771,"acetylcholine; sNPF; acetylcholine, sNPF","Barnstedt et al. 2016 (immuno, RNAi); Johard et al. (immuno); Aso et al. 2019 (scRNA-seq)",right,,fw021114,FBbt_00100248,,isomorphic,,,
81630286337031421,720575940629545027,159941.0,43738.0,3976.0,167704.0,33264.0,4687.0,7075530.0,intrinsic,central,Kenyon_Cell,KCg,14292.0,KCg-m,KCg-m,MBp4,MBp4,dopamine,0.8076128652028127,"acetylcholine; sNPF; acetylcholine, sNPF","Barnstedt et al. 2016 (immuno); Johard et al., 2008 (immuno); Aso et al. 2019 (scRNA-seq)",right,,fw021115,FBbt_00111061,,isomorphic,,,
80925774328798489,720575940624648067,150265.0,31575.0,4571.0,150272.0,28440.0,4213.0,6314940.0,intrinsic,central,Kenyon_Cell,KCab,11862.0,KCab,KCab-m,MBp1,MBp1,dopamine,0.6482175156450706,"acetylcholine; sNPF; acetylcholine, sNPF","Barnstedt et al. 2016 (immuno, RNAi); Johard et al. (immuno); Aso et al. 2019 (scRNA-seq)",right,,fw021125,FBbt_00100248,,isomorphic,,,
81278373896833333,720575940620232363,155274.0,42814.0,4102.0,145048.0,28256.0,4004.0,5630854.0,intrinsic,central,Kenyon_Cell,KCg,14292.0,KCg-m,KCg-m,MBp1,MBp1,dopamine,0.7713734807331831,"acetylcholine; sNPF; acetylcholine, sNPF","Barnstedt et al. 2016 (immuno); Johard et al., 2008 (immuno); Aso et al. 2019 (scRNA-seq)",right,,fw021137,FBbt_00111061,,isomorphic,,,
81278305177307694,720575940633773849,154986.0,42492.0,4103.0,145008.0,27088.0,3836.0,5630826.0,intrinsic,central,Kenyon_Cell,KCg,14292.0,KCg-m,KCg-m,MBp1,MBp1,dopamine,0.8136903505865163,"acetylcholine; sNPF; acetylcholine, sNPF","Barnstedt et al. 2016 (immuno); Johard et al., 2008 (immuno); Aso et al. 2019 (scRNA-seq)",right,,fw021148,FBbt_00111061,,isomorphic,,,
81207043146726421,720575940620746093,154464.0,28288.0,4321.0,154464.0,28288.0,4321.0,6319048.0,intrinsic,central,Kenyon_Cell,KCab,11862.0,KCab,KCab-s,MBp3,MBp3,dopamine,0.6020951491770231,"acetylcholine; sNPF; acetylcholine, sNPF","Barnstedt et al. 2016 (immuno, RNAi); Johard et al. (immuno); Aso et al. 2019 (scRNA-seq)",right,,fw021149,FBbt_00100248,,isomorphic,,,
81278305177335777,720575940611450134,154629.0,42138.0,4102.0,144408.0,28184.0,3944.0,5630613.0,intrinsic,central,Kenyon_Cell,KCg,14292.0,KCg-m,KCg-m,MBp1,MBp1,dopamine,0.768300377187722,"acetylcholine; sNPF; acetylcholine, sNPF","Barnstedt et al. 2016 (immuno); Johard et al., 2008 (immuno); Aso et al. 2019 (scRNA-seq)",right,,fw021155,FBbt_00111061,,isomorphic,,,
81066511883767585,720575940628002348,151736.0,31584.0,4731.0,151736.0,31584.0,4731.0,6316323.0,intrinsic,central,Kenyon_Cell,KCg,19102.0,KCg-d,KCg-d,MBp1,MBp1,dopamine,0.6478657883764837,"acetylcholine; sNPF; acetylcholine, sNPF","Barnstedt et al. 2016 (immuno); Johard et al., 2008 (immuno); Aso et al. 2019 (scRNA-seq)",right,,fw021165,FBbt_00110932,,isomorphic,,,
80925774328808558,720575940612668018,150122.0,32018.0,4571.0,150520.0,27488.0,4000.0,6308724.0,intrinsic,central,Kenyon_Cell,KCab,11862.0,KCab,KCab-s,MBp1,MBp1,dopamine,0.5840571888992631,"acetylcholine; sNPF; acetylcholine, sNPF","Barnstedt et al. 2016 (immuno, RNAi); Johard et al. (immuno); Aso et al. 2019 (scRNA-seq)",right,,fw021166,FBbt_00100248,,isomorphic,,,
81278305177309185,720575940623010253,155003.0,42557.0,4103.0,143752.0,27328.0,3853.0,5630345.0,intrinsic,central,Kenyon_Cell,KCg,14292.0,KCg-m,KCg-m,MBp1,MBp1,dopamine,0.698581718444686,"acetylcholine; sNPF; acetylcholine, sNPF","Barnstedt et al. 2016 (immuno); Johard et al., 2008 (immuno); Aso et al. 2019 (scRNA-seq)",right,,fw021168,FBbt_00111061,,isomorphic,,,
81558818148202874,720575940610743282,158704.0,27520.0,4359.0,158704.0,27520.0,4359.0,6698100.0,intrinsic,central,Kenyon_Cell,KCg,14292.0,KCg-m,KCg-m,MBp3,MBp3,dopamine,0.774274737360486,"acetylcholine; sNPF; acetylcholine, sNPF","Barnstedt et al. 2016 (immuno); Johard et al., 2008 (immuno); Aso et al. 2019 (scRNA-seq)",right,,fw021172,FBbt_00111061,,isomorphic,,,
80925568170404747,720575940620684156,150376.0,28472.0,4598.0,150376.0,28472.0,4598.0,6314944.0,intrinsic,central,Kenyon_Cell,KCg,14292.0,KCg-m,KCg-m,MBp1,MBp1,dopamine,0.7692252771026005,"acetylcholine; sNPF; acetylcholine, sNPF","Barnstedt et al. 2016 (immuno); Johard et al., 2008 (immuno); Aso et al. 2019 (scRNA-seq)",right,,fw021174,FBbt_00111061,,isomorphic,,,
81348673921253770,720575940610470130,155826.0,42455.0,3897.0,146984.0,29960.0,4271.0,5641325.0,intrinsic,central,Kenyon_Cell,KCab,11862.0,KCab,KCab-c,MBp1,MBp1,dopamine,0.7151001376064489,"acetylcholine; sNPF; acetylcholine, sNPF","Barnstedt et al. 2016 (immuno, RNAi); Johard et al. (immuno); Aso et al. 2019 (scRNA-seq)",right,,fw021175,FBbt_00100248,,isomorphic,,,
81066443030433234,720575940645269614,152088.0,31016.0,3986.0,152088.0,31016.0,3986.0,6309417.0,intrinsic,central,Kenyon_Cell,KCg,19102.0,KCg-d,KCg-d,MBp1,MBp1,dopamine,0.6302410324070638,"acetylcholine; sNPF; acetylcholine, sNPF","Barnstedt et al. 2016 (immuno); Johard et al., 2008 (immuno); Aso et al. 2019 (scRNA-seq)",right,,fw021176,FBbt_00110932,,isomorphic,,,
81348742640725778,720575940627908624,155660.0,42844.0,3897.0,149584.0,30920.0,4617.0,6314177.0,intrinsic,central,Kenyon_Cell,KCab,11862.0,KCab,KCab-m,MBp1,MBp1,dopamine,0.585286832569011,"acetylcholine; sNPF; acetylcholine, sNPF","Barnstedt et al. 2016 (immuno, RNAi); Johard et al. (immuno); Aso et al. 2019 (scRNA-seq)",right,,fw021184,FBbt_00100248,,isomorphic,,,
80714393217959476,720575940621296639,146728.0,28080.0,4277.0,146728.0,28080.0,4277.0,5641182.0,intrinsic,central,Kenyon_Cell,KCg,14292.0,KCg-m,KCg-m,MBp1,MBp1,dopamine,0.7936181190630898,"acetylcholine; sNPF; acetylcholine, sNPF","Barnstedt et al. 2016 (immuno); Johard et al., 2008 (immuno); Aso et al. 2019 (scRNA-seq)",right,,fw021193,FBbt_00111061,,isomorphic,,,
81278373896806205,720575940617166749,155382.0,42926.0,4102.0,144288.0,26600.0,3838.0,5630549.0,intrinsic,central,Kenyon_Cell,KCg,14292.0,KCg-m,KCg-m,MBp1,MBp1,dopamine,0.737195081900545,"acetylcholine; sNPF; acetylcholine, sNPF","Barnstedt et al. 2016 (immuno); Johard et al., 2008 (immuno); Aso et al. 2019 (scRNA-seq)",right,,fw021195,FBbt_00111061,,isomorphic,,,
80714393151202143,720575940626834762,146552.0,27584.0,4024.0,146552.0,27584.0,4024.0,5631537.0,intrinsic,central,Kenyon_Cell,,17488.0,KCapbp-ap2,KCa'b'-ap2,MBp1,MBp1,dopamine,0.5424205349300087,acetylcholine; acetylcholine,"Barnstedt et al. 2016 (immuno, RNAi); Aso et al. 2019 (scRNA-seq)",right,,fw021201,FBbt:00049837,,isomorphic,,,
81066236939201320,720575940623400445,152040.0,27712.0,4540.0,152040.0,27712.0,4540.0,6316737.0,intrinsic,central,Kenyon_Cell,KCg,14292.0,KCg-m,KCg-m,MBp1,MBp1,dopamine,0.784976122999774,"acetylcholine; sNPF; acetylcholine, sNPF","Barnstedt et al. 2016 (immuno); Johard et al., 2008 (immuno); Aso et al. 2019 (scRNA-seq)",right,,fw021208,FBbt_00111061,,isomorphic,,,
81137567889745908,720575940626651288,152864.0,42344.0,5176.0,152864.0,42344.0,5176.0,6375323.0,intrinsic,central,Kenyon_Cell,KCab,11862.0,KCab,KCab-s,MBp2,MBp2,dopamine,0.597038531442828,"acetylcholine; sNPF; acetylcholine, sNPF","Barnstedt et al. 2016 (immuno, RNAi); Johard et al. (immuno); Aso et al. 2019 (scRNA-seq)",right,,fw021220,FBbt_00100248,,isomorphic,,,
81278442817327226,720575940622965944,154608.0,43984.0,5369.0,154608.0,43984.0,5369.0,6376088.0,intrinsic,central,Kenyon_Cell,KCab,11862.0,KCab,KCab-s,MBp2,MBp2,dopamine,0.7010694580536371,"acetylcholine; sNPF; acetylcholine, sNPF","Barnstedt et al. 2016 (immuno, RNAi); Johard et al. (immuno); Aso et al. 2019 (scRNA-seq)",right,,fw021223,FBbt_00100248,,isomorphic,,,
81137567889856200,720575940627003547,153168.0,42200.0,5257.0,153168.0,42200.0,5257.0,6375467.0,intrinsic,central,Kenyon_Cell,KCab,11862.0,KCab,KCab-s,MBp2,MBp2,dopamine,0.6493018728274993,"acetylcholine; sNPF; acetylcholine, sNPF","Barnstedt et al. 2016 (immuno, RNAi); Johard et al. (immuno); Aso et al. 2019 (scRNA-seq)",right,,fw021224,FBbt_00100248,,isomorphic,,,
81911417850463639,720575940619813637,164352.0,39080.0,4895.0,164352.0,39080.0,4895.0,7074077.0,intrinsic,central,Kenyon_Cell,KCg,19102.0,KCg-d,KCg-d,MBp4,MBp4,dopamine,0.5981177457605434,"acetylcholine; sNPF; acetylcholine, sNPF","Barnstedt et al. 2016 (immuno); Johard et al., 2008 (immuno); Aso et al. 2019 (scRNA-seq)",right,,fw021234,FBbt_00110932,,isomorphic,,,
81559848940235891,720575940615507641,159519.0,43280.0,4294.0,168416.0,34448.0,4784.0,7075874.0,intrinsic,central,Kenyon_Cell,KCg,14292.0,KCg-m,KCg-m,MBp4,MBp4,dopamine,0.8185845513010978,"acetylcholine; sNPF; acetylcholine, sNPF","Barnstedt et al. 2016 (immuno); Johard et al., 2008 (immuno); Aso et al. 2019 (scRNA-seq)",right,,fw021239,FBbt_00111061,,isomorphic,,,
81208074006331272,720575940627561854,153552.0,44384.0,5075.0,153552.0,44384.0,5075.0,6371077.0,intrinsic,central,Kenyon_Cell,KCg,14292.0,KCg-m,KCg-m,MBp2,MBp2,dopamine,0.8336772179117221,"acetylcholine; sNPF; acetylcholine, sNPF","Barnstedt et al. 2016 (immuno); Johard et al., 2008 (immuno); Aso et al. 2019 (scRNA-seq)",right,,fw021241,FBbt_00111061,,isomorphic,,,
81349017719739698,720575940639071029,156480.0,47256.0,5255.0,156480.0,47256.0,5255.0,6826196.0,intrinsic,central,Kenyon_Cell,KCg,14292.0,KCg-m,KCg-m,MBp2,MBp2,dopamine,0.6966419934854556,"acetylcholine; sNPF; acetylcholine, sNPF","Barnstedt et al. 2016 (immuno); Johard et al., 2008 (immuno); Aso et al. 2019 (scRNA-seq)",right,,fw021249,FBbt_00111061,,isomorphic,,,
81559917592810988,720575940627336209,159564.0,43832.0,3977.0,161184.0,27352.0,4140.0,6706157.0,intrinsic,central,Kenyon_Cell,KCg,14292.0,KCg-m,KCg-m,MBp4,MBp4,dopamine,0.7769830921312748,"acetylcholine; sNPF; acetylcholine, sNPF","Barnstedt et al. 2016 (immuno); Johard et al., 2008 (immuno); Aso et al. 2019 (scRNA-seq)",right,,fw021252,FBbt_00111061,,isomorphic,,,
81630217617520289,720575940635465908,160129.0,43205.0,3977.0,161960.0,29648.0,4339.0,6709848.0,intrinsic,central,Kenyon_Cell,KCg,14292.0,KCg-m,KCg-m,MBp4,MBp4,dopamine,0.7128675981542115,"acetylcholine; sNPF; acetylcholine, sNPF","Barnstedt et al. 2016 (immuno); Johard et al., 2008 (immuno); Aso et al. 2019 (scRNA-seq)",right,,fw021261,FBbt_00111061,,isomorphic,,,
81066374311009175,720575940614283006,152248.0,29640.0,4014.0,152248.0,29640.0,4014.0,6309484.0,intrinsic,central,Kenyon_Cell,KCg,14292.0,KCg-m,KCg-m,MBp1,MBp1,dopamine,0.7661999322964994,"acetylcholine; sNPF; acetylcholine, sNPF","Barnstedt et al. 2016 (immuno); Johard et al., 2008 (immuno); Aso et al. 2019 (scRNA-seq)",right,,fw021274,FBbt_00111061,,isomorphic,,,
80925774328796150,720575940617492805,150372.0,31586.0,4572.0,151112.0,28936.0,4298.0,6315576.0,intrinsic,central,Kenyon_Cell,KCab,11862.0,KCab,KCab-m,MBp1,MBp1,dopamine,0.6039944173768502,"acetylcholine; sNPF; acetylcholine, sNPF","Barnstedt et al. 2016 (immuno, RNAi); Johard et al. (immuno); Aso et al. 2019 (scRNA-seq)",right,,fw021276,FBbt_00100248,,isomorphic,,,
80784830681985203,720575940624288520,148128.0,28592.0,4532.0,148128.0,28592.0,4532.0,6311293.0,intrinsic,central,Kenyon_Cell,KCg,14292.0,KCg-m,KCg-m,MBp1,MBp1,dopamine,0.7632376423595959,"acetylcholine; sNPF; acetylcholine, sNPF","Barnstedt et al. 2016 (immuno); Johard et al., 2008 (immuno); Aso et al. 2019 (scRNA-seq)",right,,fw021287,FBbt_00111061,,isomorphic,,,
81206974427093347,720575940624125114,153736.0,27504.0,4205.0,153736.0,27504.0,4205.0,6318505.0,intrinsic,central,Kenyon_Cell,KCab,11862.0,KCab,KCab-s,MBp3,MBp3,dopamine,0.5752902226030531,"acetylcholine; sNPF; acetylcholine, sNPF","Barnstedt et al. 2016 (immuno, RNAi); Johard et al. (immuno); Aso et al. 2019 (scRNA-seq)",right,,fw021296,FBbt_00100248,,isomorphic,,,
81630217684412676,720575940618371777,159709.0,43496.0,4294.0,159744.0,28048.0,4190.0,6699632.0,intrinsic,central,Kenyon_Cell,KCg,14292.0,KCg-m,KCg-m,MBp4,MBp4,dopamine,0.7185465858942259,"acetylcholine; sNPF; acetylcholine, sNPF","Barnstedt et al. 2016 (immuno); Johard et al., 2008 (immuno); Aso et al. 2019 (scRNA-seq)",right,,fw021309,FBbt_00111061,,isomorphic,,,
81207043146538291,720575940627264082,153968.0,29280.0,4186.0,153968.0,29280.0,4186.0,6318663.0,intrinsic,central,Kenyon_Cell,,17488.0,KCapbp-ap2,KCa'b'-ap2,MBp3,MBp3,dopamine,0.5263579674676901,acetylcholine; acetylcholine,"Barnstedt et al. 2016 (immuno, RNAi); Aso et al. 2019 (scRNA-seq)",right,,fw021317,FBbt:00049837,,isomorphic,,,
81277480610501202,720575940618337300,155040.0,29712.0,4387.0,155040.0,29712.0,4387.0,6319461.0,intrinsic,central,Kenyon_Cell,KCab,11862.0,KCab,KCab-s,MBp3,MBp3,dopamine,0.6157432804272773,"acetylcholine; sNPF; acetylcholine, sNPF","Barnstedt et al. 2016 (immuno, RNAi); Johard et al. (immuno); Aso et al. 2019 (scRNA-seq)",right,,fw021323,FBbt_00100248,,isomorphic,,,
81136605616273798,720575940628610811,152608.0,27984.0,4016.0,152608.0,27984.0,4016.0,6309599.0,intrinsic,central,Kenyon_Cell,,17488.0,KCapbp-ap1,KCa'b'-ap1,MBp3,MBp3,dopamine,0.6026857640989609,acetylcholine; acetylcholine,"Barnstedt et al. 2016 (immuno, RNAi); Aso et al. 2019 (scRNA-seq)",right,,fw021324,FBbt:00049836,,isomorphic,,,
81489548781659260,720575940619036911,158576.0,44646.0,3594.0,153760.0,31536.0,4924.0,6318539.0,intrinsic,central,Kenyon_Cell,KCg,14292.0,KCg-m,KCg-m,MBp3,MBp3,dopamine,0.7560487133443314,"acetylcholine; sNPF; acetylcholine, sNPF","Barnstedt et al. 2016 (immuno); Johard et al., 2008 (immuno); Aso et al. 2019 (scRNA-seq)",right,,fw021328,FBbt_00111061,,isomorphic,,,
82333080492445170,720575940620588653,170360.0,30568.0,4242.0,170360.0,30568.0,4242.0,7066844.0,intrinsic,central,Kenyon_Cell,KCg,14292.0,KCg-m,KCg-m,MBp4,MBp4,dopamine,0.7288926580548793,"acetylcholine; sNPF; acetylcholine, sNPF","Barnstedt et al. 2016 (immuno); Johard et al., 2008 (immuno); Aso et al. 2019 (scRNA-seq)",right,,fw021329,FBbt_00111061,,isomorphic,,,
81278373896795749,720575940618190238,155033.0,42634.0,4102.0,143120.0,26256.0,3826.0,5630106.0,intrinsic,central,Kenyon_Cell,KCg,14292.0,KCg-m,KCg-m,MBp1,MBp1,dopamine,0.7677987150238037,"acetylcholine; sNPF; acetylcholine, sNPF","Barnstedt et al. 2016 (immuno); Johard et al., 2008 (immuno); Aso et al. 2019 (scRNA-seq)",right,,fw021342,FBbt_00111061,,isomorphic,,,
81278373896550457,720575940622803850,155430.0,42806.0,3897.0,145472.0,31648.0,4189.0,5640457.0,intrinsic,central,Kenyon_Cell,KCab,11862.0,KCab,KCab-m,MBp1,MBp1,dopamine,0.5624924314763059,"acetylcholine; sNPF; acetylcholine, sNPF","Barnstedt et al. 2016 (immuno, RNAi); Johard et al. (immuno); Aso et al. 2019 (scRNA-seq)",right,,fw021360,FBbt_00100248,,isomorphic,,,
82333080492618161,720575940632583831,170096.0,31016.0,4356.0,170096.0,31016.0,4356.0,7066767.0,intrinsic,central,Kenyon_Cell,KCab,11862.0,KCab,KCab-s,MBp4,MBp4,dopamine,0.5758755058455687,"acetylcholine; sNPF; acetylcholine, sNPF","Barnstedt et al. 2016 (immuno, RNAi); Johard et al. (immuno); Aso et al. 2019 (scRNA-seq)",right,,fw021367,FBbt_00100248,,isomorphic,,,
80996143072956207,720575940618526912,150591.0,31616.0,4571.0,152336.0,29696.0,4363.0,6317067.0,intrinsic,central,Kenyon_Cell,KCab,11862.0,KCab,KCab-m,MBp1,MBp1,dopamine,0.627905345978416,"acetylcholine; sNPF; acetylcholine, sNPF","Barnstedt et al. 2016 (immuno, RNAi); Johard et al. (immuno); Aso et al. 2019 (scRNA-seq)",right,,fw021370,FBbt_00100248,,isomorphic,,,
81348742640714838,720575940633312482,156151.0,42733.0,3897.0,146720.0,29552.0,4221.0,5641178.0,intrinsic,central,Kenyon_Cell,KCab,11862.0,KCab,KCab-c,MBp1,MBp1,dopamine,0.6180637557400349,"acetylcholine; sNPF; acetylcholine, sNPF","Barnstedt et al. 2016 (immuno, RNAi); Johard et al. (immuno); Aso et al. 2019 (scRNA-seq)",right,,fw021373,FBbt_00100248,,isomorphic,,,
80643955687262479,720575940639733211,146120.0,26824.0,3812.0,146120.0,26824.0,3812.0,5631349.0,intrinsic,central,Kenyon_Cell,KCg,14292.0,KCg-m,KCg-m,MBp1,MBp1,dopamine,0.7782396773672373,"acetylcholine; sNPF; acetylcholine, sNPF","Barnstedt et al. 2016 (immuno); Johard et al., 2008 (immuno); Aso et al. 2019 (scRNA-seq)",right,,fw021377,FBbt_00111061,,isomorphic,,,
80925774328802589,720575940621948810,150268.0,31701.0,4571.0,151160.0,29664.0,4201.0,6315630.0,intrinsic,central,Kenyon_Cell,KCab,11862.0,KCab,KCab-m,MBp1,MBp1,dopamine,0.6040499255659139,"acetylcholine; sNPF; acetylcholine, sNPF","Barnstedt et al. 2016 (immuno, RNAi); Johard et al. (immuno); Aso et al. 2019 (scRNA-seq)",right,,fw021378,FBbt_00100248,,isomorphic,,,
81348673921244706,720575940640756621,156144.0,42431.0,3896.0,147976.0,29248.0,4447.0,6311084.0,intrinsic,central,Kenyon_Cell,KCab,11862.0,KCab,KCab-c,MBp1,MBp1,dopamine,0.5106413905734197,"acetylcholine; sNPF; acetylcholine, sNPF","Barnstedt et al. 2016 (immuno, RNAi); Johard et al. (immuno); Aso et al. 2019 (scRNA-seq)",right,,fw021379,FBbt_00100248,,isomorphic,,,
81136811908430040,720575940613532831,153448.0,30696.0,4694.0,153448.0,30696.0,4694.0,6318301.0,intrinsic,central,Kenyon_Cell,KCab,11862.0,KCab,KCab-c,MBp3,MBp3,dopamine,0.6282309930243509,"acetylcholine; sNPF; acetylcholine, sNPF","Barnstedt et al. 2016 (immuno, RNAi); Johard et al. (immuno); Aso et al. 2019 (scRNA-seq)",right,,fw021385,FBbt_00100248,,isomorphic,,,
81489205452206720,720575940622538461,157896.0,38912.0,5185.0,157896.0,38912.0,5185.0,6756895.0,intrinsic,central,Kenyon_Cell,KCg,14292.0,KCg-m,KCg-m,MBp3,MBp3,dopamine,0.7780128678487604,"acetylcholine; sNPF; acetylcholine, sNPF","Barnstedt et al. 2016 (immuno); Johard et al., 2008 (immuno); Aso et al. 2019 (scRNA-seq)",right,,fw021386,FBbt_00111061,,isomorphic,,,
81488518123689802,720575940622112636,158144.0,28544.0,4517.0,158144.0,28544.0,4517.0,6697119.0,intrinsic,central,Kenyon_Cell,KCab,11862.0,KCab,KCab-m,MBp3,MBp3,dopamine,0.615946650729888,"acetylcholine; sNPF; acetylcholine, sNPF","Barnstedt et al. 2016 (immuno, RNAi); Johard et al. (immuno); Aso et al. 2019 (scRNA-seq)",right,,fw021392,FBbt_00100248,,isomorphic,,,
81630217617533609,720575940643547296,160345.0,43134.0,3977.0,167608.0,33968.0,4671.0,7075465.0,intrinsic,central,Kenyon_Cell,KCg,14292.0,KCg-m,KCg-m,MBp4,MBp4,dopamine,0.817476614439826,"acetylcholine; sNPF; acetylcholine, sNPF","Barnstedt et al. 2016 (immuno); Johard et al., 2008 (immuno); Aso et al. 2019 (scRNA-seq)",right,,fw021395,FBbt_00111061,,isomorphic,,,
81981236771751849,720575940610336610,165392.0,30464.0,4400.0,165392.0,30464.0,4400.0,7062378.0,intrinsic,central,Kenyon_Cell,KCab,11862.0,KCab,KCab-s,MBp4,MBp4,dopamine,0.6015110271091575,"acetylcholine; sNPF; acetylcholine, sNPF","Barnstedt et al. 2016 (immuno, RNAi); Johard et al. (immuno); Aso et al. 2019 (scRNA-seq)",right,,fw021396,FBbt_00100248,,isomorphic,,,
81207043146748723,720575940604934572,153744.0,29072.0,4327.0,153744.0,29072.0,4327.0,6318514.0,intrinsic,central,Kenyon_Cell,KCab,11862.0,KCab,KCab-s,MBp3,MBp3,dopamine,0.6112840520488345,"acetylcholine; sNPF; acetylcholine, sNPF","Barnstedt et al. 2016 (immuno, RNAi); Johard et al. (immuno); Aso et al. 2019 (scRNA-seq)",right,,fw021398,FBbt_00100248,,isomorphic,,,
81489480196058936,720575940609149394,158556.0,43069.0,4293.0,154336.0,29480.0,4274.0,6318942.0,intrinsic,central,Kenyon_Cell,KCg,14292.0,KCg-m,KCg-m,MBp3,MBp3,dopamine,0.7757795275465963,"acetylcholine; sNPF; acetylcholine, sNPF","Barnstedt et al. 2016 (immuno); Johard et al., 2008 (immuno); Aso et al. 2019 (scRNA-seq)",right,,fw021400,FBbt_00111061,,isomorphic,,,
81981305491228557,720575940619713200,165504.0,32096.0,4411.0,165504.0,32096.0,4411.0,7062564.0,intrinsic,central,Kenyon_Cell,KCab,11862.0,KCab,KCab-m,MBp4,MBp4,dopamine,0.5605911273733827,"acetylcholine; sNPF; acetylcholine, sNPF","Barnstedt et al. 2016 (immuno, RNAi); Johard et al. (immuno); Aso et al. 2019 (scRNA-seq)",right,,fw021401,FBbt_00100248,,isomorphic,,,
81348674122313773,720575940627552680,156576.0,41608.0,5216.0,156576.0,41608.0,5216.0,6826227.0,intrinsic,central,Kenyon_Cell,KCab,11862.0,KCab,KCab-s,MBp2,MBp2,dopamine,0.5999791802214726,"acetylcholine; sNPF; acetylcholine, sNPF","Barnstedt et al. 2016 (immuno, RNAi); Johard et al. (immuno); Aso et al. 2019 (scRNA-seq)",right,,fw021409,FBbt_00100248,,isomorphic,,,
81700517776527738,720575940638619358,161176.0,42000.0,5001.0,161176.0,42000.0,5001.0,6825286.0,intrinsic,central,Kenyon_Cell,KCab,11862.0,KCab,KCab-m,MBp2,MBp2,dopamine,0.6180767478044762,"acetylcholine; sNPF; acetylcholine, sNPF","Barnstedt et al. 2016 (immuno, RNAi); Johard et al. (immuno); Aso et al. 2019 (scRNA-seq)",right,,fw021411,FBbt_00100248,,isomorphic,,,
81066924267784016,720575940625732496,152080.0,38408.0,5270.0,152080.0,38408.0,5270.0,6354809.0,intrinsic,central,Kenyon_Cell,KCab,11862.0,KCab,KCab-s,MBp2,MBp2,dopamine,0.6538813585054962,"acetylcholine; sNPF; acetylcholine, sNPF","Barnstedt et al. 2016 (immuno, RNAi); Johard et al. (immuno); Aso et al. 2019 (scRNA-seq)",right,,fw021412,FBbt_00100248,,isomorphic,,,
80996005566842134,720575940614207850,151304.0,29976.0,4016.0,151304.0,29976.0,4016.0,6309092.0,intrinsic,central,Kenyon_Cell,KCg,14292.0,KCg-m,KCg-m,MBp1,MBp1,dopamine,0.7723302525225965,"acetylcholine; sNPF; acetylcholine, sNPF","Barnstedt et al. 2016 (immuno); Johard et al., 2008 (immuno); Aso et al. 2019 (scRNA-seq)",right,,fw021417,FBbt_00111061,,isomorphic,,,
81277343171825950,720575940629166592,154816.0,28144.0,4609.0,154816.0,28144.0,4609.0,6319309.0,intrinsic,central,Kenyon_Cell,KCg,14292.0,KCg-m,KCg-m,MBp3,MBp3,dopamine,0.7756597362536048,"acetylcholine; sNPF; acetylcholine, sNPF","Barnstedt et al. 2016 (immuno); Johard et al., 2008 (immuno); Aso et al. 2019 (scRNA-seq)",right,,fw021418,FBbt_00111061,,isomorphic,,,
81489480196062239,720575940627543624,158488.0,43051.0,4293.0,154208.0,30944.0,4232.0,6318844.0,intrinsic,central,Kenyon_Cell,KCg,14292.0,KCg-m,KCg-m,MBp3,MBp3,dopamine,0.7640844655027388,"acetylcholine; sNPF; acetylcholine, sNPF","Barnstedt et al. 2016 (immuno); Johard et al., 2008 (immuno); Aso et al. 2019 (scRNA-seq)",right,,fw021434,FBbt_00111061,,isomorphic,,,
80643955687380794,720575940636135799,145808.0,26680.0,3893.0,145808.0,26680.0,3893.0,5631228.0,intrinsic,central,Kenyon_Cell,KCg,14292.0,KCg-m,KCg-m,MBp1,MBp1,dopamine,0.7757001148457368,"acetylcholine; sNPF; acetylcholine, sNPF","Barnstedt et al. 2016 (immuno); Johard et al., 2008 (immuno); Aso et al. 2019 (scRNA-seq)",right,,fw021443,FBbt_00111061,,isomorphic,,,
81278305177074694,720575940621017840,155417.0,41990.0,3896.0,146280.0,26096.0,3829.0,5631427.0,intrinsic,central,Kenyon_Cell,KCg,14292.0,KCg-m,KCg-m,MBp1,MBp1,dopamine,0.761218136304251,"acetylcholine; sNPF; acetylcholine, sNPF","Barnstedt et al. 2016 (immuno); Johard et al., 2008 (immuno); Aso et al. 2019 (scRNA-seq)",right,,fw021458,FBbt_00111061,,isomorphic,,,
81207798658276934,720575940659577217,154038.0,40499.0,1201.0,169208.0,33712.0,4574.0,7076165.0,intrinsic,central,Kenyon_Cell,,17488.0,KCapbp-ap1,KCa'b'-ap1,MBp4,MBp4,dopamine,0.5472748880487383,acetylcholine; acetylcholine,"Barnstedt et al. 2016 (immuno, RNAi); Aso et al. 2019 (scRNA-seq)",right,,fw021459,FBbt:00049836,,isomorphic,,,
81136605683279450,720575940622768266,152856.0,27928.0,4465.0,152856.0,27928.0,4465.0,6317665.0,intrinsic,central,Kenyon_Cell,KCg,14292.0,KCg-m,KCg-m,MBp3,MBp3,dopamine,0.7919268227424485,"acetylcholine; sNPF; acetylcholine, sNPF","Barnstedt et al. 2016 (immuno); Johard et al., 2008 (immuno); Aso et al. 2019 (scRNA-seq)",right,,fw021460,FBbt_00111061,,isomorphic,,,
81278373896850441,720575940605606274,155480.0,42953.0,4103.0,145672.0,27080.0,4040.0,5631165.0,intrinsic,central,Kenyon_Cell,KCg,14292.0,KCg-m,KCg-m,MBp1,MBp1,dopamine,0.7527377854656768,"acetylcholine; sNPF; acetylcholine, sNPF","Barnstedt et al. 2016 (immuno); Johard et al., 2008 (immuno); Aso et al. 2019 (scRNA-seq)",right,,fw021465,FBbt_00111061,,isomorphic,,,
81348742640958463,720575940616097163,155591.0,43074.0,4103.0,149624.0,28368.0,4466.0,6314228.0,intrinsic,central,Kenyon_Cell,KCg,14292.0,KCg-m,KCg-m,MBp1,MBp1,dopamine,0.7587978409088122,"acetylcholine; sNPF; acetylcholine, sNPF","Barnstedt et al. 2016 (immuno); Johard et al., 2008 (immuno); Aso et al. 2019 (scRNA-seq)",right,,fw021469,FBbt_00111061,,isomorphic,,,
81278373896818790,720575940637434601,155268.0,43059.0,4102.0,145232.0,28400.0,3893.0,5630929.0,intrinsic,central,Kenyon_Cell,KCg,14292.0,KCg-m,KCg-m,MBp1,MBp1,dopamine,0.7785065844774499,"acetylcholine; sNPF; acetylcholine, sNPF","Barnstedt et al. 2016 (immuno); Johard et al., 2008 (immuno); Aso et al. 2019 (scRNA-seq)",right,,fw021470,FBbt_00111061,,isomorphic,,,
81489617568141622,720575940625754389,157895.0,44727.0,3976.0,160272.0,45760.0,5221.0,6828105.0,intrinsic,central,Kenyon_Cell,KCg,19102.0,KCg-d,KCg-d,MBp2,MBp2,dopamine,0.7297381331370724,"acetylcholine; sNPF; acetylcholine, sNPF","Barnstedt et al. 2016 (immuno); Johard et al., 2008 (immuno); Aso et al. 2019 (scRNA-seq)",right,,fw021471,FBbt_00110932,,isomorphic,,,
81348811360449706,720575940639274574,156451.0,44191.0,4102.0,151720.0,31480.0,4041.0,6309296.0,intrinsic,central,Kenyon_Cell,KCg,14292.0,KCg-m,KCg-m,MBp1,MBp1,dopamine,0.7740808160413671,"acetylcholine; sNPF; acetylcholine, sNPF","Barnstedt et al. 2016 (immuno); Johard et al., 2008 (immuno); Aso et al. 2019 (scRNA-seq)",right,,fw021479,FBbt_00111061,,isomorphic,,,
81207661755997804,720575940632839085,154528.0,37960.0,5169.0,154528.0,37960.0,5169.0,6356417.0,intrinsic,central,Kenyon_Cell,KCg,19102.0,KCg-d,KCg-d,MBp3,MBp3,dopamine,0.6756849981362829,"acetylcholine; sNPF; acetylcholine, sNPF","Barnstedt et al. 2016 (immuno); Johard et al., 2008 (immuno); Aso et al. 2019 (scRNA-seq)",right,,fw021486,FBbt_00110932,,isomorphic,,,
81559848940226365,720575940616964766,159217.0,43052.0,4293.0,160544.0,27120.0,4215.0,6701691.0,intrinsic,central,Kenyon_Cell,KCg,14292.0,KCg-m,KCg-m,MBp4,MBp4,dopamine,0.7889932527218071,"acetylcholine; sNPF; acetylcholine, sNPF","Barnstedt et al. 2016 (immuno); Johard et al., 2008 (immuno); Aso et al. 2019 (scRNA-seq)",right,,fw021489,FBbt_00111061,,isomorphic,,,
81207111933237151,720575940614348394,154104.0,29920.0,4812.0,154104.0,29920.0,4812.0,6318746.0,intrinsic,central,Kenyon_Cell,KCg,14292.0,KCg-m,KCg-m,MBp3,MBp3,dopamine,0.7836787097639595,"acetylcholine; sNPF; acetylcholine, sNPF","Barnstedt et al. 2016 (immuno); Johard et al., 2008 (immuno); Aso et al. 2019 (scRNA-seq)",right,,fw021491,FBbt_00111061,,isomorphic,,,
81348673921232780,720575940621700190,155710.0,42145.0,3896.0,149424.0,32296.0,4551.0,6313880.0,intrinsic,central,Kenyon_Cell,KCab,11862.0,KCab,KCab-m,MBp1,MBp1,dopamine,0.5605080026368969,"acetylcholine; sNPF; acetylcholine, sNPF","Barnstedt et al. 2016 (immuno, RNAi); Johard et al. (immuno); Aso et al. 2019 (scRNA-seq)",right,,fw021496,FBbt_00100248,,isomorphic,,,
80925911834550734,720575940631967575,150336.0,34032.0,4862.0,150336.0,34032.0,4862.0,6352250.0,intrinsic,central,Kenyon_Cell,KCab,11862.0,KCab,KCab-s,MBp1,MBp1,dopamine,0.6483020552440948,"acetylcholine; sNPF; acetylcholine, sNPF","Barnstedt et al. 2016 (immuno, RNAi); Johard et al. (immuno); Aso et al. 2019 (scRNA-seq)",right,,fw021497,FBbt_00100248,,isomorphic,,,
81348742640977171,720575940609873358,156039.0,43289.0,4103.0,154752.0,46080.0,5263.0,6376141.0,intrinsic,central,Kenyon_Cell,KCg,14292.0,KCg-m,KCg-m,MBp2,MBp2,dopamine,0.7953655724089054,"acetylcholine; sNPF; acetylcholine, sNPF","Barnstedt et al. 2016 (immuno); Johard et al., 2008 (immuno); Aso et al. 2019 (scRNA-seq)",right,,fw021502,FBbt_00111061,,isomorphic,,,
81137430450829347,720575940630026856,153104.0,39688.0,5208.0,153104.0,39688.0,5208.0,6355587.0,intrinsic,central,Kenyon_Cell,KCab,11862.0,KCab,KCab-s,MBp2,MBp2,dopamine,0.5666858791117617,"acetylcholine; sNPF; acetylcholine, sNPF","Barnstedt et al. 2016 (immuno, RNAi); Johard et al. (immuno); Aso et al. 2019 (scRNA-seq)",right,,fw021513,FBbt_00100248,,isomorphic,,,
81630217617523102,720575940617807517,160121.0,43637.0,3976.0,166408.0,34432.0,4784.0,7075012.0,intrinsic,central,Kenyon_Cell,KCg,14292.0,KCg-m,KCg-m,MBp4,MBp4,dopamine,0.8359646314368253,"acetylcholine; sNPF; acetylcholine, sNPF","Barnstedt et al. 2016 (immuno); Johard et al., 2008 (immuno); Aso et al. 2019 (scRNA-seq)",right,,fw021520,FBbt_00111061,,isomorphic,,,
81770130606073886,720575940622855560,162688.0,30560.0,4750.0,162688.0,30560.0,4750.0,6711932.0,intrinsic,central,Kenyon_Cell,KCg,14292.0,KCg-m,KCg-m,MBp3,MBp3,dopamine,0.8234580192633487,"acetylcholine; sNPF; acetylcholine, sNPF","Barnstedt et al. 2016 (immuno); Johard et al., 2008 (immuno); Aso et al. 2019 (scRNA-seq)",right,,fw021526,FBbt_00111061,,isomorphic,,,
81208074006332370,720575940612576254,154432.0,44288.0,5075.0,154432.0,44288.0,5075.0,6371204.0,intrinsic,central,Kenyon_Cell,KCg,14292.0,KCg-m,KCg-m,MBp2,MBp2,dopamine,0.7310874583434963,"acetylcholine; sNPF; acetylcholine, sNPF","Barnstedt et al. 2016 (immuno); Johard et al., 2008 (immuno); Aso et al. 2019 (scRNA-seq)",right,,fw021529,FBbt_00111061,,isomorphic,,,
81630355257576615,720575940617410205,160056.0,45096.0,5305.0,160056.0,45096.0,5305.0,6827858.0,intrinsic,central,Kenyon_Cell,KCg,19102.0,KCg-d,KCg-d,MBp2,MBp2,dopamine,0.6692476393479059,"acetylcholine; sNPF; acetylcholine, sNPF","Barnstedt et al. 2016 (immuno); Johard et al., 2008 (immuno); Aso et al. 2019 (scRNA-seq)",right,,fw021537,FBbt_00110932,,isomorphic,,,
80925361944824585,720575940617118016,150264.0,26016.0,4029.0,150264.0,26016.0,4029.0,6308561.0,intrinsic,central,Kenyon_Cell,,17488.0,KCapbp-m,KCa'b'-m,MBp1,MBp1,dopamine,0.5001585899498273,acetylcholine; acetylcholine,"Barnstedt et al. 2016 (immuno, RNAi); Aso et al. 2019 (scRNA-seq)",right,,fw021539,FBbt:00100253,,isomorphic,,,
81630217617511045,720575940624524234,160301.0,43624.0,3977.0,159056.0,29928.0,4188.0,6698429.0,intrinsic,central,Kenyon_Cell,KCg,14292.0,KCg-m,KCg-m,MBp4,MBp4,dopamine,0.7316342361064336,"acetylcholine; sNPF; acetylcholine, sNPF","Barnstedt et al. 2016 (immuno); Johard et al., 2008 (immuno); Aso et al. 2019 (scRNA-seq)",right,,fw021541,FBbt_00111061,,isomorphic,,,
80432780735028033,720575940646229283,142640.0,26024.0,3663.0,142640.0,26024.0,3663.0,5629978.0,intrinsic,central,Kenyon_Cell,KCg,14292.0,KCg-m,KCg-m,MBp1,MBp1,dopamine,0.7616919916557126,"acetylcholine; sNPF; acetylcholine, sNPF","Barnstedt et al. 2016 (immuno); Johard et al., 2008 (immuno); Aso et al. 2019 (scRNA-seq)",right,,fw021543,FBbt_00111061,,isomorphic,,,
80925774328804483,720575940620124028,150032.0,32092.0,4571.0,149472.0,27880.0,3971.0,6308202.0,intrinsic,central,Kenyon_Cell,KCab,11862.0,KCab,KCab-s,MBp1,MBp1,dopamine,0.6130459815332202,"acetylcholine; sNPF; acetylcholine, sNPF","Barnstedt et al. 2016 (immuno, RNAi); Johard et al. (immuno); Aso et al. 2019 (scRNA-seq)",right,,fw021552,FBbt_00100248,,isomorphic,,,
81489480196045428,720575940622288152,157811.0,43636.0,4294.0,155088.0,45432.0,5215.0,6376223.0,intrinsic,central,Kenyon_Cell,KCg,14292.0,KCg-m,KCg-m,MBp2,MBp2,dopamine,0.7621806522449615,"acetylcholine; sNPF; acetylcholine, sNPF","Barnstedt et al. 2016 (immuno); Johard et al., 2008 (immuno); Aso et al. 2019 (scRNA-seq)",right,,fw021557,FBbt_00111061,,isomorphic,,,
81206836988281451,720575940631017932,154408.0,25560.0,4303.0,154408.0,25560.0,4303.0,6318999.0,intrinsic,central,Kenyon_Cell,KCab,11862.0,KCab,KCab-s,MBp3,MBp3,dopamine,0.6317478901567704,"acetylcholine; sNPF; acetylcholine, sNPF","Barnstedt et al. 2016 (immuno, RNAi); Johard et al. (immuno); Aso et al. 2019 (scRNA-seq)",right,,fw021606,FBbt_00100248,,isomorphic,,,
81348742640715033,720575940619078592,155771.0,42927.0,3896.0,149168.0,31880.0,4675.0,6313314.0,intrinsic,central,Kenyon_Cell,KCab,11862.0,KCab,KCab-m,MBp1,MBp1,dopamine,0.563372333111423,"acetylcholine; sNPF; acetylcholine, sNPF","Barnstedt et al. 2016 (immuno, RNAi); Johard et al. (immuno); Aso et al. 2019 (scRNA-seq)",right,,fw021608,FBbt_00100248,,isomorphic,,,
82121905540488172,720575940629140071,167184.0,29824.0,4296.0,167184.0,29824.0,4296.0,7064148.0,intrinsic,central,Kenyon_Cell,KCab,11862.0,KCab,KCab-s,MBp4,MBp4,dopamine,0.6169296313174001,"acetylcholine; sNPF; acetylcholine, sNPF","Barnstedt et al. 2016 (immuno, RNAi); Johard et al. (immuno); Aso et al. 2019 (scRNA-seq)",right,,fw021618,FBbt_00100248,,isomorphic,,,
81489480196055642,720575940617249108,158539.0,42908.0,4294.0,159616.0,27776.0,4527.0,6699346.0,intrinsic,central,Kenyon_Cell,KCg,14292.0,KCg-m,KCg-m,MBp3,MBp3,dopamine,0.7759428767529891,"acetylcholine; sNPF; acetylcholine, sNPF","Barnstedt et al. 2016 (immuno); Johard et al., 2008 (immuno); Aso et al. 2019 (scRNA-seq)",right,,fw021620,FBbt_00111061,,isomorphic,,,
81489617568133382,720575940615373398,158374.0,44689.0,3976.0,159848.0,46312.0,5247.0,6827726.0,intrinsic,central,Kenyon_Cell,KCg,19102.0,KCg-d,KCg-d,MBp2,MBp2,dopamine,0.644726346587619,"acetylcholine; sNPF; acetylcholine, sNPF","Barnstedt et al. 2016 (immuno); Johard et al., 2008 (immuno); Aso et al. 2019 (scRNA-seq)",right,,fw021623,FBbt_00110932,,isomorphic,,,
81419180104621409,720575940628412892,156749.0,44045.0,4102.0,151128.0,37104.0,5223.0,6354098.0,intrinsic,central,Kenyon_Cell,KCg,14292.0,KCg-m,KCg-m,MBp2,MBp2,dopamine,0.7728091032542151,"acetylcholine; sNPF; acetylcholine, sNPF","Barnstedt et al. 2016 (immuno); Johard et al., 2008 (immuno); Aso et al. 2019 (scRNA-seq)",right,,fw021639,FBbt_00111061,,isomorphic,,,
81066718042560330,720575940637539647,151960.0,34464.0,5012.0,151960.0,34464.0,5012.0,6352638.0,intrinsic,central,Kenyon_Cell,KCg,19102.0,KCg-d,KCg-d,MBp3,MBp3,dopamine,0.5853757816146414,"acetylcholine; sNPF; acetylcholine, sNPF","Barnstedt et al. 2016 (immuno); Johard et al., 2008 (immuno); Aso et al. 2019 (scRNA-seq)",right,,fw021642,FBbt_00110932,,isomorphic,,,
81137018067198998,720575940610906521,152840.0,33648.0,4954.0,152840.0,33648.0,4954.0,6352726.0,intrinsic,central,Kenyon_Cell,KCg,14292.0,KCg-m,KCg-m,MBp3,MBp3,dopamine,0.7643090781730597,"acetylcholine; sNPF; acetylcholine, sNPF","Barnstedt et al. 2016 (immuno); Johard et al., 2008 (immuno); Aso et al. 2019 (scRNA-seq)",right,,fw021653,FBbt_00111061,,isomorphic,,,
81348673921226862,720575940609104579,156395.0,42262.0,3897.0,149528.0,30952.0,4764.0,6314098.0,intrinsic,central,Kenyon_Cell,KCab,11862.0,KCab,KCab-s,MBp1,MBp1,dopamine,0.6756326010747484,"acetylcholine; sNPF; acetylcholine, sNPF","Barnstedt et al. 2016 (immuno, RNAi); Johard et al. (immuno); Aso et al. 2019 (scRNA-seq)",right,,fw021657,FBbt_00100248,,isomorphic,,,
80573655662781941,720575940620020769,144824.0,27592.0,3974.0,144824.0,27592.0,3974.0,5630737.0,intrinsic,central,Kenyon_Cell,,17488.0,KCapbp-ap2,KCa'b'-ap2,MBp1,MBp1,dopamine,0.5057582666205052,acetylcholine; acetylcholine,"Barnstedt et al. 2016 (immuno, RNAi); Aso et al. 2019 (scRNA-seq)",right,,fw021664,FBbt:00049837,,isomorphic,,,
80995730688627679,720575940620424641,151024.0,26064.0,3776.0,151024.0,26064.0,3776.0,6308981.0,intrinsic,central,Kenyon_Cell,KCg,14292.0,KCg-m,KCg-m,MBp1,MBp1,dopamine,0.7397491822053892,"acetylcholine; sNPF; acetylcholine, sNPF","Barnstedt et al. 2016 (immuno); Johard et al., 2008 (immuno); Aso et al. 2019 (scRNA-seq)",right,,fw021666,FBbt_00111061,,isomorphic,,,
80644299284944186,720575940632433828,146240.0,31600.0,4048.0,146240.0,31600.0,4048.0,5631417.0,intrinsic,central,Kenyon_Cell,KCg,14292.0,KCg-m,KCg-m,MBp1,MBp1,dopamine,0.8305128180994963,"acetylcholine; sNPF; acetylcholine, sNPF","Barnstedt et al. 2016 (immuno); Johard et al., 2008 (immuno); Aso et al. 2019 (scRNA-seq)",right,,fw021667,FBbt_00111061,,isomorphic,,,
80855130639317465,720575940626536714,149376.0,27496.0,3859.0,149376.0,27496.0,3859.0,6308168.0,intrinsic,central,Kenyon_Cell,KCg,14292.0,KCg-m,KCg-m,MBp1,MBp1,dopamine,0.768389900403877,"acetylcholine; sNPF; acetylcholine, sNPF","Barnstedt et al. 2016 (immuno); Johard et al., 2008 (immuno); Aso et al. 2019 (scRNA-seq)",right,,fw021669,FBbt_00111061,,isomorphic,,,
81278373896811786,720575940643063200,155327.0,43035.0,4103.0,143576.0,28400.0,3945.0,5630273.0,intrinsic,central,Kenyon_Cell,KCg,14292.0,KCg-m,KCg-m,MBp1,MBp1,dopamine,0.7233326073453414,"acetylcholine; sNPF; acetylcholine, sNPF","Barnstedt et al. 2016 (immuno); Johard et al., 2008 (immuno); Aso et al. 2019 (scRNA-seq)",right,,fw021671,FBbt_00111061,,isomorphic,,,
81630217617516952,720575940621730687,160261.0,43608.0,3976.0,162792.0,32080.0,4788.0,6712144.0,intrinsic,central,Kenyon_Cell,KCg,14292.0,KCg-m,KCg-m,MBp3,MBp3,dopamine,0.7736113188802084,"acetylcholine; sNPF; acetylcholine, sNPF","Barnstedt et al. 2016 (immuno); Johard et al., 2008 (immuno); Aso et al. 2019 (scRNA-seq)",right,,fw021675,FBbt_00111061,,isomorphic,,,
81489342690238167,720575940632019247,158559.0,41041.0,3993.0,160336.0,38752.0,5191.0,6792454.0,intrinsic,central,Kenyon_Cell,KCg,14292.0,KCg-m,KCg-m,MBp3,MBp3,dopamine,0.7297234380802303,"acetylcholine; sNPF; acetylcholine, sNPF","Barnstedt et al. 2016 (immuno); Johard et al., 2008 (immuno); Aso et al. 2019 (scRNA-seq)",right,,fw021677,FBbt_00111061,,isomorphic,,,
81558818148123187,720575940627550214,159112.0,28088.0,4307.0,159112.0,28088.0,4307.0,6698530.0,intrinsic,central,Kenyon_Cell,KCg,14292.0,KCg-m,KCg-m,MBp3,MBp3,dopamine,0.760330461370002,"acetylcholine; sNPF; acetylcholine, sNPF","Barnstedt et al. 2016 (immuno); Johard et al., 2008 (immuno); Aso et al. 2019 (scRNA-seq)",right,,fw021682,FBbt_00111061,,isomorphic,,,
82051468077059312,720575940604806345,166280.0,29264.0,4515.0,166280.0,29264.0,4515.0,7063384.0,intrinsic,central,Kenyon_Cell,KCab,11862.0,KCab,KCab-s,MBp4,MBp4,dopamine,0.6324548313053193,"acetylcholine; sNPF; acetylcholine, sNPF","Barnstedt et al. 2016 (immuno, RNAi); Johard et al. (immuno); Aso et al. 2019 (scRNA-seq)",right,,fw021694,FBbt_00100248,,isomorphic,,,
81488518123275456,720575940620600700,158336.0,28584.0,4204.0,158336.0,28584.0,4204.0,6697376.0,intrinsic,central,Kenyon_Cell,KCg,14292.0,KCg-m,KCg-m,MBp3,MBp3,dopamine,0.7591546891070312,"acetylcholine; sNPF; acetylcholine, sNPF","Barnstedt et al. 2016 (immuno); Johard et al., 2008 (immuno); Aso et al. 2019 (scRNA-seq)",right,,fw021699,FBbt_00111061,,isomorphic,,,
81278305177343191,720575940621581802,155026.0,42474.0,4102.0,144072.0,26344.0,3761.0,5630483.0,intrinsic,central,Kenyon_Cell,KCg,14292.0,KCg-m,KCg-m,MBp1,MBp1,dopamine,0.8406379414835741,"acetylcholine; sNPF; acetylcholine, sNPF","Barnstedt et al. 2016 (immuno); Johard et al., 2008 (immuno); Aso et al. 2019 (scRNA-seq)",right,,fw021700,FBbt_00111061,,isomorphic,,,
81630286337028994,720575940628215056,160121.0,43996.0,3976.0,158408.0,31264.0,4277.0,6697610.0,intrinsic,central,Kenyon_Cell,KCg,19102.0,KCg-d,KCg-d,MBp4,MBp4,dopamine,0.6204919509291362,"acetylcholine; sNPF; acetylcholine, sNPF","Barnstedt et al. 2016 (immuno); Johard et al., 2008 (immuno); Aso et al. 2019 (scRNA-seq)",right,,fw021703,FBbt_00110932,,isomorphic,,,
81137567890047377,720575940639286606,152728.0,42392.0,5396.0,152728.0,42392.0,5396.0,6375277.0,intrinsic,central,Kenyon_Cell,KCg,14292.0,KCg-m,KCg-m,MBp2,MBp2,dopamine,0.778253922929341,"acetylcholine; sNPF; acetylcholine, sNPF","Barnstedt et al. 2016 (immuno); Johard et al., 2008 (immuno); Aso et al. 2019 (scRNA-seq)",right,,fw021727,FBbt_00111061,,isomorphic,,,
81769855661038092,720575940617395412,161736.0,26992.0,4197.0,161736.0,26992.0,4197.0,6708901.0,intrinsic,central,Kenyon_Cell,KCg,14292.0,KCg-m,KCg-m,MBp4,MBp4,dopamine,0.7517421525314019,"acetylcholine; sNPF; acetylcholine, sNPF","Barnstedt et al. 2016 (immuno); Johard et al., 2008 (immuno); Aso et al. 2019 (scRNA-seq)",right,,fw021730,FBbt_00111061,,isomorphic,,,
81348811360452989,720575940614983274,156491.0,43926.0,4102.0,149704.0,36704.0,5069.0,6352089.0,intrinsic,central,Kenyon_Cell,KCg,14292.0,KCg-m,KCg-m,MBp2,MBp2,dopamine,0.7433596096892311,"acetylcholine; sNPF; acetylcholine, sNPF","Barnstedt et al. 2016 (immuno); Johard et al., 2008 (immuno); Aso et al. 2019 (scRNA-seq)",right,,fw021738,FBbt_00111061,,isomorphic,,,
81489480196059148,720575940611855729,158085.0,43447.0,4294.0,153576.0,43896.0,5208.0,6375728.0,intrinsic,central,Kenyon_Cell,KCg,14292.0,KCg-m,KCg-m,MBp2,MBp2,dopamine,0.7774926362646438,"acetylcholine; sNPF; acetylcholine, sNPF","Barnstedt et al. 2016 (immuno); Johard et al., 2008 (immuno); Aso et al. 2019 (scRNA-seq)",right,,fw021739,FBbt_00111061,,isomorphic,,,
80432849454710885,720575940608524483,142296.0,26848.0,3800.0,142296.0,26848.0,3800.0,5629852.0,intrinsic,central,Kenyon_Cell,KCg,14292.0,KCg-m,KCg-m,MBp1,MBp1,dopamine,0.7009486612930453,"acetylcholine; sNPF; acetylcholine, sNPF","Barnstedt et al. 2016 (immuno); Johard et al., 2008 (immuno); Aso et al. 2019 (scRNA-seq)",right,,fw021741,FBbt_00111061,,isomorphic,,,
81769993100401371,720575940607310531,162048.0,28936.0,4506.0,162048.0,28936.0,4506.0,6710199.0,intrinsic,central,Kenyon_Cell,KCab,11862.0,KCab,KCab-m,MBp4,MBp4,dopamine,0.6187212257135769,"acetylcholine; sNPF; acetylcholine, sNPF","Barnstedt et al. 2016 (immuno, RNAi); Johard et al. (immuno); Aso et al. 2019 (scRNA-seq)",right,,fw021749,FBbt_00100248,,isomorphic,,,
81278373896804211,720575940634294367,155517.0,43230.0,4103.0,145272.0,28880.0,4041.0,5630937.0,intrinsic,central,Kenyon_Cell,KCg,14292.0,KCg-m,KCg-m,MBp1,MBp1,dopamine,0.7125455515083473,"acetylcholine; sNPF; acetylcholine, sNPF","Barnstedt et al. 2016 (immuno); Johard et al., 2008 (immuno); Aso et al. 2019 (scRNA-seq)",right,,fw021767,FBbt_00111061,,isomorphic,,,
81419248823965093,720575940624597788,157178.0,44778.0,3976.0,149256.0,29704.0,3913.0,6308128.0,intrinsic,central,Kenyon_Cell,KCg,14292.0,KCg-m,KCg-m,MBp2,MBp2,dopamine,0.7277918095660605,"acetylcholine; sNPF; acetylcholine, sNPF","Barnstedt et al. 2016 (immuno); Johard et al., 2008 (immuno); Aso et al. 2019 (scRNA-seq)",right,,fw021772,FBbt_00111061,,isomorphic,,,
81348811360430680,720575940630414700,156050.0,43812.0,4102.0,150176.0,36168.0,4983.0,6352210.0,intrinsic,central,Kenyon_Cell,KCg,14292.0,KCg-m,KCg-m,MBp2,MBp2,dopamine,0.7396949825575784,"acetylcholine; sNPF; acetylcholine, sNPF","Barnstedt et al. 2016 (immuno); Johard et al., 2008 (immuno); Aso et al. 2019 (scRNA-seq)",right,,fw021789,FBbt_00111061,,isomorphic,,,
81419248823956701,720575940629020794,157252.0,44754.0,3976.0,156064.0,45128.0,4978.0,6822728.0,intrinsic,central,Kenyon_Cell,KCg,14292.0,KCg-m,KCg-m,MBp2,MBp2,dopamine,0.7905416150443704,"acetylcholine; sNPF; acetylcholine, sNPF","Barnstedt et al. 2016 (immuno); Johard et al., 2008 (immuno); Aso et al. 2019 (scRNA-seq)",right,,fw021791,FBbt_00111061,,isomorphic,,,
81348811360429414,720575940620041125,156521.0,43971.0,4102.0,150640.0,38400.0,5189.0,6353918.0,intrinsic,central,Kenyon_Cell,KCg,14292.0,KCg-m,KCg-m,MBp2,MBp2,dopamine,0.823279638719291,"acetylcholine; sNPF; acetylcholine, sNPF","Barnstedt et al. 2016 (immuno); Johard et al., 2008 (immuno); Aso et al. 2019 (scRNA-seq)",right,,fw021807,FBbt_00111061,,isomorphic,,,
81206905708029959,720575940630228271,153536.0,26960.0,4502.0,153536.0,26960.0,4502.0,6318369.0,intrinsic,central,Kenyon_Cell,KCab,11862.0,KCab,KCab-m,MBp3,MBp3,dopamine,0.597986815383411,"acetylcholine; sNPF; acetylcholine, sNPF","Barnstedt et al. 2016 (immuno, RNAi); Johard et al. (immuno); Aso et al. 2019 (scRNA-seq)",right,,fw021811,FBbt_00100248,,isomorphic,,,
81981305491429362,720575940627185767,164896.0,31880.0,4548.0,164896.0,31880.0,4548.0,7061252.0,intrinsic,central,Kenyon_Cell,KCab,11862.0,KCab,KCab-m,MBp4,MBp4,dopamine,0.5459928901826413,"acetylcholine; sNPF; acetylcholine, sNPF","Barnstedt et al. 2016 (immuno, RNAi); Johard et al. (immuno); Aso et al. 2019 (scRNA-seq)",right,,fw021816,FBbt_00100248,,isomorphic,,,
81136468177306399,720575940615289759,152864.0,26016.0,4043.0,152864.0,26016.0,4043.0,6309681.0,intrinsic,central,Kenyon_Cell,,17488.0,KCapbp-ap1,KCa'b'-ap1,MBp3,MBp3,dopamine,0.5238811130181582,acetylcholine; acetylcholine,"Barnstedt et al. 2016 (immuno, RNAi); Aso et al. 2019 (scRNA-seq)",right,,fw021820,FBbt:00049836,,isomorphic,,,
81559917659705081,720575940625372293,158925.0,43722.0,4294.0,160944.0,45152.0,5062.0,6825236.0,intrinsic,central,Kenyon_Cell,KCg,19102.0,KCg-d,KCg-d,MBp2,MBp2,dopamine,0.7156456717820979,"acetylcholine; sNPF; acetylcholine, sNPF","Barnstedt et al. 2016 (immuno); Johard et al., 2008 (immuno); Aso et al. 2019 (scRNA-seq)",right,,fw021834,FBbt_00110932,,isomorphic,,,
81559917659709413,720575940637740989,159125.0,43683.0,4294.0,161512.0,31608.0,4387.0,6708089.0,intrinsic,central,Kenyon_Cell,KCg,19102.0,KCg-d,KCg-d,MBp4,MBp4,dopamine,0.6009241398097039,"acetylcholine; sNPF; acetylcholine, sNPF","Barnstedt et al. 2016 (immuno); Johard et al., 2008 (immuno); Aso et al. 2019 (scRNA-seq)",right,,fw021840,FBbt_00110932,,isomorphic,,,
81207730475613387,720575940618592390,154144.0,38696.0,5264.0,154144.0,38696.0,5264.0,6356251.0,intrinsic,central,Kenyon_Cell,,17488.0,KCapbp-m,KCa'b'-m,MBp2,MBp2,dopamine,0.5067434930539984,acetylcholine; acetylcholine,"Barnstedt et al. 2016 (immuno, RNAi); Aso et al. 2019 (scRNA-seq)",right,,fw021851,FBbt:00100253,,isomorphic,,,
81840499283127286,720575940627282002,163368.0,30392.0,4194.0,163368.0,30392.0,4194.0,6713499.0,intrinsic,central,Kenyon_Cell,KCg,14292.0,KCg-m,KCg-m,MBp4,MBp4,dopamine,0.8272476615956078,"acetylcholine; sNPF; acetylcholine, sNPF","Barnstedt et al. 2016 (immuno); Johard et al., 2008 (immuno); Aso et al. 2019 (scRNA-seq)",right,,fw021860,FBbt_00111061,,isomorphic,,,
81278373896808728,720575940634839487,155331.0,42985.0,4103.0,145912.0,29424.0,3992.0,5631283.0,intrinsic,central,Kenyon_Cell,KCg,14292.0,KCg-m,KCg-m,MBp1,MBp1,dopamine,0.8409005757523389,"acetylcholine; sNPF; acetylcholine, sNPF","Barnstedt et al. 2016 (immuno); Johard et al., 2008 (immuno); Aso et al. 2019 (scRNA-seq)",right,,fw021875,FBbt_00111061,,isomorphic,,,
81630217818520334,720575940620998424,160232.0,43560.0,5224.0,160232.0,43560.0,5224.0,6827990.0,intrinsic,central,Kenyon_Cell,KCab,11862.0,KCab,KCab-s,MBp2,MBp2,dopamine,0.615322113768837,"acetylcholine; sNPF; acetylcholine, sNPF","Barnstedt et al. 2016 (immuno, RNAi); Johard et al. (immuno); Aso et al. 2019 (scRNA-seq)",right,,fw021880,FBbt_00100248,,isomorphic,,,
81489548848614118,720575940620226729,158518.0,44647.0,3977.0,151704.0,35248.0,5052.0,6352618.0,intrinsic,central,Kenyon_Cell,KCg,19102.0,KCg-d,KCg-d,MBp1,MBp1,dopamine,0.6640757988915198,"acetylcholine; sNPF; acetylcholine, sNPF","Barnstedt et al. 2016 (immuno); Johard et al., 2008 (immuno); Aso et al. 2019 (scRNA-seq)",right,,fw021905,FBbt_00110932,,isomorphic,,,
81348811360500460,720575940622771082,155725.0,43731.0,4103.0,150416.0,28584.0,3900.0,6308699.0,intrinsic,central,Kenyon_Cell,KCg,14292.0,KCg-m,KCg-m,MBp1,MBp1,dopamine,0.7252419171531413,"acetylcholine; sNPF; acetylcholine, sNPF","Barnstedt et al. 2016 (immuno); Johard et al., 2008 (immuno); Aso et al. 2019 (scRNA-seq)",right,,fw021911,FBbt_00111061,,isomorphic,,,
81278305378074490,720575940626975899,154648.0,42552.0,5165.0,154648.0,42552.0,5165.0,6376096.0,intrinsic,central,Kenyon_Cell,KCab,11862.0,KCab,KCab-s,MBp2,MBp2,dopamine,0.625592343989285,"acetylcholine; sNPF; acetylcholine, sNPF","Barnstedt et al. 2016 (immuno, RNAi); Johard et al. (immuno); Aso et al. 2019 (scRNA-seq)",right,,fw021912,FBbt_00100248,,isomorphic,,,
81067267865348591,720575940619974689,152224.0,43160.0,5409.0,152224.0,43160.0,5409.0,6375062.0,intrinsic,central,Kenyon_Cell,KCab,11862.0,KCab,KCab-s,MBp2,MBp2,dopamine,0.6601680662022038,"acetylcholine; sNPF; acetylcholine, sNPF","Barnstedt et al. 2016 (immuno, RNAi); Johard et al. (immuno); Aso et al. 2019 (scRNA-seq)",right,,fw021932,FBbt_00100248,,isomorphic,,,
81559917592778644,720575940621845018,159380.0,43686.0,3976.0,164336.0,28472.0,4213.0,7059078.0,intrinsic,central,Kenyon_Cell,KCg,14292.0,KCg-m,KCg-m,MBp4,MBp4,dopamine,0.7767008961577884,"acetylcholine; sNPF; acetylcholine, sNPF","Barnstedt et al. 2016 (immuno); Johard et al., 2008 (immuno); Aso et al. 2019 (scRNA-seq)",right,,fw021933,FBbt_00111061,,isomorphic,,,
80995868127869979,720575940620828912,151192.0,27976.0,4000.0,151192.0,27976.0,4000.0,6309042.0,intrinsic,central,Kenyon_Cell,KCg,14292.0,KCg-m,KCg-m,MBp3,MBp3,dopamine,0.7797386640106236,"acetylcholine; sNPF; acetylcholine, sNPF","Barnstedt et al. 2016 (immuno); Johard et al., 2008 (immuno); Aso et al. 2019 (scRNA-seq)",right,,fw021936,FBbt_00111061,,isomorphic,,,
81841323984320165,720575940626668304,163368.0,42888.0,4979.0,163368.0,42888.0,4979.0,6825797.0,intrinsic,central,Kenyon_Cell,KCab,11862.0,KCab,KCab-m,MBp2,MBp2,dopamine,0.5107098162912779,"acetylcholine; sNPF; acetylcholine, sNPF","Barnstedt et al. 2016 (immuno, RNAi); Johard et al. (immuno); Aso et al. 2019 (scRNA-seq)",right,,fw021940,FBbt_00100248,,isomorphic,,,
81419180104606439,720575940624974010,156713.0,44128.0,4102.0,152112.0,42192.0,4972.0,6370737.0,intrinsic,central,Kenyon_Cell,KCg,14292.0,KCg-m,KCg-m,MBp2,MBp2,dopamine,0.7463627715627928,"acetylcholine; sNPF; acetylcholine, sNPF","Barnstedt et al. 2016 (immuno); Johard et al., 2008 (immuno); Aso et al. 2019 (scRNA-seq)",right,,fw021952,FBbt_00111061,,isomorphic,,,
81348742640967655,720575940637372894,155642.0,43413.0,4103.0,152696.0,44152.0,5048.0,6370897.0,intrinsic,central,Kenyon_Cell,KCg,14292.0,KCg-m,KCg-m,MBp2,MBp2,dopamine,0.721162110749296,"acetylcholine; sNPF; acetylcholine, sNPF","Barnstedt et al. 2016 (immuno); Johard et al., 2008 (immuno); Aso et al. 2019 (scRNA-seq)",right,,fw021953,FBbt_00111061,,isomorphic,,,
80996486737298234,720575940623008440,150846.0,37297.0,4974.0,148656.0,35704.0,4899.0,6351844.0,intrinsic,central,Kenyon_Cell,KCg,14292.0,KCg-m,KCg-m,MBp2,MBp2,dopamine,0.7305720812518991,"acetylcholine; sNPF; acetylcholine, sNPF","Barnstedt et al. 2016 (immuno); Johard et al., 2008 (immuno); Aso et al. 2019 (scRNA-seq)",right,,fw021956,FBbt_00111061,,isomorphic,,,
81067405304024946,720575940621086134,152328.0,45336.0,5219.0,152328.0,45336.0,5219.0,6375103.0,intrinsic,central,Kenyon_Cell,KCg,14292.0,KCg-m,KCg-m,MBp2,MBp2,dopamine,0.7986922695238228,"acetylcholine; sNPF; acetylcholine, sNPF","Barnstedt et al. 2016 (immuno); Johard et al., 2008 (immuno); Aso et al. 2019 (scRNA-seq)",right,,fw021957,FBbt_00111061,,isomorphic,,,
81559848940226680,720575940644805143,159501.0,43506.0,4293.0,165024.0,35536.0,4908.0,7074434.0,intrinsic,central,Kenyon_Cell,KCg,14292.0,KCg-m,KCg-m,MBp4,MBp4,dopamine,0.674397178524593,"acetylcholine; sNPF; acetylcholine, sNPF","Barnstedt et al. 2016 (immuno); Johard et al., 2008 (immuno); Aso et al. 2019 (scRNA-seq)",right,,fw021991,FBbt_00111061,,isomorphic,,,
81841117825742895,720575940631627843,162912.0,40536.0,4887.0,162912.0,40536.0,4887.0,6749407.0,intrinsic,central,Kenyon_Cell,KCg,19102.0,KCg-d,KCg-d,MBp4,MBp4,dopamine,0.6227272118322066,"acetylcholine; sNPF; acetylcholine, sNPF","Barnstedt et al. 2016 (immuno); Johard et al., 2008 (immuno); Aso et al. 2019 (scRNA-seq)",right,,fw022002,FBbt_00110932,,isomorphic,,,
81489548915533604,720575940622302488,158092.0,43683.0,4293.0,155200.0,42208.0,5244.0,6376241.0,intrinsic,central,Kenyon_Cell,KCg,14292.0,KCg-m,KCg-m,MBp2,MBp2,dopamine,0.7144317528624445,"acetylcholine; sNPF; acetylcholine, sNPF","Barnstedt et al. 2016 (immuno); Johard et al., 2008 (immuno); Aso et al. 2019 (scRNA-seq)",right,,fw022011,FBbt_00111061,,isomorphic,,,
81066236872036091,720575940637788494,151888.0,28248.0,3974.0,151888.0,28248.0,3974.0,6309349.0,intrinsic,central,Kenyon_Cell,KCg,14292.0,KCg-m,KCg-m,MBp1,MBp1,dopamine,0.7461059488964424,"acetylcholine; sNPF; acetylcholine, sNPF","Barnstedt et al. 2016 (immuno); Johard et al., 2008 (immuno); Aso et al. 2019 (scRNA-seq)",right,,fw022014,FBbt_00111061,,isomorphic,,,
81630217617533822,720575940626950147,160486.0,43416.0,3977.0,156344.0,38480.0,5189.0,6750104.0,intrinsic,central,Kenyon_Cell,KCg,19102.0,KCg-d,KCg-d,MBp3,MBp3,dopamine,0.5701830671891702,"acetylcholine; sNPF; acetylcholine, sNPF","Barnstedt et al. 2016 (immuno); Johard et al., 2008 (immuno); Aso et al. 2019 (scRNA-seq)",right,,fw022021,FBbt_00110932,,isomorphic,,,
81136674402733642,720575940615344315,152552.0,29296.0,4439.0,152552.0,29296.0,4439.0,6317351.0,intrinsic,central,Kenyon_Cell,KCab,11862.0,KCab,KCab-s,MBp3,MBp3,dopamine,0.6479158990211578,"acetylcholine; sNPF; acetylcholine, sNPF","Barnstedt et al. 2016 (immuno, RNAi); Johard et al. (immuno); Aso et al. 2019 (scRNA-seq)",right,,fw022024,FBbt_00100248,,isomorphic,,,
81840361844664555,720575940626294090,163120.0,28432.0,4580.0,163120.0,28432.0,4580.0,6712926.0,intrinsic,central,Kenyon_Cell,KCab,11862.0,KCab,KCab-s,MBp4,MBp4,dopamine,0.6084528441716869,"acetylcholine; sNPF; acetylcholine, sNPF","Barnstedt et al. 2016 (immuno, RNAi); Johard et al. (immuno); Aso et al. 2019 (scRNA-seq)",right,,fw022029,FBbt_00100248,,isomorphic,,,
80573724448907674,720575940637164260,145040.0,29168.0,4150.0,145040.0,29168.0,4150.0,5640159.0,intrinsic,central,Kenyon_Cell,KCg,14292.0,KCg-m,KCg-m,MBp1,MBp1,dopamine,0.771803022210729,"acetylcholine; sNPF; acetylcholine, sNPF","Barnstedt et al. 2016 (immuno); Johard et al., 2008 (immuno); Aso et al. 2019 (scRNA-seq)",right,,fw022047,FBbt_00111061,,isomorphic,,,
80996143072938152,720575940618548975,150712.0,31648.0,4571.0,151864.0,30560.0,4472.0,6316489.0,intrinsic,central,Kenyon_Cell,KCab,11862.0,KCab,KCab-m,MBp1,MBp1,dopamine,0.6461248509425819,"acetylcholine; sNPF; acetylcholine, sNPF","Barnstedt et al. 2016 (immuno, RNAi); Johard et al. (immuno); Aso et al. 2019 (scRNA-seq)",right,,fw022048,FBbt_00100248,,isomorphic,,,
81278305177054978,720575940659297153,155557.0,42073.0,3897.0,149448.0,32144.0,4360.0,6313993.0,intrinsic,central,Kenyon_Cell,KCab,11862.0,KCab,KCab-m,MBp1,MBp1,dopamine,0.6147505035655388,"acetylcholine; sNPF; acetylcholine, sNPF","Barnstedt et al. 2016 (immuno, RNAi); Johard et al. (immuno); Aso et al. 2019 (scRNA-seq)",right,,fw022049,FBbt_00100248,,isomorphic,,,
81067267865030865,720575940632848045,152352.0,42952.0,5174.0,152352.0,42952.0,5174.0,6375102.0,intrinsic,central,Kenyon_Cell,KCab,11862.0,KCab,KCab-s,MBp2,MBp2,dopamine,0.6662203582257402,"acetylcholine; sNPF; acetylcholine, sNPF","Barnstedt et al. 2016 (immuno, RNAi); Johard et al. (immuno); Aso et al. 2019 (scRNA-seq)",right,,fw022057,FBbt_00100248,,isomorphic,,,
81348811360439490,720575940645819268,156299.0,44109.0,4103.0,151824.0,26088.0,3895.0,6309327.0,intrinsic,central,Kenyon_Cell,KCg,14292.0,KCg-m,KCg-m,MBp1,MBp1,dopamine,0.7857678515241098,"acetylcholine; sNPF; acetylcholine, sNPF","Barnstedt et al. 2016 (immuno); Johard et al., 2008 (immuno); Aso et al. 2019 (scRNA-seq)",right,,fw022058,FBbt_00111061,,isomorphic,,,
81066168219271876,720575940644843031,151824.0,27216.0,4233.0,151824.0,27216.0,4233.0,6316426.0,intrinsic,central,Kenyon_Cell,KCg,14292.0,KCg-m,KCg-m,MBp3,MBp3,dopamine,0.7044560491744142,"acetylcholine; sNPF; acetylcholine, sNPF","Barnstedt et al. 2016 (immuno); Johard et al., 2008 (immuno); Aso et al. 2019 (scRNA-seq)",right,,fw022072,FBbt_00111061,,isomorphic,,,
81769855660976480,720575940639069493,162616.0,27072.0,4153.0,162616.0,27072.0,4153.0,6711735.0,intrinsic,central,Kenyon_Cell,KCg,14292.0,KCg-m,KCg-m,MBp4,MBp4,dopamine,0.7629526822449488,"acetylcholine; sNPF; acetylcholine, sNPF","Barnstedt et al. 2016 (immuno); Johard et al., 2008 (immuno); Aso et al. 2019 (scRNA-seq)",right,,fw022079,FBbt_00111061,,isomorphic,,,
82051674235467819,720575940610101210,166736.0,31400.0,4415.0,166736.0,31400.0,4415.0,7063804.0,intrinsic,central,Kenyon_Cell,KCab,11862.0,KCab,KCab-m,MBp4,MBp4,dopamine,0.6051053718394367,"acetylcholine; sNPF; acetylcholine, sNPF","Barnstedt et al. 2016 (immuno, RNAi); Johard et al. (immuno); Aso et al. 2019 (scRNA-seq)",right,,fw022087,FBbt_00100248,,isomorphic,,,
81066580603610916,720575940616162373,152352.0,33224.0,5003.0,152352.0,33224.0,5003.0,6352682.0,intrinsic,central,Kenyon_Cell,KCg,14292.0,KCg-m,KCg-m,MBp3,MBp3,dopamine,0.8009767643796695,"acetylcholine; sNPF; acetylcholine, sNPF","Barnstedt et al. 2016 (immuno); Johard et al., 2008 (immuno); Aso et al. 2019 (scRNA-seq)",right,,fw022090,FBbt_00111061,,isomorphic,,,
81348673921236458,720575940619414132,156275.0,42404.0,3897.0,151040.0,31128.0,4569.0,6315493.0,intrinsic,central,Kenyon_Cell,KCab,11862.0,KCab,KCab-m,MBp1,MBp1,dopamine,0.5837606950126393,"acetylcholine; sNPF; acetylcholine, sNPF","Barnstedt et al. 2016 (immuno, RNAi); Johard et al. (immuno); Aso et al. 2019 (scRNA-seq)",right,,fw022093,FBbt_00100248,,isomorphic,,,
80995868195062794,720575940609184210,151368.0,28128.0,4575.0,151368.0,28128.0,4575.0,6315817.0,intrinsic,central,Kenyon_Cell,KCab,11862.0,KCab,KCab-s,MBp3,MBp3,dopamine,0.6085194700340446,"acetylcholine; sNPF; acetylcholine, sNPF","Barnstedt et al. 2016 (immuno, RNAi); Johard et al. (immuno); Aso et al. 2019 (scRNA-seq)",right,,fw022095,FBbt_00100248,,isomorphic,,,
81419180104617944,720575940652875169,156851.0,44150.0,4102.0,151432.0,36392.0,5183.0,6354398.0,intrinsic,central,Kenyon_Cell,KCg,14292.0,KCg-m,KCg-m,MBp2,MBp2,dopamine,0.807644700409588,"acetylcholine; sNPF; acetylcholine, sNPF","Barnstedt et al. 2016 (immuno); Johard et al., 2008 (immuno); Aso et al. 2019 (scRNA-seq)",right,,fw022097,FBbt_00111061,,isomorphic,,,
80925774328797651,720575940612778646,150164.0,32102.0,4572.0,149280.0,25424.0,3909.0,6308116.0,intrinsic,central,Kenyon_Cell,KCab,11862.0,KCab,KCab-s,MBp1,MBp1,dopamine,0.6223190224855549,"acetylcholine; sNPF; acetylcholine, sNPF","Barnstedt et al. 2016 (immuno, RNAi); Johard et al. (immuno); Aso et al. 2019 (scRNA-seq)",right,,fw022099,FBbt_00100248,,isomorphic,,,
81206905640878967,720575940615019231,154456.0,26600.0,3988.0,154456.0,26600.0,3988.0,6310315.0,intrinsic,central,Kenyon_Cell,KCg,14292.0,KCg-m,KCg-m,MBp3,MBp3,dopamine,0.7307722469704492,"acetylcholine; sNPF; acetylcholine, sNPF","Barnstedt et al. 2016 (immuno); Johard et al., 2008 (immuno); Aso et al. 2019 (scRNA-seq)",right,,fw022100,FBbt_00111061,,isomorphic,,,
81630286337001617,720575940621866861,160257.0,43906.0,3977.0,159672.0,30192.0,4250.0,6699530.0,intrinsic,central,Kenyon_Cell,KCg,19102.0,KCg-d,KCg-d,MBp4,MBp4,dopamine,0.5716692117470868,"acetylcholine; sNPF; acetylcholine, sNPF","Barnstedt et al. 2016 (immuno); Johard et al., 2008 (immuno); Aso et al. 2019 (scRNA-seq)",right,,fw022104,FBbt_00110932,,isomorphic,,,
82051605582665238,720575940628830551,166168.0,31200.0,4653.0,166168.0,31200.0,4653.0,7063228.0,intrinsic,central,Kenyon_Cell,KCab,11862.0,KCab,KCab-s,MBp4,MBp4,dopamine,0.619566548162657,"acetylcholine; sNPF; acetylcholine, sNPF","Barnstedt et al. 2016 (immuno, RNAi); Johard et al. (immuno); Aso et al. 2019 (scRNA-seq)",right,,fw022105,FBbt_00100248,,isomorphic,,,
81910868027424854,720575940624563075,164201.0,30929.0,4294.0,168496.0,27936.0,4001.0,7057209.0,intrinsic,central,Kenyon_Cell,,17488.0,KCapbp-ap1,KCa'b'-ap1,MBp4,MBp4,dopamine,0.4930197522867623,acetylcholine; acetylcholine,"Barnstedt et al. 2016 (immuno, RNAi); Aso et al. 2019 (scRNA-seq)",right,,fw022109,FBbt:00049836,,isomorphic,,,
81278305177337750,720575940624577613,155132.0,42510.0,4103.0,145904.0,23896.0,3666.0,5592373.0,intrinsic,central,Kenyon_Cell,KCg,14292.0,KCg-m,KCg-m,MBp1,MBp1,dopamine,0.7250704574306986,"acetylcholine; sNPF; acetylcholine, sNPF","Barnstedt et al. 2016 (immuno); Johard et al., 2008 (immuno); Aso et al. 2019 (scRNA-seq)",right,,fw022115,FBbt_00111061,,isomorphic,,,
81348811360432303,720575940614822742,155920.0,43770.0,4102.0,158000.0,46392.0,5347.0,6826879.0,intrinsic,central,Kenyon_Cell,KCg,14292.0,KCg-m,KCg-m,MBp2,MBp2,dopamine,0.7554495922311018,"acetylcholine; sNPF; acetylcholine, sNPF","Barnstedt et al. 2016 (immuno); Johard et al., 2008 (immuno); Aso et al. 2019 (scRNA-seq)",right,,fw022120,FBbt_00111061,,isomorphic,,,
81066168219628433,720575940628724284,151744.0,27176.0,4488.0,151744.0,27176.0,4488.0,6316304.0,intrinsic,central,Kenyon_Cell,KCg,14292.0,KCg-m,KCg-m,MBp3,MBp3,dopamine,0.8329868066872528,"acetylcholine; sNPF; acetylcholine, sNPF","Barnstedt et al. 2016 (immuno); Johard et al., 2008 (immuno); Aso et al. 2019 (scRNA-seq)",right,,fw022124,FBbt_00111061,,isomorphic,,,
80432780735095544,720575940632980378,142392.0,25472.0,3707.0,142392.0,25472.0,3707.0,5629891.0,intrinsic,central,Kenyon_Cell,KCg,14292.0,KCg-m,KCg-m,MBp1,MBp1,dopamine,0.717876700746741,"acetylcholine; sNPF; acetylcholine, sNPF","Barnstedt et al. 2016 (immuno); Johard et al., 2008 (immuno); Aso et al. 2019 (scRNA-seq)",right,,fw022127,FBbt_00111061,,isomorphic,,,
81278305177320594,720575940630039547,154827.0,42250.0,4103.0,141312.0,25568.0,3675.0,5629492.0,intrinsic,central,Kenyon_Cell,KCg,14292.0,KCg-m,KCg-m,MBp1,MBp1,dopamine,0.7561588286350862,"acetylcholine; sNPF; acetylcholine, sNPF","Barnstedt et al. 2016 (immuno); Johard et al., 2008 (immuno); Aso et al. 2019 (scRNA-seq)",right,,fw022128,FBbt_00111061,,isomorphic,,,
81489617769178945,720575940626794027,158344.0,45512.0,5268.0,158344.0,45512.0,5268.0,6826997.0,intrinsic,central,Kenyon_Cell,KCab,11862.0,KCab,KCab-s,MBp2,MBp2,dopamine,0.6457013843590935,"acetylcholine; sNPF; acetylcholine, sNPF","Barnstedt et al. 2016 (immuno, RNAi); Johard et al. (immuno); Aso et al. 2019 (scRNA-seq)",right,,fw022148,FBbt_00100248,,isomorphic,,,
80714255711871912,720575940604999526,146520.0,25816.0,3746.0,146520.0,25816.0,3746.0,5631528.0,intrinsic,central,Kenyon_Cell,KCg,14292.0,KCg-m,KCg-m,MBp1,MBp1,dopamine,0.7588693306791224,"acetylcholine; sNPF; acetylcholine, sNPF","Barnstedt et al. 2016 (immuno); Johard et al., 2008 (immuno); Aso et al. 2019 (scRNA-seq)",right,,fw022173,FBbt_00111061,,isomorphic,,,
81278305177073521,720575940614200426,155330.0,41906.0,3896.0,151104.0,31024.0,4720.0,6315584.0,intrinsic,central,Kenyon_Cell,KCg,14292.0,KCg-m,KCg-m,MBp1,MBp1,dopamine,0.7363876510468065,"acetylcholine; sNPF; acetylcholine, sNPF","Barnstedt et al. 2016 (immuno); Johard et al., 2008 (immuno); Aso et al. 2019 (scRNA-seq)",right,,fw022174,FBbt_00111061,,isomorphic,,,
80995799475208506,720575940635659486,151280.0,26968.0,4290.0,151280.0,26968.0,4290.0,6315740.0,intrinsic,central,Kenyon_Cell,KCab,11862.0,KCab,KCab-s,MBp3,MBp3,dopamine,0.6456258058661866,"acetylcholine; sNPF; acetylcholine, sNPF","Barnstedt et al. 2016 (immuno, RNAi); Johard et al. (immuno); Aso et al. 2019 (scRNA-seq)",right,,fw022177,FBbt_00100248,,isomorphic,,,
81278373896804463,720575940614036019,155504.0,43396.0,4102.0,151840.0,30160.0,4151.0,6316456.0,intrinsic,central,Kenyon_Cell,KCg,14292.0,KCg-m,KCg-m,MBp1,MBp1,dopamine,0.733124885625109,"acetylcholine; sNPF; acetylcholine, sNPF","Barnstedt et al. 2016 (immuno); Johard et al., 2008 (immuno); Aso et al. 2019 (scRNA-seq)",right,,fw022178,FBbt_00111061,,isomorphic,,,
81559848940242278,720575940617811540,158756.0,42919.0,4293.0,153392.0,32360.0,4940.0,6318246.0,intrinsic,central,Kenyon_Cell,KCg,14292.0,KCg-m,KCg-m,MBp3,MBp3,dopamine,0.7912360606678212,"acetylcholine; sNPF; acetylcholine, sNPF","Barnstedt et al. 2016 (immuno); Johard et al., 2008 (immuno); Aso et al. 2019 (scRNA-seq)",right,,fw022179,FBbt_00111061,,isomorphic,,,
81066168152565393,720575940622948872,151768.0,26592.0,3972.0,151768.0,26592.0,3972.0,6309300.0,intrinsic,central,Kenyon_Cell,,17488.0,KCapbp-m,KCa'b'-m,MBp3,MBp3,dopamine,0.5474305501306402,acetylcholine; acetylcholine,"Barnstedt et al. 2016 (immuno, RNAi); Aso et al. 2019 (scRNA-seq)",right,,fw022183,FBbt:00100253,,isomorphic,,,
80503149479227385,720575940621553535,143392.0,25544.0,3678.0,143392.0,25544.0,3678.0,5630214.0,intrinsic,central,Kenyon_Cell,KCg,14292.0,KCg-m,KCg-m,MBp1,MBp1,dopamine,0.7880971822825478,"acetylcholine; sNPF; acetylcholine, sNPF","Barnstedt et al. 2016 (immuno); Johard et al., 2008 (immuno); Aso et al. 2019 (scRNA-seq)",right,,fw022189,FBbt_00111061,,isomorphic,,,
81348536616819243,720575940641866912,156539.0,39881.0,5133.0,156744.0,39808.0,5187.0,6750662.0,intrinsic,central,Kenyon_Cell,KCab,11862.0,KCab,KCab-s,MBp2,MBp2,dopamine,0.5759615682530947,"acetylcholine; sNPF; acetylcholine, sNPF","Barnstedt et al. 2016 (immuno, RNAi); Johard et al. (immuno); Aso et al. 2019 (scRNA-seq)",right,,fw022198,FBbt_00100248,,isomorphic,,,
80362411924232115,720575940604963942,141880.0,25432.0,3498.0,141880.0,25432.0,3498.0,5629681.0,intrinsic,central,Kenyon_Cell,KCg,14292.0,KCg-m,KCg-m,MBp1,MBp1,dopamine,0.7564842484140488,"acetylcholine; sNPF; acetylcholine, sNPF","Barnstedt et al. 2016 (immuno); Johard et al., 2008 (immuno); Aso et al. 2019 (scRNA-seq)",right,,fw022202,FBbt_00111061,,isomorphic,,,
82473749261182169,720575940633186771,172896.0,29664.0,4213.0,172896.0,29664.0,4213.0,7336505.0,intrinsic,central,Kenyon_Cell,KCg,14292.0,KCg-m,KCg-m,MBp4,MBp4,dopamine,0.8011704703925187,"acetylcholine; sNPF; acetylcholine, sNPF","Barnstedt et al. 2016 (immuno); Johard et al., 2008 (immuno); Aso et al. 2019 (scRNA-seq)",right,,fw022203,FBbt_00111061,,isomorphic,,,
81348811360426727,720575940620425310,156587.0,43948.0,4103.0,150424.0,39440.0,5053.0,6352292.0,intrinsic,central,Kenyon_Cell,KCg,14292.0,KCg-m,KCg-m,MBp2,MBp2,dopamine,0.7268775254759918,"acetylcholine; sNPF; acetylcholine, sNPF","Barnstedt et al. 2016 (immuno); Johard et al., 2008 (immuno); Aso et al. 2019 (scRNA-seq)",right,,fw022212,FBbt_00111061,,isomorphic,,,
81348811360433951,720575940620551901,156111.0,43656.0,4102.0,150344.0,35496.0,5024.0,6352268.0,intrinsic,central,Kenyon_Cell,KCg,14292.0,KCg-m,KCg-m,MBp2,MBp2,dopamine,0.7005177255585371,"acetylcholine; sNPF; acetylcholine, sNPF","Barnstedt et al. 2016 (immuno); Johard et al., 2008 (immuno); Aso et al. 2019 (scRNA-seq)",right,,fw022215,FBbt_00111061,,isomorphic,,,
81559917659706229,720575940626772357,159474.0,43808.0,4294.0,157216.0,46536.0,5037.0,6823653.0,intrinsic,central,Kenyon_Cell,KCg,19102.0,KCg-d,KCg-d,MBp2,MBp2,dopamine,0.6435889002619395,"acetylcholine; sNPF; acetylcholine, sNPF","Barnstedt et al. 2016 (immuno); Johard et al., 2008 (immuno); Aso et al. 2019 (scRNA-seq)",right,,fw022220,FBbt_00110932,,isomorphic,,,
81418080659539408,720575940633932951,156952.0,27728.0,4147.0,156952.0,27728.0,4147.0,6695610.0,intrinsic,central,Kenyon_Cell,,17488.0,KCapbp-ap2,KCa'b'-ap2,MBp3,MBp3,dopamine,0.5235075342408239,acetylcholine; acetylcholine,"Barnstedt et al. 2016 (immuno, RNAi); Aso et al. 2019 (scRNA-seq)",right,,fw022234,FBbt:00049837,,isomorphic,,,
81559848940233231,720575940634836671,158702.0,42949.0,4293.0,151224.0,28408.0,4482.0,6315673.0,intrinsic,central,Kenyon_Cell,KCg,14292.0,KCg-m,KCg-m,MBp3,MBp3,dopamine,0.7973892666570032,"acetylcholine; sNPF; acetylcholine, sNPF","Barnstedt et al. 2016 (immuno); Johard et al., 2008 (immuno); Aso et al. 2019 (scRNA-seq)",right,,fw022249,FBbt_00111061,,isomorphic,,,
81630286337013140,720575940630146135,160057.0,44082.0,3976.0,165432.0,36272.0,4883.0,7074622.0,intrinsic,central,Kenyon_Cell,KCg,14292.0,KCg-m,KCg-m,MBp4,MBp4,dopamine,0.7959911435488222,"acetylcholine; sNPF; acetylcholine, sNPF","Barnstedt et al. 2016 (immuno); Johard et al., 2008 (immuno); Aso et al. 2019 (scRNA-seq)",right,,fw022260,FBbt_00111061,,isomorphic,,,
81488518123508624,720575940620442817,157920.0,28696.0,4376.0,157920.0,28696.0,4376.0,6696893.0,intrinsic,central,Kenyon_Cell,KCg,14292.0,KCg-m,KCg-m,MBp3,MBp3,dopamine,0.7871097987513547,"acetylcholine; sNPF; acetylcholine, sNPF","Barnstedt et al. 2016 (immuno); Johard et al., 2008 (immuno); Aso et al. 2019 (scRNA-seq)",right,,fw022283,FBbt_00111061,,isomorphic,,,
80784761895119760,720575940642108301,148312.0,27328.0,3845.0,148312.0,27328.0,3845.0,6307724.0,intrinsic,central,Kenyon_Cell,,17488.0,KCapbp-ap2,KCa'b'-ap2,MBp1,MBp1,dopamine,0.5473521541256914,acetylcholine; acetylcholine,"Barnstedt et al. 2016 (immuno, RNAi); Aso et al. 2019 (scRNA-seq)",right,,fw022288,FBbt:00049837,,isomorphic,,,
80784624456151333,720575940632805037,148200.0,25304.0,3802.0,148200.0,25304.0,3802.0,6307671.0,intrinsic,central,Kenyon_Cell,KCg,14292.0,KCg-m,KCg-m,MBp1,MBp1,dopamine,0.7690879102682585,"acetylcholine; sNPF; acetylcholine, sNPF","Barnstedt et al. 2016 (immuno); Johard et al., 2008 (immuno); Aso et al. 2019 (scRNA-seq)",right,,fw022293,FBbt_00111061,,isomorphic,,,
81277618049176468,720575940644607854,154912.0,32120.0,4195.0,154912.0,32120.0,4195.0,6319400.0,intrinsic,central,Kenyon_Cell,KCg,14292.0,KCg-m,KCg-m,MBp3,MBp3,dopamine,0.7704770503379035,"acetylcholine; sNPF; acetylcholine, sNPF","Barnstedt et al. 2016 (immuno); Johard et al., 2008 (immuno); Aso et al. 2019 (scRNA-seq)",right,,fw022295,FBbt_00111061,,isomorphic,,,
81207043213632015,720575940624428019,154536.0,28592.0,4692.0,154536.0,28592.0,4692.0,6319095.0,intrinsic,central,Kenyon_Cell,KCg,14292.0,KCg-m,KCg-m,MBp3,MBp3,dopamine,0.8201856197100648,"acetylcholine; sNPF; acetylcholine, sNPF","Barnstedt et al. 2016 (immuno); Johard et al., 2008 (immuno); Aso et al. 2019 (scRNA-seq)",right,,fw022306,FBbt_00111061,,isomorphic,,,
81488655629349502,720575940634001007,158136.0,30576.0,4722.0,158136.0,30576.0,4722.0,6697120.0,intrinsic,central,Kenyon_Cell,KCab,11862.0,KCab,KCab-m,MBp3,MBp3,dopamine,0.5757873039437528,"acetylcholine; sNPF; acetylcholine, sNPF","Barnstedt et al. 2016 (immuno, RNAi); Johard et al. (immuno); Aso et al. 2019 (scRNA-seq)",right,,fw022311,FBbt_00100248,,isomorphic,,,
81629118172953967,720575940637315418,160640.0,27152.0,4408.0,160640.0,27152.0,4408.0,6702374.0,intrinsic,central,Kenyon_Cell,KCab,11862.0,KCab,KCab-s,MBp4,MBp4,dopamine,0.595183677599756,"acetylcholine; sNPF; acetylcholine, sNPF","Barnstedt et al. 2016 (immuno, RNAi); Johard et al. (immuno); Aso et al. 2019 (scRNA-seq)",right,,fw022316,FBbt_00100248,,isomorphic,,,
80432918174329435,720575940622305304,142752.0,28208.0,3896.0,142752.0,28208.0,3896.0,5630005.0,intrinsic,central,Kenyon_Cell,KCg,14292.0,KCg-m,KCg-m,MBp1,MBp1,dopamine,0.7644707949455738,"acetylcholine; sNPF; acetylcholine, sNPF","Barnstedt et al. 2016 (immuno); Johard et al., 2008 (immuno); Aso et al. 2019 (scRNA-seq)",right,,fw022320,FBbt_00111061,,isomorphic,,,
81840568069613004,720575940620685436,163112.0,31536.0,4636.0,163112.0,31536.0,4636.0,6712832.0,intrinsic,central,Kenyon_Cell,KCab,11862.0,KCab,KCab-m,MBp4,MBp4,dopamine,0.6425478140508336,"acetylcholine; sNPF; acetylcholine, sNPF","Barnstedt et al. 2016 (immuno, RNAi); Johard et al. (immuno); Aso et al. 2019 (scRNA-seq)",right,,fw022327,FBbt_00100248,,isomorphic,,,
81559848940233276,720575940612352423,158781.0,43050.0,4294.0,152736.0,29024.0,4209.0,6317586.0,intrinsic,central,Kenyon_Cell,KCg,14292.0,KCg-m,KCg-m,MBp3,MBp3,dopamine,0.7284042582719314,"acetylcholine; sNPF; acetylcholine, sNPF","Barnstedt et al. 2016 (immuno); Johard et al., 2008 (immuno); Aso et al. 2019 (scRNA-seq)",right,,fw022363,FBbt_00111061,,isomorphic,,,
81419180305690499,720575940621174704,157104.0,43992.0,5382.0,157104.0,43992.0,5382.0,6826434.0,intrinsic,central,Kenyon_Cell,KCg,14292.0,KCg-m,KCg-m,MBp2,MBp2,dopamine,0.7806912556603117,"acetylcholine; sNPF; acetylcholine, sNPF","Barnstedt et al. 2016 (immuno); Johard et al., 2008 (immuno); Aso et al. 2019 (scRNA-seq)",right,,fw022379,FBbt_00111061,,isomorphic,,,
80925843048277754,720575940615270962,150082.0,32401.0,4572.0,148736.0,26296.0,3941.0,6307898.0,intrinsic,central,Kenyon_Cell,KCab,11862.0,KCab,KCab-s,MBp1,MBp1,dopamine,0.5913760653394446,"acetylcholine; sNPF; acetylcholine, sNPF","Barnstedt et al. 2016 (immuno, RNAi); Johard et al. (immuno); Aso et al. 2019 (scRNA-seq)",right,,fw022383,FBbt_00100248,,isomorphic,,,
81348742640963103,720575940619259477,155698.0,43604.0,4103.0,151808.0,26368.0,3793.0,6309324.0,intrinsic,central,Kenyon_Cell,KCg,14292.0,KCg-m,KCg-m,MBp1,MBp1,dopamine,0.7330215141420503,"acetylcholine; sNPF; acetylcholine, sNPF","Barnstedt et al. 2016 (immuno); Johard et al., 2008 (immuno); Aso et al. 2019 (scRNA-seq)",right,,fw022384,FBbt_00111061,,isomorphic,,,
81630217617530367,720575940627077032,160238.0,43212.0,3977.0,162056.0,29240.0,4279.0,6710146.0,intrinsic,central,Kenyon_Cell,KCg,14292.0,KCg-m,KCg-m,MBp4,MBp4,dopamine,0.7557955921068985,"acetylcholine; sNPF; acetylcholine, sNPF","Barnstedt et al. 2016 (immuno); Johard et al., 2008 (immuno); Aso et al. 2019 (scRNA-seq)",right,,fw022387,FBbt_00111061,,isomorphic,,,
81278373896810103,720575940617201113,154987.0,42642.0,4103.0,149360.0,28464.0,4038.0,6308163.0,intrinsic,central,Kenyon_Cell,KCg,14292.0,KCg-m,KCg-m,MBp1,MBp1,dopamine,0.7518202998248593,"acetylcholine; sNPF; acetylcholine, sNPF","Barnstedt et al. 2016 (immuno); Johard et al., 2008 (immuno); Aso et al. 2019 (scRNA-seq)",right,,fw022400,FBbt_00111061,,isomorphic,,,
81348673921247924,720575940629804857,155700.0,42288.0,3896.0,148016.0,32024.0,4379.0,6311198.0,intrinsic,central,Kenyon_Cell,KCab,11862.0,KCab,KCab-m,MBp1,MBp1,dopamine,0.5472991534192588,"acetylcholine; sNPF; acetylcholine, sNPF","Barnstedt et al. 2016 (immuno, RNAi); Johard et al. (immuno); Aso et al. 2019 (scRNA-seq)",right,,fw022410,FBbt_00100248,,isomorphic,,,
80784693175667544,720575940620223398,148096.0,26584.0,3845.0,148096.0,26584.0,3845.0,6307631.0,intrinsic,central,Kenyon_Cell,,17488.0,KCapbp-ap1,KCa'b'-ap1,MBp1,MBp1,dopamine,0.5447933714158227,acetylcholine; acetylcholine,"Barnstedt et al. 2016 (immuno, RNAi); Aso et al. 2019 (scRNA-seq)",right,,fw022411,FBbt:00049836,,isomorphic,,,
81630286337027597,720575940622013564,160064.0,43964.0,3977.0,160048.0,30352.0,4465.0,6700231.0,intrinsic,central,Kenyon_Cell,KCg,14292.0,KCg-m,KCg-m,MBp4,MBp4,dopamine,0.722695970116686,"acetylcholine; sNPF; acetylcholine, sNPF","Barnstedt et al. 2016 (immuno); Johard et al., 2008 (immuno); Aso et al. 2019 (scRNA-seq)",right,,fw022412,FBbt_00111061,,isomorphic,,,
81348673921237708,720575940614861974,156468.0,42435.0,3897.0,152216.0,28952.0,4345.0,6316950.0,intrinsic,central,Kenyon_Cell,KCab,11862.0,KCab,KCab-s,MBp1,MBp1,dopamine,0.5793540237015531,"acetylcholine; sNPF; acetylcholine, sNPF","Barnstedt et al. 2016 (immuno, RNAi); Johard et al. (immuno); Aso et al. 2019 (scRNA-seq)",right,,fw022416,FBbt_00100248,,isomorphic,,,
81559848940231285,720575940628983963,159358.0,43511.0,4293.0,165328.0,36448.0,4963.0,7074582.0,intrinsic,central,Kenyon_Cell,KCg,14292.0,KCg-m,KCg-m,MBp4,MBp4,dopamine,0.8025534521781837,"acetylcholine; sNPF; acetylcholine, sNPF","Barnstedt et al. 2016 (immuno); Johard et al., 2008 (immuno); Aso et al. 2019 (scRNA-seq)",right,,fw022420,FBbt_00111061,,isomorphic,,,
81136536896711865,720575940638995005,152712.0,26480.0,3954.0,152712.0,26480.0,3954.0,6309647.0,intrinsic,central,Kenyon_Cell,,17488.0,KCapbp-m,KCa'b'-m,MBp3,MBp3,dopamine,0.5142543667802986,acetylcholine; acetylcholine,"Barnstedt et al. 2016 (immuno, RNAi); Aso et al. 2019 (scRNA-seq)",right,,fw022422,FBbt:00100253,,isomorphic,,,
81911349131020671,720575940619769008,164608.0,38216.0,4921.0,164608.0,38216.0,4921.0,7074239.0,intrinsic,central,Kenyon_Cell,KCg,19102.0,KCg-d,KCg-d,MBp4,MBp4,dopamine,0.6257752725537086,"acetylcholine; sNPF; acetylcholine, sNPF","Barnstedt et al. 2016 (immuno); Johard et al., 2008 (immuno); Aso et al. 2019 (scRNA-seq)",right,,fw022427,FBbt_00110932,,isomorphic,,,
81348673921247931,720575940612725906,156243.0,42274.0,3897.0,146408.0,30608.0,4198.0,5641042.0,intrinsic,central,Kenyon_Cell,KCab,11862.0,KCab,KCab-m,MBp1,MBp1,dopamine,0.61725615907391,"acetylcholine; sNPF; acetylcholine, sNPF","Barnstedt et al. 2016 (immuno, RNAi); Johard et al. (immuno); Aso et al. 2019 (scRNA-seq)",right,,fw022428,FBbt_00100248,,isomorphic,,,
81630217617539451,720575940628741881,160015.0,43604.0,3976.0,169400.0,34680.0,4632.0,7076230.0,intrinsic,central,Kenyon_Cell,KCg,14292.0,KCg-m,KCg-m,MBp4,MBp4,dopamine,0.7645887662157191,"acetylcholine; sNPF; acetylcholine, sNPF","Barnstedt et al. 2016 (immuno); Johard et al., 2008 (immuno); Aso et al. 2019 (scRNA-seq)",right,,fw022429,FBbt_00111061,,isomorphic,,,
80996143072962238,720575940630525967,150509.0,31868.0,4571.0,150160.0,26960.0,4040.0,6308514.0,intrinsic,central,Kenyon_Cell,KCab,11862.0,KCab,KCab-s,MBp1,MBp1,dopamine,0.6512423357653986,"acetylcholine; sNPF; acetylcholine, sNPF","Barnstedt et al. 2016 (immuno, RNAi); Johard et al. (immuno); Aso et al. 2019 (scRNA-seq)",right,,fw022435,FBbt_00100248,,isomorphic,,,
81348811360444730,720575940639846488,155871.0,43869.0,4103.0,154240.0,44488.0,4934.0,6371173.0,intrinsic,central,Kenyon_Cell,KCg,14292.0,KCg-m,KCg-m,MBp2,MBp2,dopamine,0.7562882979330896,"acetylcholine; sNPF; acetylcholine, sNPF","Barnstedt et al. 2016 (immuno); Johard et al., 2008 (immuno); Aso et al. 2019 (scRNA-seq)",right,,fw022445,FBbt_00111061,,isomorphic,,,
81699830581540203,720575940626430339,161552.0,31552.0,4862.0,161552.0,31552.0,4862.0,6708227.0,intrinsic,central,Kenyon_Cell,KCg,14292.0,KCg-m,KCg-m,MBp3,MBp3,dopamine,0.8099271711516538,"acetylcholine; sNPF; acetylcholine, sNPF","Barnstedt et al. 2016 (immuno); Johard et al., 2008 (immuno); Aso et al. 2019 (scRNA-seq)",right,,fw022447,FBbt_00111061,,isomorphic,,,
81488380684470000,720575940621541514,158232.0,27064.0,4300.0,158232.0,27064.0,4300.0,6697333.0,intrinsic,central,Kenyon_Cell,KCab,11862.0,KCab,KCab-s,MBp3,MBp3,dopamine,0.6072841245205088,"acetylcholine; sNPF; acetylcholine, sNPF","Barnstedt et al. 2016 (immuno, RNAi); Johard et al. (immuno); Aso et al. 2019 (scRNA-seq)",right,,fw022448,FBbt_00100248,,isomorphic,,,
81559917592791626,720575940650260214,159225.0,43708.0,3976.0,164312.0,27208.0,4149.0,7058890.0,intrinsic,central,Kenyon_Cell,KCg,14292.0,KCg-m,KCg-m,MBp4,MBp4,dopamine,0.7767243713539308,"acetylcholine; sNPF; acetylcholine, sNPF","Barnstedt et al. 2016 (immuno); Johard et al., 2008 (immuno); Aso et al. 2019 (scRNA-seq)",right,,fw022457,FBbt_00111061,,isomorphic,,,
81348742640955164,720575940654606753,155644.0,43184.0,4103.0,141520.0,25312.0,3749.0,5629557.0,intrinsic,central,Kenyon_Cell,KCg,14292.0,KCg-m,KCg-m,MBp1,MBp1,dopamine,0.5707657356261956,"acetylcholine; sNPF; acetylcholine, sNPF","Barnstedt et al. 2016 (immuno); Johard et al., 2008 (immuno); Aso et al. 2019 (scRNA-seq)",right,,fw022469,FBbt_00111061,,isomorphic,,,
80854993200257863,720575940627165010,148728.0,25728.0,3770.0,148728.0,25728.0,3770.0,6307879.0,intrinsic,central,Kenyon_Cell,KCg,14292.0,KCg-m,KCg-m,MBp1,MBp1,dopamine,0.8018548092897189,"acetylcholine; sNPF; acetylcholine, sNPF","Barnstedt et al. 2016 (immuno); Johard et al., 2008 (immuno); Aso et al. 2019 (scRNA-seq)",right,,fw022478,FBbt_00111061,,isomorphic,,,
81348811360448453,720575940625942458,156337.0,43824.0,4103.0,161696.0,39680.0,5004.0,6749048.0,intrinsic,central,Kenyon_Cell,KCg,14292.0,KCg-m,KCg-m,MBp2,MBp2,dopamine,0.784690123430708,"acetylcholine; sNPF; acetylcholine, sNPF","Barnstedt et al. 2016 (immuno); Johard et al., 2008 (immuno); Aso et al. 2019 (scRNA-seq)",right,,fw022488,FBbt_00111061,,isomorphic,,,
81630217684402131,720575940628190780,160049.0,43571.0,4293.0,158896.0,29128.0,4260.0,6698266.0,intrinsic,central,Kenyon_Cell,KCg,19102.0,KCg-d,KCg-d,MBp4,MBp4,dopamine,0.6323045198647,"acetylcholine; sNPF; acetylcholine, sNPF","Barnstedt et al. 2016 (immuno); Johard et al., 2008 (immuno); Aso et al. 2019 (scRNA-seq)",right,,fw022501,FBbt_00110932,,isomorphic,,,
81489480196045410,720575940618224709,158253.0,43631.0,4293.0,160064.0,45048.0,5221.0,6827853.0,intrinsic,central,Kenyon_Cell,KCg,14292.0,KCg-m,KCg-m,MBp2,MBp2,dopamine,0.8026070461750096,"acetylcholine; sNPF; acetylcholine, sNPF","Barnstedt et al. 2016 (immuno); Johard et al., 2008 (immuno); Aso et al. 2019 (scRNA-seq)",right,,fw022509,FBbt_00111061,,isomorphic,,,
81559848940239347,720575940626547817,159552.0,43551.0,4294.0,161504.0,29688.0,4523.0,6708048.0,intrinsic,central,Kenyon_Cell,KCg,14292.0,KCg-m,KCg-m,MBp4,MBp4,dopamine,0.7223561224270235,"acetylcholine; sNPF; acetylcholine, sNPF","Barnstedt et al. 2016 (immuno); Johard et al., 2008 (immuno); Aso et al. 2019 (scRNA-seq)",right,,fw022513,FBbt_00111061,,isomorphic,,,
81277549329865785,720575940623426633,154568.0,30424.0,4322.0,154568.0,30424.0,4322.0,6319171.0,intrinsic,central,Kenyon_Cell,KCg,14292.0,KCg-m,KCg-m,MBp3,MBp3,dopamine,0.7928756421937777,"acetylcholine; sNPF; acetylcholine, sNPF","Barnstedt et al. 2016 (immuno); Johard et al., 2008 (immuno); Aso et al. 2019 (scRNA-seq)",right,,fw022517,FBbt_00111061,,isomorphic,,,
81066305658340761,720575940625333822,152112.0,28416.0,4302.0,152112.0,28416.0,4302.0,6316770.0,intrinsic,central,Kenyon_Cell,KCg,14292.0,KCg-m,KCg-m,MBp3,MBp3,dopamine,0.7409484392989545,"acetylcholine; sNPF; acetylcholine, sNPF","Barnstedt et al. 2016 (immuno); Johard et al., 2008 (immuno); Aso et al. 2019 (scRNA-seq)",right,,fw022531,FBbt_00111061,,isomorphic,,,
81629736648387316,720575940611733997,160043.0,35625.0,4521.0,166944.0,28192.0,4154.0,7063973.0,intrinsic,central,Kenyon_Cell,KCg,14292.0,KCg-m,KCg-m,MBp4,MBp4,dopamine,0.7867874369045449,"acetylcholine; sNPF; acetylcholine, sNPF","Barnstedt et al. 2016 (immuno); Johard et al., 2008 (immuno); Aso et al. 2019 (scRNA-seq)",right,,fw022533,FBbt_00111061,,isomorphic,,,
81488586842841206,720575940618671751,157904.0,29368.0,4264.0,157904.0,29368.0,4264.0,6696873.0,intrinsic,central,Kenyon_Cell,KCg,14292.0,KCg-m,KCg-m,MBp3,MBp3,dopamine,0.6432021150520572,"acetylcholine; sNPF; acetylcholine, sNPF","Barnstedt et al. 2016 (immuno); Johard et al., 2008 (immuno); Aso et al. 2019 (scRNA-seq)",right,,fw022538,FBbt_00111061,,isomorphic,,,
81348742640962775,720575940611936474,155921.0,43437.0,4103.0,153424.0,45240.0,5056.0,6371050.0,intrinsic,central,Kenyon_Cell,KCg,14292.0,KCg-m,KCg-m,MBp2,MBp2,dopamine,0.7592753401207971,"acetylcholine; sNPF; acetylcholine, sNPF","Barnstedt et al. 2016 (immuno); Johard et al., 2008 (immuno); Aso et al. 2019 (scRNA-seq)",right,,fw022542,FBbt_00111061,,isomorphic,,,
82051605515712173,720575940605036418,165864.0,30824.0,4242.0,165864.0,30824.0,4242.0,7062980.0,intrinsic,central,Kenyon_Cell,KCab,11862.0,KCab,KCab-s,MBp4,MBp4,dopamine,0.6156410872832992,"acetylcholine; sNPF; acetylcholine, sNPF","Barnstedt et al. 2016 (immuno, RNAi); Johard et al. (immuno); Aso et al. 2019 (scRNA-seq)",right,,fw022560,FBbt_00100248,,isomorphic,,,
82122455363546560,720575940625343546,167832.0,37712.0,4900.0,167832.0,37712.0,4900.0,7075580.0,intrinsic,central,Kenyon_Cell,KCg,19102.0,KCg-d,KCg-d,MBp4,MBp4,dopamine,0.5620676104650457,"acetylcholine; sNPF; acetylcholine, sNPF","Barnstedt et al. 2016 (immuno); Johard et al., 2008 (immuno); Aso et al. 2019 (scRNA-seq)",right,,fw022565,FBbt_00110932,,isomorphic,,,
81278373896780660,720575940612690338,155171.0,42954.0,4102.0,151832.0,44144.0,5252.0,6374798.0,intrinsic,central,Kenyon_Cell,KCg,14292.0,KCg-m,KCg-m,MBp2,MBp2,dopamine,0.7379799059830198,"acetylcholine; sNPF; acetylcholine, sNPF","Barnstedt et al. 2016 (immuno); Johard et al., 2008 (immuno); Aso et al. 2019 (scRNA-seq)",right,,fw022567,FBbt_00111061,,isomorphic,,,
81559917592811081,720575940620282758,158848.0,44010.0,3976.0,162608.0,26904.0,4241.0,6711734.0,intrinsic,central,Kenyon_Cell,KCg,14292.0,KCg-m,KCg-m,MBp4,MBp4,dopamine,0.7692426460774069,"acetylcholine; sNPF; acetylcholine, sNPF","Barnstedt et al. 2016 (immuno); Johard et al., 2008 (immuno); Aso et al. 2019 (scRNA-seq)",right,,fw022571,FBbt_00111061,,isomorphic,,,
81348742640968302,720575940611946482,155896.0,43630.0,4103.0,153960.0,46024.0,5242.0,6375894.0,intrinsic,central,Kenyon_Cell,KCg,14292.0,KCg-m,KCg-m,MBp2,MBp2,dopamine,0.7558043714521903,"acetylcholine; sNPF; acetylcholine, sNPF","Barnstedt et al. 2016 (immuno); Johard et al., 2008 (immuno); Aso et al. 2019 (scRNA-seq)",right,,fw022574,FBbt_00111061,,isomorphic,,,
81136605683186527,720575940620276801,153296.0,27440.0,4393.0,153296.0,27440.0,4393.0,6318172.0,intrinsic,central,Kenyon_Cell,KCab,11862.0,KCab,KCab-s,MBp3,MBp3,dopamine,0.5575924858462268,"acetylcholine; sNPF; acetylcholine, sNPF","Barnstedt et al. 2016 (immuno, RNAi); Johard et al. (immuno); Aso et al. 2019 (scRNA-seq)",right,,fw022584,FBbt_00100248,,isomorphic,,,
80573380784436050,720575940621658502,144800.0,23944.0,3662.0,144800.0,23944.0,3662.0,5591835.0,intrinsic,central,Kenyon_Cell,KCg,14292.0,KCg-m,KCg-m,MBp1,MBp1,dopamine,0.8099726138354358,"acetylcholine; sNPF; acetylcholine, sNPF","Barnstedt et al. 2016 (immuno); Johard et al., 2008 (immuno); Aso et al. 2019 (scRNA-seq)",right,,fw022588,FBbt_00111061,,isomorphic,,,
81629599276519649,720575940629236242,159664.0,34088.0,5032.0,159664.0,34088.0,5032.0,6748553.0,intrinsic,central,Kenyon_Cell,KCab,11862.0,KCab,KCab-c,MBp3,MBp3,dopamine,0.5875810801460694,"acetylcholine; sNPF; acetylcholine, sNPF","Barnstedt et al. 2016 (immuno, RNAi); Johard et al. (immuno); Aso et al. 2019 (scRNA-seq)",right,,fw022628,FBbt_00100248,,isomorphic,,,
81489548848632651,720575940628447491,158203.0,44342.0,3976.0,156512.0,40496.0,5190.0,6750337.0,intrinsic,central,Kenyon_Cell,KCg,14292.0,KCg-m,KCg-m,MBp2,MBp2,dopamine,0.8198694635212385,"acetylcholine; sNPF; acetylcholine, sNPF","Barnstedt et al. 2016 (immuno); Johard et al., 2008 (immuno); Aso et al. 2019 (scRNA-seq)",right,,fw022631,FBbt_00111061,,isomorphic,,,
81136605683368277,720575940621475085,153424.0,27568.0,4533.0,153424.0,27568.0,4533.0,6318278.0,intrinsic,central,Kenyon_Cell,KCab,11862.0,KCab,KCab-s,MBp3,MBp3,dopamine,0.6104297955410354,"acetylcholine; sNPF; acetylcholine, sNPF","Barnstedt et al. 2016 (immuno, RNAi); Johard et al. (immuno); Aso et al. 2019 (scRNA-seq)",right,,fw022648,FBbt_00100248,,isomorphic,,,
81067061706602573,720575940624375088,151552.0,39800.0,5180.0,151552.0,39800.0,5180.0,6354487.0,intrinsic,central,Kenyon_Cell,KCg,14292.0,KCg-m,KCg-m,MBp2,MBp2,dopamine,0.8167991625401164,"acetylcholine; sNPF; acetylcholine, sNPF","Barnstedt et al. 2016 (immuno); Johard et al., 2008 (immuno); Aso et al. 2019 (scRNA-seq)",right,,fw022655,FBbt_00111061,,isomorphic,,,
81277411957853647,720575940611579541,155016.0,29232.0,4758.0,155016.0,29232.0,4758.0,6319459.0,intrinsic,central,Kenyon_Cell,KCg,14292.0,KCg-m,KCg-m,MBp3,MBp3,dopamine,0.8271449747931089,"acetylcholine; sNPF; acetylcholine, sNPF","Barnstedt et al. 2016 (immuno); Johard et al., 2008 (immuno); Aso et al. 2019 (scRNA-seq)",right,,fw022660,FBbt_00111061,,isomorphic,,,
81348742640955751,720575940646602372,155647.0,43646.0,4102.0,157336.0,45912.0,4984.0,6823846.0,intrinsic,central,Kenyon_Cell,KCg,14292.0,KCg-m,KCg-m,MBp2,MBp2,dopamine,0.77290737337217,"acetylcholine; sNPF; acetylcholine, sNPF","Barnstedt et al. 2016 (immuno); Johard et al., 2008 (immuno); Aso et al. 2019 (scRNA-seq)",right,,fw022674,FBbt_00111061,,isomorphic,,,
80996486737303569,720575940638445894,150457.0,37103.0,4975.0,148640.0,33592.0,4865.0,6351823.0,intrinsic,central,Kenyon_Cell,KCg,14292.0,KCg-m,KCg-m,MBp2,MBp2,dopamine,0.7191478464100098,"acetylcholine; sNPF; acetylcholine, sNPF","Barnstedt et al. 2016 (immuno); Johard et al., 2008 (immuno); Aso et al. 2019 (scRNA-seq)",right,,fw022679,FBbt_00111061,,isomorphic,,,
80996486737306419,720575940622773784,150634.0,37258.0,4975.0,149816.0,34400.0,4949.0,6352091.0,intrinsic,central,Kenyon_Cell,KCg,14292.0,KCg-m,KCg-m,MBp2,MBp2,dopamine,0.813322743029777,"acetylcholine; sNPF; acetylcholine, sNPF","Barnstedt et al. 2016 (immuno); Johard et al., 2008 (immuno); Aso et al. 2019 (scRNA-seq)",right,,fw022701,FBbt_00111061,,isomorphic,,,
81136811908489512,720575940614862230,152896.0,30416.0,4745.0,152896.0,30416.0,4745.0,6317761.0,intrinsic,central,Kenyon_Cell,,17488.0,KCapbp-m,KCa'b'-m,MBp3,MBp3,dopamine,0.5609679533559419,acetylcholine; acetylcholine,"Barnstedt et al. 2016 (immuno, RNAi); Aso et al. 2019 (scRNA-seq)",right,,fw022708,FBbt:00100253,,isomorphic,,,
81630217617535741,720575940628917980,160318.0,43083.0,3977.0,171392.0,34840.0,4645.0,7076688.0,intrinsic,central,Kenyon_Cell,KCg,14292.0,KCg-m,KCg-m,MBp4,MBp4,dopamine,0.8431749274195774,"acetylcholine; sNPF; acetylcholine, sNPF","Barnstedt et al. 2016 (immuno); Johard et al., 2008 (immuno); Aso et al. 2019 (scRNA-seq)",right,,fw022712,FBbt_00111061,,isomorphic,,,
81348742640958614,720575940630063676,155823.0,43279.0,4103.0,152024.0,41832.0,5375.0,6374946.0,intrinsic,central,Kenyon_Cell,KCg,14292.0,KCg-m,KCg-m,MBp2,MBp2,dopamine,0.7323355438259438,"acetylcholine; sNPF; acetylcholine, sNPF","Barnstedt et al. 2016 (immuno); Johard et al., 2008 (immuno); Aso et al. 2019 (scRNA-seq)",right,,fw022733,FBbt_00111061,,isomorphic,,,
80996143072966528,720575940621359142,150547.0,31513.0,4571.0,150528.0,30696.0,4487.0,6315111.0,intrinsic,central,Kenyon_Cell,KCab,11862.0,KCab,KCab-m,MBp1,MBp1,dopamine,0.5908611147325167,"acetylcholine; sNPF; acetylcholine, sNPF","Barnstedt et al. 2016 (immuno, RNAi); Johard et al. (immuno); Aso et al. 2019 (scRNA-seq)",right,,fw022743,FBbt_00100248,,isomorphic,,,
81206974427024288,720575940607804939,154520.0,27392.0,4162.0,154520.0,27392.0,4162.0,6319093.0,intrinsic,central,Kenyon_Cell,KCab,11862.0,KCab,KCab-s,MBp3,MBp3,dopamine,0.595204647743063,"acetylcholine; sNPF; acetylcholine, sNPF","Barnstedt et al. 2016 (immuno, RNAi); Johard et al. (immuno); Aso et al. 2019 (scRNA-seq)",right,,fw022756,FBbt_00100248,,isomorphic,,,
81981992753127142,720575940610353381,165104.0,42208.0,4933.0,165104.0,42208.0,4933.0,7084313.0,intrinsic,central,Kenyon_Cell,KCg,19102.0,KCg-d,KCg-d,MBp3,MBp3,dopamine,0.5700488235210399,"acetylcholine; sNPF; acetylcholine, sNPF","Barnstedt et al. 2016 (immuno); Johard et al., 2008 (immuno); Aso et al. 2019 (scRNA-seq)",right,,fw022757,FBbt_00110932,,isomorphic,,,
81559848940244490,720575940652799649,159088.0,43133.0,4294.0,161888.0,30264.0,4398.0,6709597.0,intrinsic,central,Kenyon_Cell,KCg,14292.0,KCg-m,KCg-m,MBp4,MBp4,dopamine,0.786239687145,"acetylcholine; sNPF; acetylcholine, sNPF","Barnstedt et al. 2016 (immuno); Johard et al., 2008 (immuno); Aso et al. 2019 (scRNA-seq)",right,,fw022759,FBbt_00111061,,isomorphic,,,
81348742640958641,720575940614888854,155631.0,43316.0,4103.0,143752.0,26440.0,3900.0,5630358.0,intrinsic,central,Kenyon_Cell,KCg,14292.0,KCg-m,KCg-m,MBp1,MBp1,dopamine,0.6865360046390988,"acetylcholine; sNPF; acetylcholine, sNPF","Barnstedt et al. 2016 (immuno); Johard et al., 2008 (immuno); Aso et al. 2019 (scRNA-seq)",right,,fw022760,FBbt_00111061,,isomorphic,,,
81348673921258187,720575940617516760,156260.0,42000.0,3897.0,150344.0,28024.0,4540.0,6314939.0,intrinsic,central,Kenyon_Cell,KCab,11862.0,KCab,KCab-s,MBp1,MBp1,dopamine,0.6138160636686631,"acetylcholine; sNPF; acetylcholine, sNPF","Barnstedt et al. 2016 (immuno, RNAi); Johard et al. (immuno); Aso et al. 2019 (scRNA-seq)",right,,fw022776,FBbt_00100248,,isomorphic,,,
80573518223494503,720575940627112723,144608.0,25856.0,3732.0,144608.0,25856.0,3732.0,5630656.0,intrinsic,central,Kenyon_Cell,KCg,14292.0,KCg-m,KCg-m,MBp1,MBp1,dopamine,0.6615916056670744,"acetylcholine; sNPF; acetylcholine, sNPF","Barnstedt et al. 2016 (immuno); Johard et al., 2008 (immuno); Aso et al. 2019 (scRNA-seq)",right,,fw022777,FBbt_00111061,,isomorphic,,,
81489480196052690,720575940617438865,158557.0,43492.0,4293.0,157880.0,45200.0,4962.0,6824452.0,intrinsic,central,Kenyon_Cell,KCg,14292.0,KCg-m,KCg-m,MBp2,MBp2,dopamine,0.7625394359139847,"acetylcholine; sNPF; acetylcholine, sNPF","Barnstedt et al. 2016 (immuno); Johard et al., 2008 (immuno); Aso et al. 2019 (scRNA-seq)",right,,fw022783,FBbt_00111061,,isomorphic,,,
81348673921227930,720575940629133056,155700.0,41932.0,3896.0,152688.0,30320.0,4545.0,6317554.0,intrinsic,central,Kenyon_Cell,KCab,11862.0,KCab,KCab-m,MBp1,MBp1,dopamine,0.5630526828853945,"acetylcholine; sNPF; acetylcholine, sNPF","Barnstedt et al. 2016 (immuno, RNAi); Johard et al. (immuno); Aso et al. 2019 (scRNA-seq)",right,,fw022799,FBbt_00100248,,isomorphic,,,
81207661756034788,720575940623165737,153664.0,38208.0,5201.0,153664.0,38208.0,5201.0,6355947.0,intrinsic,central,Kenyon_Cell,,17488.0,KCapbp-m,KCa'b'-m,MBp2,MBp2,dopamine,0.406450830007668,acetylcholine; acetylcholine,"Barnstedt et al. 2016 (immuno, RNAi); Aso et al. 2019 (scRNA-seq)",right,,fw022800,FBbt:00100253,,isomorphic,,,
80432780668428340,720575940616702262,142448.0,25976.0,3510.0,142448.0,25976.0,3510.0,5629919.0,intrinsic,central,Kenyon_Cell,KCg,14292.0,KCg-m,KCg-m,MBp1,MBp1,dopamine,0.7726903341591864,"acetylcholine; sNPF; acetylcholine, sNPF","Barnstedt et al. 2016 (immuno); Johard et al., 2008 (immuno); Aso et al. 2019 (scRNA-seq)",right,,fw022802,FBbt_00111061,,isomorphic,,,
81489480196058054,720575940627931466,158170.0,43462.0,4294.0,154424.0,45624.0,5174.0,6376033.0,intrinsic,central,Kenyon_Cell,KCg,14292.0,KCg-m,KCg-m,MBp2,MBp2,dopamine,0.7524024611950663,"acetylcholine; sNPF; acetylcholine, sNPF","Barnstedt et al. 2016 (immuno); Johard et al., 2008 (immuno); Aso et al. 2019 (scRNA-seq)",right,,fw022805,FBbt_00111061,,isomorphic,,,
81558749428429077,720575940615323990,159448.0,26704.0,4148.0,159448.0,26704.0,4148.0,6698989.0,intrinsic,central,Kenyon_Cell,KCg,14292.0,KCg-m,KCg-m,MBp4,MBp4,dopamine,0.8235537862063457,"acetylcholine; sNPF; acetylcholine, sNPF","Barnstedt et al. 2016 (immuno); Johard et al., 2008 (immuno); Aso et al. 2019 (scRNA-seq)",right,,fw022806,FBbt_00111061,,isomorphic,,,
81066649322955535,720575940632617164,152048.0,33744.0,4902.0,152048.0,33744.0,4902.0,6352649.0,intrinsic,central,Kenyon_Cell,KCg,14292.0,KCg-m,KCg-m,MBp1,MBp1,dopamine,0.6905345886366112,"acetylcholine; sNPF; acetylcholine, sNPF","Barnstedt et al. 2016 (immuno); Johard et al., 2008 (immuno); Aso et al. 2019 (scRNA-seq)",right,,fw022815,FBbt_00111061,,isomorphic,,,
81630286337024686,720575940646697780,160047.0,43727.0,3976.0,161976.0,27928.0,4349.0,6709901.0,intrinsic,central,Kenyon_Cell,KCg,14292.0,KCg-m,KCg-m,MBp4,MBp4,dopamine,0.8058668068380219,"acetylcholine; sNPF; acetylcholine, sNPF","Barnstedt et al. 2016 (immuno); Johard et al., 2008 (immuno); Aso et al. 2019 (scRNA-seq)",right,,fw022821,FBbt_00111061,,isomorphic,,,
81348742641039164,720575940620754529,155784.0,43154.0,4103.0,150120.0,37464.0,5213.0,6353751.0,intrinsic,central,Kenyon_Cell,KCg,14292.0,KCg-m,KCg-m,MBp2,MBp2,dopamine,0.797700414895966,"acetylcholine; sNPF; acetylcholine, sNPF","Barnstedt et al. 2016 (immuno); Johard et al., 2008 (immuno); Aso et al. 2019 (scRNA-seq)",right,,fw022824,FBbt_00111061,,isomorphic,,,
80855130706656996,720575940614845802,149384.0,28224.0,4550.0,149384.0,28224.0,4550.0,6313688.0,intrinsic,central,Kenyon_Cell,KCg,14292.0,KCg-m,KCg-m,MBp1,MBp1,dopamine,0.758698356848883,"acetylcholine; sNPF; acetylcholine, sNPF","Barnstedt et al. 2016 (immuno); Johard et al., 2008 (immuno); Aso et al. 2019 (scRNA-seq)",right,,fw022834,FBbt_00111061,,isomorphic,,,
81136743122097093,720575940628787962,153168.0,29344.0,4373.0,153168.0,29344.0,4373.0,6318076.0,intrinsic,central,Kenyon_Cell,KCg,14292.0,KCg-m,KCg-m,MBp3,MBp3,dopamine,0.7341923613668035,"acetylcholine; sNPF; acetylcholine, sNPF","Barnstedt et al. 2016 (immuno); Johard et al., 2008 (immuno); Aso et al. 2019 (scRNA-seq)",right,,fw022840,FBbt_00111061,,isomorphic,,,
81277893061258541,720575940625300254,154864.0,36376.0,5189.0,154864.0,36376.0,5189.0,6356813.0,intrinsic,central,Kenyon_Cell,KCg,14292.0,KCg-m,KCg-m,MBp3,MBp3,dopamine,0.7456698648484812,"acetylcholine; sNPF; acetylcholine, sNPF","Barnstedt et al. 2016 (immuno); Johard et al., 2008 (immuno); Aso et al. 2019 (scRNA-seq)",right,,fw022845,FBbt_00111061,,isomorphic,,,
80995661969467281,720575940625564816,151256.0,25144.0,4007.0,151256.0,25144.0,4007.0,6309039.0,intrinsic,central,Kenyon_Cell,,17488.0,KCapbp-m,KCa'b'-m,MBp1,MBp1,dopamine,0.509993554140005,acetylcholine; acetylcholine,"Barnstedt et al. 2016 (immuno, RNAi); Aso et al. 2019 (scRNA-seq)",right,,fw022846,FBbt:00100253,,isomorphic,,,
80926117993136499,720575940621462797,150354.0,36899.0,4975.0,149416.0,34888.0,4888.0,6352019.0,intrinsic,central,Kenyon_Cell,KCg,14292.0,KCg-m,KCg-m,MBp2,MBp2,dopamine,0.7856928674860967,"acetylcholine; sNPF; acetylcholine, sNPF","Barnstedt et al. 2016 (immuno); Johard et al., 2008 (immuno); Aso et al. 2019 (scRNA-seq)",right,,fw022852,FBbt_00111061,,isomorphic,,,
80996486737294437,720575940631667937,150888.0,37476.0,4974.0,149568.0,35920.0,5062.0,6352043.0,intrinsic,central,Kenyon_Cell,KCg,14292.0,KCg-m,KCg-m,MBp2,MBp2,dopamine,0.7592353479883649,"acetylcholine; sNPF; acetylcholine, sNPF","Barnstedt et al. 2016 (immuno); Johard et al., 2008 (immuno); Aso et al. 2019 (scRNA-seq)",right,,fw022860,FBbt_00111061,,isomorphic,,,
81630286337014298,720575940622972686,159751.0,43902.0,3976.0,167736.0,35056.0,4787.0,7075534.0,intrinsic,central,Kenyon_Cell,KCg,14292.0,KCg-m,KCg-m,MBp4,MBp4,dopamine,0.8086278972827847,"acetylcholine; sNPF; acetylcholine, sNPF","Barnstedt et al. 2016 (immuno); Johard et al., 2008 (immuno); Aso et al. 2019 (scRNA-seq)",right,,fw022866,FBbt_00111061,,isomorphic,,,
81559848940234546,720575940610029432,159280.0,43127.0,4294.0,166904.0,33328.0,4736.0,7075208.0,intrinsic,central,Kenyon_Cell,KCg,14292.0,KCg-m,KCg-m,MBp4,MBp4,dopamine,0.6725492276133077,"acetylcholine; sNPF; acetylcholine, sNPF","Barnstedt et al. 2016 (immuno); Johard et al., 2008 (immuno); Aso et al. 2019 (scRNA-seq)",right,,fw022869,FBbt_00111061,,isomorphic,,,
81559780288132935,720575940631835673,159216.0,41600.0,4989.0,159216.0,41600.0,4989.0,6824825.0,intrinsic,central,Kenyon_Cell,KCab,11862.0,KCab,KCab-s,MBp2,MBp2,dopamine,0.5931666488478432,"acetylcholine; sNPF; acetylcholine, sNPF","Barnstedt et al. 2016 (immuno, RNAi); Johard et al. (immuno); Aso et al. 2019 (scRNA-seq)",right,,fw022873,FBbt_00100248,,isomorphic,,,
80996143072410771,720575940613773566,150624.0,32256.0,4167.0,150624.0,32256.0,4167.0,6315206.0,intrinsic,central,Kenyon_Cell,KCg,14292.0,KCg-m,KCg-m,MBp1,MBp1,dopamine,0.8273823673832565,"acetylcholine; sNPF; acetylcholine, sNPF","Barnstedt et al. 2016 (immuno); Johard et al., 2008 (immuno); Aso et al. 2019 (scRNA-seq)",right,,fw022879,FBbt_00111061,,isomorphic,,,
81278373896790422,720575940638964131,155549.0,42946.0,4102.0,146136.0,25000.0,3715.0,5631359.0,intrinsic,central,Kenyon_Cell,KCg,14292.0,KCg-m,KCg-m,MBp1,MBp1,dopamine,0.7595499292883644,"acetylcholine; sNPF; acetylcholine, sNPF","Barnstedt et al. 2016 (immuno); Johard et al., 2008 (immuno); Aso et al. 2019 (scRNA-seq)",right,,fw022883,FBbt_00111061,,isomorphic,,,
81278305177072576,720575940606968962,155079.0,42401.0,3897.0,149800.0,25912.0,3839.0,6308326.0,intrinsic,central,Kenyon_Cell,KCg,14292.0,KCg-m,KCg-m,MBp1,MBp1,dopamine,0.782041462739104,"acetylcholine; sNPF; acetylcholine, sNPF","Barnstedt et al. 2016 (immuno); Johard et al., 2008 (immuno); Aso et al. 2019 (scRNA-seq)",right,,fw022884,FBbt_00111061,,isomorphic,,,
81630217617528464,720575940607930716,159814.0,43471.0,3977.0,161312.0,26944.0,4268.0,6707143.0,intrinsic,central,Kenyon_Cell,KCg,14292.0,KCg-m,KCg-m,MBp4,MBp4,dopamine,0.7441670551400398,"acetylcholine; sNPF; acetylcholine, sNPF","Barnstedt et al. 2016 (immuno); Johard et al., 2008 (immuno); Aso et al. 2019 (scRNA-seq)",right,,fw022885,FBbt_00111061,,isomorphic,,,
81066443164095044,720575940631764281,151592.0,30520.0,4631.0,151592.0,30520.0,4631.0,6316102.0,intrinsic,central,Kenyon_Cell,KCg,14292.0,KCg-m,KCg-m,MBp1,MBp1,dopamine,0.7904894583715051,"acetylcholine; sNPF; acetylcholine, sNPF","Barnstedt et al. 2016 (immuno); Johard et al., 2008 (immuno); Aso et al. 2019 (scRNA-seq)",right,,fw022908,FBbt_00111061,,isomorphic,,,
81559848940248754,720575940632377375,158971.0,43376.0,4293.0,159040.0,35032.0,4998.0,6748484.0,intrinsic,central,Kenyon_Cell,KCg,14292.0,KCg-m,KCg-m,MBp4,MBp4,dopamine,0.777493204137553,"acetylcholine; sNPF; acetylcholine, sNPF","Barnstedt et al. 2016 (immuno); Johard et al., 2008 (immuno); Aso et al. 2019 (scRNA-seq)",right,,fw022912,FBbt_00111061,,isomorphic,,,
81348742640962359,720575940623985189,155579.0,43130.0,4102.0,153224.0,43048.0,5404.0,6375480.0,intrinsic,central,Kenyon_Cell,KCg,14292.0,KCg-m,KCg-m,MBp2,MBp2,dopamine,0.7671510919672208,"acetylcholine; sNPF; acetylcholine, sNPF","Barnstedt et al. 2016 (immuno); Johard et al., 2008 (immuno); Aso et al. 2019 (scRNA-seq)",right,,fw022914,FBbt_00111061,,isomorphic,,,
80996486737307651,720575940609179331,150536.0,37106.0,4974.0,148952.0,29800.0,4668.0,6312837.0,intrinsic,central,Kenyon_Cell,KCg,14292.0,KCg-m,KCg-m,MBp2,MBp2,dopamine,0.7221651678738938,"acetylcholine; sNPF; acetylcholine, sNPF","Barnstedt et al. 2016 (immuno); Johard et al., 2008 (immuno); Aso et al. 2019 (scRNA-seq)",right,,fw022916,FBbt_00111061,,isomorphic,,,
81348742640696848,720575940630436603,156395.0,42858.0,3897.0,148032.0,28800.0,3976.0,6307604.0,intrinsic,central,Kenyon_Cell,KCab,11862.0,KCab,KCab-s,MBp1,MBp1,dopamine,0.6289688890205092,"acetylcholine; sNPF; acetylcholine, sNPF","Barnstedt et al. 2016 (immuno, RNAi); Johard et al. (immuno); Aso et al. 2019 (scRNA-seq)",right,,fw022918,FBbt_00100248,,isomorphic,,,
81488518123386218,720575940637540952,158248.0,28640.0,4279.0,158248.0,28640.0,4279.0,6697334.0,intrinsic,central,Kenyon_Cell,KCg,19102.0,KCg-d,KCg-d,MBp3,MBp3,dopamine,0.6242649362979681,"acetylcholine; sNPF; acetylcholine, sNPF","Barnstedt et al. 2016 (immuno); Johard et al., 2008 (immuno); Aso et al. 2019 (scRNA-seq)",right,,fw022919,FBbt_00110932,,isomorphic,,,
80995730688834522,720575940634937951,151168.0,25424.0,3915.0,151168.0,25424.0,3915.0,6309030.0,intrinsic,central,Kenyon_Cell,KCg,14292.0,KCg-m,KCg-m,MBp1,MBp1,dopamine,0.7709964984658051,"acetylcholine; sNPF; acetylcholine, sNPF","Barnstedt et al. 2016 (immuno); Johard et al., 2008 (immuno); Aso et al. 2019 (scRNA-seq)",right,,fw022921,FBbt_00111061,,isomorphic,,,
81559917592820427,720575940611943976,158820.0,43969.0,3976.0,170576.0,31648.0,4390.0,7066909.0,intrinsic,central,Kenyon_Cell,KCg,14292.0,KCg-m,KCg-m,MBp4,MBp4,dopamine,0.7489340610861657,"acetylcholine; sNPF; acetylcholine, sNPF","Barnstedt et al. 2016 (immuno); Johard et al., 2008 (immuno); Aso et al. 2019 (scRNA-seq)",right,,fw022929,FBbt_00111061,,isomorphic,,,
81559848940225509,720575940637970665,159152.0,43547.0,4293.0,162008.0,42928.0,5204.0,6831421.0,intrinsic,central,Kenyon_Cell,KCg,14292.0,KCg-m,KCg-m,MBp2,MBp2,dopamine,0.7803301299820109,"acetylcholine; sNPF; acetylcholine, sNPF","Barnstedt et al. 2016 (immuno); Johard et al., 2008 (immuno); Aso et al. 2019 (scRNA-seq)",right,,fw022948,FBbt_00111061,,isomorphic,,,
81278373896800851,720575940625780648,155176.0,42632.0,4103.0,145496.0,27080.0,3752.0,5631015.0,intrinsic,central,Kenyon_Cell,KCg,14292.0,KCg-m,KCg-m,MBp1,MBp1,dopamine,0.7510981865361034,"acetylcholine; sNPF; acetylcholine, sNPF","Barnstedt et al. 2016 (immuno); Johard et al., 2008 (immuno); Aso et al. 2019 (scRNA-seq)",right,,fw022958,FBbt_00111061,,isomorphic,,,
81630286337005367,720575940612266213,160222.0,43707.0,3976.0,166168.0,37984.0,4878.0,7074916.0,intrinsic,central,Kenyon_Cell,KCg,14292.0,KCg-m,KCg-m,MBp4,MBp4,dopamine,0.7906618544316879,"acetylcholine; sNPF; acetylcholine, sNPF","Barnstedt et al. 2016 (immuno); Johard et al., 2008 (immuno); Aso et al. 2019 (scRNA-seq)",right,,fw022969,FBbt_00111061,,isomorphic,,,
82544186724890190,720575940624770574,172992.0,31296.0,4224.0,172992.0,31296.0,4224.0,7336530.0,intrinsic,central,Kenyon_Cell,KCg,14292.0,KCg-m,KCg-m,MBp4,MBp4,dopamine,0.8408897361396251,"acetylcholine; sNPF; acetylcholine, sNPF","Barnstedt et al. 2016 (immuno); Johard et al., 2008 (immuno); Aso et al. 2019 (scRNA-seq)",right,,fw022973,FBbt_00111061,,isomorphic,,,
81208005286752826,720575940621178206,154472.0,43248.0,5015.0,154472.0,43248.0,5015.0,6371198.0,intrinsic,central,Kenyon_Cell,KCab,11862.0,KCab,KCab-s,MBp2,MBp2,dopamine,0.658496482324985,"acetylcholine; sNPF; acetylcholine, sNPF","Barnstedt et al. 2016 (immuno, RNAi); Johard et al. (immuno); Aso et al. 2019 (scRNA-seq)",right,,fw022977,FBbt_00100248,,isomorphic,,,
81699761861759085,720575940613501855,161592.0,30792.0,4635.0,161592.0,30792.0,4635.0,6708468.0,intrinsic,central,Kenyon_Cell,KCab,11862.0,KCab,KCab-s,MBp4,MBp4,dopamine,0.5984482109763476,"acetylcholine; sNPF; acetylcholine, sNPF","Barnstedt et al. 2016 (immuno, RNAi); Johard et al. (immuno); Aso et al. 2019 (scRNA-seq)",right,,fw022978,FBbt_00100248,,isomorphic,,,
80644093126355449,720575940615101452,145560.0,28824.0,3946.0,145560.0,28824.0,3946.0,5631083.0,intrinsic,central,Kenyon_Cell,KCg,14292.0,KCg-m,KCg-m,MBp1,MBp1,dopamine,0.7696887347869339,"acetylcholine; sNPF; acetylcholine, sNPF","Barnstedt et al. 2016 (immuno); Johard et al., 2008 (immuno); Aso et al. 2019 (scRNA-seq)",right,,fw022980,FBbt_00111061,,isomorphic,,,
82192549163001003,720575940628975482,168416.0,33512.0,4619.0,168416.0,33512.0,4619.0,7075886.0,intrinsic,central,Kenyon_Cell,KCg,14292.0,KCg-m,KCg-m,MBp4,MBp4,dopamine,0.7562336130297412,"acetylcholine; sNPF; acetylcholine, sNPF","Barnstedt et al. 2016 (immuno); Johard et al., 2008 (immuno); Aso et al. 2019 (scRNA-seq)",right,,fw022981,FBbt_00111061,,isomorphic,,,
81208142792398705,720575940625507888,154408.0,44712.0,5215.0,154408.0,44712.0,5215.0,6376020.0,intrinsic,central,Kenyon_Cell,,17488.0,KCapbp-ap1,KCa'b'-ap1,MBp2,MBp2,dopamine,0.526182040298242,acetylcholine; acetylcholine,"Barnstedt et al. 2016 (immuno, RNAi); Aso et al. 2019 (scRNA-seq)",right,,fw022991,FBbt:00049836,,isomorphic,,,
81630286337015319,720575940628350211,160310.0,43690.0,3976.0,159912.0,28040.0,4273.0,6700025.0,intrinsic,central,Kenyon_Cell,KCg,19102.0,KCg-d,KCg-d,MBp4,MBp4,dopamine,0.5972918364389745,"acetylcholine; sNPF; acetylcholine, sNPF","Barnstedt et al. 2016 (immuno); Johard et al., 2008 (immuno); Aso et al. 2019 (scRNA-seq)",right,,fw023013,FBbt_00110932,,isomorphic,,,
80995936914146857,720575940629222759,151232.0,28352.0,4278.0,151232.0,28352.0,4278.0,6315704.0,intrinsic,central,Kenyon_Cell,KCg,14292.0,KCg-m,KCg-m,MBp1,MBp1,dopamine,0.7726006497618978,"acetylcholine; sNPF; acetylcholine, sNPF","Barnstedt et al. 2016 (immuno); Johard et al., 2008 (immuno); Aso et al. 2019 (scRNA-seq)",right,,fw023016,FBbt_00111061,,isomorphic,,,
81699693075446801,720575940628353244,161232.0,30224.0,4309.0,161232.0,30224.0,4309.0,6706401.0,intrinsic,central,Kenyon_Cell,KCg,14292.0,KCg-m,KCg-m,MBp4,MBp4,dopamine,0.8052087586181468,"acetylcholine; sNPF; acetylcholine, sNPF","Barnstedt et al. 2016 (immuno); Johard et al., 2008 (immuno); Aso et al. 2019 (scRNA-seq)",right,,fw023023,FBbt_00111061,,isomorphic,,,
80573793101682892,720575940637835839,145032.0,29568.0,3957.0,145032.0,29568.0,3957.0,5630844.0,intrinsic,central,Kenyon_Cell,KCg,14292.0,KCg-m,KCg-m,MBp1,MBp1,dopamine,0.7835106476870722,"acetylcholine; sNPF; acetylcholine, sNPF","Barnstedt et al. 2016 (immuno); Johard et al., 2008 (immuno); Aso et al. 2019 (scRNA-seq)",right,,fw023027,FBbt_00111061,,isomorphic,,,
81630286337004179,720575940629632894,160120.0,43916.0,3976.0,160640.0,28856.0,4341.0,6702251.0,intrinsic,central,Kenyon_Cell,KCg,14292.0,KCg-m,KCg-m,MBp4,MBp4,dopamine,0.7906368505917896,"acetylcholine; sNPF; acetylcholine, sNPF","Barnstedt et al. 2016 (immuno); Johard et al., 2008 (immuno); Aso et al. 2019 (scRNA-seq)",right,,fw023028,FBbt_00111061,,isomorphic,,,
81278373896791689,720575940628375255,155150.0,42902.0,4102.0,152672.0,44944.0,4994.0,6370899.0,intrinsic,central,Kenyon_Cell,KCg,14292.0,KCg-m,KCg-m,MBp2,MBp2,dopamine,0.7242895042774927,"acetylcholine; sNPF; acetylcholine, sNPF","Barnstedt et al. 2016 (immuno); Johard et al., 2008 (immuno); Aso et al. 2019 (scRNA-seq)",right,,fw023032,FBbt_00111061,,isomorphic,,,
81558818148049630,720575940612178418,158944.0,27776.0,4249.0,158944.0,27776.0,4249.0,6698360.0,intrinsic,central,Kenyon_Cell,KCg,14292.0,KCg-m,KCg-m,MBp3,MBp3,dopamine,0.7480843302560559,"acetylcholine; sNPF; acetylcholine, sNPF","Barnstedt et al. 2016 (immuno); Johard et al., 2008 (immuno); Aso et al. 2019 (scRNA-seq)",right,,fw023043,FBbt_00111061,,isomorphic,,,
81418218098578901,720575940640646864,156760.0,30112.0,4208.0,156760.0,30112.0,4208.0,6695260.0,intrinsic,central,Kenyon_Cell,KCg,14292.0,KCg-m,KCg-m,MBp3,MBp3,dopamine,0.7400843627790473,"acetylcholine; sNPF; acetylcholine, sNPF","Barnstedt et al. 2016 (immuno); Johard et al., 2008 (immuno); Aso et al. 2019 (scRNA-seq)",right,,fw023052,FBbt_00111061,,isomorphic,,,
81981236771606699,720575940652809377,164807.0,31201.0,4294.0,165400.0,30192.0,4203.0,7062308.0,intrinsic,central,Kenyon_Cell,KCab,11862.0,KCab,KCab-s,MBp4,MBp4,dopamine,0.6084590171528854,"acetylcholine; sNPF; acetylcholine, sNPF","Barnstedt et al. 2016 (immuno, RNAi); Johard et al. (immuno); Aso et al. 2019 (scRNA-seq)",right,,fw023056,FBbt_00100248,,isomorphic,,,
81206974427414602,720575940623369412,153904.0,27872.0,4436.0,153904.0,27872.0,4436.0,6318631.0,intrinsic,central,Kenyon_Cell,KCg,14292.0,KCg-m,KCg-m,MBp3,MBp3,dopamine,0.7843429039497601,"acetylcholine; sNPF; acetylcholine, sNPF","Barnstedt et al. 2016 (immuno); Johard et al., 2008 (immuno); Aso et al. 2019 (scRNA-seq)",right,,fw023066,FBbt_00111061,,isomorphic,,,
81348742640940419,720575940619668053,155892.0,43565.0,4102.0,150880.0,37368.0,5072.0,6352394.0,intrinsic,central,Kenyon_Cell,KCg,14292.0,KCg-m,KCg-m,MBp2,MBp2,dopamine,0.7599675842366768,"acetylcholine; sNPF; acetylcholine, sNPF","Barnstedt et al. 2016 (immuno); Johard et al., 2008 (immuno); Aso et al. 2019 (scRNA-seq)",right,,fw023067,FBbt_00111061,,isomorphic,,,
81278305177074691,720575940621688926,155290.0,41948.0,3896.0,150856.0,27848.0,4388.0,6315332.0,intrinsic,central,Kenyon_Cell,KCg,14292.0,KCg-m,KCg-m,MBp1,MBp1,dopamine,0.8053602582302642,"acetylcholine; sNPF; acetylcholine, sNPF","Barnstedt et al. 2016 (immuno); Johard et al., 2008 (immuno); Aso et al. 2019 (scRNA-seq)",right,,fw023068,FBbt_00111061,,isomorphic,,,
80503424357473497,720575940645248878,143864.0,29768.0,3920.0,143864.0,29768.0,3920.0,5630399.0,intrinsic,central,Kenyon_Cell,KCg,14292.0,KCg-m,KCg-m,MBp1,MBp1,dopamine,0.7451535937175949,"acetylcholine; sNPF; acetylcholine, sNPF","Barnstedt et al. 2016 (immuno); Johard et al., 2008 (immuno); Aso et al. 2019 (scRNA-seq)",right,,fw023078,FBbt_00111061,,isomorphic,,,
82262711748202640,720575940623521806,169512.0,31072.0,4204.0,169512.0,31072.0,4204.0,7066569.0,intrinsic,central,Kenyon_Cell,KCab,11862.0,KCab,KCab-s,MBp4,MBp4,dopamine,0.6003399754792889,"acetylcholine; sNPF; acetylcholine, sNPF","Barnstedt et al. 2016 (immuno, RNAi); Johard et al. (immuno); Aso et al. 2019 (scRNA-seq)",right,,fw023084,FBbt_00100248,,isomorphic,,,
81419180104426967,720575940638903248,157613.0,44560.0,3976.0,153392.0,43736.0,4991.0,6371045.0,intrinsic,central,Kenyon_Cell,KCg,14292.0,KCg-m,KCg-m,MBp2,MBp2,dopamine,0.8490032158170862,"acetylcholine; sNPF; acetylcholine, sNPF","Barnstedt et al. 2016 (immuno); Johard et al., 2008 (immuno); Aso et al. 2019 (scRNA-seq)",right,,fw023085,FBbt_00111061,,isomorphic,,,
81630217684394670,720575940622621164,159904.0,43631.0,4293.0,158112.0,30416.0,4279.0,6697085.0,intrinsic,central,Kenyon_Cell,KCg,19102.0,KCg-d,KCg-d,MBp4,MBp4,dopamine,0.6424157753795147,"acetylcholine; sNPF; acetylcholine, sNPF","Barnstedt et al. 2016 (immuno); Johard et al., 2008 (immuno); Aso et al. 2019 (scRNA-seq)",right,,fw023087,FBbt_00110932,,isomorphic,,,
81630286337043170,720575940617672139,160178.0,43956.0,3976.0,160296.0,28952.0,4241.0,6700719.0,intrinsic,central,Kenyon_Cell,KCg,19102.0,KCg-d,KCg-d,MBp4,MBp4,dopamine,0.6267339100043143,"acetylcholine; sNPF; acetylcholine, sNPF","Barnstedt et al. 2016 (immuno); Johard et al., 2008 (immuno); Aso et al. 2019 (scRNA-seq)",right,,fw023104,FBbt_00110932,,isomorphic,,,
81559848940225099,720575940610206387,158811.0,42902.0,4293.0,169744.0,30560.0,4297.0,7066647.0,intrinsic,central,Kenyon_Cell,KCg,14292.0,KCg-m,KCg-m,MBp4,MBp4,dopamine,0.7748089446459033,"acetylcholine; sNPF; acetylcholine, sNPF","Barnstedt et al. 2016 (immuno); Johard et al., 2008 (immuno); Aso et al. 2019 (scRNA-seq)",right,,fw023105,FBbt_00111061,,isomorphic,,,
81418905360990148,720575940618036509,157548.0,40270.0,5132.0,159464.0,41744.0,5217.0,6827491.0,intrinsic,central,Kenyon_Cell,,17488.0,KCapbp-ap2,KCa'b'-ap2,MBp2,MBp2,dopamine,0.5465732672262114,acetylcholine; acetylcholine,"Barnstedt et al. 2016 (immuno, RNAi); Aso et al. 2019 (scRNA-seq)",right,,fw023106,FBbt:00049837,,isomorphic,,,
81630217617534907,720575940627264488,159970.0,43553.0,3976.0,160520.0,29632.0,4306.0,6701631.0,intrinsic,central,Kenyon_Cell,KCg,14292.0,KCg-m,KCg-m,MBp4,MBp4,dopamine,0.7884513948543367,"acetylcholine; sNPF; acetylcholine, sNPF","Barnstedt et al. 2016 (immuno); Johard et al., 2008 (immuno); Aso et al. 2019 (scRNA-seq)",right,,fw023111,FBbt_00111061,,isomorphic,,,
81559848940236801,720575940605184102,158887.0,42920.0,4294.0,171064.0,29784.0,4192.0,7067063.0,intrinsic,central,Kenyon_Cell,KCg,14292.0,KCg-m,KCg-m,MBp4,MBp4,dopamine,0.7912171763370576,"acetylcholine; sNPF; acetylcholine, sNPF","Barnstedt et al. 2016 (immuno); Johard et al., 2008 (immuno); Aso et al. 2019 (scRNA-seq)",right,,fw023112,FBbt_00111061,,isomorphic,,,
80644093193402067,720575940625646876,145888.0,28632.0,4387.0,145888.0,28632.0,4387.0,5640800.0,intrinsic,central,Kenyon_Cell,KCg,14292.0,KCg-m,KCg-m,MBp1,MBp1,dopamine,0.7789204543230639,"acetylcholine; sNPF; acetylcholine, sNPF","Barnstedt et al. 2016 (immuno); Johard et al., 2008 (immuno); Aso et al. 2019 (scRNA-seq)",right,,fw023113,FBbt_00111061,,isomorphic,,,
81348742640713340,720575940623356493,155939.0,42643.0,3896.0,149112.0,29616.0,4368.0,6313244.0,intrinsic,central,Kenyon_Cell,KCab,11862.0,KCab,KCab-c,MBp1,MBp1,dopamine,0.6164345797407468,"acetylcholine; sNPF; acetylcholine, sNPF","Barnstedt et al. 2016 (immuno, RNAi); Johard et al. (immuno); Aso et al. 2019 (scRNA-seq)",right,,fw023132,FBbt_00100248,,isomorphic,,,
81418011940343023,720575940627700484,157552.0,26872.0,4341.0,157552.0,26872.0,4341.0,6696390.0,intrinsic,central,Kenyon_Cell,,17488.0,KCapbp-m,KCa'b'-m,MBp3,MBp3,dopamine,0.5432042578849061,acetylcholine; acetylcholine,"Barnstedt et al. 2016 (immuno, RNAi); Aso et al. 2019 (scRNA-seq)",right,,fw023138,FBbt:00100253,,isomorphic,,,
81489480196041587,720575940628887887,158633.0,42997.0,4293.0,154680.0,30600.0,4508.0,6319229.0,intrinsic,central,Kenyon_Cell,KCg,14292.0,KCg-m,KCg-m,MBp3,MBp3,dopamine,0.8487152009457998,"acetylcholine; sNPF; acetylcholine, sNPF","Barnstedt et al. 2016 (immuno); Johard et al., 2008 (immuno); Aso et al. 2019 (scRNA-seq)",right,,fw023151,FBbt_00111061,,isomorphic,,,
81066236939050446,720575940640292571,152352.0,27368.0,4423.0,152352.0,27368.0,4423.0,6317108.0,intrinsic,central,Kenyon_Cell,KCab,11862.0,KCab,KCab-s,MBp3,MBp3,dopamine,0.631273306516109,"acetylcholine; sNPF; acetylcholine, sNPF","Barnstedt et al. 2016 (immuno, RNAi); Johard et al. (immuno); Aso et al. 2019 (scRNA-seq)",right,,fw023162,FBbt_00100248,,isomorphic,,,
81067405303963810,720575940628735275,151960.0,44936.0,5165.0,151960.0,44936.0,5165.0,6374912.0,intrinsic,central,Kenyon_Cell,KCg,14292.0,KCg-m,KCg-m,MBp2,MBp2,dopamine,0.7603282219068209,"acetylcholine; sNPF; acetylcholine, sNPF","Barnstedt et al. 2016 (immuno); Johard et al., 2008 (immuno); Aso et al. 2019 (scRNA-seq)",right,,fw023164,FBbt_00111061,,isomorphic,,,
81278305177053537,720575940637774426,155288.0,41719.0,3897.0,158912.0,45832.0,5033.0,6824754.0,intrinsic,central,Kenyon_Cell,KCg,14292.0,KCg-m,KCg-m,MBp2,MBp2,dopamine,0.7390222815454887,"acetylcholine; sNPF; acetylcholine, sNPF","Barnstedt et al. 2016 (immuno); Johard et al., 2008 (immuno); Aso et al. 2019 (scRNA-seq)",right,,fw023165,FBbt_00111061,,isomorphic,,,
80925774328807328,720575940612572670,149947.0,32122.0,4571.0,150848.0,30648.0,4244.0,6315333.0,intrinsic,central,Kenyon_Cell,KCab,11862.0,KCab,KCab-s,MBp1,MBp1,dopamine,0.6562663963685712,"acetylcholine; sNPF; acetylcholine, sNPF","Barnstedt et al. 2016 (immuno, RNAi); Johard et al. (immuno); Aso et al. 2019 (scRNA-seq)",right,,fw023169,FBbt_00100248,,isomorphic,,,
81559917592803991,720575940616189509,159569.0,43771.0,3976.0,162888.0,29648.0,4394.0,6712381.0,intrinsic,central,Kenyon_Cell,KCg,14292.0,KCg-m,KCg-m,MBp4,MBp4,dopamine,0.790808967356676,"acetylcholine; sNPF; acetylcholine, sNPF","Barnstedt et al. 2016 (immuno); Johard et al., 2008 (immuno); Aso et al. 2019 (scRNA-seq)",right,,fw023171,FBbt_00111061,,isomorphic,,,
81630217684404584,720575940622162505,159822.0,43303.0,4294.0,168008.0,33736.0,4772.0,7075687.0,intrinsic,central,Kenyon_Cell,KCg,14292.0,KCg-m,KCg-m,MBp4,MBp4,dopamine,0.8027481183929027,"acetylcholine; sNPF; acetylcholine, sNPF","Barnstedt et al. 2016 (immuno); Johard et al., 2008 (immuno); Aso et al. 2019 (scRNA-seq)",right,,fw023174,FBbt_00111061,,isomorphic,,,
81769855661035909,720575940620741485,162160.0,26264.0,4195.0,162160.0,26264.0,4195.0,6710512.0,intrinsic,central,Kenyon_Cell,KCg,14292.0,KCg-m,KCg-m,MBp4,MBp4,dopamine,0.7234695554358123,"acetylcholine; sNPF; acetylcholine, sNPF","Barnstedt et al. 2016 (immuno); Johard et al., 2008 (immuno); Aso et al. 2019 (scRNA-seq)",right,,fw023175,FBbt_00111061,,isomorphic,,,
80925499383625021,720575940621010804,150328.0,27864.0,3941.0,150328.0,27864.0,3941.0,6308602.0,intrinsic,central,Kenyon_Cell,KCg,14292.0,KCg-m,KCg-m,MBp1,MBp1,dopamine,0.748735356861748,"acetylcholine; sNPF; acetylcholine, sNPF","Barnstedt et al. 2016 (immuno); Johard et al., 2008 (immuno); Aso et al. 2019 (scRNA-seq)",right,,fw023179,FBbt_00111061,,isomorphic,,,
80503149479187895,720575940628398295,143992.0,25960.0,3649.0,143992.0,25960.0,3649.0,5630436.0,intrinsic,central,Kenyon_Cell,KCg,14292.0,KCg-m,KCg-m,MBp1,MBp1,dopamine,0.8094796428957007,"acetylcholine; sNPF; acetylcholine, sNPF","Barnstedt et al. 2016 (immuno); Johard et al., 2008 (immuno); Aso et al. 2019 (scRNA-seq)",right,,fw023181,FBbt_00111061,,isomorphic,,,
80996143072965105,720575940635883748,151147.0,31813.0,4572.0,150392.0,32104.0,4774.0,6314985.0,intrinsic,central,Kenyon_Cell,,17488.0,KCapbp-ap2,KCa'b'-ap2,MBp1,MBp1,dopamine,0.5346459253708048,acetylcholine; acetylcholine,"Barnstedt et al. 2016 (immuno, RNAi); Aso et al. 2019 (scRNA-seq)",right,,fw023185,FBbt:00049837,,isomorphic,,,
81559848940235977,720575940619794512,159573.0,43452.0,4294.0,167080.0,33656.0,4810.0,7075262.0,intrinsic,central,Kenyon_Cell,KCg,14292.0,KCg-m,KCg-m,MBp4,MBp4,dopamine,0.8143031362115649,"acetylcholine; sNPF; acetylcholine, sNPF","Barnstedt et al. 2016 (immuno); Johard et al., 2008 (immuno); Aso et al. 2019 (scRNA-seq)",right,,fw023194,FBbt_00111061,,isomorphic,,,
81629255678601990,720575940622558941,160680.0,28728.0,4656.0,160680.0,28728.0,4656.0,6702415.0,intrinsic,central,Kenyon_Cell,KCg,14292.0,KCg-m,KCg-m,MBp3,MBp3,dopamine,0.7989277457218598,"acetylcholine; sNPF; acetylcholine, sNPF","Barnstedt et al. 2016 (immuno); Johard et al., 2008 (immuno); Aso et al. 2019 (scRNA-seq)",right,,fw023197,FBbt_00111061,,isomorphic,,,
82121974326815451,720575940615481489,166968.0,31064.0,4632.0,166968.0,31064.0,4632.0,7064012.0,intrinsic,central,Kenyon_Cell,KCab,11862.0,KCab,KCab-s,MBp4,MBp4,dopamine,0.5998217022292821,"acetylcholine; sNPF; acetylcholine, sNPF","Barnstedt et al. 2016 (immuno, RNAi); Johard et al. (immuno); Aso et al. 2019 (scRNA-seq)",right,,fw023202,FBbt_00100248,,isomorphic,,,
81278373896814439,720575940624516339,155512.0,42853.0,4102.0,144208.0,25128.0,3712.0,5630516.0,intrinsic,central,Kenyon_Cell,KCg,14292.0,KCg-m,KCg-m,MBp1,MBp1,dopamine,0.7172684099440492,"acetylcholine; sNPF; acetylcholine, sNPF","Barnstedt et al. 2016 (immuno); Johard et al., 2008 (immuno); Aso et al. 2019 (scRNA-seq)",right,,fw023210,FBbt_00111061,,isomorphic,,,
81207455531010811,720575940615816754,153744.0,34440.0,5060.0,153744.0,34440.0,5060.0,6352837.0,intrinsic,central,Kenyon_Cell,KCg,14292.0,KCg-m,KCg-m,MBp3,MBp3,dopamine,0.8245388656451152,"acetylcholine; sNPF; acetylcholine, sNPF","Barnstedt et al. 2016 (immuno); Johard et al., 2008 (immuno); Aso et al. 2019 (scRNA-seq)",right,,fw023218,FBbt_00111061,,isomorphic,,,
81559848940235809,720575940605083838,159153.0,43170.0,4293.0,156256.0,38312.0,5265.0,6750029.0,intrinsic,central,Kenyon_Cell,KCg,14292.0,KCg-m,KCg-m,MBp3,MBp3,dopamine,0.7158686059511148,"acetylcholine; sNPF; acetylcholine, sNPF","Barnstedt et al. 2016 (immuno); Johard et al., 2008 (immuno); Aso et al. 2019 (scRNA-seq)",right,,fw023228,FBbt_00111061,,isomorphic,,,
81067061706798444,720575940618334145,152456.0,39576.0,5318.0,152456.0,39576.0,5318.0,6355060.0,intrinsic,central,Kenyon_Cell,KCab,11862.0,KCab,KCab-s,MBp2,MBp2,dopamine,0.6579888729622526,"acetylcholine; sNPF; acetylcholine, sNPF","Barnstedt et al. 2016 (immuno, RNAi); Johard et al. (immuno); Aso et al. 2019 (scRNA-seq)",right,,fw023231,FBbt_00100248,,isomorphic,,,
81981236771568035,720575940620816961,165064.0,30448.0,4267.0,165064.0,30448.0,4267.0,7061667.0,intrinsic,central,Kenyon_Cell,KCab,11862.0,KCab,KCab-s,MBp4,MBp4,dopamine,0.6184778756528834,"acetylcholine; sNPF; acetylcholine, sNPF","Barnstedt et al. 2016 (immuno, RNAi); Johard et al. (immuno); Aso et al. 2019 (scRNA-seq)",right,,fw023232,FBbt_00100248,,isomorphic,,,
81559780086928260,720575940630269404,158974.0,42008.0,3594.0,159160.0,37104.0,5185.0,6775058.0,intrinsic,central,Kenyon_Cell,KCg,14292.0,KCg-m,KCg-m,MBp3,MBp3,dopamine,0.775489407685529,"acetylcholine; sNPF; acetylcholine, sNPF","Barnstedt et al. 2016 (immuno); Johard et al., 2008 (immuno); Aso et al. 2019 (scRNA-seq)",right,,fw023237,FBbt_00111061,,isomorphic,,,
81770199325576063,720575940620176237,162120.0,31552.0,4757.0,162120.0,31552.0,4757.0,6710454.0,intrinsic,central,Kenyon_Cell,KCg,14292.0,KCg-m,KCg-m,MBp3,MBp3,dopamine,0.7414389955216247,"acetylcholine; sNPF; acetylcholine, sNPF","Barnstedt et al. 2016 (immuno); Johard et al., 2008 (immuno); Aso et al. 2019 (scRNA-seq)",right,,fw023251,FBbt_00111061,,isomorphic,,,
81278305177086461,720575940637726180,155431.0,42191.0,3897.0,145960.0,26400.0,3989.0,5631289.0,intrinsic,central,Kenyon_Cell,,17488.0,KCapbp-m,KCa'b'-m,MBp1,MBp1,dopamine,0.4835684203091732,acetylcholine; acetylcholine,"Barnstedt et al. 2016 (immuno, RNAi); Aso et al. 2019 (scRNA-seq)",right,,fw023252,FBbt:00100253,,isomorphic,,,
80855130706350768,720575940627450385,149312.0,27640.0,4313.0,149312.0,27640.0,4313.0,6313597.0,intrinsic,central,Kenyon_Cell,KCg,14292.0,KCg-m,KCg-m,MBp1,MBp1,dopamine,0.7866609533813551,"acetylcholine; sNPF; acetylcholine, sNPF","Barnstedt et al. 2016 (immuno); Johard et al., 2008 (immuno); Aso et al. 2019 (scRNA-seq)",right,,fw023253,FBbt_00111061,,isomorphic,,,
81630148898085459,720575940627493141,159738.0,41741.0,3993.0,160016.0,39448.0,5213.0,6787891.0,intrinsic,central,Kenyon_Cell,KCg,14292.0,KCg-m,KCg-m,MBp3,MBp3,dopamine,0.7170741973387238,"acetylcholine; sNPF; acetylcholine, sNPF","Barnstedt et al. 2016 (immuno); Johard et al., 2008 (immuno); Aso et al. 2019 (scRNA-seq)",right,,fw023255,FBbt_00111061,,isomorphic,,,
81770130605970516,720575940626220830,162152.0,30352.0,4660.0,162152.0,30352.0,4660.0,6710478.0,intrinsic,central,Kenyon_Cell,KCg,14292.0,KCg-m,KCg-m,MBp3,MBp3,dopamine,0.8121911599075058,"acetylcholine; sNPF; acetylcholine, sNPF","Barnstedt et al. 2016 (immuno); Johard et al., 2008 (immuno); Aso et al. 2019 (scRNA-seq)",right,,fw023273,FBbt_00111061,,isomorphic,,,
81419180104625632,720575940626284157,156862.0,44041.0,4102.0,153512.0,45240.0,5315.0,6375657.0,intrinsic,central,Kenyon_Cell,KCg,14292.0,KCg-m,KCg-m,MBp2,MBp2,dopamine,0.7960570145761934,"acetylcholine; sNPF; acetylcholine, sNPF","Barnstedt et al. 2016 (immuno); Johard et al., 2008 (immuno); Aso et al. 2019 (scRNA-seq)",right,,fw023279,FBbt_00111061,,isomorphic,,,
81418149379025257,720575940621554815,156696.0,28992.0,4152.0,156696.0,28992.0,4152.0,6695089.0,intrinsic,central,Kenyon_Cell,,17488.0,KCapbp-ap1,KCa'b'-ap1,MBp3,MBp3,dopamine,0.4713892745136632,acetylcholine; acetylcholine,"Barnstedt et al. 2016 (immuno, RNAi); Aso et al. 2019 (scRNA-seq)",right,,fw023284,FBbt:00049836,,isomorphic,,,
80714324431634110,720575940613776543,146664.0,26952.0,3960.0,146664.0,26952.0,3960.0,5631580.0,intrinsic,central,Kenyon_Cell,,17488.0,KCapbp-ap1,KCa'b'-ap1,MBp1,MBp1,dopamine,0.5542471758787645,acetylcholine; acetylcholine,"Barnstedt et al. 2016 (immuno, RNAi); Aso et al. 2019 (scRNA-seq)",right,,fw023292,FBbt:00049836,,isomorphic,,,
81348742640711465,720575940624647299,156190.0,42981.0,3896.0,151160.0,29136.0,4486.0,6315611.0,intrinsic,central,Kenyon_Cell,KCab,11862.0,KCab,KCab-s,MBp1,MBp1,dopamine,0.6078038637324188,"acetylcholine; sNPF; acetylcholine, sNPF","Barnstedt et al. 2016 (immuno, RNAi); Johard et al. (immuno); Aso et al. 2019 (scRNA-seq)",right,,fw023299,FBbt_00100248,,isomorphic,,,
81559848940234603,720575940630432932,158731.0,43178.0,4294.0,154000.0,30392.0,4386.0,6318708.0,intrinsic,central,Kenyon_Cell,KCg,14292.0,KCg-m,KCg-m,MBp3,MBp3,dopamine,0.7792070208908938,"acetylcholine; sNPF; acetylcholine, sNPF","Barnstedt et al. 2016 (immuno); Johard et al., 2008 (immuno); Aso et al. 2019 (scRNA-seq)",right,,fw023301,FBbt_00111061,,isomorphic,,,
81489480196068644,720575940636291429,158519.0,42856.0,4293.0,160016.0,27816.0,4399.0,6700179.0,intrinsic,central,Kenyon_Cell,KCg,14292.0,KCg-m,KCg-m,MBp3,MBp3,dopamine,0.7770199140188904,"acetylcholine; sNPF; acetylcholine, sNPF","Barnstedt et al. 2016 (immuno); Johard et al., 2008 (immuno); Aso et al. 2019 (scRNA-seq)",right,,fw023305,FBbt_00111061,,isomorphic,,,
81910868027481752,720575940617926198,164568.0,30464.0,4335.0,164568.0,30464.0,4335.0,7059670.0,intrinsic,central,Kenyon_Cell,KCab,11862.0,KCab,KCab-s,MBp4,MBp4,dopamine,0.5486073377358924,"acetylcholine; sNPF; acetylcholine, sNPF","Barnstedt et al. 2016 (immuno, RNAi); Johard et al. (immuno); Aso et al. 2019 (scRNA-seq)",right,,fw023313,FBbt_00100248,,isomorphic,,,
81136536963640568,720575940629973753,152864.0,26848.0,4356.0,152864.0,26848.0,4356.0,6317739.0,intrinsic,central,Kenyon_Cell,,17488.0,KCapbp-m,KCa'b'-m,MBp3,MBp3,dopamine,0.5069936788244738,acetylcholine; acetylcholine,"Barnstedt et al. 2016 (immuno, RNAi); Aso et al. 2019 (scRNA-seq)",right,,fw023315,FBbt:00100253,,isomorphic,,,
81348673921237457,720575940615728102,155678.0,42031.0,3897.0,151504.0,30592.0,4379.0,6315955.0,intrinsic,central,Kenyon_Cell,KCab,11862.0,KCab,KCab-m,MBp1,MBp1,dopamine,0.6078983111419893,"acetylcholine; sNPF; acetylcholine, sNPF","Barnstedt et al. 2016 (immuno, RNAi); Johard et al. (immuno); Aso et al. 2019 (scRNA-seq)",right,,fw023342,FBbt_00100248,,isomorphic,,,
81278305177073806,720575940630456996,155176.0,42461.0,3896.0,149312.0,31584.0,4177.0,6313676.0,intrinsic,central,Kenyon_Cell,KCab,11862.0,KCab,KCab-m,MBp1,MBp1,dopamine,0.6144178736210505,"acetylcholine; sNPF; acetylcholine, sNPF","Barnstedt et al. 2016 (immuno, RNAi); Johard et al. (immuno); Aso et al. 2019 (scRNA-seq)",right,,fw023347,FBbt_00100248,,isomorphic,,,
81559848940238221,720575940617427713,159370.0,43460.0,4294.0,167120.0,35928.0,4773.0,7075282.0,intrinsic,central,Kenyon_Cell,KCg,14292.0,KCg-m,KCg-m,MBp4,MBp4,dopamine,0.7898876428594784,"acetylcholine; sNPF; acetylcholine, sNPF","Barnstedt et al. 2016 (immuno); Johard et al., 2008 (immuno); Aso et al. 2019 (scRNA-seq)",right,,fw023360,FBbt_00111061,,isomorphic,,,
81418149379241074,720575940612740886,157072.0,28664.0,4311.0,157072.0,28664.0,4311.0,6695761.0,intrinsic,central,Kenyon_Cell,,17488.0,KCapbp-ap2,KCa'b'-ap2,MBp3,MBp3,dopamine,0.5281279112731634,acetylcholine; acetylcholine,"Barnstedt et al. 2016 (immuno, RNAi); Aso et al. 2019 (scRNA-seq)",right,,fw023362,FBbt:00049837,,isomorphic,,,
81630217818491639,720575940622673703,160616.0,42928.0,5212.0,160616.0,42928.0,5212.0,6828882.0,intrinsic,central,Kenyon_Cell,KCab,11862.0,KCab,KCab-s,MBp2,MBp2,dopamine,0.6659691999831195,"acetylcholine; sNPF; acetylcholine, sNPF","Barnstedt et al. 2016 (immuno, RNAi); Johard et al. (immuno); Aso et al. 2019 (scRNA-seq)",right,,fw023368,FBbt_00100248,,isomorphic,,,
80644093126185266,720575940615386324,145328.0,28424.0,3815.0,145328.0,28424.0,3815.0,5630954.0,intrinsic,central,Kenyon_Cell,KCg,14292.0,KCg-m,KCg-m,MBp1,MBp1,dopamine,0.796644280026798,"acetylcholine; sNPF; acetylcholine, sNPF","Barnstedt et al. 2016 (immuno); Johard et al., 2008 (immuno); Aso et al. 2019 (scRNA-seq)",right,,fw023371,FBbt_00111061,,isomorphic,,,
80995799475422129,720575940627709948,150688.0,27192.0,4445.0,150688.0,27192.0,4445.0,6315201.0,intrinsic,central,Kenyon_Cell,KCg,14292.0,KCg-m,KCg-m,MBp1,MBp1,dopamine,0.7824381395405482,"acetylcholine; sNPF; acetylcholine, sNPF","Barnstedt et al. 2016 (immuno); Johard et al., 2008 (immuno); Aso et al. 2019 (scRNA-seq)",right,,fw023373,FBbt_00111061,,isomorphic,,,
81136605682847522,720575940633466524,153024.0,27832.0,4163.0,153024.0,27832.0,4163.0,6317923.0,intrinsic,central,Kenyon_Cell,,17488.0,KCapbp-m,KCa'b'-m,MBp3,MBp3,dopamine,0.5575203594003534,acetylcholine; acetylcholine,"Barnstedt et al. 2016 (immuno, RNAi); Aso et al. 2019 (scRNA-seq)",right,,fw023374,FBbt:00100253,,isomorphic,,,
81630286336999245,720575940631577569,160025.0,44189.0,3977.0,161640.0,30064.0,4245.0,6708428.0,intrinsic,central,Kenyon_Cell,KCg,19102.0,KCg-d,KCg-d,MBp4,MBp4,dopamine,0.4784627005960989,"acetylcholine; sNPF; acetylcholine, sNPF","Barnstedt et al. 2016 (immuno); Johard et al., 2008 (immuno); Aso et al. 2019 (scRNA-seq)",right,,fw023377,FBbt_00110932,,isomorphic,,,
81559848940227528,720575940621230430,158719.0,43035.0,4294.0,153776.0,30288.0,4292.0,6318553.0,intrinsic,central,Kenyon_Cell,KCg,14292.0,KCg-m,KCg-m,MBp3,MBp3,dopamine,0.780643612866474,"acetylcholine; sNPF; acetylcholine, sNPF","Barnstedt et al. 2016 (immuno); Johard et al., 2008 (immuno); Aso et al. 2019 (scRNA-seq)",right,,fw023387,FBbt_00111061,,isomorphic,,,
81278305177307727,720575940633580024,155070.0,42529.0,4102.0,146168.0,28064.0,3902.0,5631390.0,intrinsic,central,Kenyon_Cell,KCg,14292.0,KCg-m,KCg-m,MBp1,MBp1,dopamine,0.7769332644346384,"acetylcholine; sNPF; acetylcholine, sNPF","Barnstedt et al. 2016 (immuno); Johard et al., 2008 (immuno); Aso et al. 2019 (scRNA-seq)",right,,fw023389,FBbt_00111061,,isomorphic,,,
81277274451998906,720575940633551028,155064.0,27048.0,4361.0,155064.0,27048.0,4361.0,6319539.0,intrinsic,central,Kenyon_Cell,KCab,11862.0,KCab,KCab-s,MBp3,MBp3,dopamine,0.6551011991965386,"acetylcholine; sNPF; acetylcholine, sNPF","Barnstedt et al. 2016 (immuno, RNAi); Johard et al. (immuno); Aso et al. 2019 (scRNA-seq)",right,,fw023395,FBbt_00100248,,isomorphic,,,
81770130606024768,720575940625023869,162648.0,31040.0,4690.0,162648.0,31040.0,4690.0,6711754.0,intrinsic,central,Kenyon_Cell,KCab,11862.0,KCab,KCab-s,MBp4,MBp4,dopamine,0.614724773919656,"acetylcholine; sNPF; acetylcholine, sNPF","Barnstedt et al. 2016 (immuno, RNAi); Johard et al. (immuno); Aso et al. 2019 (scRNA-seq)",right,,fw023398,FBbt_00100248,,isomorphic,,,
81559848940230958,720575940616105302,158903.0,42987.0,4293.0,162784.0,26128.0,4146.0,6712113.0,intrinsic,central,Kenyon_Cell,KCg,14292.0,KCg-m,KCg-m,MBp4,MBp4,dopamine,0.7823887853706736,"acetylcholine; sNPF; acetylcholine, sNPF","Barnstedt et al. 2016 (immuno); Johard et al., 2008 (immuno); Aso et al. 2019 (scRNA-seq)",right,,fw023399,FBbt_00111061,,isomorphic,,,
81630217617533906,720575940612647282,160171.0,43601.0,3977.0,161304.0,27880.0,4217.0,6706918.0,intrinsic,central,Kenyon_Cell,KCg,14292.0,KCg-m,KCg-m,MBp4,MBp4,dopamine,0.7517853072529648,"acetylcholine; sNPF; acetylcholine, sNPF","Barnstedt et al. 2016 (immuno); Johard et al., 2008 (immuno); Aso et al. 2019 (scRNA-seq)",right,,fw023400,FBbt_00111061,,isomorphic,,,
81348673921232667,720575940630332753,156058.0,41941.0,3896.0,148640.0,27080.0,4228.0,6312234.0,intrinsic,central,Kenyon_Cell,KCab,11862.0,KCab,KCab-s,MBp1,MBp1,dopamine,0.6155906492562977,"acetylcholine; sNPF; acetylcholine, sNPF","Barnstedt et al. 2016 (immuno, RNAi); Johard et al. (immuno); Aso et al. 2019 (scRNA-seq)",right,,fw023402,FBbt_00100248,,isomorphic,,,
81206836988077976,720575940614890902,154104.0,25328.0,4155.0,154104.0,25328.0,4155.0,6318748.0,intrinsic,central,Kenyon_Cell,,17488.0,KCapbp-m,KCa'b'-m,MBp3,MBp3,dopamine,0.4784420648550055,acetylcholine; acetylcholine,"Barnstedt et al. 2016 (immuno, RNAi); Aso et al. 2019 (scRNA-seq)",right,,fw023413,FBbt:00100253,,isomorphic,,,
81278305177056544,720575940622595827,155267.0,42577.0,3897.0,151016.0,30184.0,4465.0,6315468.0,intrinsic,central,Kenyon_Cell,KCab,11862.0,KCab,KCab-m,MBp1,MBp1,dopamine,0.5955064377395377,"acetylcholine; sNPF; acetylcholine, sNPF","Barnstedt et al. 2016 (immuno, RNAi); Johard et al. (immuno); Aso et al. 2019 (scRNA-seq)",right,,fw023423,FBbt_00100248,,isomorphic,,,
81558955587388465,720575940614115515,159144.0,29744.0,4523.0,159144.0,29744.0,4523.0,6698583.0,intrinsic,central,Kenyon_Cell,KCab,11862.0,KCab,KCab-m,MBp3,MBp3,dopamine,0.5939237614276953,"acetylcholine; sNPF; acetylcholine, sNPF","Barnstedt et al. 2016 (immuno, RNAi); Johard et al. (immuno); Aso et al. 2019 (scRNA-seq)",right,,fw023424,FBbt_00100248,,isomorphic,,,
81559848940223955,720575940630420985,158834.0,42961.0,4294.0,151616.0,29680.0,4639.0,6316144.0,intrinsic,central,Kenyon_Cell,KCg,14292.0,KCg-m,KCg-m,MBp3,MBp3,dopamine,0.8050356801938574,"acetylcholine; sNPF; acetylcholine, sNPF","Barnstedt et al. 2016 (immuno); Johard et al., 2008 (immuno); Aso et al. 2019 (scRNA-seq)",right,,fw023430,FBbt_00111061,,isomorphic,,,
81278373896859142,720575940614606738,155044.0,42778.0,4103.0,151368.0,28400.0,4377.0,6315834.0,intrinsic,central,Kenyon_Cell,KCg,14292.0,KCg-m,KCg-m,MBp1,MBp1,dopamine,0.7975146853947356,"acetylcholine; sNPF; acetylcholine, sNPF","Barnstedt et al. 2016 (immuno); Johard et al., 2008 (immuno); Aso et al. 2019 (scRNA-seq)",right,,fw023441,FBbt_00111061,,isomorphic,,,
81769855661215827,720575940620351838,162712.0,26296.0,4328.0,162712.0,26296.0,4328.0,6712042.0,intrinsic,central,Kenyon_Cell,KCab,11862.0,KCab,KCab-s,MBp4,MBp4,dopamine,0.6235265614396882,"acetylcholine; sNPF; acetylcholine, sNPF","Barnstedt et al. 2016 (immuno, RNAi); Johard et al. (immuno); Aso et al. 2019 (scRNA-seq)",right,,fw023442,FBbt_00100248,,isomorphic,,,
81558749428625589,720575940620603245,159064.0,26864.0,4290.0,159064.0,26864.0,4290.0,6698453.0,intrinsic,central,Kenyon_Cell,KCg,14292.0,KCg-m,KCg-m,MBp3,MBp3,dopamine,0.7792838742096466,"acetylcholine; sNPF; acetylcholine, sNPF","Barnstedt et al. 2016 (immuno); Johard et al., 2008 (immuno); Aso et al. 2019 (scRNA-seq)",right,,fw023451,FBbt_00111061,,isomorphic,,,
81840499350280685,720575940630671890,163144.0,31176.0,4778.0,163144.0,31176.0,4778.0,6712853.0,intrinsic,central,Kenyon_Cell,KCg,14292.0,KCg-m,KCg-m,MBp3,MBp3,dopamine,0.7790674096577491,"acetylcholine; sNPF; acetylcholine, sNPF","Barnstedt et al. 2016 (immuno); Johard et al., 2008 (immuno); Aso et al. 2019 (scRNA-seq)",right,,fw023452,FBbt_00111061,,isomorphic,,,
81559848940238087,720575940633188459,159095.0,43289.0,4293.0,161264.0,38664.0,5173.0,6800087.0,intrinsic,central,Kenyon_Cell,KCg,14292.0,KCg-m,KCg-m,MBp4,MBp4,dopamine,0.7474672616425266,"acetylcholine; sNPF; acetylcholine, sNPF","Barnstedt et al. 2016 (immuno); Johard et al., 2008 (immuno); Aso et al. 2019 (scRNA-seq)",right,,fw023454,FBbt_00111061,,isomorphic,,,
81278511536865258,720575940615965140,154760.0,45008.0,5421.0,154760.0,45008.0,5421.0,6376130.0,intrinsic,central,Kenyon_Cell,,17488.0,KCapbp-ap2,KCa'b'-ap2,MBp2,MBp2,dopamine,0.5212006247188367,acetylcholine; acetylcholine,"Barnstedt et al. 2016 (immuno, RNAi); Aso et al. 2019 (scRNA-seq)",right,,fw023459,FBbt:00049837,,isomorphic,,,
81630217617528195,720575940629949751,160317.0,43006.0,3977.0,162960.0,32016.0,4551.0,6712540.0,intrinsic,central,Kenyon_Cell,KCg,14292.0,KCg-m,KCg-m,MBp4,MBp4,dopamine,0.7540071796277537,"acetylcholine; sNPF; acetylcholine, sNPF","Barnstedt et al. 2016 (immuno); Johard et al., 2008 (immuno); Aso et al. 2019 (scRNA-seq)",right,,fw023463,FBbt_00111061,,isomorphic,,,
81206905707686594,720575940630571980,154352.0,27104.0,4264.0,154352.0,27104.0,4264.0,6318939.0,intrinsic,central,Kenyon_Cell,KCab,11862.0,KCab,KCab-m,MBp3,MBp3,dopamine,0.5566387668573792,"acetylcholine; sNPF; acetylcholine, sNPF","Barnstedt et al. 2016 (immuno, RNAi); Johard et al. (immuno); Aso et al. 2019 (scRNA-seq)",right,,fw023464,FBbt_00100248,,isomorphic,,,
81207730409027458,720575940604962918,154374.0,38588.0,5132.0,152776.0,37832.0,5257.0,6355347.0,intrinsic,central,Kenyon_Cell,KCg,14292.0,KCg-m,KCg-m,MBp2,MBp2,dopamine,0.7907741880949466,"acetylcholine; sNPF; acetylcholine, sNPF","Barnstedt et al. 2016 (immuno); Johard et al., 2008 (immuno); Aso et al. 2019 (scRNA-seq)",right,,fw023467,FBbt_00111061,,isomorphic,,,
81630286403907306,720575940620205951,159878.0,43729.0,4293.0,159000.0,30776.0,4190.0,6698375.0,intrinsic,central,Kenyon_Cell,KCg,19102.0,KCg-d,KCg-d,MBp4,MBp4,dopamine,0.6145894135811827,"acetylcholine; sNPF; acetylcholine, sNPF","Barnstedt et al. 2016 (immuno); Johard et al., 2008 (immuno); Aso et al. 2019 (scRNA-seq)",right,,fw023475,FBbt_00110932,,isomorphic,,,
80925430664229196,720575940633911959,149544.0,26536.0,3993.0,149544.0,26536.0,3993.0,6308217.0,intrinsic,central,Kenyon_Cell,KCg,14292.0,KCg-m,KCg-m,MBp1,MBp1,dopamine,0.7185169800696192,"acetylcholine; sNPF; acetylcholine, sNPF","Barnstedt et al. 2016 (immuno); Johard et al., 2008 (immuno); Aso et al. 2019 (scRNA-seq)",right,,fw023480,FBbt_00111061,,isomorphic,,,
80995799475021644,720575940617940048,151112.0,27072.0,4156.0,151112.0,27072.0,4156.0,6315562.0,intrinsic,central,Kenyon_Cell,,17488.0,KCapbp-ap2,KCa'b'-ap2,MBp3,MBp3,dopamine,0.5190449762236437,acetylcholine; acetylcholine,"Barnstedt et al. 2016 (immuno, RNAi); Aso et al. 2019 (scRNA-seq)",right,,fw023482,FBbt:00049837,,isomorphic,,,
81770130539166654,720575940624682426,162320.0,31320.0,4357.0,162320.0,31320.0,4357.0,6710946.0,intrinsic,central,Kenyon_Cell,KCg,14292.0,KCg-m,KCg-m,MBp4,MBp4,dopamine,0.7893440250674462,"acetylcholine; sNPF; acetylcholine, sNPF","Barnstedt et al. 2016 (immuno); Johard et al., 2008 (immuno); Aso et al. 2019 (scRNA-seq)",right,,fw023484,FBbt_00111061,,isomorphic,,,
81207043146659282,720575940638531637,153768.0,28816.0,4265.0,153768.0,28816.0,4265.0,6318520.0,intrinsic,central,Kenyon_Cell,KCab,11862.0,KCab,KCab-s,MBp3,MBp3,dopamine,0.6228908779627715,"acetylcholine; sNPF; acetylcholine, sNPF","Barnstedt et al. 2016 (immuno, RNAi); Johard et al. (immuno); Aso et al. 2019 (scRNA-seq)",right,,fw023489,FBbt_00100248,,isomorphic,,,
81277549329747355,720575940631798888,155208.0,31136.0,4240.0,155208.0,31136.0,4240.0,6319704.0,intrinsic,central,Kenyon_Cell,KCg,14292.0,KCg-m,KCg-m,MBp3,MBp3,dopamine,0.7328186140767399,"acetylcholine; sNPF; acetylcholine, sNPF","Barnstedt et al. 2016 (immuno); Johard et al., 2008 (immuno); Aso et al. 2019 (scRNA-seq)",right,,fw023493,FBbt_00111061,,isomorphic,,,
81419111586097590,720575940625995251,157544.0,43640.0,5313.0,157544.0,43640.0,5313.0,6826632.0,intrinsic,central,Kenyon_Cell,KCab,11862.0,KCab,KCab-s,MBp2,MBp2,dopamine,0.6480881539705761,"acetylcholine; sNPF; acetylcholine, sNPF","Barnstedt et al. 2016 (immuno, RNAi); Johard et al. (immuno); Aso et al. 2019 (scRNA-seq)",right,,fw023511,FBbt_00100248,,isomorphic,,,
81278305177072597,720575940621567472,155133.0,42518.0,3897.0,150064.0,28160.0,4356.0,6314696.0,intrinsic,central,Kenyon_Cell,KCab,11862.0,KCab,KCab-m,MBp1,MBp1,dopamine,0.6120127489328747,"acetylcholine; sNPF; acetylcholine, sNPF","Barnstedt et al. 2016 (immuno, RNAi); Johard et al. (immuno); Aso et al. 2019 (scRNA-seq)",right,,fw023521,FBbt_00100248,,isomorphic,,,
81489480196047234,720575940625537822,158499.0,43111.0,4294.0,152928.0,29960.0,4303.0,6317825.0,intrinsic,central,Kenyon_Cell,KCg,14292.0,KCg-m,KCg-m,MBp3,MBp3,dopamine,0.7348883721464418,"acetylcholine; sNPF; acetylcholine, sNPF","Barnstedt et al. 2016 (immuno); Johard et al., 2008 (immuno); Aso et al. 2019 (scRNA-seq)",right,,fw023523,FBbt_00111061,,isomorphic,,,
81910868027430433,720575940621763767,164588.0,30914.0,4294.0,167888.0,28320.0,4159.0,7065186.0,intrinsic,central,Kenyon_Cell,KCg,14292.0,KCg-m,KCg-m,MBp4,MBp4,dopamine,0.8420581749845745,"acetylcholine; sNPF; acetylcholine, sNPF","Barnstedt et al. 2016 (immuno); Johard et al., 2008 (immuno); Aso et al. 2019 (scRNA-seq)",right,,fw023528,FBbt_00111061,,isomorphic,,,
81630423977082037,720575940615544249,159880.0,46232.0,5320.0,159880.0,46232.0,5320.0,6827731.0,intrinsic,central,Kenyon_Cell,KCg,19102.0,KCg-d,KCg-d,MBp2,MBp2,dopamine,0.6742568429743278,"acetylcholine; sNPF; acetylcholine, sNPF","Barnstedt et al. 2016 (immuno); Johard et al., 2008 (immuno); Aso et al. 2019 (scRNA-seq)",right,,fw023536,FBbt_00110932,,isomorphic,,,
80925774328799045,720575940620465996,150065.0,32218.0,4571.0,151024.0,30936.0,4310.0,6315531.0,intrinsic,central,Kenyon_Cell,KCab,11862.0,KCab,KCab-s,MBp1,MBp1,dopamine,0.5985865287900272,"acetylcholine; sNPF; acetylcholine, sNPF","Barnstedt et al. 2016 (immuno, RNAi); Johard et al. (immuno); Aso et al. 2019 (scRNA-seq)",right,,fw023551,FBbt_00100248,,isomorphic,,,
82051399357202260,720575940637148486,165928.0,28024.0,4191.0,165928.0,28024.0,4191.0,7062999.0,intrinsic,central,Kenyon_Cell,,17488.0,KCapbp-ap1,KCa'b'-ap1,MBp4,MBp4,dopamine,0.4908267305528374,acetylcholine; acetylcholine,"Barnstedt et al. 2016 (immuno, RNAi); Aso et al. 2019 (scRNA-seq)",right,,fw023563,FBbt:00049836,,isomorphic,,,
81206836988076860,720575940614306814,153784.0,26008.0,4167.0,153784.0,26008.0,4167.0,6318547.0,intrinsic,central,Kenyon_Cell,,17488.0,KCapbp-m,KCa'b'-m,MBp3,MBp3,dopamine,0.5188140377119194,acetylcholine; acetylcholine,"Barnstedt et al. 2016 (immuno, RNAi); Aso et al. 2019 (scRNA-seq)",right,,fw023575,FBbt:00100253,,isomorphic,,,
81348811360448257,720575940637190990,155974.0,43775.0,4103.0,152208.0,44376.0,5426.0,6375040.0,intrinsic,central,Kenyon_Cell,KCg,14292.0,KCg-m,KCg-m,MBp2,MBp2,dopamine,0.7608814154168583,"acetylcholine; sNPF; acetylcholine, sNPF","Barnstedt et al. 2016 (immuno); Johard et al., 2008 (immuno); Aso et al. 2019 (scRNA-seq)",right,,fw023576,FBbt_00111061,,isomorphic,,,
81348742640977563,720575940630047080,155592.0,43460.0,4103.0,150776.0,25880.0,3854.0,6308868.0,intrinsic,central,Kenyon_Cell,KCg,14292.0,KCg-m,KCg-m,MBp1,MBp1,dopamine,0.7597554738597699,"acetylcholine; sNPF; acetylcholine, sNPF","Barnstedt et al. 2016 (immuno); Johard et al., 2008 (immuno); Aso et al. 2019 (scRNA-seq)",right,,fw023591,FBbt_00111061,,isomorphic,,,
81348742640998437,720575940649012857,155639.0,43120.0,4102.0,151688.0,41744.0,5179.0,6374647.0,intrinsic,central,Kenyon_Cell,KCg,14292.0,KCg-m,KCg-m,MBp2,MBp2,dopamine,0.7159080119662539,"acetylcholine; sNPF; acetylcholine, sNPF","Barnstedt et al. 2016 (immuno); Johard et al., 2008 (immuno); Aso et al. 2019 (scRNA-seq)",right,,fw023596,FBbt_00111061,,isomorphic,,,
80925774328804090,720575940620434671,150426.0,31675.0,4571.0,151648.0,29560.0,4278.0,6316181.0,intrinsic,central,Kenyon_Cell,KCab,11862.0,KCab,KCab-m,MBp1,MBp1,dopamine,0.5849207205248979,"acetylcholine; sNPF; acetylcholine, sNPF","Barnstedt et al. 2016 (immuno, RNAi); Johard et al. (immuno); Aso et al. 2019 (scRNA-seq)",right,,fw023600,FBbt_00100248,,isomorphic,,,
81136674335738603,720575940618627207,153272.0,28432.0,4034.0,153272.0,28432.0,4034.0,6309874.0,intrinsic,central,Kenyon_Cell,KCg,14292.0,KCg-m,KCg-m,MBp1,MBp1,dopamine,0.7890819486680644,"acetylcholine; sNPF; acetylcholine, sNPF","Barnstedt et al. 2016 (immuno); Johard et al., 2008 (immuno); Aso et al. 2019 (scRNA-seq)",right,,fw023603,FBbt_00111061,,isomorphic,,,
81559024373580518,720575940626274822,159248.0,31032.0,4775.0,159248.0,31032.0,4775.0,6698625.0,intrinsic,central,Kenyon_Cell,KCab,11862.0,KCab,KCab-m,MBp3,MBp3,dopamine,0.6065365970493569,"acetylcholine; sNPF; acetylcholine, sNPF","Barnstedt et al. 2016 (immuno, RNAi); Johard et al. (immuno); Aso et al. 2019 (scRNA-seq)",right,,fw023621,FBbt_00100248,,isomorphic,,,
80925774328802649,720575940619808756,150343.0,31731.0,4572.0,151504.0,28536.0,4198.0,6316005.0,intrinsic,central,Kenyon_Cell,KCab,11862.0,KCab,KCab-m,MBp1,MBp1,dopamine,0.6048829386434688,"acetylcholine; sNPF; acetylcholine, sNPF","Barnstedt et al. 2016 (immuno, RNAi); Johard et al. (immuno); Aso et al. 2019 (scRNA-seq)",right,,fw023630,FBbt_00100248,,isomorphic,,,
80573518223755544,720575940609220291,144912.0,26232.0,3924.0,144912.0,26232.0,3924.0,5630763.0,intrinsic,central,Kenyon_Cell,,17488.0,KCapbp-ap2,KCa'b'-ap2,MBp1,MBp1,dopamine,0.5368592510848308,acetylcholine; acetylcholine,"Barnstedt et al. 2016 (immuno, RNAi); Aso et al. 2019 (scRNA-seq)",right,,fw023633,FBbt:00049837,,isomorphic,,,
80291974460538591,720575940631024911,141120.0,24952.0,3457.0,141120.0,24952.0,3457.0,5629444.0,intrinsic,central,Kenyon_Cell,KCg,14292.0,KCg-m,KCg-m,MBp1,MBp1,dopamine,0.7336609508008863,"acetylcholine; sNPF; acetylcholine, sNPF","Barnstedt et al. 2016 (immuno); Johard et al., 2008 (immuno); Aso et al. 2019 (scRNA-seq)",right,,fw023639,FBbt_00111061,,isomorphic,,,
81278305177070194,720575940633103059,155446.0,42123.0,3897.0,150320.0,31240.0,4179.0,6314925.0,intrinsic,central,Kenyon_Cell,,11862.0,KCab-p,KCab-p,MBp1,MBp1,dopamine,0.6011085109779236,acetylcholine; acetylcholine,Barnstedt et al. 2016 (immuno); Aso et al. 2019 (scRNA-seq),right,,fw023649,FBbt_00110931,,isomorphic,,,
81559848940236844,720575940607010825,158970.0,42945.0,4293.0,163056.0,28912.0,4373.0,6712759.0,intrinsic,central,Kenyon_Cell,KCg,14292.0,KCg-m,KCg-m,MBp4,MBp4,dopamine,0.792967011395846,"acetylcholine; sNPF; acetylcholine, sNPF","Barnstedt et al. 2016 (immuno); Johard et al., 2008 (immuno); Aso et al. 2019 (scRNA-seq)",right,,fw023652,FBbt_00111061,,isomorphic,,,
81559848940226759,720575940635614942,158853.0,43583.0,4294.0,157368.0,42888.0,5294.0,6826548.0,intrinsic,central,Kenyon_Cell,KCg,14292.0,KCg-m,KCg-m,MBp2,MBp2,dopamine,0.8180587393361769,"acetylcholine; sNPF; acetylcholine, sNPF","Barnstedt et al. 2016 (immuno); Johard et al., 2008 (immuno); Aso et al. 2019 (scRNA-seq)",right,,fw023665,FBbt_00111061,,isomorphic,,,
81278099153185012,720575940619842580,155549.0,39424.0,5132.0,159832.0,42632.0,5170.0,6827738.0,intrinsic,central,Kenyon_Cell,,17488.0,KCapbp-ap2,KCa'b'-ap2,MBp2,MBp2,dopamine,0.609206500562842,acetylcholine; acetylcholine,"Barnstedt et al. 2016 (immuno, RNAi); Aso et al. 2019 (scRNA-seq)",right,,fw023669,FBbt:00049837,,isomorphic,,,
81559848940217564,720575940622981646,159470.0,43535.0,4293.0,165248.0,35600.0,4972.0,7074515.0,intrinsic,central,Kenyon_Cell,KCg,14292.0,KCg-m,KCg-m,MBp4,MBp4,dopamine,0.8190551142168935,"acetylcholine; sNPF; acetylcholine, sNPF","Barnstedt et al. 2016 (immuno); Johard et al., 2008 (immuno); Aso et al. 2019 (scRNA-seq)",right,,fw023675,FBbt_00111061,,isomorphic,,,
81559848940229927,720575940639100760,159203.0,43124.0,4294.0,160064.0,26008.0,4163.0,6700225.0,intrinsic,central,Kenyon_Cell,KCg,14292.0,KCg-m,KCg-m,MBp4,MBp4,dopamine,0.6972218813866901,"acetylcholine; sNPF; acetylcholine, sNPF","Barnstedt et al. 2016 (immuno); Johard et al., 2008 (immuno); Aso et al. 2019 (scRNA-seq)",right,,fw023676,FBbt_00111061,,isomorphic,,,
81559848940233425,720575940633710105,159354.0,43233.0,4293.0,162592.0,30256.0,4256.0,6711598.0,intrinsic,central,Kenyon_Cell,KCg,14292.0,KCg-m,KCg-m,MBp4,MBp4,dopamine,0.800252800349995,"acetylcholine; sNPF; acetylcholine, sNPF","Barnstedt et al. 2016 (immuno); Johard et al., 2008 (immuno); Aso et al. 2019 (scRNA-seq)",right,,fw023681,FBbt_00111061,,isomorphic,,,
81911624009035925,720575940628773113,164320.0,42176.0,4978.0,164320.0,42176.0,4978.0,7084158.0,intrinsic,central,Kenyon_Cell,KCab,11862.0,KCab,KCab-s,MBp2,MBp2,dopamine,0.6189738740969126,"acetylcholine; sNPF; acetylcholine, sNPF","Barnstedt et al. 2016 (immuno, RNAi); Johard et al. (immuno); Aso et al. 2019 (scRNA-seq)",right,,fw023690,FBbt_00100248,,isomorphic,,,
81066511884032247,720575940639417459,152392.0,32088.0,4921.0,152392.0,32088.0,4921.0,6317069.0,intrinsic,central,Kenyon_Cell,KCg,14292.0,KCg-m,KCg-m,MBp3,MBp3,dopamine,0.8353170889106242,"acetylcholine; sNPF; acetylcholine, sNPF","Barnstedt et al. 2016 (immuno); Johard et al., 2008 (immuno); Aso et al. 2019 (scRNA-seq)",right,,fw023691,FBbt_00111061,,isomorphic,,,
80925568103145118,720575940644472100,150032.0,28608.0,3982.0,150032.0,28608.0,3982.0,6308456.0,intrinsic,central,Kenyon_Cell,,17488.0,KCapbp-ap1,KCa'b'-ap1,MBp1,MBp1,dopamine,0.5254672582973657,acetylcholine; acetylcholine,"Barnstedt et al. 2016 (immuno, RNAi); Aso et al. 2019 (scRNA-seq)",right,,fw023695,FBbt:00049836,,isomorphic,,,
80784899334315171,720575940605350066,148384.0,29400.0,4043.0,148384.0,29400.0,4043.0,6307737.0,intrinsic,central,Kenyon_Cell,,17488.0,KCapbp-ap1,KCa'b'-ap1,MBp1,MBp1,dopamine,0.5514501714076523,acetylcholine; acetylcholine,"Barnstedt et al. 2016 (immuno, RNAi); Aso et al. 2019 (scRNA-seq)",right,,fw023696,FBbt:00049836,,isomorphic,,,
81488586843008184,720575940639988352,157808.0,29504.0,4375.0,157808.0,29504.0,4375.0,6696700.0,intrinsic,central,Kenyon_Cell,KCg,14292.0,KCg-m,KCg-m,MBp3,MBp3,dopamine,0.8057637859989523,"acetylcholine; sNPF; acetylcholine, sNPF","Barnstedt et al. 2016 (immuno); Johard et al., 2008 (immuno); Aso et al. 2019 (scRNA-seq)",right,,fw023700,FBbt_00111061,,isomorphic,,,
81489480196059003,720575940627367189,158547.0,43176.0,4293.0,152408.0,29704.0,4201.0,6317126.0,intrinsic,central,Kenyon_Cell,KCg,14292.0,KCg-m,KCg-m,MBp3,MBp3,dopamine,0.7640553436204546,"acetylcholine; sNPF; acetylcholine, sNPF","Barnstedt et al. 2016 (immuno); Johard et al., 2008 (immuno); Aso et al. 2019 (scRNA-seq)",right,,fw023718,FBbt_00111061,,isomorphic,,,
81559848940240367,720575940626082404,159170.0,43466.0,4293.0,161304.0,38856.0,4991.0,6748965.0,intrinsic,central,Kenyon_Cell,KCg,14292.0,KCg-m,KCg-m,MBp4,MBp4,dopamine,0.7473786565014275,"acetylcholine; sNPF; acetylcholine, sNPF","Barnstedt et al. 2016 (immuno); Johard et al., 2008 (immuno); Aso et al. 2019 (scRNA-seq)",right,,fw023720,FBbt_00111061,,isomorphic,,,
80644230565428701,720575940629498306,146064.0,30768.0,4039.0,146064.0,30768.0,4039.0,5631346.0,intrinsic,central,Kenyon_Cell,KCg,14292.0,KCg-m,KCg-m,MBp1,MBp1,dopamine,0.771085576301811,"acetylcholine; sNPF; acetylcholine, sNPF","Barnstedt et al. 2016 (immuno); Johard et al., 2008 (immuno); Aso et al. 2019 (scRNA-seq)",right,,fw023724,FBbt_00111061,,isomorphic,,,
81630217617528324,720575940622944461,160180.0,43316.0,3977.0,171208.0,35152.0,4724.0,7076648.0,intrinsic,central,Kenyon_Cell,KCg,14292.0,KCg-m,KCg-m,MBp4,MBp4,dopamine,0.7589127646939448,"acetylcholine; sNPF; acetylcholine, sNPF","Barnstedt et al. 2016 (immuno); Johard et al., 2008 (immuno); Aso et al. 2019 (scRNA-seq)",right,,fw023734,FBbt_00111061,,isomorphic,,,
81348742640724373,720575940613799436,156551.0,42648.0,3897.0,150056.0,27464.0,4376.0,6314687.0,intrinsic,central,Kenyon_Cell,KCab,11862.0,KCab,KCab-s,MBp1,MBp1,dopamine,0.6596539986189087,"acetylcholine; sNPF; acetylcholine, sNPF","Barnstedt et al. 2016 (immuno, RNAi); Johard et al. (immuno); Aso et al. 2019 (scRNA-seq)",right,,fw023747,FBbt_00100248,,isomorphic,,,
81207043146500552,720575940628471392,153640.0,28480.0,4157.0,153640.0,28480.0,4157.0,6318446.0,intrinsic,central,Kenyon_Cell,,17488.0,KCapbp-ap2,KCa'b'-ap2,MBp3,MBp3,dopamine,0.533435073033014,acetylcholine; acetylcholine,"Barnstedt et al. 2016 (immuno, RNAi); Aso et al. 2019 (scRNA-seq)",right,,fw023748,FBbt:00049837,,isomorphic,,,
81700655282113824,720575940637508698,161376.0,43808.0,5182.0,161376.0,43808.0,5182.0,6830350.0,intrinsic,central,Kenyon_Cell,,17488.0,KCapbp-m,KCa'b'-m,MBp2,MBp2,dopamine,0.4925978099972695,acetylcholine; acetylcholine,"Barnstedt et al. 2016 (immuno, RNAi); Aso et al. 2019 (scRNA-seq)",right,,fw023755,FBbt:00100253,,isomorphic,,,
81348673921241031,720575940628060983,155909.0,41952.0,3896.0,148672.0,26288.0,4280.0,6312380.0,intrinsic,central,Kenyon_Cell,KCab,11862.0,KCab,KCab-m,MBp1,MBp1,dopamine,0.6653570782919603,"acetylcholine; sNPF; acetylcholine, sNPF","Barnstedt et al. 2016 (immuno, RNAi); Johard et al. (immuno); Aso et al. 2019 (scRNA-seq)",right,,fw023766,FBbt_00100248,,isomorphic,,,
81981099332742356,720575940641355739,165432.0,28576.0,4363.0,165432.0,28576.0,4363.0,7062394.0,intrinsic,central,Kenyon_Cell,,17488.0,KCapbp-m,KCa'b'-m,MBp4,MBp4,dopamine,0.4661082413325788,acetylcholine; acetylcholine,"Barnstedt et al. 2016 (immuno, RNAi); Aso et al. 2019 (scRNA-seq)",right,,fw023768,FBbt:00100253,,isomorphic,,,
81630286337018212,720575940629644666,160191.0,43898.0,3976.0,160440.0,30936.0,4373.0,6701379.0,intrinsic,central,Kenyon_Cell,KCg,19102.0,KCg-d,KCg-d,MBp4,MBp4,dopamine,0.6936153252672501,"acetylcholine; sNPF; acetylcholine, sNPF","Barnstedt et al. 2016 (immuno); Johard et al., 2008 (immuno); Aso et al. 2019 (scRNA-seq)",right,,fw023780,FBbt_00110932,,isomorphic,,,
81488449403916844,720575940626820395,158040.0,27872.0,4285.0,158040.0,27872.0,4285.0,6697009.0,intrinsic,central,Kenyon_Cell,KCg,14292.0,KCg-m,KCg-m,MBp3,MBp3,dopamine,0.7287943201693982,"acetylcholine; sNPF; acetylcholine, sNPF","Barnstedt et al. 2016 (immuno); Johard et al., 2008 (immuno); Aso et al. 2019 (scRNA-seq)",right,,fw023787,FBbt_00111061,,isomorphic,,,
81488449404077842,720575940620153876,157968.0,27384.0,4404.0,157968.0,27384.0,4404.0,6696904.0,intrinsic,central,Kenyon_Cell,KCg,14292.0,KCg-m,KCg-m,MBp3,MBp3,dopamine,0.805728676675318,"acetylcholine; sNPF; acetylcholine, sNPF","Barnstedt et al. 2016 (immuno); Johard et al., 2008 (immuno); Aso et al. 2019 (scRNA-seq)",right,,fw023789,FBbt_00111061,,isomorphic,,,
81769993100268895,720575940637804260,162224.0,28984.0,4391.0,162224.0,28984.0,4391.0,6710734.0,intrinsic,central,Kenyon_Cell,KCg,14292.0,KCg-m,KCg-m,MBp4,MBp4,dopamine,0.7370688772624093,"acetylcholine; sNPF; acetylcholine, sNPF","Barnstedt et al. 2016 (immuno); Johard et al., 2008 (immuno); Aso et al. 2019 (scRNA-seq)",right,,fw023790,FBbt_00111061,,isomorphic,,,
81418080659913587,720575940621019457,157056.0,27304.0,4407.0,157056.0,27304.0,4407.0,6695736.0,intrinsic,central,Kenyon_Cell,KCg,14292.0,KCg-m,KCg-m,MBp3,MBp3,dopamine,0.8263456901804184,"acetylcholine; sNPF; acetylcholine, sNPF","Barnstedt et al. 2016 (immuno); Johard et al., 2008 (immuno); Aso et al. 2019 (scRNA-seq)",right,,fw023791,FBbt_00111061,,isomorphic,,,
80573586943384175,720575940609208530,144984.0,26688.0,4007.0,144984.0,26688.0,4007.0,5630816.0,intrinsic,central,Kenyon_Cell,,17488.0,KCapbp-ap2,KCa'b'-ap2,MBp1,MBp1,dopamine,0.493758846335286,acetylcholine; acetylcholine,"Barnstedt et al. 2016 (immuno, RNAi); Aso et al. 2019 (scRNA-seq)",right,,fw023792,FBbt:00049837,,isomorphic,,,
81348811360429177,720575940628414567,156154.0,43770.0,4102.0,152944.0,43120.0,5322.0,6375345.0,intrinsic,central,Kenyon_Cell,KCg,14292.0,KCg-m,KCg-m,MBp2,MBp2,dopamine,0.7826446555103209,"acetylcholine; sNPF; acetylcholine, sNPF","Barnstedt et al. 2016 (immuno); Johard et al., 2008 (immuno); Aso et al. 2019 (scRNA-seq)",right,,fw023796,FBbt_00111061,,isomorphic,,,
81278305177304048,720575940620079856,154932.0,42597.0,4102.0,150352.0,28784.0,4527.0,6314955.0,intrinsic,central,Kenyon_Cell,KCg,14292.0,KCg-m,KCg-m,MBp1,MBp1,dopamine,0.7772351812852997,"acetylcholine; sNPF; acetylcholine, sNPF","Barnstedt et al. 2016 (immuno); Johard et al., 2008 (immuno); Aso et al. 2019 (scRNA-seq)",right,,fw023814,FBbt_00111061,,isomorphic,,,
82333011773055985,720575940621516179,170328.0,30216.0,4361.0,170328.0,30216.0,4361.0,7066839.0,intrinsic,central,Kenyon_Cell,KCg,14292.0,KCg-m,KCg-m,MBp4,MBp4,dopamine,0.7287778548107791,"acetylcholine; sNPF; acetylcholine, sNPF","Barnstedt et al. 2016 (immuno); Johard et al., 2008 (immuno); Aso et al. 2019 (scRNA-seq)",right,,fw023820,FBbt_00111061,,isomorphic,,,
81630217617511886,720575940621529215,160372.0,43392.0,3976.0,159720.0,29376.0,4267.0,6699568.0,intrinsic,central,Kenyon_Cell,KCg,14292.0,KCg-m,KCg-m,MBp4,MBp4,dopamine,0.785016221990694,"acetylcholine; sNPF; acetylcholine, sNPF","Barnstedt et al. 2016 (immuno); Johard et al., 2008 (immuno); Aso et al. 2019 (scRNA-seq)",right,,fw023830,FBbt_00111061,,isomorphic,,,
82262505589715035,720575940624676414,169656.0,28064.0,4177.0,169656.0,28064.0,4177.0,7066612.0,intrinsic,central,Kenyon_Cell,,17488.0,KCapbp-m,KCa'b'-m,MBp4,MBp4,dopamine,0.4799034545799591,acetylcholine; acetylcholine,"Barnstedt et al. 2016 (immuno, RNAi); Aso et al. 2019 (scRNA-seq)",right,,fw023839,FBbt:00100253,,isomorphic,,,
81278373896814030,720575940618182981,155398.0,42784.0,4102.0,148344.0,26360.0,3736.0,6307734.0,intrinsic,central,Kenyon_Cell,KCg,14292.0,KCg-m,KCg-m,MBp1,MBp1,dopamine,0.773618181568627,"acetylcholine; sNPF; acetylcholine, sNPF","Barnstedt et al. 2016 (immuno); Johard et al., 2008 (immuno); Aso et al. 2019 (scRNA-seq)",right,,fw023843,FBbt_00111061,,isomorphic,,,
80714393217795610,720575940631975379,146864.0,28248.0,4176.0,146864.0,28248.0,4176.0,5641202.0,intrinsic,central,Kenyon_Cell,KCab,11862.0,KCab,KCab-s,MBp1,MBp1,dopamine,0.5979822389771703,"acetylcholine; sNPF; acetylcholine, sNPF","Barnstedt et al. 2016 (immuno, RNAi); Johard et al. (immuno); Aso et al. 2019 (scRNA-seq)",right,,fw023853,FBbt_00100248,,isomorphic,,,
81066099433079398,720575940620521754,151968.0,25784.0,3979.0,151968.0,25784.0,3979.0,6309381.0,intrinsic,central,Kenyon_Cell,,17488.0,KCapbp-m,KCa'b'-m,MBp3,MBp3,dopamine,0.4699749158107234,acetylcholine; acetylcholine,"Barnstedt et al. 2016 (immuno, RNAi); Aso et al. 2019 (scRNA-seq)",right,,fw023856,FBbt:00100253,,isomorphic,,,
80996143072940827,720575940627849463,150573.0,31728.0,4572.0,152864.0,30576.0,4450.0,6317699.0,intrinsic,central,Kenyon_Cell,KCab,11862.0,KCab,KCab-m,MBp1,MBp1,dopamine,0.5655603545626613,"acetylcholine; sNPF; acetylcholine, sNPF","Barnstedt et al. 2016 (immuno, RNAi); Johard et al. (immuno); Aso et al. 2019 (scRNA-seq)",right,,fw023858,FBbt_00100248,,isomorphic,,,
80714393150984552,720575940621919428,146592.0,27440.0,3870.0,146592.0,27440.0,3870.0,5631540.0,intrinsic,central,Kenyon_Cell,,17488.0,KCapbp-ap2,KCa'b'-ap2,MBp1,MBp1,dopamine,0.4811438360597164,acetylcholine; acetylcholine,"Barnstedt et al. 2016 (immuno, RNAi); Aso et al. 2019 (scRNA-seq)",right,,fw023867,FBbt:00049837,,isomorphic,,,
81348742640717483,720575940632964269,155698.0,43036.0,3897.0,151288.0,29720.0,4528.0,6315715.0,intrinsic,central,Kenyon_Cell,KCab,11862.0,KCab,KCab-m,MBp1,MBp1,dopamine,0.6300410881015114,"acetylcholine; sNPF; acetylcholine, sNPF","Barnstedt et al. 2016 (immuno, RNAi); Johard et al. (immuno); Aso et al. 2019 (scRNA-seq)",right,,fw023871,FBbt_00100248,,isomorphic,,,
81066099433183378,720575940622698825,152096.0,25392.0,4050.0,152096.0,25392.0,4050.0,6309427.0,intrinsic,central,Kenyon_Cell,,17488.0,KCapbp-m,KCa'b'-m,MBp3,MBp3,dopamine,0.4854189573104436,acetylcholine; acetylcholine,"Barnstedt et al. 2016 (immuno, RNAi); Aso et al. 2019 (scRNA-seq)",right,,fw023887,FBbt:00100253,,isomorphic,,,
81348673921230595,720575940621321001,155760.0,42491.0,3897.0,149848.0,29360.0,4418.0,6314528.0,intrinsic,central,Kenyon_Cell,KCab,11862.0,KCab,KCab-c,MBp1,MBp1,dopamine,0.5772363955943384,"acetylcholine; sNPF; acetylcholine, sNPF","Barnstedt et al. 2016 (immuno, RNAi); Johard et al. (immuno); Aso et al. 2019 (scRNA-seq)",right,,fw023896,FBbt_00100248,,isomorphic,,,
81278305177086225,720575940632676409,155357.0,41827.0,3896.0,150736.0,29720.0,4626.0,6315249.0,intrinsic,central,Kenyon_Cell,KCg,14292.0,KCg-m,KCg-m,MBp1,MBp1,dopamine,0.7651316930784257,"acetylcholine; sNPF; acetylcholine, sNPF","Barnstedt et al. 2016 (immuno); Johard et al., 2008 (immuno); Aso et al. 2019 (scRNA-seq)",right,,fw023897,FBbt_00111061,,isomorphic,,,
81489480196047558,720575940619028289,158611.0,43601.0,4294.0,151056.0,35856.0,5025.0,6352461.0,intrinsic,central,Kenyon_Cell,KCg,14292.0,KCg-m,KCg-m,MBp2,MBp2,dopamine,0.7499924136768336,"acetylcholine; sNPF; acetylcholine, sNPF","Barnstedt et al. 2016 (immuno); Johard et al., 2008 (immuno); Aso et al. 2019 (scRNA-seq)",right,,fw023907,FBbt_00111061,,isomorphic,,,
81630286537905661,720575940610691507,159768.0,43944.0,5165.0,159768.0,43944.0,5165.0,6827714.0,intrinsic,central,Kenyon_Cell,KCab,11862.0,KCab,KCab-s,MBp2,MBp2,dopamine,0.6242202760927975,"acetylcholine; sNPF; acetylcholine, sNPF","Barnstedt et al. 2016 (immuno, RNAi); Johard et al. (immuno); Aso et al. 2019 (scRNA-seq)",right,,fw023912,FBbt_00100248,,isomorphic,,,
81559574129827369,720575940617756450,158752.0,38600.0,5085.0,158752.0,38600.0,5085.0,6748448.0,intrinsic,central,Kenyon_Cell,KCg,14292.0,KCg-m,KCg-m,MBp3,MBp3,dopamine,0.6933618841142631,"acetylcholine; sNPF; acetylcholine, sNPF","Barnstedt et al. 2016 (immuno); Johard et al., 2008 (immuno); Aso et al. 2019 (scRNA-seq)",right,,fw023917,FBbt_00111061,,isomorphic,,,
81136468244202123,720575940646682932,153208.0,26080.0,4375.0,153208.0,26080.0,4375.0,6318072.0,intrinsic,central,Kenyon_Cell,KCab,11862.0,KCab,KCab-s,MBp3,MBp3,dopamine,0.5688817980613846,"acetylcholine; sNPF; acetylcholine, sNPF","Barnstedt et al. 2016 (immuno, RNAi); Johard et al. (immuno); Aso et al. 2019 (scRNA-seq)",right,,fw023919,FBbt_00100248,,isomorphic,,,
81488380684616233,720575940627220327,158072.0,26512.0,4413.0,158072.0,26512.0,4413.0,6697049.0,intrinsic,central,Kenyon_Cell,KCg,14292.0,KCg-m,KCg-m,MBp3,MBp3,dopamine,0.78065006191589,"acetylcholine; sNPF; acetylcholine, sNPF","Barnstedt et al. 2016 (immuno); Johard et al., 2008 (immuno); Aso et al. 2019 (scRNA-seq)",right,,fw023934,FBbt_00111061,,isomorphic,,,
80925499383554517,720575940613383633,149544.0,28232.0,3890.0,149544.0,28232.0,3890.0,6308222.0,intrinsic,central,Kenyon_Cell,KCg,14292.0,KCg-m,KCg-m,MBp1,MBp1,dopamine,0.7667319497750712,"acetylcholine; sNPF; acetylcholine, sNPF","Barnstedt et al. 2016 (immuno); Johard et al., 2008 (immuno); Aso et al. 2019 (scRNA-seq)",right,,fw023935,FBbt_00111061,,isomorphic,,,
80643886967937540,720575940623252164,145872.0,25880.0,3924.0,145872.0,25880.0,3924.0,5631250.0,intrinsic,central,Kenyon_Cell,,17488.0,KCapbp-ap2,KCa'b'-ap2,MBp1,MBp1,dopamine,0.529225259625153,acetylcholine; acetylcholine,"Barnstedt et al. 2016 (immuno, RNAi); Aso et al. 2019 (scRNA-seq)",right,,fw023944,FBbt:00049837,,isomorphic,,,
81348673921239854,720575940608806776,155762.0,41997.0,3896.0,149480.0,32328.0,4457.0,6314054.0,intrinsic,central,Kenyon_Cell,KCab,11862.0,KCab,KCab-m,MBp1,MBp1,dopamine,0.6059322113159836,"acetylcholine; sNPF; acetylcholine, sNPF","Barnstedt et al. 2016 (immuno, RNAi); Johard et al. (immuno); Aso et al. 2019 (scRNA-seq)",right,,fw023951,FBbt_00100248,,isomorphic,,,
82614624188576986,720575940625343640,174696.0,31552.0,4219.0,174696.0,31552.0,4219.0,7336883.0,intrinsic,central,Kenyon_Cell,KCab,11862.0,KCab,KCab-s,MBp4,MBp4,dopamine,0.6662174592753242,"acetylcholine; sNPF; acetylcholine, sNPF","Barnstedt et al. 2016 (immuno, RNAi); Johard et al. (immuno); Aso et al. 2019 (scRNA-seq)",right,,fw023956,FBbt_00100248,,isomorphic,,,
81910936813876823,720575940609634571,164776.0,31600.0,4723.0,164776.0,31600.0,4723.0,7060989.0,intrinsic,central,Kenyon_Cell,KCab,11862.0,KCab,KCab-s,MBp4,MBp4,dopamine,0.5843848618726799,"acetylcholine; sNPF; acetylcholine, sNPF","Barnstedt et al. 2016 (immuno, RNAi); Johard et al. (immuno); Aso et al. 2019 (scRNA-seq)",right,,fw023962,FBbt_00100248,,isomorphic,,,
81208074072909036,720575940639688611,154416.0,43696.0,5211.0,154416.0,43696.0,5211.0,6376048.0,intrinsic,central,Kenyon_Cell,KCab,11862.0,KCab,KCab-s,MBp2,MBp2,dopamine,0.6728749550468617,"acetylcholine; sNPF; acetylcholine, sNPF","Barnstedt et al. 2016 (immuno, RNAi); Johard et al. (immuno); Aso et al. 2019 (scRNA-seq)",right,,fw023966,FBbt_00100248,,isomorphic,,,
81418218098557234,720575940620813478,157128.0,29504.0,4195.0,157128.0,29504.0,4195.0,6695809.0,intrinsic,central,Kenyon_Cell,,17488.0,KCapbp-ap2,KCa'b'-ap2,MBp3,MBp3,dopamine,0.5330799858050408,acetylcholine; acetylcholine,"Barnstedt et al. 2016 (immuno, RNAi); Aso et al. 2019 (scRNA-seq)",right,,fw023971,FBbt:00049837,,isomorphic,,,
81207798658125413,720575940628788496,153959.0,40521.0,1091.0,165736.0,28888.0,4146.0,7062872.0,intrinsic,central,Kenyon_Cell,,17488.0,KCapbp-ap1,KCa'b'-ap1,MBp4,MBp4,dopamine,0.5313436733079961,acetylcholine; acetylcholine,"Barnstedt et al. 2016 (immuno, RNAi); Aso et al. 2019 (scRNA-seq)",right,,fw023972,FBbt:00049836,,isomorphic,,,
81559848940236006,720575940619978266,159369.0,43549.0,4294.0,167536.0,35896.0,4836.0,7075419.0,intrinsic,central,Kenyon_Cell,KCg,14292.0,KCg-m,KCg-m,MBp4,MBp4,dopamine,0.765596668170929,"acetylcholine; sNPF; acetylcholine, sNPF","Barnstedt et al. 2016 (immuno); Johard et al., 2008 (immuno); Aso et al. 2019 (scRNA-seq)",right,,fw023975,FBbt_00111061,,isomorphic,,,
81488449403796537,720575940629328591,157752.0,27856.0,4206.0,157752.0,27856.0,4206.0,6696638.0,intrinsic,central,Kenyon_Cell,,17488.0,KCapbp-ap2,KCa'b'-ap2,MBp3,MBp3,dopamine,0.5187120490193022,acetylcholine; acetylcholine,"Barnstedt et al. 2016 (immuno, RNAi); Aso et al. 2019 (scRNA-seq)",right,,fw023984,FBbt:00049837,,isomorphic,,,
80855405517444247,720575940622894349,149016.0,31376.0,4048.0,149016.0,31376.0,4048.0,6308022.0,intrinsic,central,Kenyon_Cell,KCg,14292.0,KCg-m,KCg-m,MBp1,MBp1,dopamine,0.8159413442706344,"acetylcholine; sNPF; acetylcholine, sNPF","Barnstedt et al. 2016 (immuno); Johard et al., 2008 (immuno); Aso et al. 2019 (scRNA-seq)",right,,fw024016,FBbt_00111061,,isomorphic,,,
81348673921238643,720575940620578269,155848.0,41987.0,3897.0,151784.0,31176.0,4648.0,6316322.0,intrinsic,central,Kenyon_Cell,KCab,11862.0,KCab,KCab-m,MBp1,MBp1,dopamine,0.5984037560726727,"acetylcholine; sNPF; acetylcholine, sNPF","Barnstedt et al. 2016 (immuno, RNAi); Johard et al. (immuno); Aso et al. 2019 (scRNA-seq)",right,,fw024017,FBbt_00100248,,isomorphic,,,
80854993200412880,720575940631782712,148616.0,25888.0,3872.0,148616.0,25888.0,3872.0,6307838.0,intrinsic,central,Kenyon_Cell,,17488.0,KCapbp-ap1,KCa'b'-ap1,MBp1,MBp1,dopamine,0.5143967377786923,acetylcholine; acetylcholine,"Barnstedt et al. 2016 (immuno, RNAi); Aso et al. 2019 (scRNA-seq)",right,,fw024020,FBbt:00049836,,isomorphic,,,
81348880280776125,720575940619026241,156320.0,45224.0,5223.0,156320.0,45224.0,5223.0,6826138.0,intrinsic,central,Kenyon_Cell,,17488.0,KCapbp-ap1,KCa'b'-ap1,MBp2,MBp2,dopamine,0.6063245353143524,acetylcholine; acetylcholine,"Barnstedt et al. 2016 (immuno, RNAi); Aso et al. 2019 (scRNA-seq)",right,,fw024024,FBbt:00049836,,isomorphic,,,
81840499283455864,720575940621056577,163008.0,31168.0,4421.0,163008.0,31168.0,4421.0,6712637.0,intrinsic,central,Kenyon_Cell,KCg,14292.0,KCg-m,KCg-m,MBp4,MBp4,dopamine,0.6965513807690062,"acetylcholine; sNPF; acetylcholine, sNPF","Barnstedt et al. 2016 (immuno); Johard et al., 2008 (immuno); Aso et al. 2019 (scRNA-seq)",right,,fw024025,FBbt_00111061,,isomorphic,,,
81840361844262940,720575940622669508,163336.0,28888.0,4286.0,163336.0,28888.0,4286.0,6713498.0,intrinsic,central,Kenyon_Cell,KCg,14292.0,KCg-m,KCg-m,MBp4,MBp4,dopamine,0.7545302069149686,"acetylcholine; sNPF; acetylcholine, sNPF","Barnstedt et al. 2016 (immuno); Johard et al., 2008 (immuno); Aso et al. 2019 (scRNA-seq)",right,,fw024029,FBbt_00111061,,isomorphic,,,
81559917659712004,720575940636839280,159303.0,43713.0,4294.0,161032.0,37944.0,5005.0,6748886.0,intrinsic,central,Kenyon_Cell,KCg,19102.0,KCg-d,KCg-d,MBp3,MBp3,dopamine,0.7138081753239437,"acetylcholine; sNPF; acetylcholine, sNPF","Barnstedt et al. 2016 (immuno); Johard et al., 2008 (immuno); Aso et al. 2019 (scRNA-seq)",right,,fw024031,FBbt_00110932,,isomorphic,,,
81489480196042825,720575940605551718,158620.0,43207.0,4294.0,158016.0,38104.0,5250.0,6757977.0,intrinsic,central,Kenyon_Cell,KCg,14292.0,KCg-m,KCg-m,MBp3,MBp3,dopamine,0.7587346120094344,"acetylcholine; sNPF; acetylcholine, sNPF","Barnstedt et al. 2016 (immuno); Johard et al., 2008 (immuno); Aso et al. 2019 (scRNA-seq)",right,,fw024036,FBbt_00111061,,isomorphic,,,
80925705608934096,720575940630180935,150152.0,31304.0,4289.0,150152.0,31304.0,4289.0,6314808.0,intrinsic,central,Kenyon_Cell,,17488.0,KCapbp-m,KCa'b'-m,MBp1,MBp1,dopamine,0.5825489851197238,acetylcholine; acetylcholine,"Barnstedt et al. 2016 (immuno, RNAi); Aso et al. 2019 (scRNA-seq)",right,,fw024048,FBbt:00100253,,isomorphic,,,
81700517776592550,720575940659765121,161656.0,42504.0,5035.0,161656.0,42504.0,5035.0,6825442.0,intrinsic,central,Kenyon_Cell,KCab,11862.0,KCab,KCab-m,MBp2,MBp2,dopamine,0.5718193880729889,"acetylcholine; sNPF; acetylcholine, sNPF","Barnstedt et al. 2016 (immuno, RNAi); Johard et al. (immuno); Aso et al. 2019 (scRNA-seq)",right,,fw024055,FBbt_00100248,,isomorphic,,,
81489617568144272,720575940626321482,157812.0,44817.0,3976.0,148680.0,36608.0,4790.0,6351851.0,intrinsic,central,Kenyon_Cell,KCg,14292.0,KCg-m,KCg-m,MBp2,MBp2,dopamine,0.6615282849400285,"acetylcholine; sNPF; acetylcholine, sNPF","Barnstedt et al. 2016 (immuno); Johard et al., 2008 (immuno); Aso et al. 2019 (scRNA-seq)",right,,fw024065,FBbt_00111061,,isomorphic,,,
80854993267168657,720575940615768693,148408.0,25960.0,4147.0,148408.0,25960.0,4147.0,6311643.0,intrinsic,central,Kenyon_Cell,,17488.0,KCapbp-m,KCa'b'-m,MBp1,MBp1,dopamine,0.5061885769304154,acetylcholine; acetylcholine,"Barnstedt et al. 2016 (immuno, RNAi); Aso et al. 2019 (scRNA-seq)",right,,fw024066,FBbt:00100253,,isomorphic,,,
80503355638093044,720575940621987255,144288.0,29056.0,3980.0,144288.0,29056.0,3980.0,5630553.0,intrinsic,central,Kenyon_Cell,KCg,14292.0,KCg-m,KCg-m,MBp1,MBp1,dopamine,0.7466502218565403,"acetylcholine; sNPF; acetylcholine, sNPF","Barnstedt et al. 2016 (immuno); Johard et al., 2008 (immuno); Aso et al. 2019 (scRNA-seq)",right,,fw024075,FBbt_00111061,,isomorphic,,,
81348742640710094,720575940616588683,156332.0,42758.0,3896.0,146696.0,31440.0,4317.0,5641175.0,intrinsic,central,Kenyon_Cell,KCab,11862.0,KCab,KCab-m,MBp1,MBp1,dopamine,0.6456494269869156,"acetylcholine; sNPF; acetylcholine, sNPF","Barnstedt et al. 2016 (immuno, RNAi); Johard et al. (immuno); Aso et al. 2019 (scRNA-seq)",right,,fw024082,FBbt_00100248,,isomorphic,,,
82544255444512091,720575940640758157,173520.0,31752.0,4287.0,173520.0,31752.0,4287.0,7336618.0,intrinsic,central,Kenyon_Cell,KCab,11862.0,KCab,KCab-s,MBp4,MBp4,dopamine,0.575567690912645,"acetylcholine; sNPF; acetylcholine, sNPF","Barnstedt et al. 2016 (immuno, RNAi); Johard et al. (immuno); Aso et al. 2019 (scRNA-seq)",right,,fw024089,FBbt_00100248,,isomorphic,,,
80643886967570232,720575940606621362,145752.0,25608.0,3650.0,145752.0,25608.0,3650.0,5631170.0,intrinsic,central,Kenyon_Cell,KCg,14292.0,KCg-m,KCg-m,MBp1,MBp1,dopamine,0.7344462999258785,"acetylcholine; sNPF; acetylcholine, sNPF","Barnstedt et al. 2016 (immuno); Johard et al., 2008 (immuno); Aso et al. 2019 (scRNA-seq)",right,,fw024094,FBbt_00111061,,isomorphic,,,
80996143072954634,720575940646606724,150644.0,31594.0,4572.0,151616.0,29800.0,4422.0,6316126.0,intrinsic,central,Kenyon_Cell,KCab,11862.0,KCab,KCab-m,MBp1,MBp1,dopamine,0.600143931262718,"acetylcholine; sNPF; acetylcholine, sNPF","Barnstedt et al. 2016 (immuno, RNAi); Johard et al. (immuno); Aso et al. 2019 (scRNA-seq)",right,,fw024100,FBbt_00100248,,isomorphic,,,
81559848940220994,720575940635309304,159432.0,43471.0,4294.0,166472.0,34824.0,4897.0,7075038.0,intrinsic,central,Kenyon_Cell,KCg,14292.0,KCg-m,KCg-m,MBp4,MBp4,dopamine,0.7444383408013822,"acetylcholine; sNPF; acetylcholine, sNPF","Barnstedt et al. 2016 (immuno); Johard et al., 2008 (immuno); Aso et al. 2019 (scRNA-seq)",right,,fw024102,FBbt_00111061,,isomorphic,,,
81559505476934134,720575940629507450,159320.0,38224.0,5220.0,159320.0,38224.0,5220.0,6776977.0,intrinsic,central,Kenyon_Cell,KCg,14292.0,KCg-m,KCg-m,MBp3,MBp3,dopamine,0.7916071335657237,"acetylcholine; sNPF; acetylcholine, sNPF","Barnstedt et al. 2016 (immuno); Johard et al., 2008 (immuno); Aso et al. 2019 (scRNA-seq)",right,,fw024104,FBbt_00111061,,isomorphic,,,
82051536796688162,720575940630443791,166024.0,29616.0,4590.0,166024.0,29616.0,4590.0,7063121.0,intrinsic,central,Kenyon_Cell,KCab,11862.0,KCab,KCab-s,MBp4,MBp4,dopamine,0.6081303949243656,"acetylcholine; sNPF; acetylcholine, sNPF","Barnstedt et al. 2016 (immuno, RNAi); Johard et al. (immuno); Aso et al. 2019 (scRNA-seq)",right,,fw024110,FBbt_00100248,,isomorphic,,,
81629118172922674,720575940626657808,160632.0,26384.0,4375.0,160632.0,26384.0,4375.0,6701989.0,intrinsic,central,Kenyon_Cell,KCab,11862.0,KCab,KCab-s,MBp4,MBp4,dopamine,0.5720657786125557,"acetylcholine; sNPF; acetylcholine, sNPF","Barnstedt et al. 2016 (immuno, RNAi); Johard et al. (immuno); Aso et al. 2019 (scRNA-seq)",right,,fw024112,FBbt_00100248,,isomorphic,,,
81559917659702155,720575940630063415,158828.0,43684.0,4293.0,159080.0,46880.0,5218.0,6827258.0,intrinsic,central,Kenyon_Cell,KCg,19102.0,KCg-d,KCg-d,MBp2,MBp2,dopamine,0.7747387916376601,"acetylcholine; sNPF; acetylcholine, sNPF","Barnstedt et al. 2016 (immuno); Johard et al., 2008 (immuno); Aso et al. 2019 (scRNA-seq)",right,,fw024118,FBbt_00110932,,isomorphic,,,
81137155572846471,720575940621175472,153192.0,35920.0,5166.0,153192.0,35920.0,5166.0,6355670.0,intrinsic,central,Kenyon_Cell,,17488.0,KCapbp-m,KCa'b'-m,MBp3,MBp3,dopamine,0.5156483658512856,acetylcholine; acetylcholine,"Barnstedt et al. 2016 (immuno, RNAi); Aso et al. 2019 (scRNA-seq)",right,,fw024123,FBbt:00100253,,isomorphic,,,
80714461870475349,720575940627045636,146960.0,28536.0,3904.0,146960.0,28536.0,3904.0,5631677.0,intrinsic,central,Kenyon_Cell,KCg,14292.0,KCg-m,KCg-m,MBp1,MBp1,dopamine,0.7874493650393157,"acetylcholine; sNPF; acetylcholine, sNPF","Barnstedt et al. 2016 (immuno); Johard et al., 2008 (immuno); Aso et al. 2019 (scRNA-seq)",right,,fw024127,FBbt_00111061,,isomorphic,,,
81348742640953885,720575940622844003,155702.0,43457.0,4102.0,156480.0,45784.0,5078.0,6823003.0,intrinsic,central,Kenyon_Cell,KCg,14292.0,KCg-m,KCg-m,MBp2,MBp2,dopamine,0.7661082562832572,"acetylcholine; sNPF; acetylcholine, sNPF","Barnstedt et al. 2016 (immuno); Johard et al., 2008 (immuno); Aso et al. 2019 (scRNA-seq)",right,,fw024132,FBbt_00111061,,isomorphic,,,
81278305177310326,720575940617390036,154935.0,42290.0,4102.0,145152.0,25200.0,3684.0,5630859.0,intrinsic,central,Kenyon_Cell,KCg,14292.0,KCg-m,KCg-m,MBp1,MBp1,dopamine,0.7800886201340462,"acetylcholine; sNPF; acetylcholine, sNPF","Barnstedt et al. 2016 (immuno); Johard et al., 2008 (immuno); Aso et al. 2019 (scRNA-seq)",right,,fw024141,FBbt_00111061,,isomorphic,,,
81630286337017845,720575940630351903,159728.0,43693.0,3976.0,169600.0,33928.0,4658.0,7076298.0,intrinsic,central,Kenyon_Cell,KCg,14292.0,KCg-m,KCg-m,MBp4,MBp4,dopamine,0.7972760797858462,"acetylcholine; sNPF; acetylcholine, sNPF","Barnstedt et al. 2016 (immuno); Johard et al., 2008 (immuno); Aso et al. 2019 (scRNA-seq)",right,,fw024143,FBbt_00111061,,isomorphic,,,
81559848940221004,720575940626702232,159211.0,43505.0,4294.0,156648.0,45424.0,5006.0,6823110.0,intrinsic,central,Kenyon_Cell,KCg,14292.0,KCg-m,KCg-m,MBp2,MBp2,dopamine,0.7706904513727909,"acetylcholine; sNPF; acetylcholine, sNPF","Barnstedt et al. 2016 (immuno); Johard et al., 2008 (immuno); Aso et al. 2019 (scRNA-seq)",right,,fw024144,FBbt_00111061,,isomorphic,,,
81348811360464582,720575940639090997,156183.0,43996.0,4102.0,151640.0,44848.0,5289.0,6374577.0,intrinsic,central,Kenyon_Cell,KCg,14292.0,KCg-m,KCg-m,MBp2,MBp2,dopamine,0.7815132247194486,"acetylcholine; sNPF; acetylcholine, sNPF","Barnstedt et al. 2016 (immuno); Johard et al., 2008 (immuno); Aso et al. 2019 (scRNA-seq)",right,,fw024153,FBbt_00111061,,isomorphic,,,
81136674402444146,720575940634939034,153256.0,28368.0,4235.0,153256.0,28368.0,4235.0,6318125.0,intrinsic,central,Kenyon_Cell,KCab,11862.0,KCab,KCab-s,MBp3,MBp3,dopamine,0.5963765821513983,"acetylcholine; sNPF; acetylcholine, sNPF","Barnstedt et al. 2016 (immuno, RNAi); Johard et al. (immuno); Aso et al. 2019 (scRNA-seq)",right,,fw024166,FBbt_00100248,,isomorphic,,,
82121974259899944,720575940630269660,167752.0,30864.0,4257.0,167752.0,30864.0,4257.0,7064697.0,intrinsic,central,Kenyon_Cell,KCab,11862.0,KCab,KCab-m,MBp4,MBp4,dopamine,0.6218095723766021,"acetylcholine; sNPF; acetylcholine, sNPF","Barnstedt et al. 2016 (immuno, RNAi); Johard et al. (immuno); Aso et al. 2019 (scRNA-seq)",right,,fw024176,FBbt_00100248,,isomorphic,,,
82121974259810799,720575940629036997,166912.0,30760.0,4197.0,166912.0,30760.0,4197.0,7063939.0,intrinsic,central,Kenyon_Cell,,17488.0,KCapbp-ap1,KCa'b'-ap1,MBp4,MBp4,dopamine,0.4808624089375957,acetylcholine; acetylcholine,"Barnstedt et al. 2016 (immuno, RNAi); Aso et al. 2019 (scRNA-seq)",right,,fw024179,FBbt:00049836,,isomorphic,,,
82403517956465697,720575940628012332,171216.0,32080.0,4534.0,171216.0,32080.0,4534.0,7067107.0,intrinsic,central,Kenyon_Cell,KCab,11862.0,KCab,KCab-s,MBp4,MBp4,dopamine,0.6169751645452687,"acetylcholine; sNPF; acetylcholine, sNPF","Barnstedt et al. 2016 (immuno, RNAi); Johard et al. (immuno); Aso et al. 2019 (scRNA-seq)",right,,fw024181,FBbt_00100248,,isomorphic,,,
81278373896551455,720575940608662574,155429.0,42637.0,3896.0,145728.0,30912.0,4277.0,5640670.0,intrinsic,central,Kenyon_Cell,KCab,11862.0,KCab,KCab-m,MBp1,MBp1,dopamine,0.5390403565968005,"acetylcholine; sNPF; acetylcholine, sNPF","Barnstedt et al. 2016 (immuno, RNAi); Johard et al. (immuno); Aso et al. 2019 (scRNA-seq)",right,,fw024182,FBbt_00100248,,isomorphic,,,
80784624456267928,720575940615571601,148136.0,25232.0,3897.0,148136.0,25232.0,3897.0,6307634.0,intrinsic,central,Kenyon_Cell,,17488.0,KCapbp-m,KCa'b'-m,MBp1,MBp1,dopamine,0.5088295623010146,acetylcholine; acetylcholine,"Barnstedt et al. 2016 (immuno, RNAi); Aso et al. 2019 (scRNA-seq)",right,,fw024207,FBbt:00100253,,isomorphic,,,
80925361944738118,720575940614490018,150344.0,25264.0,3965.0,150344.0,25264.0,3965.0,6308589.0,intrinsic,central,Kenyon_Cell,,17488.0,KCapbp-m,KCa'b'-m,MBp1,MBp1,dopamine,0.5242998203539907,acetylcholine; acetylcholine,"Barnstedt et al. 2016 (immuno, RNAi); Aso et al. 2019 (scRNA-seq)",right,,fw024215,FBbt:00100253,,isomorphic,,,
81348811360441922,720575940634235744,156150.0,44036.0,4103.0,152304.0,29896.0,4475.0,6317009.0,intrinsic,central,Kenyon_Cell,KCg,14292.0,KCg-m,KCg-m,MBp2,MBp2,dopamine,0.7580443855812304,"acetylcholine; sNPF; acetylcholine, sNPF","Barnstedt et al. 2016 (immuno); Johard et al., 2008 (immuno); Aso et al. 2019 (scRNA-seq)",right,,fw024216,FBbt_00111061,,isomorphic,,,
81137430451012566,720575940625939801,153376.0,40024.0,5337.0,153376.0,40024.0,5337.0,6355783.0,intrinsic,central,Kenyon_Cell,KCab,11862.0,KCab,KCab-s,MBp2,MBp2,dopamine,0.6728731346016712,"acetylcholine; sNPF; acetylcholine, sNPF","Barnstedt et al. 2016 (immuno, RNAi); Johard et al. (immuno); Aso et al. 2019 (scRNA-seq)",right,,fw024217,FBbt_00100248,,isomorphic,,,
81559848940228710,720575940622163197,158844.0,43030.0,4294.0,152256.0,30192.0,4243.0,6316936.0,intrinsic,central,Kenyon_Cell,KCg,14292.0,KCg-m,KCg-m,MBp3,MBp3,dopamine,0.8321219170189236,"acetylcholine; sNPF; acetylcholine, sNPF","Barnstedt et al. 2016 (immuno); Johard et al., 2008 (immuno); Aso et al. 2019 (scRNA-seq)",right,,fw024221,FBbt_00111061,,isomorphic,,,
81278305177390070,720575940629294636,155085.0,42581.0,4103.0,146016.0,27840.0,3791.0,5631321.0,intrinsic,central,Kenyon_Cell,KCg,14292.0,KCg-m,KCg-m,MBp1,MBp1,dopamine,0.7904187197357694,"acetylcholine; sNPF; acetylcholine, sNPF","Barnstedt et al. 2016 (immuno); Johard et al., 2008 (immuno); Aso et al. 2019 (scRNA-seq)",right,,fw024226,FBbt_00111061,,isomorphic,,,
81207936634006074,720575940625506704,154048.0,41904.0,5241.0,154048.0,41904.0,5241.0,6375913.0,intrinsic,central,Kenyon_Cell,,17488.0,KCapbp-m,KCa'b'-m,MBp2,MBp2,dopamine,0.5167267068062671,acetylcholine; acetylcholine,"Barnstedt et al. 2016 (immuno, RNAi); Aso et al. 2019 (scRNA-seq)",right,,fw024251,FBbt:00100253,,isomorphic,,,
81700311617810098,720575940624830503,161012.0,38786.0,4790.0,162752.0,29744.0,4219.0,6711931.0,intrinsic,central,Kenyon_Cell,KCg,14292.0,KCg-m,KCg-m,MBp4,MBp4,dopamine,0.8001149819471314,"acetylcholine; sNPF; acetylcholine, sNPF","Barnstedt et al. 2016 (immuno); Johard et al., 2008 (immuno); Aso et al. 2019 (scRNA-seq)",right,,fw024263,FBbt_00111061,,isomorphic,,,
81699555636434515,720575940644592494,160752.0,27536.0,4274.0,160752.0,27536.0,4274.0,6702891.0,intrinsic,central,Kenyon_Cell,KCg,14292.0,KCg-m,KCg-m,MBp4,MBp4,dopamine,0.8146568441998042,"acetylcholine; sNPF; acetylcholine, sNPF","Barnstedt et al. 2016 (immuno); Johard et al., 2008 (immuno); Aso et al. 2019 (scRNA-seq)",right,,fw024266,FBbt_00111061,,isomorphic,,,
81348742641006352,720575940624032264,155707.0,43132.0,4103.0,156856.0,44752.0,5407.0,6826299.0,intrinsic,central,Kenyon_Cell,KCg,14292.0,KCg-m,KCg-m,MBp2,MBp2,dopamine,0.7784691315643663,"acetylcholine; sNPF; acetylcholine, sNPF","Barnstedt et al. 2016 (immuno); Johard et al., 2008 (immuno); Aso et al. 2019 (scRNA-seq)",right,,fw024268,FBbt_00111061,,isomorphic,,,
82121768101420013,720575940618470383,167488.0,27416.0,4204.0,167488.0,27416.0,4204.0,7064346.0,intrinsic,central,Kenyon_Cell,,17488.0,KCapbp-m,KCa'b'-m,MBp4,MBp4,dopamine,0.5199260464563653,acetylcholine; acetylcholine,"Barnstedt et al. 2016 (immuno, RNAi); Aso et al. 2019 (scRNA-seq)",right,,fw024269,FBbt:00100253,,isomorphic,,,
81066992987225939,720575940623015694,152160.0,39144.0,5250.0,152160.0,39144.0,5250.0,6354879.0,intrinsic,central,Kenyon_Cell,KCab,11862.0,KCab,KCab-s,MBp2,MBp2,dopamine,0.6847232077138654,"acetylcholine; sNPF; acetylcholine, sNPF","Barnstedt et al. 2016 (immuno, RNAi); Johard et al. (immuno); Aso et al. 2019 (scRNA-seq)",right,,fw024287,FBbt_00100248,,isomorphic,,,
81348742640974267,720575940635452408,155802.0,43522.0,4103.0,151896.0,42592.0,5385.0,6374856.0,intrinsic,central,Kenyon_Cell,KCg,14292.0,KCg-m,KCg-m,MBp2,MBp2,dopamine,0.7348654435453901,"acetylcholine; sNPF; acetylcholine, sNPF","Barnstedt et al. 2016 (immuno); Johard et al., 2008 (immuno); Aso et al. 2019 (scRNA-seq)",right,,fw024288,FBbt_00111061,,isomorphic,,,
81559848940220988,720575940617989076,158796.0,43535.0,4294.0,156680.0,41560.0,5301.0,6826266.0,intrinsic,central,Kenyon_Cell,KCg,14292.0,KCg-m,KCg-m,MBp2,MBp2,dopamine,0.7201982715725783,"acetylcholine; sNPF; acetylcholine, sNPF","Barnstedt et al. 2016 (immuno); Johard et al., 2008 (immuno); Aso et al. 2019 (scRNA-seq)",right,,fw024305,FBbt_00111061,,isomorphic,,,
80925499383423291,720575940628071409,149480.0,28096.0,3802.0,149480.0,28096.0,3802.0,6308189.0,intrinsic,central,Kenyon_Cell,,17488.0,KCapbp-ap1,KCa'b'-ap1,MBp1,MBp1,dopamine,0.5454755636277544,acetylcholine; acetylcholine,"Barnstedt et al. 2016 (immuno, RNAi); Aso et al. 2019 (scRNA-seq)",right,,fw024316,FBbt:00049836,,isomorphic,,,
80996005633482113,720575940618849841,151144.0,30320.0,4199.0,151144.0,30320.0,4199.0,6315590.0,intrinsic,central,Kenyon_Cell,KCg,14292.0,KCg-m,KCg-m,MBp1,MBp1,dopamine,0.7616703369453749,"acetylcholine; sNPF; acetylcholine, sNPF","Barnstedt et al. 2016 (immuno); Johard et al., 2008 (immuno); Aso et al. 2019 (scRNA-seq)",right,,fw024317,FBbt_00111061,,isomorphic,,,
82333011772820109,720575940621538431,170192.0,29400.0,4164.0,170192.0,29400.0,4164.0,7066787.0,intrinsic,central,Kenyon_Cell,,17488.0,KCapbp-ap1,KCa'b'-ap1,MBp4,MBp4,dopamine,0.472081286818257,acetylcholine; acetylcholine,"Barnstedt et al. 2016 (immuno, RNAi); Aso et al. 2019 (scRNA-seq)",right,,fw024347,FBbt:00049836,,isomorphic,,,
81348742640710142,720575940637869028,156326.0,42894.0,3896.0,151120.0,34616.0,4901.0,6352493.0,intrinsic,central,Kenyon_Cell,KCab,11862.0,KCab,KCab-s,MBp1,MBp1,dopamine,0.5731987987333117,"acetylcholine; sNPF; acetylcholine, sNPF","Barnstedt et al. 2016 (immuno, RNAi); Johard et al. (immuno); Aso et al. 2019 (scRNA-seq)",right,,fw024350,FBbt_00100248,,isomorphic,,,
81348742640730413,720575940608145877,155867.0,42922.0,3897.0,149936.0,32168.0,4690.0,6314588.0,intrinsic,central,Kenyon_Cell,KCab,11862.0,KCab,KCab-m,MBp1,MBp1,dopamine,0.606130294296374,"acetylcholine; sNPF; acetylcholine, sNPF","Barnstedt et al. 2016 (immuno, RNAi); Johard et al. (immuno); Aso et al. 2019 (scRNA-seq)",right,,fw024352,FBbt_00100248,,isomorphic,,,
80714461870593095,720575940624149256,146704.0,28384.0,3990.0,146704.0,28384.0,3990.0,5631600.0,intrinsic,central,Kenyon_Cell,,17488.0,KCapbp-ap2,KCa'b'-ap2,MBp1,MBp1,dopamine,0.5457912017256862,acetylcholine; acetylcholine,"Barnstedt et al. 2016 (immuno, RNAi); Aso et al. 2019 (scRNA-seq)",right,,fw024353,FBbt:00049837,,isomorphic,,,
80996486737304964,720575940611001061,150972.0,37095.0,4974.0,149432.0,33840.0,4831.0,6352026.0,intrinsic,central,Kenyon_Cell,KCg,14292.0,KCg-m,KCg-m,MBp2,MBp2,dopamine,0.7935192716199484,"acetylcholine; sNPF; acetylcholine, sNPF","Barnstedt et al. 2016 (immuno); Johard et al., 2008 (immuno); Aso et al. 2019 (scRNA-seq)",right,,fw024359,FBbt_00111061,,isomorphic,,,
81418149379318987,720575940659314817,156712.0,29088.0,4367.0,156712.0,29088.0,4367.0,6695173.0,intrinsic,central,Kenyon_Cell,KCab,11862.0,KCab,KCab-s,MBp3,MBp3,dopamine,0.5983902539487712,"acetylcholine; sNPF; acetylcholine, sNPF","Barnstedt et al. 2016 (immuno, RNAi); Johard et al. (immuno); Aso et al. 2019 (scRNA-seq)",right,,fw024361,FBbt_00100248,,isomorphic,,,
81136399524464290,720575940629638211,153360.0,25112.0,4193.0,153360.0,25112.0,4193.0,6318220.0,intrinsic,central,Kenyon_Cell,KCab,11862.0,KCab,KCab-s,MBp3,MBp3,dopamine,0.5879222611783894,"acetylcholine; sNPF; acetylcholine, sNPF","Barnstedt et al. 2016 (immuno, RNAi); Johard et al. (immuno); Aso et al. 2019 (scRNA-seq)",right,,fw024367,FBbt_00100248,,isomorphic,,,
81910868027416713,720575940632115247,164504.0,30975.0,4293.0,168792.0,26696.0,4030.0,7057318.0,intrinsic,central,Kenyon_Cell,KCg,14292.0,KCg-m,KCg-m,MBp4,MBp4,dopamine,0.7943929487425746,"acetylcholine; sNPF; acetylcholine, sNPF","Barnstedt et al. 2016 (immuno); Johard et al., 2008 (immuno); Aso et al. 2019 (scRNA-seq)",right,,fw024379,FBbt_00111061,,isomorphic,,,
80996143072946340,720575940609684946,150513.0,31627.0,4572.0,152248.0,30376.0,4367.0,6316974.0,intrinsic,central,Kenyon_Cell,KCab,11862.0,KCab,KCab-m,MBp1,MBp1,dopamine,0.5557097463790921,"acetylcholine; sNPF; acetylcholine, sNPF","Barnstedt et al. 2016 (immuno, RNAi); Johard et al. (immuno); Aso et al. 2019 (scRNA-seq)",right,,fw024389,FBbt_00100248,,isomorphic,,,
80996074420244287,720575940623244180,151368.0,30984.0,4835.0,151368.0,30984.0,4835.0,6315835.0,intrinsic,central,Kenyon_Cell,,17488.0,KCapbp-m,KCa'b'-m,MBp3,MBp3,dopamine,0.5221144684621115,acetylcholine; acetylcholine,"Barnstedt et al. 2016 (immuno, RNAi); Aso et al. 2019 (scRNA-seq)",right,,fw024395,FBbt:00100253,,isomorphic,,,
80996486737303758,720575940622928397,150534.0,37272.0,4974.0,148968.0,33216.0,4940.0,6351908.0,intrinsic,central,Kenyon_Cell,KCg,14292.0,KCg-m,KCg-m,MBp2,MBp2,dopamine,0.7739188233671002,"acetylcholine; sNPF; acetylcholine, sNPF","Barnstedt et al. 2016 (immuno); Johard et al., 2008 (immuno); Aso et al. 2019 (scRNA-seq)",right,,fw024404,FBbt_00111061,,isomorphic,,,
81347849354797884,720575940631678689,156160.0,29816.0,4464.0,156160.0,29816.0,4464.0,6693610.0,intrinsic,central,Kenyon_Cell,KCab,11862.0,KCab,KCab-m,MBp3,MBp3,dopamine,0.6165389695756881,"acetylcholine; sNPF; acetylcholine, sNPF","Barnstedt et al. 2016 (immuno, RNAi); Johard et al. (immuno); Aso et al. 2019 (scRNA-seq)",right,,fw024411,FBbt_00100248,,isomorphic,,,
80925774328799266,720575940610137050,149867.0,32344.0,4571.0,149800.0,29752.0,4209.0,6314427.0,intrinsic,central,Kenyon_Cell,KCab,11862.0,KCab,KCab-m,MBp1,MBp1,dopamine,0.5829458365913726,"acetylcholine; sNPF; acetylcholine, sNPF","Barnstedt et al. 2016 (immuno, RNAi); Johard et al. (immuno); Aso et al. 2019 (scRNA-seq)",right,,fw024416,FBbt_00100248,,isomorphic,,,
81348742641026726,720575940614887830,155919.0,43189.0,4102.0,154448.0,45568.0,5348.0,6376038.0,intrinsic,central,Kenyon_Cell,KCg,14292.0,KCg-m,KCg-m,MBp2,MBp2,dopamine,0.8203692992922355,"acetylcholine; sNPF; acetylcholine, sNPF","Barnstedt et al. 2016 (immuno); Johard et al., 2008 (immuno); Aso et al. 2019 (scRNA-seq)",right,,fw024445,FBbt_00111061,,isomorphic,,,
80714393217844183,720575940630411259,146944.0,27528.0,4209.0,146944.0,27528.0,4209.0,5641265.0,intrinsic,central,Kenyon_Cell,,17488.0,KCapbp-m,KCa'b'-m,MBp1,MBp1,dopamine,0.516462121754746,acetylcholine; acetylcholine,"Barnstedt et al. 2016 (immuno, RNAi); Aso et al. 2019 (scRNA-seq)",right,,fw024448,FBbt:00100253,,isomorphic,,,
81558749428684079,720575940631336930,159656.0,26392.0,4352.0,159656.0,26392.0,4352.0,6699500.0,intrinsic,central,Kenyon_Cell,KCg,14292.0,KCg-m,KCg-m,MBp3,MBp3,dopamine,0.7487533315715232,"acetylcholine; sNPF; acetylcholine, sNPF","Barnstedt et al. 2016 (immuno); Johard et al., 2008 (immuno); Aso et al. 2019 (scRNA-seq)",right,,fw024450,FBbt_00111061,,isomorphic,,,
81136468177311176,720575940625002526,153336.0,25304.0,4038.0,153336.0,25304.0,4038.0,6309912.0,intrinsic,central,Kenyon_Cell,,17488.0,KCapbp-ap1,KCa'b'-ap1,MBp3,MBp3,dopamine,0.5248594514262492,acetylcholine; acetylcholine,"Barnstedt et al. 2016 (immuno, RNAi); Aso et al. 2019 (scRNA-seq)",right,,fw024454,FBbt:00049836,,isomorphic,,,
81278373896805435,720575940615931293,155201.0,42706.0,4103.0,144488.0,27032.0,3756.0,5630618.0,intrinsic,central,Kenyon_Cell,KCg,14292.0,KCg-m,KCg-m,MBp1,MBp1,dopamine,0.7563655967123075,"acetylcholine; sNPF; acetylcholine, sNPF","Barnstedt et al. 2016 (immuno); Johard et al., 2008 (immuno); Aso et al. 2019 (scRNA-seq)",right,,fw024456,FBbt_00111061,,isomorphic,,,
80996143072950545,720575940621913897,151217.0,31784.0,4572.0,150664.0,26704.0,3968.0,6308820.0,intrinsic,central,Kenyon_Cell,,17488.0,KCapbp-m,KCa'b'-m,MBp1,MBp1,dopamine,0.5293219653498513,acetylcholine; acetylcholine,"Barnstedt et al. 2016 (immuno, RNAi); Aso et al. 2019 (scRNA-seq)",right,,fw024466,FBbt:00100253,,isomorphic,,,
80855199358964167,720575940618691742,149384.0,29240.0,3998.0,149384.0,29240.0,3998.0,6308158.0,intrinsic,central,Kenyon_Cell,,17488.0,KCapbp-ap1,KCa'b'-ap1,MBp1,MBp1,dopamine,0.532646631577713,acetylcholine; acetylcholine,"Barnstedt et al. 2016 (immuno, RNAi); Aso et al. 2019 (scRNA-seq)",right,,fw024484,FBbt:00049836,,isomorphic,,,
81136536963367982,720575940624195559,152672.0,26616.0,4148.0,152672.0,26616.0,4148.0,6317501.0,intrinsic,central,Kenyon_Cell,,17488.0,KCapbp-m,KCa'b'-m,MBp3,MBp3,dopamine,0.5648908101122867,acetylcholine; acetylcholine,"Barnstedt et al. 2016 (immuno, RNAi); Aso et al. 2019 (scRNA-seq)",right,,fw024485,FBbt:00100253,,isomorphic,,,
81207798658000484,720575940626896643,153572.0,40245.0,1045.0,164848.0,29768.0,4260.0,7061134.0,intrinsic,central,Kenyon_Cell,,17488.0,KCapbp-ap1,KCa'b'-ap1,MBp4,MBp4,dopamine,0.5338203309711316,acetylcholine; acetylcholine,"Barnstedt et al. 2016 (immuno, RNAi); Aso et al. 2019 (scRNA-seq)",right,,fw024486,FBbt:00049836,,isomorphic,,,
81559848940240167,720575940629624702,159120.0,43087.0,4293.0,159984.0,26344.0,4226.0,6700094.0,intrinsic,central,Kenyon_Cell,KCg,14292.0,KCg-m,KCg-m,MBp4,MBp4,dopamine,0.7144363069844045,"acetylcholine; sNPF; acetylcholine, sNPF","Barnstedt et al. 2016 (immuno); Johard et al., 2008 (immuno); Aso et al. 2019 (scRNA-seq)",right,,fw024496,FBbt_00111061,,isomorphic,,,
81136674469470693,720575940627307855,153336.0,29024.0,4701.0,153336.0,29024.0,4701.0,6318196.0,intrinsic,central,Kenyon_Cell,KCab,11862.0,KCab,KCab-s,MBp3,MBp3,dopamine,0.6517183057306253,"acetylcholine; sNPF; acetylcholine, sNPF","Barnstedt et al. 2016 (immuno, RNAi); Johard et al. (immuno); Aso et al. 2019 (scRNA-seq)",right,,fw024501,FBbt_00100248,,isomorphic,,,
81207524317082102,720575940626782507,153992.0,36344.0,5200.0,153992.0,36344.0,5200.0,6356078.0,intrinsic,central,Kenyon_Cell,KCg,14292.0,KCg-m,KCg-m,MBp3,MBp3,dopamine,0.8034378392896094,"acetylcholine; sNPF; acetylcholine, sNPF","Barnstedt et al. 2016 (immuno); Johard et al., 2008 (immuno); Aso et al. 2019 (scRNA-seq)",right,,fw024506,FBbt_00111061,,isomorphic,,,
82262849187640696,720575940613353538,169872.0,33248.0,4527.0,169872.0,33248.0,4527.0,7076357.0,intrinsic,central,Kenyon_Cell,KCab,11862.0,KCab,KCab-s,MBp4,MBp4,dopamine,0.6180311690831093,"acetylcholine; sNPF; acetylcholine, sNPF","Barnstedt et al. 2016 (immuno, RNAi); Johard et al. (immuno); Aso et al. 2019 (scRNA-seq)",right,,fw024512,FBbt_00100248,,isomorphic,,,
81911349131135107,720575940653339041,164480.0,38248.0,5007.0,164480.0,38248.0,5007.0,7074128.0,intrinsic,central,Kenyon_Cell,KCg,14292.0,KCg-m,KCg-m,MBp3,MBp3,dopamine,0.7252981299053383,"acetylcholine; sNPF; acetylcholine, sNPF","Barnstedt et al. 2016 (immuno); Johard et al., 2008 (immuno); Aso et al. 2019 (scRNA-seq)",right,,fw024513,FBbt_00111061,,isomorphic,,,
81559917592804050,720575940632495052,159527.0,43882.0,3976.0,161064.0,29496.0,4248.0,6705018.0,intrinsic,central,Kenyon_Cell,KCg,14292.0,KCg-m,KCg-m,MBp4,MBp4,dopamine,0.8007930607934015,"acetylcholine; sNPF; acetylcholine, sNPF","Barnstedt et al. 2016 (immuno); Johard et al., 2008 (immuno); Aso et al. 2019 (scRNA-seq)",right,,fw024523,FBbt_00111061,,isomorphic,,,
81418080660180715,720575940629300043,157552.0,28040.0,4605.0,157552.0,28040.0,4605.0,6696322.0,intrinsic,central,Kenyon_Cell,KCg,14292.0,KCg-m,KCg-m,MBp3,MBp3,dopamine,0.7636786017535475,"acetylcholine; sNPF; acetylcholine, sNPF","Barnstedt et al. 2016 (immuno); Johard et al., 2008 (immuno); Aso et al. 2019 (scRNA-seq)",right,,fw024542,FBbt_00111061,,isomorphic,,,
81489549049656440,720575940616878238,158344.0,44208.0,5240.0,158344.0,44208.0,5240.0,6826996.0,intrinsic,central,Kenyon_Cell,KCab,11862.0,KCab,KCab-s,MBp2,MBp2,dopamine,0.6525769330890627,"acetylcholine; sNPF; acetylcholine, sNPF","Barnstedt et al. 2016 (immuno, RNAi); Johard et al. (immuno); Aso et al. 2019 (scRNA-seq)",right,,fw024546,FBbt_00100248,,isomorphic,,,
80996486737298061,720575940629318394,150829.0,37054.0,4975.0,150096.0,32200.0,4863.0,6314768.0,intrinsic,central,Kenyon_Cell,KCg,14292.0,KCg-m,KCg-m,MBp2,MBp2,dopamine,0.676395702126779,"acetylcholine; sNPF; acetylcholine, sNPF","Barnstedt et al. 2016 (immuno); Johard et al., 2008 (immuno); Aso et al. 2019 (scRNA-seq)",right,,fw024548,FBbt_00111061,,isomorphic,,,
81559848940232213,720575940622926472,158803.0,43179.0,4294.0,157224.0,27648.0,4547.0,6695875.0,intrinsic,central,Kenyon_Cell,KCg,14292.0,KCg-m,KCg-m,MBp3,MBp3,dopamine,0.7654947954944261,"acetylcholine; sNPF; acetylcholine, sNPF","Barnstedt et al. 2016 (immuno); Johard et al., 2008 (immuno); Aso et al. 2019 (scRNA-seq)",right,,fw024551,FBbt_00111061,,isomorphic,,,
81489480196059001,720575940636430437,158440.0,43218.0,4294.0,153008.0,43136.0,5225.0,6375378.0,intrinsic,central,Kenyon_Cell,KCg,14292.0,KCg-m,KCg-m,MBp2,MBp2,dopamine,0.7999133601362137,"acetylcholine; sNPF; acetylcholine, sNPF","Barnstedt et al. 2016 (immuno); Johard et al., 2008 (immuno); Aso et al. 2019 (scRNA-seq)",right,,fw024553,FBbt_00111061,,isomorphic,,,
81489548848637044,720575940631406547,158156.0,44310.0,3977.0,151624.0,41904.0,5066.0,6370604.0,intrinsic,central,Kenyon_Cell,KCg,14292.0,KCg-m,KCg-m,MBp2,MBp2,dopamine,0.7915355214931966,"acetylcholine; sNPF; acetylcholine, sNPF","Barnstedt et al. 2016 (immuno); Johard et al., 2008 (immuno); Aso et al. 2019 (scRNA-seq)",right,,fw024558,FBbt_00111061,,isomorphic,,,
81559917793973771,720575940628297627,158696.0,44096.0,5346.0,158696.0,44096.0,5346.0,6827104.0,intrinsic,central,Kenyon_Cell,KCab,11862.0,KCab,KCab-s,MBp2,MBp2,dopamine,0.5738214756286807,"acetylcholine; sNPF; acetylcholine, sNPF","Barnstedt et al. 2016 (immuno, RNAi); Johard et al. (immuno); Aso et al. 2019 (scRNA-seq)",right,,fw024563,FBbt_00100248,,isomorphic,,,
81559848940235949,720575940626086244,159041.0,43421.0,4293.0,157296.0,38152.0,5175.0,6752493.0,intrinsic,central,Kenyon_Cell,KCg,14292.0,KCg-m,KCg-m,MBp3,MBp3,dopamine,0.7831983591625367,"acetylcholine; sNPF; acetylcholine, sNPF","Barnstedt et al. 2016 (immuno); Johard et al., 2008 (immuno); Aso et al. 2019 (scRNA-seq)",right,,fw024564,FBbt_00111061,,isomorphic,,,
82332943053345878,720575940643497632,170480.0,28520.0,4186.0,170480.0,28520.0,4186.0,7066868.0,intrinsic,central,Kenyon_Cell,,17488.0,KCapbp-m,KCa'b'-m,MBp4,MBp4,dopamine,0.517097100346193,acetylcholine; acetylcholine,"Barnstedt et al. 2016 (immuno, RNAi); Aso et al. 2019 (scRNA-seq)",right,,fw024568,FBbt:00100253,,isomorphic,,,
81559848940224369,720575940624527091,159092.0,43574.0,4294.0,152168.0,42752.0,5044.0,6370746.0,intrinsic,central,Kenyon_Cell,KCg,14292.0,KCg-m,KCg-m,MBp2,MBp2,dopamine,0.7355862004265801,"acetylcholine; sNPF; acetylcholine, sNPF","Barnstedt et al. 2016 (immuno); Johard et al., 2008 (immuno); Aso et al. 2019 (scRNA-seq)",right,,fw024579,FBbt_00111061,,isomorphic,,,
81910730588455867,720575940613929670,164728.0,28824.0,4282.0,164728.0,28824.0,4282.0,7060651.0,intrinsic,central,Kenyon_Cell,,17488.0,KCapbp-ap1,KCa'b'-ap1,MBp4,MBp4,dopamine,0.5733067259313991,acetylcholine; acetylcholine,"Barnstedt et al. 2016 (immuno, RNAi); Aso et al. 2019 (scRNA-seq)",right,,fw024591,FBbt:00049836,,isomorphic,,,
80995799475320684,720575940637055797,151432.0,27032.0,4379.0,151432.0,27032.0,4379.0,6315833.0,intrinsic,central,Kenyon_Cell,,17488.0,KCapbp-m,KCa'b'-m,MBp1,MBp1,dopamine,0.520446021939711,acetylcholine; acetylcholine,"Barnstedt et al. 2016 (immuno, RNAi); Aso et al. 2019 (scRNA-seq)",right,,fw024593,FBbt:00100253,,isomorphic,,,
81066924267722168,720575940631035154,151960.0,37616.0,5222.0,151960.0,37616.0,5222.0,6354736.0,intrinsic,central,Kenyon_Cell,,17488.0,KCapbp-m,KCa'b'-m,MBp2,MBp2,dopamine,0.5676812610929661,acetylcholine; acetylcholine,"Barnstedt et al. 2016 (immuno, RNAi); Aso et al. 2019 (scRNA-seq)",right,,fw024618,FBbt:00100253,,isomorphic,,,
81629255612028680,720575940627480853,160456.0,28288.0,4452.0,160456.0,28288.0,4452.0,6701371.0,intrinsic,central,Kenyon_Cell,KCg,14292.0,KCg-m,KCg-m,MBp3,MBp3,dopamine,0.6896974895414179,"acetylcholine; sNPF; acetylcholine, sNPF","Barnstedt et al. 2016 (immuno); Johard et al., 2008 (immuno); Aso et al. 2019 (scRNA-seq)",right,,fw024619,FBbt_00111061,,isomorphic,,,
81489548848610382,720575940605565886,158261.0,44301.0,3977.0,149968.0,37312.0,5016.0,6352133.0,intrinsic,central,Kenyon_Cell,KCg,14292.0,KCg-m,KCg-m,MBp2,MBp2,dopamine,0.7503673781499582,"acetylcholine; sNPF; acetylcholine, sNPF","Barnstedt et al. 2016 (immuno); Johard et al., 2008 (immuno); Aso et al. 2019 (scRNA-seq)",right,,fw024624,FBbt_00111061,,isomorphic,,,
81489548848630522,720575940622654444,157986.0,44406.0,3976.0,151688.0,42480.0,5221.0,6374614.0,intrinsic,central,Kenyon_Cell,KCg,14292.0,KCg-m,KCg-m,MBp2,MBp2,dopamine,0.8080180463330631,"acetylcholine; sNPF; acetylcholine, sNPF","Barnstedt et al. 2016 (immuno); Johard et al., 2008 (immuno); Aso et al. 2019 (scRNA-seq)",right,,fw024626,FBbt_00111061,,isomorphic,,,
81207180585593334,720575940612590754,153520.0,31176.0,4257.0,153520.0,31176.0,4257.0,6318353.0,intrinsic,central,Kenyon_Cell,KCg,14292.0,KCg-m,KCg-m,MBp1,MBp1,dopamine,0.7740898213900007,"acetylcholine; sNPF; acetylcholine, sNPF","Barnstedt et al. 2016 (immuno); Johard et al., 2008 (immuno); Aso et al. 2019 (scRNA-seq)",right,,fw024627,FBbt_00111061,,isomorphic,,,
81207936634242529,720575940625376841,153888.0,41672.0,5401.0,153888.0,41672.0,5401.0,6375862.0,intrinsic,central,Kenyon_Cell,KCab,11862.0,KCab,KCab-s,MBp2,MBp2,dopamine,0.6387459215852629,"acetylcholine; sNPF; acetylcholine, sNPF","Barnstedt et al. 2016 (immuno, RNAi); Johard et al. (immuno); Aso et al. 2019 (scRNA-seq)",right,,fw024646,FBbt_00100248,,isomorphic,,,
81489480196058868,720575940630219055,158488.0,42962.0,4293.0,156904.0,30448.0,4274.0,6695517.0,intrinsic,central,Kenyon_Cell,KCg,14292.0,KCg-m,KCg-m,MBp3,MBp3,dopamine,0.7272660895094114,"acetylcholine; sNPF; acetylcholine, sNPF","Barnstedt et al. 2016 (immuno); Johard et al., 2008 (immuno); Aso et al. 2019 (scRNA-seq)",right,,fw024647,FBbt_00111061,,isomorphic,,,
81348811360441603,720575940618339777,155972.0,43872.0,4103.0,155016.0,45200.0,4998.0,6371340.0,intrinsic,central,Kenyon_Cell,KCg,14292.0,KCg-m,KCg-m,MBp2,MBp2,dopamine,0.692115874479808,"acetylcholine; sNPF; acetylcholine, sNPF","Barnstedt et al. 2016 (immuno); Johard et al., 2008 (immuno); Aso et al. 2019 (scRNA-seq)",right,,fw024651,FBbt_00111061,,isomorphic,,,
81910868027404808,720575940608281180,164719.0,31056.0,4293.0,171440.0,27784.0,4017.0,7058284.0,intrinsic,central,Kenyon_Cell,,17488.0,KCapbp-ap2,KCa'b'-ap2,MBp4,MBp4,dopamine,0.5095946216208215,acetylcholine; acetylcholine,"Barnstedt et al. 2016 (immuno, RNAi); Aso et al. 2019 (scRNA-seq)",right,,fw024654,FBbt:00049837,,isomorphic,,,
80996143072953680,720575940643769544,151035.0,32024.0,4572.0,150216.0,26488.0,4169.0,6314852.0,intrinsic,central,Kenyon_Cell,,11862.0,KCab-p,KCab-p,MBp1,MBp1,dopamine,0.6488559358849227,acetylcholine; acetylcholine,Barnstedt et al. 2016 (immuno); Aso et al. 2019 (scRNA-seq),right,,fw024674,FBbt_00110931,,isomorphic,,,
81348811360479740,720575940618184839,156070.0,43863.0,4102.0,157432.0,46896.0,5296.0,6826594.0,intrinsic,central,Kenyon_Cell,KCg,14292.0,KCg-m,KCg-m,MBp2,MBp2,dopamine,0.7587375391267587,"acetylcholine; sNPF; acetylcholine, sNPF","Barnstedt et al. 2016 (immuno); Johard et al., 2008 (immuno); Aso et al. 2019 (scRNA-seq)",right,,fw024676,FBbt_00111061,,isomorphic,,,
81419180104625567,720575940611696042,156774.0,44007.0,4103.0,153776.0,44952.0,5440.0,6375823.0,intrinsic,central,Kenyon_Cell,KCg,14292.0,KCg-m,KCg-m,MBp2,MBp2,dopamine,0.7599464916560225,"acetylcholine; sNPF; acetylcholine, sNPF","Barnstedt et al. 2016 (immuno); Johard et al., 2008 (immuno); Aso et al. 2019 (scRNA-seq)",right,,fw024681,FBbt_00111061,,isomorphic,,,
81066236938652113,720575940609066030,151960.0,27672.0,4153.0,151960.0,27672.0,4153.0,6316598.0,intrinsic,central,Kenyon_Cell,,17488.0,KCapbp-m,KCa'b'-m,MBp3,MBp3,dopamine,0.5043829354808107,acetylcholine; acetylcholine,"Barnstedt et al. 2016 (immuno, RNAi); Aso et al. 2019 (scRNA-seq)",right,,fw024684,FBbt:00100253,,isomorphic,,,
80714255712080967,720575940630139599,146672.0,25568.0,3896.0,146672.0,25568.0,3896.0,5631582.0,intrinsic,central,Kenyon_Cell,,17488.0,KCapbp-ap2,KCa'b'-ap2,MBp1,MBp1,dopamine,0.5116503119742906,acetylcholine; acetylcholine,"Barnstedt et al. 2016 (immuno, RNAi); Aso et al. 2019 (scRNA-seq)",right,,fw024685,FBbt:00049837,,isomorphic,,,
81207936634097493,720575940614229415,153672.0,42592.0,5312.0,153672.0,42592.0,5312.0,6375773.0,intrinsic,central,Kenyon_Cell,,17488.0,KCapbp-ap2,KCa'b'-ap2,MBp2,MBp2,dopamine,0.5581685229412235,acetylcholine; acetylcholine,"Barnstedt et al. 2016 (immuno, RNAi); Aso et al. 2019 (scRNA-seq)",right,,fw024693,FBbt:00049837,,isomorphic,,,
80996143072954840,720575940624629948,151062.0,31896.0,4572.0,144096.0,28256.0,4028.0,5630482.0,intrinsic,central,Kenyon_Cell,,17488.0,KCapbp-m,KCa'b'-m,MBp1,MBp1,dopamine,0.5431079527297862,acetylcholine; acetylcholine,"Barnstedt et al. 2016 (immuno, RNAi); Aso et al. 2019 (scRNA-seq)",right,,fw024695,FBbt:00100253,,isomorphic,,,
81981236771757645,720575940622637548,165584.0,31312.0,4410.0,165584.0,31312.0,4410.0,7062656.0,intrinsic,central,Kenyon_Cell,KCab,11862.0,KCab,KCab-m,MBp4,MBp4,dopamine,0.5312082470479855,"acetylcholine; sNPF; acetylcholine, sNPF","Barnstedt et al. 2016 (immuno, RNAi); Johard et al. (immuno); Aso et al. 2019 (scRNA-seq)",right,,fw024702,FBbt_00100248,,isomorphic,,,
80573724382144679,720575940630219567,144664.0,28904.0,3911.0,144664.0,28904.0,3911.0,5630693.0,intrinsic,central,Kenyon_Cell,KCg,14292.0,KCg-m,KCg-m,MBp1,MBp1,dopamine,0.7762588609402213,"acetylcholine; sNPF; acetylcholine, sNPF","Barnstedt et al. 2016 (immuno); Johard et al., 2008 (immuno); Aso et al. 2019 (scRNA-seq)",right,,fw024706,FBbt_00111061,,isomorphic,,,
81136536963554193,720575940630413087,153352.0,26808.0,4288.0,153352.0,26808.0,4288.0,6318206.0,intrinsic,central,Kenyon_Cell,KCab,11862.0,KCab,KCab-s,MBp3,MBp3,dopamine,0.581633829512338,"acetylcholine; sNPF; acetylcholine, sNPF","Barnstedt et al. 2016 (immuno, RNAi); Johard et al. (immuno); Aso et al. 2019 (scRNA-seq)",right,,fw024718,FBbt_00100248,,isomorphic,,,
80996692962615877,720575940623009416,150968.0,40352.0,5311.0,150968.0,40352.0,5311.0,6354028.0,intrinsic,central,Kenyon_Cell,KCg,14292.0,KCg-m,KCg-m,MBp2,MBp2,dopamine,0.7720877229873722,"acetylcholine; sNPF; acetylcholine, sNPF","Barnstedt et al. 2016 (immuno); Johard et al., 2008 (immuno); Aso et al. 2019 (scRNA-seq)",right,,fw024723,FBbt_00111061,,isomorphic,,,
81910661868973728,720575940628257914,164720.0,27952.0,4300.0,164720.0,27952.0,4300.0,7060570.0,intrinsic,central,Kenyon_Cell,,17488.0,KCapbp-ap2,KCa'b'-ap2,MBp4,MBp4,dopamine,0.5371067793592044,acetylcholine; acetylcholine,"Barnstedt et al. 2016 (immuno, RNAi); Aso et al. 2019 (scRNA-seq)",right,,fw024739,FBbt:00049837,,isomorphic,,,
81630217617527142,720575940627452689,160405.0,43129.0,3976.0,160064.0,29720.0,4427.0,6700254.0,intrinsic,central,Kenyon_Cell,KCg,19102.0,KCg-d,KCg-d,MBp4,MBp4,dopamine,0.6571994844787512,"acetylcholine; sNPF; acetylcholine, sNPF","Barnstedt et al. 2016 (immuno); Johard et al., 2008 (immuno); Aso et al. 2019 (scRNA-seq)",right,,fw024740,FBbt_00110932,,isomorphic,,,
80573518223650258,720575940611960872,144432.0,25856.0,3846.0,144432.0,25856.0,3846.0,5630582.0,intrinsic,central,Kenyon_Cell,,17488.0,KCapbp-ap2,KCa'b'-ap2,MBp1,MBp1,dopamine,0.5489113938957312,acetylcholine; acetylcholine,"Barnstedt et al. 2016 (immuno, RNAi); Aso et al. 2019 (scRNA-seq)",right,,fw024762,FBbt:00049837,,isomorphic,,,
80996143139747726,720575940628999579,150688.0,31392.0,4845.0,150688.0,31392.0,4845.0,6315241.0,intrinsic,central,Kenyon_Cell,,17488.0,KCapbp-m,KCa'b'-m,MBp3,MBp3,dopamine,0.5407305701091929,acetylcholine; acetylcholine,"Barnstedt et al. 2016 (immuno, RNAi); Aso et al. 2019 (scRNA-seq)",right,,fw024765,FBbt:00100253,,isomorphic,,,
81910936746891610,720575940631351619,164669.0,31401.0,4293.0,167544.0,28936.0,4181.0,7064436.0,intrinsic,central,Kenyon_Cell,,17488.0,KCapbp-ap1,KCa'b'-ap1,MBp4,MBp4,dopamine,0.4386207959911457,acetylcholine; acetylcholine,"Barnstedt et al. 2016 (immuno, RNAi); Aso et al. 2019 (scRNA-seq)",right,,fw024778,FBbt:00049836,,isomorphic,,,
80643886967841339,720575940620039956,145464.0,25536.0,3859.0,145464.0,25536.0,3859.0,5631001.0,intrinsic,central,Kenyon_Cell,,17488.0,KCapbp-ap2,KCa'b'-ap2,MBp1,MBp1,dopamine,0.5589571314954651,acetylcholine; acetylcholine,"Barnstedt et al. 2016 (immuno, RNAi); Aso et al. 2019 (scRNA-seq)",right,,fw024787,FBbt:00049837,,isomorphic,,,
81558955587241846,720575940642328736,158928.0,29496.0,4421.0,158928.0,29496.0,4421.0,6698350.0,intrinsic,central,Kenyon_Cell,KCg,14292.0,KCg-m,KCg-m,MBp3,MBp3,dopamine,0.7925223123992787,"acetylcholine; sNPF; acetylcholine, sNPF","Barnstedt et al. 2016 (immuno); Johard et al., 2008 (immuno); Aso et al. 2019 (scRNA-seq)",right,,fw024797,FBbt_00111061,,isomorphic,,,
81630286337022289,720575940622294808,159794.0,44202.0,3976.0,160528.0,30280.0,4227.0,6701426.0,intrinsic,central,Kenyon_Cell,KCg,14292.0,KCg-m,KCg-m,MBp4,MBp4,dopamine,0.8173649043391431,"acetylcholine; sNPF; acetylcholine, sNPF","Barnstedt et al. 2016 (immuno); Johard et al., 2008 (immuno); Aso et al. 2019 (scRNA-seq)",right,,fw024810,FBbt_00111061,,isomorphic,,,
81137567890017580,720575940652822945,152824.0,41672.0,5363.0,152824.0,41672.0,5363.0,6375335.0,intrinsic,central,Kenyon_Cell,KCab,11862.0,KCab,KCab-s,MBp2,MBp2,dopamine,0.6282919383653267,"acetylcholine; sNPF; acetylcholine, sNPF","Barnstedt et al. 2016 (immuno, RNAi); Johard et al. (immuno); Aso et al. 2019 (scRNA-seq)",right,,fw024839,FBbt_00100248,,isomorphic,,,
81630217684418011,720575940622996104,159758.0,43346.0,4294.0,169736.0,33160.0,4621.0,7076345.0,intrinsic,central,Kenyon_Cell,KCg,14292.0,KCg-m,KCg-m,MBp4,MBp4,dopamine,0.6644963597784529,"acetylcholine; sNPF; acetylcholine, sNPF","Barnstedt et al. 2016 (immuno); Johard et al., 2008 (immuno); Aso et al. 2019 (scRNA-seq)",right,,fw024840,FBbt_00111061,,isomorphic,,,
80925430664148847,720575940632437331,149872.0,27184.0,3938.0,149872.0,27184.0,3938.0,6308365.0,intrinsic,central,Kenyon_Cell,,11862.0,KCab-p,KCab-p,MBp1,MBp1,dopamine,0.6134352562036154,acetylcholine; acetylcholine,Barnstedt et al. 2016 (immuno); Aso et al. 2019 (scRNA-seq),right,,fw024848,FBbt_00110931,,isomorphic,,,
80855199358888201,720575940631143383,148944.0,28608.0,3944.0,148944.0,28608.0,3944.0,6307978.0,intrinsic,central,Kenyon_Cell,,17488.0,KCapbp-ap1,KCa'b'-ap1,MBp1,MBp1,dopamine,0.5122277457230301,acetylcholine; acetylcholine,"Barnstedt et al. 2016 (immuno, RNAi); Aso et al. 2019 (scRNA-seq)",right,,fw024850,FBbt:00049836,,isomorphic,,,
81278374097871720,720575940639986048,154824.0,42776.0,5411.0,154824.0,42776.0,5411.0,6376142.0,intrinsic,central,Kenyon_Cell,,17488.0,KCapbp-m,KCa'b'-m,MBp2,MBp2,dopamine,0.5298563602049453,acetylcholine; acetylcholine,"Barnstedt et al. 2016 (immuno, RNAi); Aso et al. 2019 (scRNA-seq)",right,,fw024852,FBbt:00100253,,isomorphic,,,
81348673921243385,720575940636168414,156168.0,42127.0,3897.0,153512.0,30296.0,4509.0,6318345.0,intrinsic,central,Kenyon_Cell,KCab,11862.0,KCab,KCab-s,MBp1,MBp1,dopamine,0.5989502307742981,"acetylcholine; sNPF; acetylcholine, sNPF","Barnstedt et al. 2016 (immuno, RNAi); Johard et al. (immuno); Aso et al. 2019 (scRNA-seq)",right,,fw024860,FBbt_00100248,,isomorphic,,,
81559848940225533,720575940607763467,159022.0,43582.0,4294.0,160936.0,39736.0,5034.0,6748860.0,intrinsic,central,Kenyon_Cell,KCg,14292.0,KCg-m,KCg-m,MBp2,MBp2,dopamine,0.6791686399351603,"acetylcholine; sNPF; acetylcholine, sNPF","Barnstedt et al. 2016 (immuno); Johard et al., 2008 (immuno); Aso et al. 2019 (scRNA-seq)",right,,fw024873,FBbt_00111061,,isomorphic,,,
81348742640952455,720575940657869953,155986.0,43528.0,4102.0,156368.0,45576.0,5404.0,6826142.0,intrinsic,central,Kenyon_Cell,KCg,14292.0,KCg-m,KCg-m,MBp2,MBp2,dopamine,0.7875832644517021,"acetylcholine; sNPF; acetylcholine, sNPF","Barnstedt et al. 2016 (immuno); Johard et al., 2008 (immuno); Aso et al. 2019 (scRNA-seq)",right,,fw024874,FBbt_00111061,,isomorphic,,,
81630217617527405,720575940626513027,160088.0,43530.0,3976.0,160992.0,26400.0,4209.0,6704399.0,intrinsic,central,Kenyon_Cell,KCg,14292.0,KCg-m,KCg-m,MBp4,MBp4,dopamine,0.8154266415497924,"acetylcholine; sNPF; acetylcholine, sNPF","Barnstedt et al. 2016 (immuno); Johard et al., 2008 (immuno); Aso et al. 2019 (scRNA-seq)",right,,fw024883,FBbt_00111061,,isomorphic,,,
80995730688922917,720575940628331625,151064.0,26008.0,3984.0,151064.0,26008.0,3984.0,6308988.0,intrinsic,central,Kenyon_Cell,,17488.0,KCapbp-m,KCa'b'-m,MBp3,MBp3,dopamine,0.5300666222061735,acetylcholine; acetylcholine,"Barnstedt et al. 2016 (immuno, RNAi); Aso et al. 2019 (scRNA-seq)",right,,fw024887,FBbt:00100253,,isomorphic,,,
81207936634123084,720575940621225910,153536.0,41664.0,5326.0,153536.0,41664.0,5326.0,6375670.0,intrinsic,central,Kenyon_Cell,KCab,11862.0,KCab,KCab-s,MBp2,MBp2,dopamine,0.6085148840568865,"acetylcholine; sNPF; acetylcholine, sNPF","Barnstedt et al. 2016 (immuno, RNAi); Johard et al. (immuno); Aso et al. 2019 (scRNA-seq)",right,,fw024888,FBbt_00100248,,isomorphic,,,
81277411890780399,720575940625937797,154752.0,28632.0,4223.0,154752.0,28632.0,4223.0,6319267.0,intrinsic,central,Kenyon_Cell,,17488.0,KCapbp-m,KCa'b'-m,MBp3,MBp3,dopamine,0.5211888157429475,acetylcholine; acetylcholine,"Barnstedt et al. 2016 (immuno, RNAi); Aso et al. 2019 (scRNA-seq)",right,,fw024892,FBbt:00100253,,isomorphic,,,
81559848940220855,720575940614327202,159297.0,43240.0,4294.0,170112.0,35408.0,4746.0,7076432.0,intrinsic,central,Kenyon_Cell,KCg,14292.0,KCg-m,KCg-m,MBp4,MBp4,dopamine,0.7840855710410409,"acetylcholine; sNPF; acetylcholine, sNPF","Barnstedt et al. 2016 (immuno); Johard et al., 2008 (immuno); Aso et al. 2019 (scRNA-seq)",right,,fw024922,FBbt_00111061,,isomorphic,,,
81489342690243436,720575940627018383,158071.0,40933.0,3993.0,160536.0,39952.0,5237.0,6794344.0,intrinsic,central,Kenyon_Cell,KCg,14292.0,KCg-m,KCg-m,MBp3,MBp3,dopamine,0.7869285943373964,"acetylcholine; sNPF; acetylcholine, sNPF","Barnstedt et al. 2016 (immuno); Johard et al., 2008 (immuno); Aso et al. 2019 (scRNA-seq)",right,,fw024925,FBbt_00111061,,isomorphic,,,
81559848940232257,720575940635498871,159578.0,43246.0,4294.0,160536.0,25512.0,4238.0,6701701.0,intrinsic,central,Kenyon_Cell,KCg,14292.0,KCg-m,KCg-m,MBp4,MBp4,dopamine,0.7991850095192028,"acetylcholine; sNPF; acetylcholine, sNPF","Barnstedt et al. 2016 (immuno); Johard et al., 2008 (immuno); Aso et al. 2019 (scRNA-seq)",right,,fw024928,FBbt_00111061,,isomorphic,,,
81630217684389640,720575940635908580,159868.0,43601.0,4294.0,165320.0,37504.0,4899.0,7074559.0,intrinsic,central,Kenyon_Cell,KCg,19102.0,KCg-d,KCg-d,MBp4,MBp4,dopamine,0.7017900368104326,"acetylcholine; sNPF; acetylcholine, sNPF","Barnstedt et al. 2016 (immuno); Johard et al., 2008 (immuno); Aso et al. 2019 (scRNA-seq)",right,,fw024932,FBbt_00110932,,isomorphic,,,
80925430664106148,720575940625354904,149880.0,26400.0,3908.0,149880.0,26400.0,3908.0,6308354.0,intrinsic,central,Kenyon_Cell,,17488.0,KCapbp-m,KCa'b'-m,MBp1,MBp1,dopamine,0.5711425146915006,acetylcholine; acetylcholine,"Barnstedt et al. 2016 (immuno, RNAi); Aso et al. 2019 (scRNA-seq)",right,,fw024935,FBbt:00100253,,isomorphic,,,
81630217617509792,720575940628836345,160389.0,43632.0,3976.0,166096.0,37632.0,4992.0,7074891.0,intrinsic,central,Kenyon_Cell,KCg,19102.0,KCg-d,KCg-d,MBp4,MBp4,dopamine,0.661539014736302,"acetylcholine; sNPF; acetylcholine, sNPF","Barnstedt et al. 2016 (immuno); Johard et al., 2008 (immuno); Aso et al. 2019 (scRNA-seq)",right,,fw024942,FBbt_00110932,,isomorphic,,,
81419248823960252,720575940614199914,157492.0,44766.0,3977.0,160312.0,40256.0,5028.0,6748662.0,intrinsic,central,Kenyon_Cell,KCg,14292.0,KCg-m,KCg-m,MBp2,MBp2,dopamine,0.7557949085343227,"acetylcholine; sNPF; acetylcholine, sNPF","Barnstedt et al. 2016 (immuno); Johard et al., 2008 (immuno); Aso et al. 2019 (scRNA-seq)",right,,fw024952,FBbt_00111061,,isomorphic,,,
81559780086919816,720575940619382875,159370.0,42156.0,3594.0,158357.0,32714.0,5037.0,,intrinsic,central,Kenyon_Cell,KCg,14292.0,KCg-m,KCg-m,MBp3,MBp3,dopamine,0.7580845028285077,"acetylcholine; sNPF; acetylcholine, sNPF","Barnstedt et al. 2016 (immuno); Johard et al., 2008 (immuno); Aso et al. 2019 (scRNA-seq)",right,,fw024954,FBbt_00111061,,isomorphic,,,
81489068013248874,720575940608550409,158376.0,36840.0,5174.0,158376.0,36840.0,5174.0,6762135.0,intrinsic,central,Kenyon_Cell,KCab,11862.0,KCab,KCab-s,MBp3,MBp3,dopamine,0.5733294368933296,"acetylcholine; sNPF; acetylcholine, sNPF","Barnstedt et al. 2016 (immuno, RNAi); Johard et al. (immuno); Aso et al. 2019 (scRNA-seq)",right,,fw024970,FBbt_00100248,,isomorphic,,,
81278373896536374,720575940610946730,155549.0,43022.0,3897.0,147952.0,28160.0,4309.0,6311018.0,intrinsic,central,Kenyon_Cell,KCab,11862.0,KCab,KCab-m,MBp1,MBp1,dopamine,0.5915166102080801,"acetylcholine; sNPF; acetylcholine, sNPF","Barnstedt et al. 2016 (immuno, RNAi); Johard et al. (immuno); Aso et al. 2019 (scRNA-seq)",right,,fw024971,FBbt_00100248,,isomorphic,,,
81910936747039183,720575940632951266,164528.0,31680.0,4401.0,164528.0,31680.0,4401.0,7059671.0,intrinsic,central,Kenyon_Cell,KCab,11862.0,KCab,KCab-m,MBp4,MBp4,dopamine,0.5599202330325492,"acetylcholine; sNPF; acetylcholine, sNPF","Barnstedt et al. 2016 (immuno, RNAi); Johard et al. (immuno); Aso et al. 2019 (scRNA-seq)",right,,fw024985,FBbt_00100248,,isomorphic,,,
81489548915516624,720575940630251576,158627.0,43656.0,4293.0,155008.0,39008.0,5196.0,6356828.0,intrinsic,central,Kenyon_Cell,KCg,19102.0,KCg-d,KCg-d,MBp1,MBp1,dopamine,0.60315288098029,"acetylcholine; sNPF; acetylcholine, sNPF","Barnstedt et al. 2016 (immuno); Johard et al., 2008 (immuno); Aso et al. 2019 (scRNA-seq)",right,,fw024986,FBbt_00110932,,isomorphic,,,
80996486737338829,720575940614495093,150784.0,36616.0,5013.0,150784.0,36616.0,5013.0,6352377.0,intrinsic,central,Kenyon_Cell,KCg,14292.0,KCg-m,KCg-m,MBp2,MBp2,dopamine,0.7031584120628068,"acetylcholine; sNPF; acetylcholine, sNPF","Barnstedt et al. 2016 (immuno); Johard et al., 2008 (immuno); Aso et al. 2019 (scRNA-seq)",right,,fw024990,FBbt_00111061,,isomorphic,,,
81630286337016897,720575940625741455,160068.0,43906.0,3977.0,165632.0,34968.0,4942.0,7074713.0,intrinsic,central,Kenyon_Cell,KCg,14292.0,KCg-m,KCg-m,MBp4,MBp4,dopamine,0.7434490292025326,"acetylcholine; sNPF; acetylcholine, sNPF","Barnstedt et al. 2016 (immuno); Johard et al., 2008 (immuno); Aso et al. 2019 (scRNA-seq)",right,,fw024992,FBbt_00111061,,isomorphic,,,
81348742640958627,720575940631589689,156029.0,43351.0,4102.0,152032.0,43392.0,5234.0,6374942.0,intrinsic,central,Kenyon_Cell,KCg,14292.0,KCg-m,KCg-m,MBp2,MBp2,dopamine,0.7951408520208619,"acetylcholine; sNPF; acetylcholine, sNPF","Barnstedt et al. 2016 (immuno); Johard et al., 2008 (immuno); Aso et al. 2019 (scRNA-seq)",right,,fw024995,FBbt_00111061,,isomorphic,,,
81278373896555092,720575940624859032,155154.0,42702.0,3897.0,154080.0,44648.0,5362.0,6375919.0,intrinsic,central,Kenyon_Cell,KCg,14292.0,KCg-m,KCg-m,MBp2,MBp2,dopamine,0.7399462867332659,"acetylcholine; sNPF; acetylcholine, sNPF","Barnstedt et al. 2016 (immuno); Johard et al., 2008 (immuno); Aso et al. 2019 (scRNA-seq)",right,,fw025007,FBbt_00111061,,isomorphic,,,
82192274284679736,720575940623914679,168712.0,29624.0,4296.0,168712.0,29624.0,4296.0,7066158.0,intrinsic,central,Kenyon_Cell,,17488.0,KCapbp-m,KCa'b'-m,MBp4,MBp4,dopamine,0.5808826370916569,acetylcholine; acetylcholine,"Barnstedt et al. 2016 (immuno, RNAi); Aso et al. 2019 (scRNA-seq)",right,,fw025009,FBbt:00100253,,isomorphic,,,
81981374277473484,720575940634800282,165664.0,33312.0,4670.0,165664.0,33312.0,4670.0,7074710.0,intrinsic,central,Kenyon_Cell,KCab,11862.0,KCab,KCab-m,MBp4,MBp4,dopamine,0.5487746558018993,"acetylcholine; sNPF; acetylcholine, sNPF","Barnstedt et al. 2016 (immuno, RNAi); Johard et al. (immuno); Aso et al. 2019 (scRNA-seq)",right,,fw025011,FBbt_00100248,,isomorphic,,,
81066099500050244,720575940619781620,152264.0,26104.0,4384.0,152264.0,26104.0,4384.0,6316948.0,intrinsic,central,Kenyon_Cell,KCab,11862.0,KCab,KCab-s,MBp3,MBp3,dopamine,0.6490151657125443,"acetylcholine; sNPF; acetylcholine, sNPF","Barnstedt et al. 2016 (immuno, RNAi); Johard et al. (immuno); Aso et al. 2019 (scRNA-seq)",right,,fw025014,FBbt_00100248,,isomorphic,,,
81630286337007655,720575940618148406,160059.0,43663.0,3977.0,169904.0,34712.0,4758.0,7076373.0,intrinsic,central,Kenyon_Cell,KCg,14292.0,KCg-m,KCg-m,MBp4,MBp4,dopamine,0.7936051390500591,"acetylcholine; sNPF; acetylcholine, sNPF","Barnstedt et al. 2016 (immuno); Johard et al., 2008 (immuno); Aso et al. 2019 (scRNA-seq)",right,,fw025028,FBbt_00111061,,isomorphic,,,
81559848940232469,720575940614770847,159484.0,43582.0,4294.0,163272.0,31848.0,4714.0,6713212.0,intrinsic,central,Kenyon_Cell,KCg,14292.0,KCg-m,KCg-m,MBp4,MBp4,dopamine,0.7089735126263725,"acetylcholine; sNPF; acetylcholine, sNPF","Barnstedt et al. 2016 (immuno); Johard et al., 2008 (immuno); Aso et al. 2019 (scRNA-seq)",right,,fw025032,FBbt_00111061,,isomorphic,,,
80714324498303966,720575940623756215,146888.0,27104.0,4153.0,146888.0,27104.0,4153.0,5641224.0,intrinsic,central,Kenyon_Cell,,17488.0,KCapbp-m,KCa'b'-m,MBp1,MBp1,dopamine,0.5366697234350426,acetylcholine; acetylcholine,"Barnstedt et al. 2016 (immuno, RNAi); Aso et al. 2019 (scRNA-seq)",right,,fw025033,FBbt:00100253,,isomorphic,,,
81630286403906054,720575940637689688,159676.0,43748.0,4293.0,161496.0,45880.0,5041.0,6825375.0,intrinsic,central,Kenyon_Cell,KCg,19102.0,KCg-d,KCg-d,MBp2,MBp2,dopamine,0.6736879131322705,"acetylcholine; sNPF; acetylcholine, sNPF","Barnstedt et al. 2016 (immuno); Johard et al., 2008 (immuno); Aso et al. 2019 (scRNA-seq)",right,,fw025035,FBbt_00110932,,isomorphic,,,
82544392883607159,720575940627920071,173328.0,33440.0,4404.0,173328.0,33440.0,4404.0,7351886.0,intrinsic,central,Kenyon_Cell,,17488.0,KCapbp-ap2,KCa'b'-ap2,MBp4,MBp4,dopamine,0.5369615191866787,acetylcholine; acetylcholine,"Barnstedt et al. 2016 (immuno, RNAi); Aso et al. 2019 (scRNA-seq)",right,,fw025056,FBbt:00049837,,isomorphic,,,
80996555456774183,720575940632173103,150886.0,37552.0,4975.0,149496.0,31920.0,4771.0,6313977.0,intrinsic,central,Kenyon_Cell,KCg,14292.0,KCg-m,KCg-m,MBp2,MBp2,dopamine,0.5643588485542682,"acetylcholine; sNPF; acetylcholine, sNPF","Barnstedt et al. 2016 (immuno); Johard et al., 2008 (immuno); Aso et al. 2019 (scRNA-seq)",right,,fw025061,FBbt_00111061,,isomorphic,,,
81206905707944478,720575940620036385,153736.0,26432.0,4444.0,153736.0,26432.0,4444.0,6318501.0,intrinsic,central,Kenyon_Cell,KCab,11862.0,KCab,KCab-s,MBp3,MBp3,dopamine,0.6222018936147083,"acetylcholine; sNPF; acetylcholine, sNPF","Barnstedt et al. 2016 (immuno, RNAi); Johard et al. (immuno); Aso et al. 2019 (scRNA-seq)",right,,fw025089,FBbt_00100248,,isomorphic,,,
81206974427154021,720575940616675638,154160.0,27968.0,4245.0,154160.0,27968.0,4245.0,6318807.0,intrinsic,central,Kenyon_Cell,KCab,11862.0,KCab,KCab-s,MBp3,MBp3,dopamine,0.5827482097533083,"acetylcholine; sNPF; acetylcholine, sNPF","Barnstedt et al. 2016 (immuno, RNAi); Johard et al. (immuno); Aso et al. 2019 (scRNA-seq)",right,,fw025091,FBbt_00100248,,isomorphic,,,
81348742640960574,720575940628306075,155924.0,43380.0,4102.0,152800.0,38856.0,5198.0,6355374.0,intrinsic,central,Kenyon_Cell,KCg,14292.0,KCg-m,KCg-m,MBp2,MBp2,dopamine,0.7849774992534505,"acetylcholine; sNPF; acetylcholine, sNPF","Barnstedt et al. 2016 (immuno); Johard et al., 2008 (immuno); Aso et al. 2019 (scRNA-seq)",right,,fw025093,FBbt_00111061,,isomorphic,,,
80714324431530163,720575940612846962,146856.0,26632.0,3883.0,146856.0,26632.0,3883.0,5631634.0,intrinsic,central,Kenyon_Cell,,17488.0,KCapbp-ap2,KCa'b'-ap2,MBp1,MBp1,dopamine,0.5326513225343459,acetylcholine; acetylcholine,"Barnstedt et al. 2016 (immuno, RNAi); Aso et al. 2019 (scRNA-seq)",right,,fw025094,FBbt:00049837,,isomorphic,,,
81489617769086028,720575940630067255,158496.0,45160.0,5201.0,158496.0,45160.0,5201.0,6827022.0,intrinsic,central,Kenyon_Cell,,17488.0,KCapbp-ap1,KCa'b'-ap1,MBp2,MBp2,dopamine,0.5452537113917811,acetylcholine; acetylcholine,"Barnstedt et al. 2016 (immuno, RNAi); Aso et al. 2019 (scRNA-seq)",right,,fw025098,FBbt:00049836,,isomorphic,,,
81136536896848686,720575940628651792,152760.0,26808.0,4049.0,152760.0,26808.0,4049.0,6309654.0,intrinsic,central,Kenyon_Cell,,17488.0,KCapbp-m,KCa'b'-m,MBp3,MBp3,dopamine,0.5134445686152924,acetylcholine; acetylcholine,"Barnstedt et al. 2016 (immuno, RNAi); Aso et al. 2019 (scRNA-seq)",right,,fw025099,FBbt:00100253,,isomorphic,,,
81207043146913354,720575940629485354,153656.0,28600.0,4435.0,153656.0,28600.0,4435.0,6318436.0,intrinsic,central,Kenyon_Cell,KCab,11862.0,KCab,KCab-s,MBp3,MBp3,dopamine,0.6362914461366765,"acetylcholine; sNPF; acetylcholine, sNPF","Barnstedt et al. 2016 (immuno, RNAi); Johard et al. (immuno); Aso et al. 2019 (scRNA-seq)",right,,fw025100,FBbt_00100248,,isomorphic,,,
80995799408247520,720575940607984651,150920.0,26424.0,3891.0,150920.0,26424.0,3891.0,6308929.0,intrinsic,central,Kenyon_Cell,KCg,14292.0,KCg-m,KCg-m,MBp1,MBp1,dopamine,0.7840836686890067,"acetylcholine; sNPF; acetylcholine, sNPF","Barnstedt et al. 2016 (immuno); Johard et al., 2008 (immuno); Aso et al. 2019 (scRNA-seq)",right,,fw025107,FBbt_00111061,,isomorphic,,,
81981442930424666,720575940618203783,165416.0,33632.0,4598.0,165416.0,33632.0,4598.0,7074606.0,intrinsic,central,Kenyon_Cell,KCab,11862.0,KCab,KCab-m,MBp4,MBp4,dopamine,0.5698719621872135,"acetylcholine; sNPF; acetylcholine, sNPF","Barnstedt et al. 2016 (immuno, RNAi); Johard et al. (immuno); Aso et al. 2019 (scRNA-seq)",right,,fw025116,FBbt_00100248,,isomorphic,,,
80714461937703335,720575940615907997,146912.0,29112.0,4469.0,146912.0,29112.0,4469.0,5641260.0,intrinsic,central,Kenyon_Cell,KCg,14292.0,KCg-m,KCg-m,MBp1,MBp1,dopamine,0.8525426749493414,"acetylcholine; sNPF; acetylcholine, sNPF","Barnstedt et al. 2016 (immuno); Johard et al., 2008 (immuno); Aso et al. 2019 (scRNA-seq)",right,,fw025119,FBbt_00111061,,isomorphic,,,
82403449236598409,720575940615356347,171080.0,31224.0,4230.0,171080.0,31224.0,4230.0,7067064.0,intrinsic,central,Kenyon_Cell,KCg,14292.0,KCg-m,KCg-m,MBp4,MBp4,dopamine,0.7572166720936063,"acetylcholine; sNPF; acetylcholine, sNPF","Barnstedt et al. 2016 (immuno); Johard et al., 2008 (immuno); Aso et al. 2019 (scRNA-seq)",right,,fw025124,FBbt_00111061,,isomorphic,,,
81489480196049198,720575940617937437,158607.0,42928.0,4294.0,160976.0,28208.0,4592.0,6704471.0,intrinsic,central,Kenyon_Cell,KCg,14292.0,KCg-m,KCg-m,MBp3,MBp3,dopamine,0.7928971879537267,"acetylcholine; sNPF; acetylcholine, sNPF","Barnstedt et al. 2016 (immuno); Johard et al., 2008 (immuno); Aso et al. 2019 (scRNA-seq)",right,,fw025135,FBbt_00111061,,isomorphic,,,
81910868027423358,720575940618299712,164303.0,30810.0,4294.0,168944.0,28584.0,4048.0,7057357.0,intrinsic,central,Kenyon_Cell,,17488.0,KCapbp-ap1,KCa'b'-ap1,MBp4,MBp4,dopamine,0.5670095830256702,acetylcholine; acetylcholine,"Barnstedt et al. 2016 (immuno, RNAi); Aso et al. 2019 (scRNA-seq)",right,,fw025144,FBbt:00049836,,isomorphic,,,
80996486737295440,720575940615539385,150895.0,37088.0,4974.0,150048.0,30016.0,4755.0,6314688.0,intrinsic,central,Kenyon_Cell,KCg,14292.0,KCg-m,KCg-m,MBp2,MBp2,dopamine,0.8031935180108762,"acetylcholine; sNPF; acetylcholine, sNPF","Barnstedt et al. 2016 (immuno); Johard et al., 2008 (immuno); Aso et al. 2019 (scRNA-seq)",right,,fw025145,FBbt_00111061,,isomorphic,,,
81559917659694927,720575940623888461,159593.0,43772.0,4293.0,165800.0,38392.0,4994.0,7074757.0,intrinsic,central,Kenyon_Cell,KCg,19102.0,KCg-d,KCg-d,MBp4,MBp4,dopamine,0.5389943310140483,"acetylcholine; sNPF; acetylcholine, sNPF","Barnstedt et al. 2016 (immuno); Johard et al., 2008 (immuno); Aso et al. 2019 (scRNA-seq)",right,,fw025148,FBbt_00110932,,isomorphic,,,
81558680709042328,720575940628404188,159376.0,25704.0,4219.0,159376.0,25704.0,4219.0,6698846.0,intrinsic,central,Kenyon_Cell,,17488.0,KCapbp-ap2,KCa'b'-ap2,MBp3,MBp3,dopamine,0.5381255248349933,acetylcholine; acetylcholine,"Barnstedt et al. 2016 (immuno, RNAi); Aso et al. 2019 (scRNA-seq)",right,,fw025151,FBbt:00049837,,isomorphic,,,
80854993200568596,720575940620413355,148880.0,25672.0,3980.0,148880.0,25672.0,3980.0,6307943.0,intrinsic,central,Kenyon_Cell,KCab,11862.0,KCab,KCab-s,MBp1,MBp1,dopamine,0.5806420763510121,"acetylcholine; sNPF; acetylcholine, sNPF","Barnstedt et al. 2016 (immuno, RNAi); Johard et al. (immuno); Aso et al. 2019 (scRNA-seq)",right,,fw025155,FBbt_00100248,,isomorphic,,,
81489480196052708,720575940620272832,158241.0,43498.0,4294.0,152888.0,43992.0,5353.0,6375328.0,intrinsic,central,Kenyon_Cell,KCg,14292.0,KCg-m,KCg-m,MBp2,MBp2,dopamine,0.7008036440236279,"acetylcholine; sNPF; acetylcholine, sNPF","Barnstedt et al. 2016 (immuno); Johard et al., 2008 (immuno); Aso et al. 2019 (scRNA-seq)",right,,fw025170,FBbt_00111061,,isomorphic,,,
81558680709225433,720575940637826623,158720.0,26096.0,4350.0,158720.0,26096.0,4350.0,6698063.0,intrinsic,central,Kenyon_Cell,KCg,14292.0,KCg-m,KCg-m,MBp3,MBp3,dopamine,0.7676205395277064,"acetylcholine; sNPF; acetylcholine, sNPF","Barnstedt et al. 2016 (immuno); Johard et al., 2008 (immuno); Aso et al. 2019 (scRNA-seq)",right,,fw025180,FBbt_00111061,,isomorphic,,,
81489686421925554,720575940639903696,158136.0,46384.0,5052.0,158136.0,46384.0,5052.0,6824585.0,intrinsic,central,Kenyon_Cell,KCg,14292.0,KCg-m,KCg-m,MBp2,MBp2,dopamine,0.7583934946846528,"acetylcholine; sNPF; acetylcholine, sNPF","Barnstedt et al. 2016 (immuno); Johard et al., 2008 (immuno); Aso et al. 2019 (scRNA-seq)",right,,fw025185,FBbt_00111061,,isomorphic,,,
81910661869081352,720575940659940225,164544.0,28176.0,4374.0,164544.0,28176.0,4374.0,7059917.0,intrinsic,central,Kenyon_Cell,,17488.0,KCapbp-ap2,KCa'b'-ap2,MBp4,MBp4,dopamine,0.4825137223766166,acetylcholine; acetylcholine,"Barnstedt et al. 2016 (immuno, RNAi); Aso et al. 2019 (scRNA-seq)",right,,fw025190,FBbt:00049837,,isomorphic,,,
80855061919887054,720575940625561374,149032.0,26800.0,3886.0,149032.0,26800.0,3886.0,6308018.0,intrinsic,central,Kenyon_Cell,,17488.0,KCapbp-ap1,KCa'b'-ap1,MBp1,MBp1,dopamine,0.5550690724848926,acetylcholine; acetylcholine,"Barnstedt et al. 2016 (immuno, RNAi); Aso et al. 2019 (scRNA-seq)",right,,fw025209,FBbt:00049836,,isomorphic,,,
82122043046355196,720575940621839086,167696.0,31520.0,4684.0,167696.0,31520.0,4684.0,7064681.0,intrinsic,central,Kenyon_Cell,,17488.0,KCapbp-m,KCa'b'-m,MBp4,MBp4,dopamine,0.393164550954023,acetylcholine; acetylcholine,"Barnstedt et al. 2016 (immuno, RNAi); Aso et al. 2019 (scRNA-seq)",right,,fw025213,FBbt:00100253,,isomorphic,,,
81840361844556626,720575940618758178,162752.0,28512.0,4507.0,162752.0,28512.0,4507.0,6712100.0,intrinsic,central,Kenyon_Cell,KCab,11862.0,KCab,KCab-m,MBp4,MBp4,dopamine,0.5572133969481757,"acetylcholine; sNPF; acetylcholine, sNPF","Barnstedt et al. 2016 (immuno, RNAi); Johard et al. (immuno); Aso et al. 2019 (scRNA-seq)",right,,fw025216,FBbt_00100248,,isomorphic,,,
80996555456786435,720575940625715733,150836.0,37822.0,4975.0,147952.0,35184.0,4776.0,6351386.0,intrinsic,central,Kenyon_Cell,KCg,14292.0,KCg-m,KCg-m,MBp2,MBp2,dopamine,0.7171241598630146,"acetylcholine; sNPF; acetylcholine, sNPF","Barnstedt et al. 2016 (immuno); Johard et al., 2008 (immuno); Aso et al. 2019 (scRNA-seq)",right,,fw025220,FBbt_00111061,,isomorphic,,,
81207730475486190,720575940624294072,153584.0,39296.0,5166.0,153584.0,39296.0,5166.0,6355916.0,intrinsic,central,Kenyon_Cell,,17488.0,KCapbp-m,KCa'b'-m,MBp2,MBp2,dopamine,0.4698633331889946,acetylcholine; acetylcholine,"Barnstedt et al. 2016 (immuno, RNAi); Aso et al. 2019 (scRNA-seq)",right,,fw025225,FBbt:00100253,,isomorphic,,,
81419180037485865,720575940626510211,156927.0,43978.0,3594.0,159856.0,34800.0,5054.0,6748579.0,intrinsic,central,Kenyon_Cell,KCab,11862.0,KCab,KCab-c,MBp3,MBp3,dopamine,0.5832303764483654,"acetylcholine; sNPF; acetylcholine, sNPF","Barnstedt et al. 2016 (immuno, RNAi); Johard et al. (immuno); Aso et al. 2019 (scRNA-seq)",right,,fw025227,FBbt_00100248,,isomorphic,,,
81559848940226424,720575940626688893,158819.0,43111.0,4293.0,152832.0,29136.0,4282.0,6317697.0,intrinsic,central,Kenyon_Cell,KCg,14292.0,KCg-m,KCg-m,MBp3,MBp3,dopamine,0.7426591102846812,"acetylcholine; sNPF; acetylcholine, sNPF","Barnstedt et al. 2016 (immuno); Johard et al., 2008 (immuno); Aso et al. 2019 (scRNA-seq)",right,,fw025238,FBbt_00111061,,isomorphic,,,
80855130639445263,720575940625781541,148816.0,27288.0,3956.0,148816.0,27288.0,3956.0,6307934.0,intrinsic,central,Kenyon_Cell,,17488.0,KCapbp-ap2,KCa'b'-ap2,MBp1,MBp1,dopamine,0.6137560060695385,acetylcholine; acetylcholine,"Barnstedt et al. 2016 (immuno, RNAi); Aso et al. 2019 (scRNA-seq)",right,,fw025283,FBbt:00049837,,isomorphic,,,
81489480196055682,720575940621574026,158447.0,43008.0,4294.0,154152.0,29592.0,4382.0,6318785.0,intrinsic,central,Kenyon_Cell,KCg,14292.0,KCg-m,KCg-m,MBp3,MBp3,dopamine,0.7083992018636649,"acetylcholine; sNPF; acetylcholine, sNPF","Barnstedt et al. 2016 (immuno); Johard et al., 2008 (immuno); Aso et al. 2019 (scRNA-seq)",right,,fw025292,FBbt_00111061,,isomorphic,,,
80784899468033526,720575940637465054,148184.0,30080.0,4671.0,148184.0,30080.0,4671.0,6311329.0,intrinsic,central,Kenyon_Cell,KCg,14292.0,KCg-m,KCg-m,MBp1,MBp1,dopamine,0.8279103037836413,"acetylcholine; sNPF; acetylcholine, sNPF","Barnstedt et al. 2016 (immuno); Johard et al., 2008 (immuno); Aso et al. 2019 (scRNA-seq)",right,,fw025298,FBbt_00111061,,isomorphic,,,
80996486737305212,720575940630620747,150560.0,37354.0,4974.0,148744.0,34752.0,4967.0,6351843.0,intrinsic,central,Kenyon_Cell,KCg,14292.0,KCg-m,KCg-m,MBp2,MBp2,dopamine,0.786897957761068,"acetylcholine; sNPF; acetylcholine, sNPF","Barnstedt et al. 2016 (immuno); Johard et al., 2008 (immuno); Aso et al. 2019 (scRNA-seq)",right,,fw025314,FBbt_00111061,,isomorphic,,,
82051468076838953,720575940612853354,165896.0,28560.0,4300.0,165896.0,28560.0,4300.0,7063010.0,intrinsic,central,Kenyon_Cell,,17488.0,KCapbp-ap2,KCa'b'-ap2,MBp4,MBp4,dopamine,0.5487798867666686,acetylcholine; acetylcholine,"Barnstedt et al. 2016 (immuno, RNAi); Aso et al. 2019 (scRNA-seq)",right,,fw025335,FBbt:00049837,,isomorphic,,,
80855130639526703,720575940631502509,148480.0,27912.0,4000.0,148480.0,27912.0,4000.0,6307785.0,intrinsic,central,Kenyon_Cell,,17488.0,KCapbp-ap1,KCa'b'-ap1,MBp1,MBp1,dopamine,0.5228176898576172,acetylcholine; acetylcholine,"Barnstedt et al. 2016 (immuno, RNAi); Aso et al. 2019 (scRNA-seq)",right,,fw025342,FBbt:00049836,,isomorphic,,,
81347780634943626,720575940627097733,156248.0,28864.0,4219.0,156248.0,28864.0,4219.0,6693882.0,intrinsic,central,Kenyon_Cell,,17488.0,KCapbp-ap2,KCa'b'-ap2,MBp3,MBp3,dopamine,0.5365740362282553,acetylcholine; acetylcholine,"Barnstedt et al. 2016 (immuno, RNAi); Aso et al. 2019 (scRNA-seq)",right,,fw025343,FBbt:00049837,,isomorphic,,,
81769855661207558,720575940613017059,162168.0,27088.0,4321.0,162168.0,27088.0,4321.0,6710532.0,intrinsic,central,Kenyon_Cell,,17488.0,KCapbp-ap2,KCa'b'-ap2,MBp4,MBp4,dopamine,0.5133669842788969,acetylcholine; acetylcholine,"Barnstedt et al. 2016 (immuno, RNAi); Aso et al. 2019 (scRNA-seq)",right,,fw025344,FBbt:00049837,,isomorphic,,,
81559848940234655,720575940617849920,158993.0,43269.0,4294.0,160072.0,38056.0,5170.0,6788825.0,intrinsic,central,Kenyon_Cell,KCg,14292.0,KCg-m,KCg-m,MBp4,MBp4,dopamine,0.7950901204442229,"acetylcholine; sNPF; acetylcholine, sNPF","Barnstedt et al. 2016 (immuno); Johard et al., 2008 (immuno); Aso et al. 2019 (scRNA-seq)",right,,fw025357,FBbt_00111061,,isomorphic,,,
81981924033753808,720575940628538679,165272.0,41376.0,4993.0,165272.0,41376.0,4993.0,7084330.0,intrinsic,central,Kenyon_Cell,KCab,11862.0,KCab,KCab-s,MBp2,MBp2,dopamine,0.6826138887317554,"acetylcholine; sNPF; acetylcholine, sNPF","Barnstedt et al. 2016 (immuno, RNAi); Johard et al. (immuno); Aso et al. 2019 (scRNA-seq)",right,,fw025360,FBbt_00100248,,isomorphic,,,
81277480610164382,720575940612796786,154872.0,30064.0,4149.0,154872.0,30064.0,4149.0,6319360.0,intrinsic,central,Kenyon_Cell,,17488.0,KCapbp-ap1,KCa'b'-ap1,MBp3,MBp3,dopamine,0.4857207094750287,acetylcholine; acetylcholine,"Barnstedt et al. 2016 (immuno, RNAi); Aso et al. 2019 (scRNA-seq)",right,,fw025362,FBbt:00049836,,isomorphic,,,
81770886587334351,720575940613460034,162160.0,42168.0,5176.0,162160.0,42168.0,5176.0,6831602.0,intrinsic,central,Kenyon_Cell,,17488.0,KCapbp-ap2,KCa'b'-ap2,MBp2,MBp2,dopamine,0.5112914979881532,acetylcholine; acetylcholine,"Barnstedt et al. 2016 (immuno, RNAi); Aso et al. 2019 (scRNA-seq)",right,,fw025372,FBbt:00049837,,isomorphic,,,
81559848940242605,720575940618994880,158646.0,43560.0,4293.0,157968.0,45656.0,5031.0,6824540.0,intrinsic,central,Kenyon_Cell,KCg,14292.0,KCg-m,KCg-m,MBp2,MBp2,dopamine,0.8118596442766762,"acetylcholine; sNPF; acetylcholine, sNPF","Barnstedt et al. 2016 (immuno); Johard et al., 2008 (immuno); Aso et al. 2019 (scRNA-seq)",right,,fw025378,FBbt_00111061,,isomorphic,,,
81700036740156941,720575940634012015,161328.0,35040.0,5030.0,161328.0,35040.0,5030.0,6748956.0,intrinsic,central,Kenyon_Cell,KCab,11862.0,KCab,KCab-m,MBp3,MBp3,dopamine,0.5963917001707983,"acetylcholine; sNPF; acetylcholine, sNPF","Barnstedt et al. 2016 (immuno, RNAi); Johard et al. (immuno); Aso et al. 2019 (scRNA-seq)",right,,fw025412,FBbt_00100248,,isomorphic,,,
81419042866643774,720575940643830126,157560.0,41904.0,5307.0,157560.0,41904.0,5307.0,6826618.0,intrinsic,central,Kenyon_Cell,,17488.0,KCapbp-m,KCa'b'-m,MBp2,MBp2,dopamine,0.4996950691988971,acetylcholine; acetylcholine,"Barnstedt et al. 2016 (immuno, RNAi); Aso et al. 2019 (scRNA-seq)",right,,fw025433,FBbt:00100253,,isomorphic,,,
80996143072946514,720575940630561484,151072.0,31943.0,4571.0,151768.0,26608.0,4439.0,6316210.0,intrinsic,central,Kenyon_Cell,,17488.0,KCapbp-m,KCa'b'-m,MBp1,MBp1,dopamine,0.4897783358921519,acetylcholine; acetylcholine,"Barnstedt et al. 2016 (immuno, RNAi); Aso et al. 2019 (scRNA-seq)",right,,fw025435,FBbt:00100253,,isomorphic,,,
81488380684712240,720575940637756349,157664.0,27176.0,4506.0,157664.0,27176.0,4506.0,6696484.0,intrinsic,central,Kenyon_Cell,KCg,14292.0,KCg-m,KCg-m,MBp3,MBp3,dopamine,0.8452512809357027,"acetylcholine; sNPF; acetylcholine, sNPF","Barnstedt et al. 2016 (immuno); Johard et al., 2008 (immuno); Aso et al. 2019 (scRNA-seq)",right,,fw025440,FBbt_00111061,,isomorphic,,,
80644161912633435,720575940631759161,145952.0,29768.0,4223.0,145952.0,29768.0,4223.0,5640855.0,intrinsic,central,Kenyon_Cell,KCab,11862.0,KCab,KCab-m,MBp1,MBp1,dopamine,0.6076747536704877,"acetylcholine; sNPF; acetylcholine, sNPF","Barnstedt et al. 2016 (immuno, RNAi); Johard et al. (immuno); Aso et al. 2019 (scRNA-seq)",right,,fw025442,FBbt_00100248,,isomorphic,,,
81348742640992817,720575940622844903,155601.0,43354.0,4102.0,151944.0,44080.0,5359.0,6374857.0,intrinsic,central,Kenyon_Cell,KCg,14292.0,KCg-m,KCg-m,MBp2,MBp2,dopamine,0.8415518301638086,"acetylcholine; sNPF; acetylcholine, sNPF","Barnstedt et al. 2016 (immuno); Johard et al., 2008 (immuno); Aso et al. 2019 (scRNA-seq)",right,,fw025444,FBbt_00111061,,isomorphic,,,
81630217617509350,720575940606954114,160396.0,43031.0,3977.0,160592.0,28048.0,4338.0,6701961.0,intrinsic,central,Kenyon_Cell,KCg,14292.0,KCg-m,KCg-m,MBp4,MBp4,dopamine,0.7777553167606287,"acetylcholine; sNPF; acetylcholine, sNPF","Barnstedt et al. 2016 (immuno); Johard et al., 2008 (immuno); Aso et al. 2019 (scRNA-seq)",right,,fw025453,FBbt_00111061,,isomorphic,,,
81489480196062414,720575940632123439,158234.0,43355.0,4294.0,151848.0,43448.0,5329.0,6374812.0,intrinsic,central,Kenyon_Cell,KCg,14292.0,KCg-m,KCg-m,MBp2,MBp2,dopamine,0.642192088082778,"acetylcholine; sNPF; acetylcholine, sNPF","Barnstedt et al. 2016 (immuno); Johard et al., 2008 (immuno); Aso et al. 2019 (scRNA-seq)",right,,fw025456,FBbt_00111061,,isomorphic,,,
81206836988378525,720575940628533356,154104.0,25872.0,4375.0,154104.0,25872.0,4375.0,6318745.0,intrinsic,central,Kenyon_Cell,KCab,11862.0,KCab,KCab-s,MBp3,MBp3,dopamine,0.6423162967312382,"acetylcholine; sNPF; acetylcholine, sNPF","Barnstedt et al. 2016 (immuno, RNAi); Johard et al. (immuno); Aso et al. 2019 (scRNA-seq)",right,,fw025458,FBbt_00100248,,isomorphic,,,
81559848940238222,720575940629804544,158646.0,43456.0,4294.0,154328.0,39648.0,5206.0,6356299.0,intrinsic,central,Kenyon_Cell,KCg,14292.0,KCg-m,KCg-m,MBp2,MBp2,dopamine,0.8028482448713479,"acetylcholine; sNPF; acetylcholine, sNPF","Barnstedt et al. 2016 (immuno); Johard et al., 2008 (immuno); Aso et al. 2019 (scRNA-seq)",right,,fw025459,FBbt_00111061,,isomorphic,,,
81208074073202481,720575940636675817,153744.0,43672.0,5417.0,153744.0,43672.0,5417.0,6375807.0,intrinsic,central,Kenyon_Cell,,17488.0,KCapbp-ap2,KCa'b'-ap2,MBp2,MBp2,dopamine,0.5956469370585321,acetylcholine; acetylcholine,"Barnstedt et al. 2016 (immuno, RNAi); Aso et al. 2019 (scRNA-seq)",right,,fw025462,FBbt:00049837,,isomorphic,,,
80432849454639956,720575940621094527,142672.0,26336.0,3749.0,142672.0,26336.0,3749.0,5629950.0,intrinsic,central,Kenyon_Cell,KCg,14292.0,KCg-m,KCg-m,MBp1,MBp1,dopamine,0.7469763564121166,"acetylcholine; sNPF; acetylcholine, sNPF","Barnstedt et al. 2016 (immuno); Johard et al., 2008 (immuno); Aso et al. 2019 (scRNA-seq)",right,,fw025470,FBbt_00111061,,isomorphic,,,
80714118272874672,720575940611532949,146912.0,23728.0,3701.0,146912.0,23728.0,3701.0,5593135.0,intrinsic,central,Kenyon_Cell,KCg,14292.0,KCg-m,KCg-m,MBp1,MBp1,dopamine,0.7945125573006875,"acetylcholine; sNPF; acetylcholine, sNPF","Barnstedt et al. 2016 (immuno); Johard et al., 2008 (immuno); Aso et al. 2019 (scRNA-seq)",right,,fw025475,FBbt_00111061,,isomorphic,,,
81559917592818237,720575940624837927,158970.0,43994.0,3977.0,159064.0,27856.0,4435.0,6698462.0,intrinsic,central,Kenyon_Cell,KCg,14292.0,KCg-m,KCg-m,MBp3,MBp3,dopamine,0.7439903394461787,"acetylcholine; sNPF; acetylcholine, sNPF","Barnstedt et al. 2016 (immuno); Johard et al., 2008 (immuno); Aso et al. 2019 (scRNA-seq)",right,,fw025496,FBbt_00111061,,isomorphic,,,
81630286337012946,720575940629836087,160378.0,43762.0,3976.0,161832.0,38160.0,4975.0,6749079.0,intrinsic,central,Kenyon_Cell,KCg,19102.0,KCg-d,KCg-d,MBp4,MBp4,dopamine,0.5988167115158108,"acetylcholine; sNPF; acetylcholine, sNPF","Barnstedt et al. 2016 (immuno); Johard et al., 2008 (immuno); Aso et al. 2019 (scRNA-seq)",right,,fw025499,FBbt_00110932,,isomorphic,,,
80995868194977290,720575940641360091,151016.0,27552.0,4513.0,151016.0,27552.0,4513.0,6315451.0,intrinsic,central,Kenyon_Cell,,17488.0,KCapbp-m,KCa'b'-m,MBp1,MBp1,dopamine,0.5631061636130408,acetylcholine; acetylcholine,"Barnstedt et al. 2016 (immuno, RNAi); Aso et al. 2019 (scRNA-seq)",right,,fw025501,FBbt:00100253,,isomorphic,,,
81630217818617153,720575940611802330,160344.0,42632.0,5298.0,160344.0,42632.0,5298.0,6828348.0,intrinsic,central,Kenyon_Cell,KCab,11862.0,KCab,KCab-s,MBp2,MBp2,dopamine,0.6257566584233327,"acetylcholine; sNPF; acetylcholine, sNPF","Barnstedt et al. 2016 (immuno, RNAi); Johard et al. (immuno); Aso et al. 2019 (scRNA-seq)",right,,fw025510,FBbt_00100248,,isomorphic,,,
81559848940244597,720575940618997297,158732.0,43286.0,4294.0,158272.0,38328.0,5160.0,6760427.0,intrinsic,central,Kenyon_Cell,KCg,14292.0,KCg-m,KCg-m,MBp4,MBp4,dopamine,0.7113828627636002,"acetylcholine; sNPF; acetylcholine, sNPF","Barnstedt et al. 2016 (immuno); Johard et al., 2008 (immuno); Aso et al. 2019 (scRNA-seq)",right,,fw025511,FBbt_00111061,,isomorphic,,,
81559848940227697,720575940629788012,159348.0,43293.0,4294.0,169456.0,35352.0,4685.0,7076231.0,intrinsic,central,Kenyon_Cell,KCg,14292.0,KCg-m,KCg-m,MBp4,MBp4,dopamine,0.7883935163789839,"acetylcholine; sNPF; acetylcholine, sNPF","Barnstedt et al. 2016 (immuno); Johard et al., 2008 (immuno); Aso et al. 2019 (scRNA-seq)",right,,fw025517,FBbt_00111061,,isomorphic,,,
80996143072957796,720575940610773714,151111.0,31863.0,4571.0,143048.0,25048.0,3782.0,5630093.0,intrinsic,central,Kenyon_Cell,,17488.0,KCapbp-m,KCa'b'-m,MBp1,MBp1,dopamine,0.5003656237459616,acetylcholine; acetylcholine,"Barnstedt et al. 2016 (immuno, RNAi); Aso et al. 2019 (scRNA-seq)",right,,fw025521,FBbt:00100253,,isomorphic,,,
81559848940232172,720575940621477402,158992.0,43088.0,4293.0,158648.0,37744.0,5195.0,6765571.0,intrinsic,central,Kenyon_Cell,KCg,14292.0,KCg-m,KCg-m,MBp4,MBp4,dopamine,0.7838034080880748,"acetylcholine; sNPF; acetylcholine, sNPF","Barnstedt et al. 2016 (immuno); Johard et al., 2008 (immuno); Aso et al. 2019 (scRNA-seq)",right,,fw025548,FBbt_00111061,,isomorphic,,,
81207936634088401,720575940612767126,154480.0,42048.0,5305.0,154480.0,42048.0,5305.0,6376051.0,intrinsic,central,Kenyon_Cell,,11862.0,KCab-p,KCab-p,MBp2,MBp2,dopamine,0.6744090899309518,acetylcholine; acetylcholine,Barnstedt et al. 2016 (immuno); Aso et al. 2019 (scRNA-seq),right,,fw025553,FBbt_00110931,,isomorphic,,,
81489480196047396,720575940618657950,158625.0,43419.0,4293.0,157200.0,38504.0,5249.0,6752022.0,intrinsic,central,Kenyon_Cell,KCg,14292.0,KCg-m,KCg-m,MBp4,MBp4,dopamine,0.7710358097182248,"acetylcholine; sNPF; acetylcholine, sNPF","Barnstedt et al. 2016 (immuno); Johard et al., 2008 (immuno); Aso et al. 2019 (scRNA-seq)",right,,fw025570,FBbt_00111061,,isomorphic,,,
81278305177066525,720575940614544034,155406.0,42070.0,3896.0,144848.0,25208.0,3780.0,5630746.0,intrinsic,central,Kenyon_Cell,KCg,14292.0,KCg-m,KCg-m,MBp1,MBp1,dopamine,0.7831108701282703,"acetylcholine; sNPF; acetylcholine, sNPF","Barnstedt et al. 2016 (immuno); Johard et al., 2008 (immuno); Aso et al. 2019 (scRNA-seq)",right,,fw025577,FBbt_00111061,,isomorphic,,,
81488311964965135,720575940617940304,158144.0,26168.0,4277.0,158144.0,26168.0,4277.0,6697109.0,intrinsic,central,Kenyon_Cell,,17488.0,KCapbp-ap2,KCa'b'-ap2,MBp3,MBp3,dopamine,0.56626402255417,acetylcholine; acetylcholine,"Barnstedt et al. 2016 (immuno, RNAi); Aso et al. 2019 (scRNA-seq)",right,,fw025580,FBbt:00049837,,isomorphic,,,
81278373896810141,720575940619115845,155298.0,42648.0,4103.0,148728.0,30984.0,4202.0,6312483.0,intrinsic,central,Kenyon_Cell,,17488.0,KCapbp-ap1,KCa'b'-ap1,MBp1,MBp1,dopamine,0.5438225682646307,acetylcholine; acetylcholine,"Barnstedt et al. 2016 (immuno, RNAi); Aso et al. 2019 (scRNA-seq)",right,,fw025589,FBbt:00049836,,isomorphic,,,
81348467897330908,720575940654491553,155892.0,39033.0,5132.0,163336.0,39304.0,5041.0,6749521.0,intrinsic,central,Kenyon_Cell,KCg,14292.0,KCg-m,KCg-m,MBp2,MBp2,dopamine,0.6660527140011447,"acetylcholine; sNPF; acetylcholine, sNPF","Barnstedt et al. 2016 (immuno); Johard et al., 2008 (immuno); Aso et al. 2019 (scRNA-seq)",right,,fw025602,FBbt_00111061,,isomorphic,,,
81418286818257885,720575940616859259,157536.0,30920.0,4335.0,157536.0,30920.0,4335.0,6696310.0,intrinsic,central,Kenyon_Cell,KCg,14292.0,KCg-m,KCg-m,MBp3,MBp3,dopamine,0.8033850318678848,"acetylcholine; sNPF; acetylcholine, sNPF","Barnstedt et al. 2016 (immuno); Johard et al., 2008 (immuno); Aso et al. 2019 (scRNA-seq)",right,,fw025611,FBbt_00111061,,isomorphic,,,
81136605683111469,720575940615072373,153432.0,28168.0,4353.0,153432.0,28168.0,4353.0,6318265.0,intrinsic,central,Kenyon_Cell,,17488.0,KCapbp-m,KCa'b'-m,MBp3,MBp3,dopamine,0.5266080772111481,acetylcholine; acetylcholine,"Barnstedt et al. 2016 (immuno, RNAi); Aso et al. 2019 (scRNA-seq)",right,,fw025616,FBbt:00100253,,isomorphic,,,
81981099332894986,720575940611837809,165184.0,28640.0,4500.0,165184.0,28640.0,4500.0,7061784.0,intrinsic,central,Kenyon_Cell,,17488.0,KCapbp-m,KCa'b'-m,MBp4,MBp4,dopamine,0.5129392234174437,acetylcholine; acetylcholine,"Barnstedt et al. 2016 (immuno, RNAi); Aso et al. 2019 (scRNA-seq)",right,,fw025619,FBbt:00100253,,isomorphic,,,
81559848940226503,720575940636159198,158664.0,43258.0,4294.0,157328.0,39344.0,5205.0,6752595.0,intrinsic,central,Kenyon_Cell,KCg,14292.0,KCg-m,KCg-m,MBp4,MBp4,dopamine,0.7734638308150236,"acetylcholine; sNPF; acetylcholine, sNPF","Barnstedt et al. 2016 (immuno); Johard et al., 2008 (immuno); Aso et al. 2019 (scRNA-seq)",right,,fw025626,FBbt_00111061,,isomorphic,,,
81489274171819118,720575940620649084,157680.0,40272.0,5278.0,157680.0,40272.0,5278.0,6755359.0,intrinsic,central,Kenyon_Cell,,17488.0,KCapbp-ap2,KCa'b'-ap2,MBp2,MBp2,dopamine,0.5442810190158497,acetylcholine; acetylcholine,"Barnstedt et al. 2016 (immuno, RNAi); Aso et al. 2019 (scRNA-seq)",right,,fw025635,FBbt:00049837,,isomorphic,,,
81277618049293740,720575940634849375,155144.0,31624.0,4291.0,155144.0,31624.0,4291.0,6319611.0,intrinsic,central,Kenyon_Cell,KCg,14292.0,KCg-m,KCg-m,MBp3,MBp3,dopamine,0.6933894574769859,"acetylcholine; sNPF; acetylcholine, sNPF","Barnstedt et al. 2016 (immuno); Johard et al., 2008 (immuno); Aso et al. 2019 (scRNA-seq)",right,,fw025638,FBbt_00111061,,isomorphic,,,
81629118172825929,720575940639022243,160336.0,26464.0,4296.0,160336.0,26464.0,4296.0,6700833.0,intrinsic,central,Kenyon_Cell,KCg,14292.0,KCg-m,KCg-m,MBp4,MBp4,dopamine,0.8263642852211605,"acetylcholine; sNPF; acetylcholine, sNPF","Barnstedt et al. 2016 (immuno); Johard et al., 2008 (immuno); Aso et al. 2019 (scRNA-seq)",right,,fw025642,FBbt_00111061,,isomorphic,,,
80784555736525460,720575940632371737,148264.0,25056.0,3704.0,148264.0,25056.0,3704.0,6307712.0,intrinsic,central,Kenyon_Cell,,17488.0,KCapbp-ap1,KCa'b'-ap1,MBp1,MBp1,dopamine,0.4971048317182281,acetylcholine; acetylcholine,"Barnstedt et al. 2016 (immuno, RNAi); Aso et al. 2019 (scRNA-seq)",right,,fw025644,FBbt:00049836,,isomorphic,,,
81770474203896749,720575940614981087,161952.0,35800.0,5073.0,161952.0,35800.0,5073.0,6749093.0,intrinsic,central,Kenyon_Cell,KCg,14292.0,KCg-m,KCg-m,MBp3,MBp3,dopamine,0.795302846248127,"acetylcholine; sNPF; acetylcholine, sNPF","Barnstedt et al. 2016 (immuno); Johard et al., 2008 (immuno); Aso et al. 2019 (scRNA-seq)",right,,fw025656,FBbt_00111061,,isomorphic,,,
80995799408512712,720575940603688224,151128.0,26664.0,4083.0,151128.0,26664.0,4083.0,6308932.0,intrinsic,central,Kenyon_Cell,KCab,11862.0,KCab,KCab-s,MBp3,MBp3,dopamine,0.6033663576599274,"acetylcholine; sNPF; acetylcholine, sNPF","Barnstedt et al. 2016 (immuno, RNAi); Johard et al. (immuno); Aso et al. 2019 (scRNA-seq)",right,,fw025660,FBbt_00100248,,isomorphic,,,
81348673921242289,720575940625665564,155807.0,42113.0,3897.0,149920.0,30584.0,4264.0,6314607.0,intrinsic,central,Kenyon_Cell,KCab,11862.0,KCab,KCab-m,MBp1,MBp1,dopamine,0.5592142098014509,"acetylcholine; sNPF; acetylcholine, sNPF","Barnstedt et al. 2016 (immuno, RNAi); Johard et al. (immuno); Aso et al. 2019 (scRNA-seq)",right,,fw025663,FBbt_00100248,,isomorphic,,,
80855130639363624,720575940613041123,148632.0,27928.0,3891.0,148632.0,27928.0,3891.0,6307847.0,intrinsic,central,Kenyon_Cell,,17488.0,KCapbp-ap1,KCa'b'-ap1,MBp1,MBp1,dopamine,0.5266433802072409,acetylcholine; acetylcholine,"Barnstedt et al. 2016 (immuno, RNAi); Aso et al. 2019 (scRNA-seq)",right,,fw025665,FBbt:00049836,,isomorphic,,,
81278305177073681,720575940630722757,155206.0,42237.0,3896.0,150600.0,27384.0,4200.0,6315131.0,intrinsic,central,Kenyon_Cell,,17488.0,KCapbp-ap2,KCa'b'-ap2,MBp1,MBp1,dopamine,0.4576405309766025,acetylcholine; acetylcholine,"Barnstedt et al. 2016 (immuno, RNAi); Aso et al. 2019 (scRNA-seq)",right,,fw025668,FBbt:00049837,,isomorphic,,,
81558749428469687,720575940622979475,158640.0,26600.0,4200.0,158640.0,26600.0,4200.0,6697976.0,intrinsic,central,Kenyon_Cell,,17488.0,KCapbp-ap2,KCa'b'-ap2,MBp3,MBp3,dopamine,0.572017238067149,acetylcholine; acetylcholine,"Barnstedt et al. 2016 (immuno, RNAi); Aso et al. 2019 (scRNA-seq)",right,,fw025674,FBbt:00049837,,isomorphic,,,
81559848940226593,720575940615243020,159484.0,43397.0,4293.0,170784.0,35720.0,4769.0,7076549.0,intrinsic,central,Kenyon_Cell,KCg,14292.0,KCg-m,KCg-m,MBp4,MBp4,dopamine,0.7699116025187706,"acetylcholine; sNPF; acetylcholine, sNPF","Barnstedt et al. 2016 (immuno); Johard et al., 2008 (immuno); Aso et al. 2019 (scRNA-seq)",right,,fw025680,FBbt_00111061,,isomorphic,,,
81559848940223148,720575940625476708,159642.0,43533.0,4293.0,165792.0,35937.0,4987.0,,intrinsic,central,Kenyon_Cell,KCg,14292.0,KCg-m,KCg-m,MBp4,MBp4,dopamine,0.7895018895744561,"acetylcholine; sNPF; acetylcholine, sNPF","Barnstedt et al. 2016 (immuno); Johard et al., 2008 (immuno); Aso et al. 2019 (scRNA-seq)",right,,fw025686,FBbt_00111061,,isomorphic,,,
81419317744588550,720575940644423204,157168.0,45968.0,5348.0,157168.0,45968.0,5348.0,6826456.0,intrinsic,central,Kenyon_Cell,KCg,14292.0,KCg-m,KCg-m,MBp2,MBp2,dopamine,0.7784571533444126,"acetylcholine; sNPF; acetylcholine, sNPF","Barnstedt et al. 2016 (immuno); Johard et al., 2008 (immuno); Aso et al. 2019 (scRNA-seq)",right,,fw025688,FBbt_00111061,,isomorphic,,,
81418011940517953,720575940611611378,157224.0,26640.0,4463.0,157224.0,26640.0,4463.0,6695921.0,intrinsic,central,Kenyon_Cell,KCg,14292.0,KCg-m,KCg-m,MBp3,MBp3,dopamine,0.7431554385818804,"acetylcholine; sNPF; acetylcholine, sNPF","Barnstedt et al. 2016 (immuno); Johard et al., 2008 (immuno); Aso et al. 2019 (scRNA-seq)",right,,fw025693,FBbt_00111061,,isomorphic,,,
81840980387083488,720575940611748594,163224.0,38464.0,5076.0,163224.0,38464.0,5076.0,6749498.0,intrinsic,central,Kenyon_Cell,KCg,14292.0,KCg-m,KCg-m,MBp3,MBp3,dopamine,0.7046392489716362,"acetylcholine; sNPF; acetylcholine, sNPF","Barnstedt et al. 2016 (immuno); Johard et al., 2008 (immuno); Aso et al. 2019 (scRNA-seq)",right,,fw025699,FBbt_00111061,,isomorphic,,,
80996486737301136,720575940629951292,150833.0,37399.0,4974.0,148800.0,34024.0,4936.0,6351878.0,intrinsic,central,Kenyon_Cell,KCg,14292.0,KCg-m,KCg-m,MBp2,MBp2,dopamine,0.795963963241123,"acetylcholine; sNPF; acetylcholine, sNPF","Barnstedt et al. 2016 (immuno); Johard et al., 2008 (immuno); Aso et al. 2019 (scRNA-seq)",right,,fw025704,FBbt_00111061,,isomorphic,,,
81277480610576660,720575940630879533,154552.0,30080.0,4452.0,154552.0,30080.0,4452.0,6319135.0,intrinsic,central,Kenyon_Cell,KCab,11862.0,KCab,KCab-s,MBp3,MBp3,dopamine,0.5836407868656771,"acetylcholine; sNPF; acetylcholine, sNPF","Barnstedt et al. 2016 (immuno, RNAi); Johard et al. (immuno); Aso et al. 2019 (scRNA-seq)",right,,fw025720,FBbt_00100248,,isomorphic,,,
80996486737291502,720575940630868013,150968.0,37215.0,4974.0,148304.0,31912.0,4761.0,6311500.0,intrinsic,central,Kenyon_Cell,KCg,14292.0,KCg-m,KCg-m,MBp2,MBp2,dopamine,0.7882337875995592,"acetylcholine; sNPF; acetylcholine, sNPF","Barnstedt et al. 2016 (immuno); Johard et al., 2008 (immuno); Aso et al. 2019 (scRNA-seq)",right,,fw025743,FBbt_00111061,,isomorphic,,,
81348742640958717,720575940619673936,155594.0,43391.0,4103.0,156328.0,45840.0,5288.0,6826141.0,intrinsic,central,Kenyon_Cell,KCg,14292.0,KCg-m,KCg-m,MBp2,MBp2,dopamine,0.8288751469852811,"acetylcholine; sNPF; acetylcholine, sNPF","Barnstedt et al. 2016 (immuno); Johard et al., 2008 (immuno); Aso et al. 2019 (scRNA-seq)",right,,fw025773,FBbt_00111061,,isomorphic,,,
81347711915486611,720575940619271384,156504.0,27376.0,4229.0,156504.0,27376.0,4229.0,6694729.0,intrinsic,central,Kenyon_Cell,,17488.0,KCapbp-ap2,KCa'b'-ap2,MBp3,MBp3,dopamine,0.5396550561876562,acetylcholine; acetylcholine,"Barnstedt et al. 2016 (immuno, RNAi); Aso et al. 2019 (scRNA-seq)",right,,fw025787,FBbt:00049837,,isomorphic,,,
81278305177077225,720575940628531308,155521.0,42121.0,3896.0,149216.0,31632.0,4432.0,6313517.0,intrinsic,central,Kenyon_Cell,KCab,11862.0,KCab,KCab-m,MBp1,MBp1,dopamine,0.6184978020535772,"acetylcholine; sNPF; acetylcholine, sNPF","Barnstedt et al. 2016 (immuno, RNAi); Johard et al. (immuno); Aso et al. 2019 (scRNA-seq)",right,,fw025791,FBbt_00100248,,isomorphic,,,
81630286336998938,720575940631024682,159849.0,43809.0,3977.0,159944.0,27232.0,4275.0,6700054.0,intrinsic,central,Kenyon_Cell,KCg,14292.0,KCg-m,KCg-m,MBp4,MBp4,dopamine,0.8491497662728235,"acetylcholine; sNPF; acetylcholine, sNPF","Barnstedt et al. 2016 (immuno); Johard et al., 2008 (immuno); Aso et al. 2019 (scRNA-seq)",right,,fw025796,FBbt_00111061,,isomorphic,,,
81348673921234038,720575940642010056,156361.0,42189.0,3896.0,149104.0,27928.0,4395.0,6313098.0,intrinsic,central,Kenyon_Cell,KCab,11862.0,KCab,KCab-s,MBp1,MBp1,dopamine,0.6297433855950029,"acetylcholine; sNPF; acetylcholine, sNPF","Barnstedt et al. 2016 (immuno, RNAi); Johard et al. (immuno); Aso et al. 2019 (scRNA-seq)",right,,fw025801,FBbt_00100248,,isomorphic,,,
81559848940226662,720575940632357284,158686.0,43489.0,4293.0,162728.0,41704.0,5016.0,6825648.0,intrinsic,central,Kenyon_Cell,KCg,14292.0,KCg-m,KCg-m,MBp2,MBp2,dopamine,0.7827820151975898,"acetylcholine; sNPF; acetylcholine, sNPF","Barnstedt et al. 2016 (immuno); Johard et al., 2008 (immuno); Aso et al. 2019 (scRNA-seq)",right,,fw025807,FBbt_00111061,,isomorphic,,,
81911555289510110,720575940619863174,164456.0,41512.0,4952.0,164456.0,41512.0,4952.0,7084199.0,intrinsic,central,Kenyon_Cell,KCab,11862.0,KCab,KCab-s,MBp2,MBp2,dopamine,0.6207579804271094,"acetylcholine; sNPF; acetylcholine, sNPF","Barnstedt et al. 2016 (immuno, RNAi); Johard et al. (immuno); Aso et al. 2019 (scRNA-seq)",right,,fw025817,FBbt_00100248,,isomorphic,,,
81206905640908925,720575940632388138,153648.0,26816.0,4016.0,153648.0,26816.0,4016.0,6310063.0,intrinsic,central,Kenyon_Cell,,17488.0,KCapbp-ap1,KCa'b'-ap1,MBp3,MBp3,dopamine,0.5812539253840132,acetylcholine; acetylcholine,"Barnstedt et al. 2016 (immuno, RNAi); Aso et al. 2019 (scRNA-seq)",right,,fw025821,FBbt:00049836,,isomorphic,,,
80643818248484338,720575940615785228,145568.0,25016.0,3944.0,145568.0,25016.0,3944.0,5631100.0,intrinsic,central,Kenyon_Cell,,17488.0,KCapbp-m,KCa'b'-m,MBp1,MBp1,dopamine,0.5984732035216164,acetylcholine; acetylcholine,"Barnstedt et al. 2016 (immuno, RNAi); Aso et al. 2019 (scRNA-seq)",right,,fw025877,FBbt:00100253,,isomorphic,,,
81559848940230070,720575940622999944,159561.0,43349.0,4294.0,168344.0,35512.0,4765.0,7075820.0,intrinsic,central,Kenyon_Cell,KCg,14292.0,KCg-m,KCg-m,MBp4,MBp4,dopamine,0.8135301407176566,"acetylcholine; sNPF; acetylcholine, sNPF","Barnstedt et al. 2016 (immuno); Johard et al., 2008 (immuno); Aso et al. 2019 (scRNA-seq)",right,,fw025893,FBbt_00111061,,isomorphic,,,
82333149212300936,720575940633509471,170248.0,31968.0,4516.0,170248.0,31968.0,4516.0,7066812.0,intrinsic,central,Kenyon_Cell,,17488.0,KCapbp-m,KCa'b'-m,MBp4,MBp4,dopamine,0.5076501491559196,acetylcholine; acetylcholine,"Barnstedt et al. 2016 (immuno, RNAi); Aso et al. 2019 (scRNA-seq)",right,,fw025901,FBbt:00100253,,isomorphic,,,
81488380684283207,720575940614229159,157712.0,27024.0,4173.0,157712.0,27024.0,4173.0,6696573.0,intrinsic,central,Kenyon_Cell,,17488.0,KCapbp-ap2,KCa'b'-ap2,MBp3,MBp3,dopamine,0.5454056846813791,acetylcholine; acetylcholine,"Barnstedt et al. 2016 (immuno, RNAi); Aso et al. 2019 (scRNA-seq)",right,,fw025906,FBbt:00049837,,isomorphic,,,
82051399357333898,720575940626919409,166480.0,27520.0,4284.0,166480.0,27520.0,4284.0,7063514.0,intrinsic,central,Kenyon_Cell,,17488.0,KCapbp-ap2,KCa'b'-ap2,MBp4,MBp4,dopamine,0.4814542356953006,acetylcholine; acetylcholine,"Barnstedt et al. 2016 (immuno, RNAi); Aso et al. 2019 (scRNA-seq)",right,,fw025916,FBbt:00049837,,isomorphic,,,
81418011940205483,720575940619896581,157304.0,27016.0,4246.0,157304.0,27016.0,4246.0,6696042.0,intrinsic,central,Kenyon_Cell,,17488.0,KCapbp-m,KCa'b'-m,MBp3,MBp3,dopamine,0.5320996574747822,acetylcholine; acetylcholine,"Barnstedt et al. 2016 (immuno, RNAi); Aso et al. 2019 (scRNA-seq)",right,,fw025922,FBbt:00100253,,isomorphic,,,
81278305177065238,720575940621129181,155324.0,42110.0,3898.0,148168.0,26008.0,4015.0,6307672.0,intrinsic,central,Kenyon_Cell,,17488.0,KCapbp-ap2,KCa'b'-ap2,MBp1,MBp1,dopamine,0.557205349450911,acetylcholine; acetylcholine,"Barnstedt et al. 2016 (immuno, RNAi); Aso et al. 2019 (scRNA-seq)",right,,fw025923,FBbt:00049837,,isomorphic,,,
81278374097916414,720575940611098517,155016.0,43496.0,5433.0,155016.0,43496.0,5433.0,6376198.0,intrinsic,central,Kenyon_Cell,,17488.0,KCapbp-ap2,KCa'b'-ap2,MBp2,MBp2,dopamine,0.540501018584204,acetylcholine; acetylcholine,"Barnstedt et al. 2016 (immuno, RNAi); Aso et al. 2019 (scRNA-seq)",right,,fw025929,FBbt:00049837,,isomorphic,,,
81418286818421637,720575940606399068,157432.0,30688.0,4452.0,157432.0,30688.0,4452.0,6696185.0,intrinsic,central,Kenyon_Cell,KCg,14292.0,KCg-m,KCg-m,MBp3,MBp3,dopamine,0.7806485105452803,"acetylcholine; sNPF; acetylcholine, sNPF","Barnstedt et al. 2016 (immuno); Johard et al., 2008 (immuno); Aso et al. 2019 (scRNA-seq)",right,,fw025933,FBbt_00111061,,isomorphic,,,
81770749081686950,720575940631756136,162384.0,40176.0,4958.0,162384.0,40176.0,4958.0,6749235.0,intrinsic,central,Kenyon_Cell,KCg,14292.0,KCg-m,KCg-m,MBp3,MBp3,dopamine,0.8021546420217921,"acetylcholine; sNPF; acetylcholine, sNPF","Barnstedt et al. 2016 (immuno); Johard et al., 2008 (immuno); Aso et al. 2019 (scRNA-seq)",right,,fw025934,FBbt_00111061,,isomorphic,,,
81278373896514279,720575940634800759,155234.0,42718.0,3896.0,146224.0,25224.0,3818.0,5631389.0,intrinsic,central,Kenyon_Cell,,17488.0,KCapbp-ap1,KCa'b'-ap1,MBp1,MBp1,dopamine,0.4621589370284838,acetylcholine; acetylcholine,"Barnstedt et al. 2016 (immuno, RNAi); Aso et al. 2019 (scRNA-seq)",right,,fw025936,FBbt:00049836,,isomorphic,,,
80432849454867803,720575940639727861,143128.0,26936.0,3915.0,143128.0,26936.0,3915.0,5630123.0,intrinsic,central,Kenyon_Cell,,17488.0,KCapbp-ap2,KCa'b'-ap2,MBp1,MBp1,dopamine,0.5429014087868931,acetylcholine; acetylcholine,"Barnstedt et al. 2016 (immuno, RNAi); Aso et al. 2019 (scRNA-seq)",right,,fw025943,FBbt:00049837,,isomorphic,,,
81348742841888280,720575940638472006,156200.0,43376.0,5283.0,156200.0,43376.0,5283.0,6826093.0,intrinsic,central,Kenyon_Cell,,17488.0,KCapbp-ap2,KCa'b'-ap2,MBp2,MBp2,dopamine,0.5295708743969689,acetylcholine; acetylcholine,"Barnstedt et al. 2016 (immuno, RNAi); Aso et al. 2019 (scRNA-seq)",right,,fw025954,FBbt:00049837,,isomorphic,,,
81066099499826125,720575940625318163,152184.0,26024.0,4227.0,152184.0,26024.0,4227.0,6316822.0,intrinsic,central,Kenyon_Cell,KCab,11862.0,KCab,KCab-s,MBp3,MBp3,dopamine,0.6047246282400581,"acetylcholine; sNPF; acetylcholine, sNPF","Barnstedt et al. 2016 (immuno, RNAi); Johard et al. (immuno); Aso et al. 2019 (scRNA-seq)",right,,fw025957,FBbt_00100248,,isomorphic,,,
81559848940247678,720575940630906655,158815.0,43389.0,4294.0,153456.0,37216.0,5231.0,6355804.0,intrinsic,central,Kenyon_Cell,KCg,14292.0,KCg-m,KCg-m,MBp2,MBp2,dopamine,0.7473184221319001,"acetylcholine; sNPF; acetylcholine, sNPF","Barnstedt et al. 2016 (immuno); Johard et al., 2008 (immuno); Aso et al. 2019 (scRNA-seq)",right,,fw003361,FBbt_00111061,,isomorphic,,,
81981030613162562,720575940631399978,165600.0,27504.0,4297.0,165600.0,27504.0,4297.0,7062703.0,intrinsic,central,Kenyon_Cell,,17488.0,KCapbp-m,KCa'b'-m,MBp4,MBp4,dopamine,0.5453091317584975,acetylcholine; acetylcholine,"Barnstedt et al. 2016 (immuno, RNAi); Aso et al. 2019 (scRNA-seq)",right,,fw025960,FBbt:00100253,,isomorphic,,,
81699418197522752,720575940626225173,160928.0,25728.0,4307.0,160928.0,25728.0,4307.0,6703784.0,intrinsic,central,Kenyon_Cell,,17488.0,KCapbp-ap2,KCa'b'-ap2,MBp4,MBp4,dopamine,0.5478733868965084,acetylcholine; acetylcholine,"Barnstedt et al. 2016 (immuno, RNAi); Aso et al. 2019 (scRNA-seq)",right,,fw025961,FBbt:00049837,,isomorphic,,,
82121836821095625,720575940627089930,167352.0,29176.0,4369.0,167352.0,29176.0,4369.0,7064249.0,intrinsic,central,Kenyon_Cell,,17488.0,KCapbp-m,KCa'b'-m,MBp4,MBp4,dopamine,0.506076226135228,acetylcholine; acetylcholine,"Barnstedt et al. 2016 (immuno, RNAi); Aso et al. 2019 (scRNA-seq)",right,,fw025974,FBbt:00100253,,isomorphic,,,
81207661756130144,720575940630573260,153872.0,37760.0,5266.0,153872.0,37760.0,5266.0,6356017.0,intrinsic,central,Kenyon_Cell,KCab,11862.0,KCab,KCab-s,MBp2,MBp2,dopamine,0.6545541869374828,"acetylcholine; sNPF; acetylcholine, sNPF","Barnstedt et al. 2016 (immuno, RNAi); Johard et al. (immuno); Aso et al. 2019 (scRNA-seq)",right,,fw025976,FBbt_00100248,,isomorphic,,,
81348811360439426,720575940612563454,156456.0,44107.0,4102.0,151472.0,41792.0,5274.0,6374288.0,intrinsic,central,Kenyon_Cell,KCg,14292.0,KCg-m,KCg-m,MBp2,MBp2,dopamine,0.7789114130928855,"acetylcholine; sNPF; acetylcholine, sNPF","Barnstedt et al. 2016 (immuno); Johard et al., 2008 (immuno); Aso et al. 2019 (scRNA-seq)",right,,fw025987,FBbt_00111061,,isomorphic,,,
81347574476693323,720575940627851008,156304.0,25848.0,4352.0,156304.0,25848.0,4352.0,6694008.0,intrinsic,central,Kenyon_Cell,KCab,11862.0,KCab,KCab-s,MBp3,MBp3,dopamine,0.6435072521719102,"acetylcholine; sNPF; acetylcholine, sNPF","Barnstedt et al. 2016 (immuno, RNAi); Johard et al. (immuno); Aso et al. 2019 (scRNA-seq)",right,,fw025998,FBbt_00100248,,isomorphic,,,
81277343171379826,720575940626733693,155080.0,27712.0,4278.0,155080.0,27712.0,4278.0,6319572.0,intrinsic,central,Kenyon_Cell,,17488.0,KCapbp-m,KCa'b'-m,MBp3,MBp3,dopamine,0.5756726424572934,acetylcholine; acetylcholine,"Barnstedt et al. 2016 (immuno, RNAi); Aso et al. 2019 (scRNA-seq)",right,,fw026009,FBbt:00100253,,isomorphic,,,
81559849074499714,720575940645390468,158736.0,43352.0,5340.0,158736.0,43352.0,5340.0,6827119.0,intrinsic,central,Kenyon_Cell,KCab,11862.0,KCab,KCab-s,MBp2,MBp2,dopamine,0.6523419931691288,"acetylcholine; sNPF; acetylcholine, sNPF","Barnstedt et al. 2016 (immuno, RNAi); Johard et al. (immuno); Aso et al. 2019 (scRNA-seq)",right,,fw026018,FBbt_00100248,,isomorphic,,,
81489480196062472,720575940652342006,158546.0,43402.0,4294.0,160056.0,39376.0,5062.0,6748604.0,intrinsic,central,Kenyon_Cell,KCg,14292.0,KCg-m,KCg-m,MBp4,MBp4,dopamine,0.7752485952078104,"acetylcholine; sNPF; acetylcholine, sNPF","Barnstedt et al. 2016 (immuno); Johard et al., 2008 (immuno); Aso et al. 2019 (scRNA-seq)",right,,fw026025,FBbt_00111061,,isomorphic,,,
81629255611588001,720575940608312533,160672.0,29216.0,4165.0,160672.0,29216.0,4165.0,6702253.0,intrinsic,central,Kenyon_Cell,KCg,19102.0,KCg-d,KCg-d,MBp4,MBp4,dopamine,0.6852763360951258,"acetylcholine; sNPF; acetylcholine, sNPF","Barnstedt et al. 2016 (immuno); Johard et al., 2008 (immuno); Aso et al. 2019 (scRNA-seq)",right,,fw026027,FBbt_00110932,,isomorphic,,,
81208005353656997,720575940629504554,154144.0,43096.0,5369.0,154144.0,43096.0,5369.0,6375934.0,intrinsic,central,Kenyon_Cell,,17488.0,KCapbp-m,KCa'b'-m,MBp2,MBp2,dopamine,0.5089520027303072,acetylcholine; acetylcholine,"Barnstedt et al. 2016 (immuno, RNAi); Aso et al. 2019 (scRNA-seq)",right,,fw026028,FBbt:00100253,,isomorphic,,,
80643955687435532,720575940613507946,145560.0,27176.0,3944.0,145560.0,27176.0,3944.0,5631069.0,intrinsic,central,Kenyon_Cell,,17488.0,KCapbp-ap1,KCa'b'-ap1,MBp1,MBp1,dopamine,0.5387546586018503,acetylcholine; acetylcholine,"Barnstedt et al. 2016 (immuno, RNAi); Aso et al. 2019 (scRNA-seq)",right,,fw026042,FBbt:00049836,,isomorphic,,,
81277411891075729,720575940622462472,154592.0,28424.0,4430.0,154592.0,28424.0,4430.0,6319170.0,intrinsic,central,Kenyon_Cell,KCab,11862.0,KCab,KCab-m,MBp3,MBp3,dopamine,0.5573069270842703,"acetylcholine; sNPF; acetylcholine, sNPF","Barnstedt et al. 2016 (immuno, RNAi); Johard et al. (immuno); Aso et al. 2019 (scRNA-seq)",right,,fw026046,FBbt_00100248,,isomorphic,,,
81488449403800435,720575940621073117,158440.0,27400.0,4203.0,158440.0,27400.0,4203.0,6697598.0,intrinsic,central,Kenyon_Cell,,17488.0,KCapbp-ap2,KCa'b'-ap2,MBp3,MBp3,dopamine,0.5523914962698476,acetylcholine; acetylcholine,"Barnstedt et al. 2016 (immuno, RNAi); Aso et al. 2019 (scRNA-seq)",right,,fw026048,FBbt:00049837,,isomorphic,,,
81559848940226538,720575940630312785,159481.0,43315.0,4294.0,170328.0,36520.0,4808.0,7076478.0,intrinsic,central,Kenyon_Cell,KCg,14292.0,KCg-m,KCg-m,MBp4,MBp4,dopamine,0.7972803927857093,"acetylcholine; sNPF; acetylcholine, sNPF","Barnstedt et al. 2016 (immuno); Johard et al., 2008 (immuno); Aso et al. 2019 (scRNA-seq)",right,,fw026055,FBbt_00111061,,isomorphic,,,
81278511536724526,720575940630430495,154984.0,44856.0,5321.0,154984.0,44856.0,5321.0,6376193.0,intrinsic,central,Kenyon_Cell,,17488.0,KCapbp-ap2,KCa'b'-ap2,MBp2,MBp2,dopamine,0.5218190136716023,acetylcholine; acetylcholine,"Barnstedt et al. 2016 (immuno, RNAi); Aso et al. 2019 (scRNA-seq)",right,,fw026057,FBbt:00049837,,isomorphic,,,
80714324498363975,720575940608657621,146536.0,26552.0,4201.0,146536.0,26552.0,4201.0,5641041.0,intrinsic,central,Kenyon_Cell,,17488.0,KCapbp-m,KCa'b'-m,MBp1,MBp1,dopamine,0.521834907458274,acetylcholine; acetylcholine,"Barnstedt et al. 2016 (immuno, RNAi); Aso et al. 2019 (scRNA-seq)",right,,fw026061,FBbt:00100253,,isomorphic,,,
81419248823965041,720575940629971191,157590.0,44726.0,3976.0,157512.0,40240.0,5198.0,6753928.0,intrinsic,central,Kenyon_Cell,KCg,14292.0,KCg-m,KCg-m,MBp2,MBp2,dopamine,0.7364383470865642,"acetylcholine; sNPF; acetylcholine, sNPF","Barnstedt et al. 2016 (immuno); Johard et al., 2008 (immuno); Aso et al. 2019 (scRNA-seq)",right,,fw026069,FBbt_00111061,,isomorphic,,,
81206974360482236,720575940604483040,154280.0,27464.0,4034.0,154280.0,27464.0,4034.0,6310253.0,intrinsic,central,Kenyon_Cell,,17488.0,KCapbp-ap1,KCa'b'-ap1,MBp3,MBp3,dopamine,0.5255596799428874,acetylcholine; acetylcholine,"Barnstedt et al. 2016 (immuno, RNAi); Aso et al. 2019 (scRNA-seq)",right,,fw026070,FBbt:00049836,,isomorphic,,,
81770749148392346,720575940634018415,161736.0,39592.0,5173.0,161736.0,39592.0,5173.0,6802891.0,intrinsic,central,Kenyon_Cell,,17488.0,KCapbp-m,KCa'b'-m,MBp2,MBp2,dopamine,0.5229439612019754,acetylcholine; acetylcholine,"Barnstedt et al. 2016 (immuno, RNAi); Aso et al. 2019 (scRNA-seq)",right,,fw026073,FBbt:00100253,,isomorphic,,,
81348467897360201,720575940614869387,156218.0,39403.0,5133.0,162456.0,39488.0,5051.0,6749257.0,intrinsic,central,Kenyon_Cell,,17488.0,KCapbp-ap2,KCa'b'-ap2,MBp2,MBp2,dopamine,0.4997068364335693,acetylcholine; acetylcholine,"Barnstedt et al. 2016 (immuno, RNAi); Aso et al. 2019 (scRNA-seq)",right,,fw026081,FBbt:00049837,,isomorphic,,,
81348811360465658,720575940622800653,156390.0,44148.0,4103.0,154184.0,39896.0,5293.0,6356252.0,intrinsic,central,Kenyon_Cell,KCg,14292.0,KCg-m,KCg-m,MBp2,MBp2,dopamine,0.8050736449024669,"acetylcholine; sNPF; acetylcholine, sNPF","Barnstedt et al. 2016 (immuno); Johard et al., 2008 (immuno); Aso et al. 2019 (scRNA-seq)",right,,fw026093,FBbt_00111061,,isomorphic,,,
81489480196046585,720575940630296913,158202.0,43594.0,4293.0,161776.0,44672.0,5040.0,6825458.0,intrinsic,central,Kenyon_Cell,KCg,14292.0,KCg-m,KCg-m,MBp2,MBp2,dopamine,0.7567523360593336,"acetylcholine; sNPF; acetylcholine, sNPF","Barnstedt et al. 2016 (immuno); Johard et al., 2008 (immuno); Aso et al. 2019 (scRNA-seq)",right,,fw026099,FBbt_00111061,,isomorphic,,,
81278305177068974,720575940629162693,155322.0,42031.0,3897.0,148264.0,27520.0,4375.0,6311434.0,intrinsic,central,Kenyon_Cell,KCg,14292.0,KCg-m,KCg-m,MBp1,MBp1,dopamine,0.7577158274701173,"acetylcholine; sNPF; acetylcholine, sNPF","Barnstedt et al. 2016 (immuno); Johard et al., 2008 (immuno); Aso et al. 2019 (scRNA-seq)",right,,fw026100,FBbt_00111061,,isomorphic,,,
82262643028840449,720575940617750173,169688.0,29744.0,4304.0,169688.0,29744.0,4304.0,7066628.0,intrinsic,central,Kenyon_Cell,,11862.0,KCab-p,KCab-p,MBp4,MBp4,dopamine,0.66728399565201,acetylcholine; acetylcholine,Barnstedt et al. 2016 (immuno); Aso et al. 2019 (scRNA-seq),right,,fw026109,FBbt_00110931,,isomorphic,,,
81278099153171765,720575940621594723,154917.0,38906.0,5133.0,165696.0,41544.0,5062.0,7084416.0,intrinsic,central,Kenyon_Cell,,17488.0,KCapbp-ap1,KCa'b'-ap1,MBp2,MBp2,dopamine,0.4823681960377973,acetylcholine; acetylcholine,"Barnstedt et al. 2016 (immuno, RNAi); Aso et al. 2019 (scRNA-seq)",right,,fw026112,FBbt:00049836,,isomorphic,,,
80996486737303641,720575940636143679,150985.0,37160.0,4975.0,149408.0,36192.0,4844.0,6352023.0,intrinsic,central,Kenyon_Cell,KCg,14292.0,KCg-m,KCg-m,MBp2,MBp2,dopamine,0.7571978263327639,"acetylcholine; sNPF; acetylcholine, sNPF","Barnstedt et al. 2016 (immuno); Johard et al., 2008 (immuno); Aso et al. 2019 (scRNA-seq)",right,,fw026133,FBbt_00111061,,isomorphic,,,
81348880280937278,720575940612872173,156472.0,45144.0,5335.0,156472.0,45144.0,5335.0,6826181.0,intrinsic,central,Kenyon_Cell,,17488.0,KCapbp-ap1,KCa'b'-ap1,MBp2,MBp2,dopamine,0.5840054827785104,acetylcholine; acetylcholine,"Barnstedt et al. 2016 (immuno, RNAi); Aso et al. 2019 (scRNA-seq)",right,,fw026134,FBbt:00049836,,isomorphic,,,
81769924380537007,720575940637118174,162176.0,27632.0,4221.0,162176.0,27632.0,4221.0,6710590.0,intrinsic,central,Kenyon_Cell,KCg,14292.0,KCg-m,KCg-m,MBp4,MBp4,dopamine,0.7524358575234917,"acetylcholine; sNPF; acetylcholine, sNPF","Barnstedt et al. 2016 (immuno); Johard et al., 2008 (immuno); Aso et al. 2019 (scRNA-seq)",right,,fw026136,FBbt_00111061,,isomorphic,,,
81136743189068690,720575940652311030,153064.0,30296.0,4829.0,153064.0,30296.0,4829.0,6317949.0,intrinsic,central,Kenyon_Cell,KCab,11862.0,KCab,KCab-s,MBp3,MBp3,dopamine,0.5461516888029447,"acetylcholine; sNPF; acetylcholine, sNPF","Barnstedt et al. 2016 (immuno, RNAi); Johard et al. (immuno); Aso et al. 2019 (scRNA-seq)",right,,fw026146,FBbt_00100248,,isomorphic,,,
80503218199159569,720575940621288225,143896.0,26976.0,3979.0,143896.0,26976.0,3979.0,5630403.0,intrinsic,central,Kenyon_Cell,,17488.0,KCapbp-m,KCa'b'-m,MBp1,MBp1,dopamine,0.5138521997205849,acetylcholine; acetylcholine,"Barnstedt et al. 2016 (immuno, RNAi); Aso et al. 2019 (scRNA-seq)",right,,fw026151,FBbt:00100253,,isomorphic,,,
80643886967686797,720575940617176413,145592.0,25656.0,3759.0,145592.0,25656.0,3759.0,5631071.0,intrinsic,central,Kenyon_Cell,KCg,14292.0,KCg-m,KCg-m,MBp1,MBp1,dopamine,0.7455929961621751,"acetylcholine; sNPF; acetylcholine, sNPF","Barnstedt et al. 2016 (immuno); Johard et al., 2008 (immuno); Aso et al. 2019 (scRNA-seq)",right,,fw026155,FBbt_00111061,,isomorphic,,,
81348742640950806,720575940621888169,155580.0,43199.0,4102.0,142784.0,24696.0,3569.0,5589430.0,intrinsic,central,Kenyon_Cell,KCg,14292.0,KCg-m,KCg-m,MBp1,MBp1,dopamine,0.7733615769766893,"acetylcholine; sNPF; acetylcholine, sNPF","Barnstedt et al. 2016 (immuno); Johard et al., 2008 (immuno); Aso et al. 2019 (scRNA-seq)",right,,fw026165,FBbt_00111061,,isomorphic,,,
80573518223786908,720575940622768397,144776.0,25336.0,3943.0,144776.0,25336.0,3943.0,5630729.0,intrinsic,central,Kenyon_Cell,,17488.0,KCapbp-ap2,KCa'b'-ap2,MBp1,MBp1,dopamine,0.5279992084394798,acetylcholine; acetylcholine,"Barnstedt et al. 2016 (immuno, RNAi); Aso et al. 2019 (scRNA-seq)",right,,fw026172,FBbt:00049837,,isomorphic,,,
81067267865202827,720575940643266852,151632.0,42744.0,5305.0,151632.0,42744.0,5305.0,6374507.0,intrinsic,central,Kenyon_Cell,KCab,11862.0,KCab,KCab-s,MBp2,MBp2,dopamine,0.6315916204055183,"acetylcholine; sNPF; acetylcholine, sNPF","Barnstedt et al. 2016 (immuno, RNAi); Johard et al. (immuno); Aso et al. 2019 (scRNA-seq)",right,,fw026173,FBbt_00100248,,isomorphic,,,
81558749428769402,720575940636877936,158976.0,26736.0,4400.0,158976.0,26736.0,4400.0,6698359.0,intrinsic,central,Kenyon_Cell,KCg,14292.0,KCg-m,KCg-m,MBp3,MBp3,dopamine,0.734985247642895,"acetylcholine; sNPF; acetylcholine, sNPF","Barnstedt et al. 2016 (immuno); Johard et al., 2008 (immuno); Aso et al. 2019 (scRNA-seq)",right,,fw026175,FBbt_00111061,,isomorphic,,,
81559848940225510,720575940614811222,159036.0,43530.0,4293.0,163208.0,40200.0,4985.0,6749499.0,intrinsic,central,Kenyon_Cell,KCg,14292.0,KCg-m,KCg-m,MBp2,MBp2,dopamine,0.7761554137694973,"acetylcholine; sNPF; acetylcholine, sNPF","Barnstedt et al. 2016 (immuno); Johard et al., 2008 (immuno); Aso et al. 2019 (scRNA-seq)",right,,fw026178,FBbt_00111061,,isomorphic,,,
81630217684423271,720575940618817182,160103.0,43516.0,4294.0,162208.0,35408.0,5007.0,6749169.0,intrinsic,central,Kenyon_Cell,KCg,19102.0,KCg-d,KCg-d,MBp4,MBp4,dopamine,0.5999804215928431,"acetylcholine; sNPF; acetylcholine, sNPF","Barnstedt et al. 2016 (immuno); Johard et al., 2008 (immuno); Aso et al. 2019 (scRNA-seq)",right,,fw026197,FBbt_00110932,,isomorphic,,,
81630286337023336,720575940620959256,159918.0,43862.0,3976.0,168952.0,34832.0,4728.0,7076081.0,intrinsic,central,Kenyon_Cell,KCg,14292.0,KCg-m,KCg-m,MBp4,MBp4,dopamine,0.7896546408383718,"acetylcholine; sNPF; acetylcholine, sNPF","Barnstedt et al. 2016 (immuno); Johard et al., 2008 (immuno); Aso et al. 2019 (scRNA-seq)",right,,fw026201,FBbt_00111061,,isomorphic,,,
81699555636610143,720575940620210857,161232.0,28192.0,4401.0,161232.0,28192.0,4401.0,6706330.0,intrinsic,central,Kenyon_Cell,KCab,11862.0,KCab,KCab-s,MBp4,MBp4,dopamine,0.6317031580694668,"acetylcholine; sNPF; acetylcholine, sNPF","Barnstedt et al. 2016 (immuno, RNAi); Johard et al. (immuno); Aso et al. 2019 (scRNA-seq)",right,,fw026216,FBbt_00100248,,isomorphic,,,
81489686488561098,720575940627230986,157808.0,45800.0,5186.0,157808.0,45800.0,5186.0,6826789.0,intrinsic,central,Kenyon_Cell,,17488.0,KCapbp-ap1,KCa'b'-ap1,MBp2,MBp2,dopamine,0.5394426292837736,acetylcholine; acetylcholine,"Barnstedt et al. 2016 (immuno, RNAi); Aso et al. 2019 (scRNA-seq)",right,,fw026236,FBbt:00049836,,isomorphic,,,
80503149479463601,720575940603174368,143368.0,25576.0,3861.0,143368.0,25576.0,3861.0,5630201.0,intrinsic,central,Kenyon_Cell,,17488.0,KCapbp-ap2,KCa'b'-ap2,MBp1,MBp1,dopamine,0.5001736982862142,acetylcholine; acetylcholine,"Barnstedt et al. 2016 (immuno, RNAi); Aso et al. 2019 (scRNA-seq)",right,,fw026237,FBbt:00049837,,isomorphic,,,
81770130539371355,720575940619967879,162496.0,31344.0,4493.0,162496.0,31344.0,4493.0,6711477.0,intrinsic,central,Kenyon_Cell,KCg,14292.0,KCg-m,KCg-m,MBp4,MBp4,dopamine,0.7218909677049989,"acetylcholine; sNPF; acetylcholine, sNPF","Barnstedt et al. 2016 (immuno); Johard et al., 2008 (immuno); Aso et al. 2019 (scRNA-seq)",right,,fw026252,FBbt_00111061,,isomorphic,,,
81348673921255004,720575940612765846,156362.0,42551.0,3896.0,151472.0,29136.0,4382.0,6315952.0,intrinsic,central,Kenyon_Cell,KCab,11862.0,KCab,KCab-m,MBp1,MBp1,dopamine,0.6161915196117718,"acetylcholine; sNPF; acetylcholine, sNPF","Barnstedt et al. 2016 (immuno, RNAi); Johard et al. (immuno); Aso et al. 2019 (scRNA-seq)",right,,fw026286,FBbt_00100248,,isomorphic,,,
82614624188665002,720575940627585286,174960.0,31632.0,4301.0,174960.0,31632.0,4301.0,7337046.0,intrinsic,central,Kenyon_Cell,KCg,14292.0,KCg-m,KCg-m,MBp4,MBp4,dopamine,0.7765650771179183,"acetylcholine; sNPF; acetylcholine, sNPF","Barnstedt et al. 2016 (immuno); Johard et al., 2008 (immuno); Aso et al. 2019 (scRNA-seq)",right,,fw026309,FBbt_00111061,,isomorphic,,,
81630217684409919,720575940615714060,159771.0,43402.0,4294.0,170384.0,34912.0,4684.0,7076485.0,intrinsic,central,Kenyon_Cell,KCg,14292.0,KCg-m,KCg-m,MBp4,MBp4,dopamine,0.8234317353797908,"acetylcholine; sNPF; acetylcholine, sNPF","Barnstedt et al. 2016 (immuno); Johard et al., 2008 (immuno); Aso et al. 2019 (scRNA-seq)",right,,fw026320,FBbt_00111061,,isomorphic,,,
81348742640963354,720575940634072756,155983.0,43637.0,4102.0,150240.0,37960.0,4980.0,6352213.0,intrinsic,central,Kenyon_Cell,KCg,14292.0,KCg-m,KCg-m,MBp2,MBp2,dopamine,0.8165199776806771,"acetylcholine; sNPF; acetylcholine, sNPF","Barnstedt et al. 2016 (immuno); Johard et al., 2008 (immuno); Aso et al. 2019 (scRNA-seq)",right,,fw026328,FBbt_00111061,,isomorphic,,,
81630286337024704,720575940619305808,160145.0,43765.0,3976.0,167056.0,37328.0,4865.0,7075249.0,intrinsic,central,Kenyon_Cell,KCg,14292.0,KCg-m,KCg-m,MBp4,MBp4,dopamine,0.7976646433654738,"acetylcholine; sNPF; acetylcholine, sNPF","Barnstedt et al. 2016 (immuno); Johard et al., 2008 (immuno); Aso et al. 2019 (scRNA-seq)",right,,fw026330,FBbt_00111061,,isomorphic,,,
80503149479388933,720575940613987635,143584.0,25704.0,3773.0,143584.0,25704.0,3773.0,5630268.0,intrinsic,central,Kenyon_Cell,KCg,14292.0,KCg-m,KCg-m,MBp1,MBp1,dopamine,0.7479501721731017,"acetylcholine; sNPF; acetylcholine, sNPF","Barnstedt et al. 2016 (immuno); Johard et al., 2008 (immuno); Aso et al. 2019 (scRNA-seq)",right,,fw026333,FBbt_00111061,,isomorphic,,,
81348811360434255,720575940624609101,155981.0,43818.0,4103.0,162320.0,38632.0,5056.0,6749213.0,intrinsic,central,Kenyon_Cell,KCg,14292.0,KCg-m,KCg-m,MBp3,MBp3,dopamine,0.7891148697309215,"acetylcholine; sNPF; acetylcholine, sNPF","Barnstedt et al. 2016 (immuno); Johard et al., 2008 (immuno); Aso et al. 2019 (scRNA-seq)",right,,fw026335,FBbt_00111061,,isomorphic,,,
80925430730911267,720575940630331244,149576.0,27048.0,4204.0,149576.0,27048.0,4204.0,6314096.0,intrinsic,central,Kenyon_Cell,,11862.0,KCab-p,KCab-p,MBp1,MBp1,dopamine,0.6241312070951368,acetylcholine; acetylcholine,Barnstedt et al. 2016 (immuno); Aso et al. 2019 (scRNA-seq),right,,fw026346,FBbt_00110931,,isomorphic,,,
82192205565082046,720575940613213151,168768.0,28304.0,4228.0,168768.0,28304.0,4228.0,7066169.0,intrinsic,central,Kenyon_Cell,,17488.0,KCapbp-m,KCa'b'-m,MBp4,MBp4,dopamine,0.5216392602419051,acetylcholine; acetylcholine,"Barnstedt et al. 2016 (immuno, RNAi); Aso et al. 2019 (scRNA-seq)",right,,fw026347,FBbt:00100253,,isomorphic,,,
81489480196062546,720575940610375726,158424.0,43517.0,4294.0,162648.0,43576.0,5051.0,6825617.0,intrinsic,central,Kenyon_Cell,KCg,14292.0,KCg-m,KCg-m,MBp2,MBp2,dopamine,0.7255667642958524,"acetylcholine; sNPF; acetylcholine, sNPF","Barnstedt et al. 2016 (immuno); Johard et al., 2008 (immuno); Aso et al. 2019 (scRNA-seq)",right,,fw002896,FBbt_00111061,,isomorphic,,,
80995799475287647,720575940627778564,151024.0,26456.0,4352.0,151024.0,26456.0,4352.0,6315479.0,intrinsic,central,Kenyon_Cell,KCab,11862.0,KCab,KCab-s,MBp3,MBp3,dopamine,0.6338648663128467,"acetylcholine; sNPF; acetylcholine, sNPF","Barnstedt et al. 2016 (immuno, RNAi); Johard et al. (immuno); Aso et al. 2019 (scRNA-seq)",right,,fw026349,FBbt_00100248,,isomorphic,,,
80926118059840772,720575940615651014,150432.0,36640.0,5201.0,150432.0,36640.0,5201.0,6353832.0,intrinsic,central,Kenyon_Cell,KCab,11862.0,KCab,KCab-s,MBp2,MBp2,dopamine,0.659185894531606,"acetylcholine; sNPF; acetylcholine, sNPF","Barnstedt et al. 2016 (immuno, RNAi); Johard et al. (immuno); Aso et al. 2019 (scRNA-seq)",right,,fw026373,FBbt_00100248,,isomorphic,,,
81488380684695443,720575940607330499,158512.0,27096.0,4472.0,158512.0,27096.0,4472.0,6697780.0,intrinsic,central,Kenyon_Cell,,17488.0,KCapbp-m,KCa'b'-m,MBp3,MBp3,dopamine,0.5070341913706217,acetylcholine; acetylcholine,"Barnstedt et al. 2016 (immuno, RNAi); Aso et al. 2019 (scRNA-seq)",right,,fw026379,FBbt:00100253,,isomorphic,,,
81066168219413103,720575940623032970,152120.0,26648.0,4321.0,152120.0,26648.0,4321.0,6316761.0,intrinsic,central,Kenyon_Cell,,17488.0,KCapbp-m,KCa'b'-m,MBp3,MBp3,dopamine,0.5341018064205871,acetylcholine; acetylcholine,"Barnstedt et al. 2016 (immuno, RNAi); Aso et al. 2019 (scRNA-seq)",right,,fw026397,FBbt:00100253,,isomorphic,,,
81278373896808909,720575940618517440,155340.0,43114.0,4103.0,149288.0,33936.0,5013.0,6351993.0,intrinsic,central,Kenyon_Cell,KCg,14292.0,KCg-m,KCg-m,MBp2,MBp2,dopamine,0.7809149018770941,"acetylcholine; sNPF; acetylcholine, sNPF","Barnstedt et al. 2016 (immuno); Johard et al., 2008 (immuno); Aso et al. 2019 (scRNA-seq)",right,,fw026403,FBbt_00111061,,isomorphic,,,
81630217684415429,720575940627170898,159782.0,43476.0,4293.0,166904.0,35568.0,4902.0,7075205.0,intrinsic,central,Kenyon_Cell,KCg,14292.0,KCg-m,KCg-m,MBp4,MBp4,dopamine,0.7354543399598901,"acetylcholine; sNPF; acetylcholine, sNPF","Barnstedt et al. 2016 (immuno); Johard et al., 2008 (immuno); Aso et al. 2019 (scRNA-seq)",right,,fw026418,FBbt_00111061,,isomorphic,,,
81066992450334583,720575940618992449,151522.0,39536.0,1112.0,164856.0,29448.0,4190.0,7061133.0,intrinsic,central,Kenyon_Cell,,17488.0,KCapbp-ap1,KCa'b'-ap1,MBp4,MBp4,dopamine,0.5097023767613185,acetylcholine; acetylcholine,"Barnstedt et al. 2016 (immuno, RNAi); Aso et al. 2019 (scRNA-seq)",right,,fw026425,FBbt:00049836,,isomorphic,,,
81278305177066813,720575940610963734,155184.0,42584.0,3896.0,145872.0,27592.0,4267.0,5640772.0,intrinsic,central,Kenyon_Cell,KCab,11862.0,KCab,KCab-m,MBp1,MBp1,dopamine,0.5943007671706753,"acetylcholine; sNPF; acetylcholine, sNPF","Barnstedt et al. 2016 (immuno, RNAi); Johard et al. (immuno); Aso et al. 2019 (scRNA-seq)",right,,fw026443,FBbt_00100248,,isomorphic,,,
81418011940140236,720575940627585028,156600.0,26712.0,4196.0,156600.0,26712.0,4196.0,6694885.0,intrinsic,central,Kenyon_Cell,,11862.0,KCab-p,KCab-p,MBp3,MBp3,dopamine,0.6445868515186106,acetylcholine; acetylcholine,Barnstedt et al. 2016 (immuno); Aso et al. 2019 (scRNA-seq),right,,fw026450,FBbt_00110931,,isomorphic,,,
81770817867839293,720575940658101121,162704.0,41464.0,5167.0,162704.0,41464.0,5167.0,6832139.0,intrinsic,central,Kenyon_Cell,,17488.0,KCapbp-ap2,KCa'b'-ap2,MBp2,MBp2,dopamine,0.5916100442825232,acetylcholine; acetylcholine,"Barnstedt et al. 2016 (immuno, RNAi); Aso et al. 2019 (scRNA-seq)",right,,fw026458,FBbt:00049837,,isomorphic,,,
81278373896540646,720575940624158650,155269.0,42648.0,3896.0,149264.0,31904.0,4284.0,6313553.0,intrinsic,central,Kenyon_Cell,KCab,11862.0,KCab,KCab-m,MBp1,MBp1,dopamine,0.6318836132490179,"acetylcholine; sNPF; acetylcholine, sNPF","Barnstedt et al. 2016 (immuno, RNAi); Johard et al. (immuno); Aso et al. 2019 (scRNA-seq)",right,,fw026469,FBbt_00100248,,isomorphic,,,
81137705328805630,720575940628608272,152752.0,43888.0,5258.0,152752.0,43888.0,5258.0,6375285.0,intrinsic,central,Kenyon_Cell,,17488.0,KCapbp-ap1,KCa'b'-ap1,MBp2,MBp2,dopamine,0.5761044633782291,acetylcholine; acetylcholine,"Barnstedt et al. 2016 (immuno, RNAi); Aso et al. 2019 (scRNA-seq)",right,,fw026470,FBbt:00049836,,isomorphic,,,
80996486737305455,720575940632172591,150831.0,37471.0,4975.0,148680.0,32024.0,4836.0,6312344.0,intrinsic,central,Kenyon_Cell,KCg,14292.0,KCg-m,KCg-m,MBp2,MBp2,dopamine,0.8006509331043886,"acetylcholine; sNPF; acetylcholine, sNPF","Barnstedt et al. 2016 (immuno); Johard et al., 2008 (immuno); Aso et al. 2019 (scRNA-seq)",right,,fw026495,FBbt_00111061,,isomorphic,,,
81348742640973591,720575940628476716,155786.0,43313.0,4102.0,157320.0,45480.0,5281.0,6826517.0,intrinsic,central,Kenyon_Cell,,17488.0,KCapbp-ap1,KCa'b'-ap1,MBp2,MBp2,dopamine,0.4573268305229551,acetylcholine; acetylcholine,"Barnstedt et al. 2016 (immuno, RNAi); Aso et al. 2019 (scRNA-seq)",right,,fw026501,FBbt:00049836,,isomorphic,,,
81067130359482538,720575940636069751,152304.0,41552.0,5058.0,152304.0,41552.0,5058.0,6370798.0,intrinsic,central,Kenyon_Cell,KCab,11862.0,KCab,KCab-s,MBp2,MBp2,dopamine,0.5960976308654525,"acetylcholine; sNPF; acetylcholine, sNPF","Barnstedt et al. 2016 (immuno, RNAi); Johard et al. (immuno); Aso et al. 2019 (scRNA-seq)",right,,fw026515,FBbt_00100248,,isomorphic,,,
82121905540640826,720575940625264659,167032.0,29736.0,4408.0,167032.0,29736.0,4408.0,7064039.0,intrinsic,central,Kenyon_Cell,,17488.0,KCapbp-m,KCa'b'-m,MBp4,MBp4,dopamine,0.5959955160487307,acetylcholine; acetylcholine,"Barnstedt et al. 2016 (immuno, RNAi); Aso et al. 2019 (scRNA-seq)",right,,fw026532,FBbt:00100253,,isomorphic,,,
82051468076745435,720575940639157968,166448.0,28464.0,4242.0,166448.0,28464.0,4242.0,7063457.0,intrinsic,central,Kenyon_Cell,,17488.0,KCapbp-m,KCa'b'-m,MBp4,MBp4,dopamine,0.5842808895900351,acetylcholine; acetylcholine,"Barnstedt et al. 2016 (immuno, RNAi); Aso et al. 2019 (scRNA-seq)",right,,fw026538,FBbt:00100253,,isomorphic,,,
82333011773079527,720575940633301183,170184.0,29448.0,4391.0,170184.0,29448.0,4391.0,7066792.0,intrinsic,central,Kenyon_Cell,,17488.0,KCapbp-m,KCa'b'-m,MBp4,MBp4,dopamine,0.4706614948722774,acetylcholine; acetylcholine,"Barnstedt et al. 2016 (immuno, RNAi); Aso et al. 2019 (scRNA-seq)",right,,fw026547,FBbt:00100253,,isomorphic,,,
80503080759986952,720575940620230497,144024.0,25144.0,3836.0,144024.0,25144.0,3836.0,5630447.0,intrinsic,central,Kenyon_Cell,,17488.0,KCapbp-m,KCa'b'-m,MBp1,MBp1,dopamine,0.4980253805489755,acetylcholine; acetylcholine,"Barnstedt et al. 2016 (immuno, RNAi); Aso et al. 2019 (scRNA-seq)",right,,fw026551,FBbt:00100253,,isomorphic,,,
81347643196278187,720575940613421890,156392.0,26536.0,4431.0,156392.0,26536.0,4431.0,6694446.0,intrinsic,central,Kenyon_Cell,KCab,11862.0,KCab,KCab-s,MBp3,MBp3,dopamine,0.6166721828757296,"acetylcholine; sNPF; acetylcholine, sNPF","Barnstedt et al. 2016 (immuno, RNAi); Johard et al. (immuno); Aso et al. 2019 (scRNA-seq)",right,,fw026554,FBbt_00100248,,isomorphic,,,
81066236938852144,720575940610793395,152224.0,27600.0,4293.0,152224.0,27600.0,4293.0,6316886.0,intrinsic,central,Kenyon_Cell,,17488.0,KCapbp-ap2,KCa'b'-ap2,MBp3,MBp3,dopamine,0.5723874427225188,acetylcholine; acetylcholine,"Barnstedt et al. 2016 (immuno, RNAi); Aso et al. 2019 (scRNA-seq)",right,,fw026566,FBbt:00049837,,isomorphic,,,
81558680709133529,720575940636685894,159320.0,26040.0,4287.0,159320.0,26040.0,4287.0,6698777.0,intrinsic,central,Kenyon_Cell,,17488.0,KCapbp-m,KCa'b'-m,MBp3,MBp3,dopamine,0.589661207246108,acetylcholine; acetylcholine,"Barnstedt et al. 2016 (immuno, RNAi); Aso et al. 2019 (scRNA-seq)",right,,fw026585,FBbt:00100253,,isomorphic,,,
81418011940304024,720575940622216009,156704.0,26624.0,4312.0,156704.0,26624.0,4312.0,6695157.0,intrinsic,central,Kenyon_Cell,KCab,11862.0,KCab,KCab-s,MBp3,MBp3,dopamine,0.589346191226463,"acetylcholine; sNPF; acetylcholine, sNPF","Barnstedt et al. 2016 (immuno, RNAi); Johard et al. (immuno); Aso et al. 2019 (scRNA-seq)",right,,fw026590,FBbt_00100248,,isomorphic,,,
81418080659698054,720575940618873723,157016.0,28224.0,4257.0,157016.0,28224.0,4257.0,6695681.0,intrinsic,central,Kenyon_Cell,,17488.0,KCapbp-m,KCa'b'-m,MBp3,MBp3,dopamine,0.5108637814142392,acetylcholine; acetylcholine,"Barnstedt et al. 2016 (immuno, RNAi); Aso et al. 2019 (scRNA-seq)",right,,fw026591,FBbt:00100253,,isomorphic,,,
81559986513335407,720575940628269628,159032.0,44672.0,5252.0,159032.0,44672.0,5252.0,6827225.0,intrinsic,central,Kenyon_Cell,KCab,11862.0,KCab,KCab-s,MBp2,MBp2,dopamine,0.6238595703573366,"acetylcholine; sNPF; acetylcholine, sNPF","Barnstedt et al. 2016 (immuno, RNAi); Johard et al. (immuno); Aso et al. 2019 (scRNA-seq)",right,,fw026592,FBbt_00100248,,isomorphic,,,
80643955754199806,720575940627082261,146184.0,27240.0,4221.0,146184.0,27240.0,4221.0,5640914.0,intrinsic,central,Kenyon_Cell,,17488.0,KCapbp-ap2,KCa'b'-ap2,MBp1,MBp1,dopamine,0.6164320182994009,acetylcholine; acetylcholine,"Barnstedt et al. 2016 (immuno, RNAi); Aso et al. 2019 (scRNA-seq)",right,,fw026609,FBbt:00049837,,isomorphic,,,
81207798591290046,720575940631387463,153639.0,40506.0,1038.0,165248.0,28496.0,4226.0,7062005.0,intrinsic,central,Kenyon_Cell,,17488.0,KCapbp-ap1,KCa'b'-ap1,MBp4,MBp4,dopamine,0.517475753323486,acetylcholine; acetylcholine,"Barnstedt et al. 2016 (immuno, RNAi); Aso et al. 2019 (scRNA-seq)",right,,fw026610,FBbt:00049836,,isomorphic,,,
80926118059825347,720575940620042375,149512.0,37016.0,5183.0,149512.0,37016.0,5183.0,6353572.0,intrinsic,central,Kenyon_Cell,KCab,11862.0,KCab,KCab-s,MBp2,MBp2,dopamine,0.6481517800605009,"acetylcholine; sNPF; acetylcholine, sNPF","Barnstedt et al. 2016 (immuno, RNAi); Johard et al. (immuno); Aso et al. 2019 (scRNA-seq)",right,,fw026612,FBbt_00100248,,isomorphic,,,
80996005700629349,720575940633140887,150728.0,29472.0,4712.0,150728.0,29472.0,4712.0,6315259.0,intrinsic,central,Kenyon_Cell,KCab,11862.0,KCab,KCab-s,MBp3,MBp3,dopamine,0.57259042911832,"acetylcholine; sNPF; acetylcholine, sNPF","Barnstedt et al. 2016 (immuno, RNAi); Johard et al. (immuno); Aso et al. 2019 (scRNA-seq)",right,,fw026618,FBbt_00100248,,isomorphic,,,
81489548848634902,720575940614909579,157937.0,44384.0,3977.0,150536.0,38512.0,5272.0,6353872.0,intrinsic,central,Kenyon_Cell,KCg,14292.0,KCg-m,KCg-m,MBp2,MBp2,dopamine,0.7632439237807996,"acetylcholine; sNPF; acetylcholine, sNPF","Barnstedt et al. 2016 (immuno); Johard et al., 2008 (immuno); Aso et al. 2019 (scRNA-seq)",right,,fw026626,FBbt_00111061,,isomorphic,,,
81278373896771432,720575940634849460,155129.0,42969.0,4103.0,154152.0,44768.0,5010.0,6371156.0,intrinsic,central,Kenyon_Cell,KCg,14292.0,KCg-m,KCg-m,MBp2,MBp2,dopamine,0.7330056976435058,"acetylcholine; sNPF; acetylcholine, sNPF","Barnstedt et al. 2016 (immuno); Johard et al., 2008 (immuno); Aso et al. 2019 (scRNA-seq)",right,,fw026630,FBbt_00111061,,isomorphic,,,
82192136845548924,720575940613735948,168528.0,27720.0,4184.0,168528.0,27720.0,4184.0,7066023.0,intrinsic,central,Kenyon_Cell,,17488.0,KCapbp-m,KCa'b'-m,MBp4,MBp4,dopamine,0.5445611726928844,acetylcholine; acetylcholine,"Barnstedt et al. 2016 (immuno, RNAi); Aso et al. 2019 (scRNA-seq)",right,,fw026634,FBbt:00100253,,isomorphic,,,
81137499170319219,720575940616306210,153376.0,41584.0,5209.0,153376.0,41584.0,5209.0,6375531.0,intrinsic,central,Kenyon_Cell,,17488.0,KCapbp-ap1,KCa'b'-ap1,MBp2,MBp2,dopamine,0.4883256502446995,acetylcholine; acetylcholine,"Barnstedt et al. 2016 (immuno, RNAi); Aso et al. 2019 (scRNA-seq)",right,,fw026638,FBbt:00049836,,isomorphic,,,
82051605515922010,720575940621507475,166680.0,30528.0,4391.0,166680.0,30528.0,4391.0,7063723.0,intrinsic,central,Kenyon_Cell,KCab,11862.0,KCab,KCab-s,MBp4,MBp4,dopamine,0.5528459085728052,"acetylcholine; sNPF; acetylcholine, sNPF","Barnstedt et al. 2016 (immuno, RNAi); Johard et al. (immuno); Aso et al. 2019 (scRNA-seq)",right,,fw026640,FBbt_00100248,,isomorphic,,,
81630217617523779,720575940635884911,160292.0,43146.0,3976.0,161240.0,28208.0,4287.0,6706398.0,intrinsic,central,Kenyon_Cell,KCg,14292.0,KCg-m,KCg-m,MBp4,MBp4,dopamine,0.7950852841556636,"acetylcholine; sNPF; acetylcholine, sNPF","Barnstedt et al. 2016 (immuno); Johard et al., 2008 (immuno); Aso et al. 2019 (scRNA-seq)",right,,fw026664,FBbt_00111061,,isomorphic,,,
81489617568143098,720575940634468463,157870.0,44758.0,3977.0,148304.0,33600.0,4399.0,6351700.0,intrinsic,central,Kenyon_Cell,KCg,19102.0,KCg-d,KCg-d,MBp1,MBp1,dopamine,0.5833250049949221,"acetylcholine; sNPF; acetylcholine, sNPF","Barnstedt et al. 2016 (immuno); Johard et al., 2008 (immuno); Aso et al. 2019 (scRNA-seq)",right,,fw026675,FBbt_00110932,,isomorphic,,,
82544118005258867,720575940628002822,173304.0,29968.0,4140.0,173304.0,29968.0,4140.0,7336579.0,intrinsic,central,Kenyon_Cell,,17488.0,KCapbp-ap1,KCa'b'-ap1,MBp4,MBp4,dopamine,0.5017651392615848,acetylcholine; acetylcholine,"Barnstedt et al. 2016 (immuno, RNAi); Aso et al. 2019 (scRNA-seq)",right,,fw026682,FBbt:00049836,,isomorphic,,,
81489617769314839,720575940610823010,158248.0,44752.0,5360.0,158248.0,44752.0,5360.0,6826971.0,intrinsic,central,Kenyon_Cell,,11862.0,KCab-p,KCab-p,MBp2,MBp2,dopamine,0.6881368779529091,acetylcholine; acetylcholine,Barnstedt et al. 2016 (immuno); Aso et al. 2019 (scRNA-seq),right,,fw026686,FBbt_00110931,,isomorphic,,,
80925705675899012,720575940634977893,149864.0,30440.0,4693.0,149864.0,30440.0,4693.0,6314480.0,intrinsic,central,Kenyon_Cell,KCab,11862.0,KCab,KCab-s,MBp3,MBp3,dopamine,0.567463132861409,"acetylcholine; sNPF; acetylcholine, sNPF","Barnstedt et al. 2016 (immuno, RNAi); Johard et al. (immuno); Aso et al. 2019 (scRNA-seq)",right,,fw026688,FBbt_00100248,,isomorphic,,,
81066236872112070,720575940623369668,152112.0,27336.0,4012.0,152112.0,27336.0,4012.0,6309429.0,intrinsic,central,Kenyon_Cell,,17488.0,KCapbp-ap1,KCa'b'-ap1,MBp3,MBp3,dopamine,0.5592637563752454,acetylcholine; acetylcholine,"Barnstedt et al. 2016 (immuno, RNAi); Aso et al. 2019 (scRNA-seq)",right,,fw026691,FBbt:00049836,,isomorphic,,,
81277411891085325,720575940607030281,155080.0,29000.0,4435.0,155080.0,29000.0,4435.0,6319523.0,intrinsic,central,Kenyon_Cell,KCab,11862.0,KCab,KCab-s,MBp3,MBp3,dopamine,0.6408676948406711,"acetylcholine; sNPF; acetylcholine, sNPF","Barnstedt et al. 2016 (immuno, RNAi); Johard et al. (immuno); Aso et al. 2019 (scRNA-seq)",right,,fw026696,FBbt_00100248,,isomorphic,,,
80996486737298225,720575940612453603,150928.0,37258.0,4975.0,148632.0,31176.0,4788.0,6312123.0,intrinsic,central,Kenyon_Cell,KCg,14292.0,KCg-m,KCg-m,MBp2,MBp2,dopamine,0.7729442384397825,"acetylcholine; sNPF; acetylcholine, sNPF","Barnstedt et al. 2016 (immuno); Johard et al., 2008 (immuno); Aso et al. 2019 (scRNA-seq)",right,,fw026709,FBbt_00111061,,isomorphic,,,
81910868027420886,720575940618671495,164498.0,31119.0,4293.0,166544.0,29928.0,4168.0,7063540.0,intrinsic,central,Kenyon_Cell,,17488.0,KCapbp-ap1,KCa'b'-ap1,MBp4,MBp4,dopamine,0.4764527282841509,acetylcholine; acetylcholine,"Barnstedt et al. 2016 (immuno, RNAi); Aso et al. 2019 (scRNA-seq)",right,,fw026724,FBbt:00049836,,isomorphic,,,
81208074073038419,720575940620996621,153576.0,44488.0,5293.0,153576.0,44488.0,5293.0,6375690.0,intrinsic,central,Kenyon_Cell,,17488.0,KCapbp-ap1,KCa'b'-ap1,MBp2,MBp2,dopamine,0.5840718169318699,acetylcholine; acetylcholine,"Barnstedt et al. 2016 (immuno, RNAi); Aso et al. 2019 (scRNA-seq)",right,,fw026725,FBbt:00049836,,isomorphic,,,
81137293011959530,720575940639543715,153352.0,38504.0,5275.0,153352.0,38504.0,5275.0,6355763.0,intrinsic,central,Kenyon_Cell,,17488.0,KCapbp-m,KCa'b'-m,MBp2,MBp2,dopamine,0.5754773384219278,acetylcholine; acetylcholine,"Barnstedt et al. 2016 (immuno, RNAi); Aso et al. 2019 (scRNA-seq)",right,,fw026728,FBbt:00100253,,isomorphic,,,
81207867377713129,720575940638662352,154103.0,41034.0,1171.0,164728.0,27520.0,4223.0,7060494.0,intrinsic,central,Kenyon_Cell,,17488.0,KCapbp-ap1,KCa'b'-ap1,MBp4,MBp4,dopamine,0.5059979815154131,acetylcholine; acetylcholine,"Barnstedt et al. 2016 (immuno, RNAi); Aso et al. 2019 (scRNA-seq)",right,,fw026747,FBbt:00049836,,isomorphic,,,
81559848940225353,720575940632736045,158950.0,43314.0,4293.0,156592.0,39056.0,5282.0,6750495.0,intrinsic,central,Kenyon_Cell,KCg,14292.0,KCg-m,KCg-m,MBp4,MBp4,dopamine,0.765358430304393,"acetylcholine; sNPF; acetylcholine, sNPF","Barnstedt et al. 2016 (immuno); Johard et al., 2008 (immuno); Aso et al. 2019 (scRNA-seq)",right,,fw026771,FBbt_00111061,,isomorphic,,,
81559848940214363,720575940631777567,159636.0,43596.0,4294.0,160536.0,29112.0,4427.0,6701720.0,intrinsic,central,Kenyon_Cell,KCg,14292.0,KCg-m,KCg-m,MBp4,MBp4,dopamine,0.8155907728702138,"acetylcholine; sNPF; acetylcholine, sNPF","Barnstedt et al. 2016 (immuno); Johard et al., 2008 (immuno); Aso et al. 2019 (scRNA-seq)",right,,fw026778,FBbt_00111061,,isomorphic,,,
81418218098711645,720575940617876048,157320.0,29664.0,4298.0,157320.0,29664.0,4298.0,6695999.0,intrinsic,central,Kenyon_Cell,,17488.0,KCapbp-ap1,KCa'b'-ap1,MBp3,MBp3,dopamine,0.5045663335413068,acetylcholine; acetylcholine,"Barnstedt et al. 2016 (immuno, RNAi); Aso et al. 2019 (scRNA-seq)",right,,fw026781,FBbt:00049836,,isomorphic,,,
81419248823952748,720575940623403773,157520.0,44685.0,3977.0,154752.0,39400.0,5276.0,6356570.0,intrinsic,central,Kenyon_Cell,KCg,14292.0,KCg-m,KCg-m,MBp2,MBp2,dopamine,0.6985171048801234,"acetylcholine; sNPF; acetylcholine, sNPF","Barnstedt et al. 2016 (immuno); Johard et al., 2008 (immuno); Aso et al. 2019 (scRNA-seq)",right,,fw026785,FBbt_00111061,,isomorphic,,,
81348673921252491,720575940637320381,156304.0,42198.0,3897.0,143624.0,26176.0,3999.0,5630298.0,intrinsic,central,Kenyon_Cell,KCab,11862.0,KCab,KCab-s,MBp1,MBp1,dopamine,0.6198901751448076,"acetylcholine; sNPF; acetylcholine, sNPF","Barnstedt et al. 2016 (immuno, RNAi); Johard et al. (immuno); Aso et al. 2019 (scRNA-seq)",right,,fw026787,FBbt_00100248,,isomorphic,,,
81980961893552884,720575940631237433,164824.0,26568.0,4193.0,164824.0,26568.0,4193.0,7060951.0,intrinsic,central,Kenyon_Cell,,17488.0,KCapbp-ap2,KCa'b'-ap2,MBp4,MBp4,dopamine,0.5367949006401966,acetylcholine; acetylcholine,"Barnstedt et al. 2016 (immuno, RNAi); Aso et al. 2019 (scRNA-seq)",right,,fw026794,FBbt:00049837,,isomorphic,,,
81489548848611529,720575940616821393,158098.0,44284.0,3976.0,150200.0,39160.0,5243.0,6353771.0,intrinsic,central,Kenyon_Cell,KCg,14292.0,KCg-m,KCg-m,MBp2,MBp2,dopamine,0.7524939218754528,"acetylcholine; sNPF; acetylcholine, sNPF","Barnstedt et al. 2016 (immuno); Johard et al., 2008 (immuno); Aso et al. 2019 (scRNA-seq)",right,,fw026806,FBbt_00111061,,isomorphic,,,
81700655215558743,720575940621554968,160864.0,44384.0,5068.0,160864.0,44384.0,5068.0,6825210.0,intrinsic,central,Kenyon_Cell,KCg,14292.0,KCg-m,KCg-m,MBp2,MBp2,dopamine,0.7629063203276039,"acetylcholine; sNPF; acetylcholine, sNPF","Barnstedt et al. 2016 (immuno); Johard et al., 2008 (immuno); Aso et al. 2019 (scRNA-seq)",right,,fw026814,FBbt_00111061,,isomorphic,,,
81489480196056876,720575940621973018,158381.0,43281.0,4294.0,157808.0,46280.0,5252.0,6826783.0,intrinsic,central,Kenyon_Cell,KCg,14292.0,KCg-m,KCg-m,MBp2,MBp2,dopamine,0.803215935610261,"acetylcholine; sNPF; acetylcholine, sNPF","Barnstedt et al. 2016 (immuno); Johard et al., 2008 (immuno); Aso et al. 2019 (scRNA-seq)",right,,fw026816,FBbt_00111061,,isomorphic,,,
82051330637749780,720575940613119459,166464.0,27216.0,4216.0,166464.0,27216.0,4216.0,7063480.0,intrinsic,central,Kenyon_Cell,,17488.0,KCapbp-ap2,KCa'b'-ap2,MBp4,MBp4,dopamine,0.5417626111801096,acetylcholine; acetylcholine,"Barnstedt et al. 2016 (immuno, RNAi); Aso et al. 2019 (scRNA-seq)",right,,fw026820,FBbt:00049837,,isomorphic,,,
81981305491078131,720575940649228665,164910.0,31373.0,4294.0,167096.0,29336.0,4233.0,7064068.0,intrinsic,central,Kenyon_Cell,KCg,17488.0,KCa'b'-ap1,KCa'b'-ap1,MBp4,MBp4,dopamine,0.560404835771362,"acetylcholine; sNPF; acetylcholine, sNPF","Barnstedt et al. 2016 (immuno); Johard et al., 2008 (immuno); Aso et al. 2019 (scRNA-seq)",right,,fw026832,FBbt_00111061,,isomorphic,,,
81981236838552806,720575940654752417,165696.0,30672.0,4713.0,165696.0,30672.0,4713.0,7062811.0,intrinsic,central,Kenyon_Cell,KCab,11862.0,KCab,KCab-s,MBp4,MBp4,dopamine,0.6466793697871811,"acetylcholine; sNPF; acetylcholine, sNPF","Barnstedt et al. 2016 (immuno, RNAi); Johard et al. (immuno); Aso et al. 2019 (scRNA-seq)",right,,fw026854,FBbt_00100248,,isomorphic,,,
80432780735220368,720575940632229788,142440.0,25680.0,3803.0,142440.0,25680.0,3803.0,5629916.0,intrinsic,central,Kenyon_Cell,,17488.0,KCapbp-m,KCa'b'-m,MBp1,MBp1,dopamine,0.5592427594856223,acetylcholine; acetylcholine,"Barnstedt et al. 2016 (immuno, RNAi); Aso et al. 2019 (scRNA-seq)",right,,fw026877,FBbt:00100253,,isomorphic,,,
81066030780292196,720575940609097058,152032.0,25192.0,4202.0,152032.0,25192.0,4202.0,6316665.0,intrinsic,central,Kenyon_Cell,,17488.0,KCapbp-m,KCa'b'-m,MBp3,MBp3,dopamine,0.4873203642751216,acetylcholine; acetylcholine,"Barnstedt et al. 2016 (immuno, RNAi); Aso et al. 2019 (scRNA-seq)",right,,fw026878,FBbt:00100253,,isomorphic,,,
81066236938708610,720575940623203012,152312.0,28224.0,4194.0,152312.0,28224.0,4194.0,6316989.0,intrinsic,central,Kenyon_Cell,,17488.0,KCapbp-m,KCa'b'-m,MBp3,MBp3,dopamine,0.5208800561590736,acetylcholine; acetylcholine,"Barnstedt et al. 2016 (immuno, RNAi); Aso et al. 2019 (scRNA-seq)",right,,fw026879,FBbt:00100253,,isomorphic,,,
81348673921242408,720575940630425119,156516.0,42366.0,3896.0,146856.0,28160.0,4380.0,5641249.0,intrinsic,central,Kenyon_Cell,KCab,11862.0,KCab,KCab-s,MBp1,MBp1,dopamine,0.6096128503689956,"acetylcholine; sNPF; acetylcholine, sNPF","Barnstedt et al. 2016 (immuno, RNAi); Johard et al. (immuno); Aso et al. 2019 (scRNA-seq)",right,,fw026882,FBbt_00100248,,isomorphic,,,
81630217684412598,720575940628415079,159823.0,43358.0,4294.0,169104.0,35184.0,4799.0,7076134.0,intrinsic,central,Kenyon_Cell,KCg,14292.0,KCg-m,KCg-m,MBp4,MBp4,dopamine,0.7860506926811921,"acetylcholine; sNPF; acetylcholine, sNPF","Barnstedt et al. 2016 (immuno); Johard et al., 2008 (immuno); Aso et al. 2019 (scRNA-seq)",right,,fw026886,FBbt_00111061,,isomorphic,,,
81560055232882215,720575940618394453,158720.0,46208.0,5290.0,158720.0,46208.0,5290.0,6827106.0,intrinsic,central,Kenyon_Cell,,17488.0,KCapbp-ap1,KCa'b'-ap1,MBp2,MBp2,dopamine,0.6050857234057889,acetylcholine; acetylcholine,"Barnstedt et al. 2016 (immuno, RNAi); Aso et al. 2019 (scRNA-seq)",right,,fw026889,FBbt:00049836,,isomorphic,,,
81981786594761461,720575940606515292,165696.0,39288.0,4959.0,165696.0,39288.0,4959.0,7074727.0,intrinsic,central,Kenyon_Cell,KCg,19102.0,KCg-d,KCg-d,MBp3,MBp3,dopamine,0.5890813427833577,"acetylcholine; sNPF; acetylcholine, sNPF","Barnstedt et al. 2016 (immuno); Johard et al., 2008 (immuno); Aso et al. 2019 (scRNA-seq)",right,,fw026891,FBbt_00110932,,isomorphic,,,
82121836820964314,720575940615780353,167680.0,28464.0,4272.0,167680.0,28464.0,4272.0,7064677.0,intrinsic,central,Kenyon_Cell,,17488.0,KCapbp-m,KCa'b'-m,MBp4,MBp4,dopamine,0.5195491383310661,acetylcholine; acetylcholine,"Barnstedt et al. 2016 (immuno, RNAi); Aso et al. 2019 (scRNA-seq)",right,,fw026904,FBbt:00100253,,isomorphic,,,
80714255712188321,720575940636159039,146512.0,25248.0,3992.0,146512.0,25248.0,3992.0,5631518.0,intrinsic,central,Kenyon_Cell,,17488.0,KCapbp-ap2,KCa'b'-ap2,MBp1,MBp1,dopamine,0.5824539074031917,acetylcholine; acetylcholine,"Barnstedt et al. 2016 (immuno, RNAi); Aso et al. 2019 (scRNA-seq)",right,,fw026915,FBbt:00049837,,isomorphic,,,
82262574309311402,720575940633034336,169304.0,28640.0,4304.0,169304.0,28640.0,4304.0,7066483.0,intrinsic,central,Kenyon_Cell,,17488.0,KCapbp-m,KCa'b'-m,MBp4,MBp4,dopamine,0.4847885991491936,acetylcholine; acetylcholine,"Barnstedt et al. 2016 (immuno, RNAi); Aso et al. 2019 (scRNA-seq)",right,,fw026921,FBbt:00100253,,isomorphic,,,
81419180305556066,720575940630450852,156776.0,44584.0,5293.0,156776.0,44584.0,5293.0,6826282.0,intrinsic,central,Kenyon_Cell,,17488.0,KCapbp-ap1,KCa'b'-ap1,MBp2,MBp2,dopamine,0.4951470850752753,acetylcholine; acetylcholine,"Barnstedt et al. 2016 (immuno, RNAi); Aso et al. 2019 (scRNA-seq)",right,,fw026930,FBbt:00049836,,isomorphic,,,
81278305177067842,720575940630399995,155319.0,42220.0,3896.0,150016.0,30504.0,4188.0,6314632.0,intrinsic,central,Kenyon_Cell,,17488.0,KCapbp-ap2,KCa'b'-ap2,MBp1,MBp1,dopamine,0.4828901615909842,acetylcholine; acetylcholine,"Barnstedt et al. 2016 (immuno, RNAi); Aso et al. 2019 (scRNA-seq)",right,,fw026933,FBbt:00049837,,isomorphic,,,
81417943220820807,720575940614229758,157480.0,26000.0,4318.0,157480.0,26000.0,4318.0,6696197.0,intrinsic,central,Kenyon_Cell,,17488.0,KCapbp-ap2,KCa'b'-ap2,MBp3,MBp3,dopamine,0.5384175512710975,acetylcholine; acetylcholine,"Barnstedt et al. 2016 (immuno, RNAi); Aso et al. 2019 (scRNA-seq)",right,,fw026956,FBbt:00049837,,isomorphic,,,
81700655282142704,720575940623965513,160736.0,44544.0,5193.0,160736.0,44544.0,5193.0,6829157.0,intrinsic,central,Kenyon_Cell,,17488.0,KCapbp-ap1,KCa'b'-ap1,MBp2,MBp2,dopamine,0.5913160267098523,acetylcholine; acetylcholine,"Barnstedt et al. 2016 (immuno, RNAi); Aso et al. 2019 (scRNA-seq)",right,,fw026959,FBbt:00049836,,isomorphic,,,
81136605683039213,720575940609163986,153168.0,27552.0,4288.0,153168.0,27552.0,4288.0,6318046.0,intrinsic,central,Kenyon_Cell,,17488.0,KCapbp-ap1,KCa'b'-ap1,MBp3,MBp3,dopamine,0.5535479683078718,acetylcholine; acetylcholine,"Barnstedt et al. 2016 (immuno, RNAi); Aso et al. 2019 (scRNA-seq)",right,,fw026963,FBbt:00049836,,isomorphic,,,
82333011772920616,720575940615569723,170032.0,29592.0,4237.0,170032.0,29592.0,4237.0,7066733.0,intrinsic,central,Kenyon_Cell,KCg,14292.0,KCg-m,KCg-m,MBp4,MBp4,dopamine,0.8523163856183478,"acetylcholine; sNPF; acetylcholine, sNPF","Barnstedt et al. 2016 (immuno); Johard et al., 2008 (immuno); Aso et al. 2019 (scRNA-seq)",right,,fw026966,FBbt_00111061,,isomorphic,,,
82192205565211045,720575940635033701,168008.0,29104.0,4312.0,168008.0,29104.0,4312.0,7065421.0,intrinsic,central,Kenyon_Cell,,17488.0,KCapbp-m,KCa'b'-m,MBp4,MBp4,dopamine,0.5096161007607392,acetylcholine; acetylcholine,"Barnstedt et al. 2016 (immuno, RNAi); Aso et al. 2019 (scRNA-seq)",right,,fw026969,FBbt:00100253,,isomorphic,,,
81559848940226766,720575940637407209,158927.0,43590.0,4293.0,158808.0,39504.0,5056.0,6748462.0,intrinsic,central,Kenyon_Cell,KCg,14292.0,KCg-m,KCg-m,MBp2,MBp2,dopamine,0.725243884486497,"acetylcholine; sNPF; acetylcholine, sNPF","Barnstedt et al. 2016 (immuno); Johard et al., 2008 (immuno); Aso et al. 2019 (scRNA-seq)",right,,fw026974,FBbt_00111061,,isomorphic,,,
80925636956397688,720575940629855340,149752.0,29504.0,4677.0,149752.0,29504.0,4677.0,6314414.0,intrinsic,central,Kenyon_Cell,KCg,14292.0,KCg-m,KCg-m,MBp1,MBp1,dopamine,0.8267427287372975,"acetylcholine; sNPF; acetylcholine, sNPF","Barnstedt et al. 2016 (immuno); Johard et al., 2008 (immuno); Aso et al. 2019 (scRNA-seq)",right,,fw026976,FBbt_00111061,,isomorphic,,,
81699624356134482,720575940646646148,161416.0,28920.0,4435.0,161416.0,28920.0,4435.0,6707680.0,intrinsic,central,Kenyon_Cell,KCab,11862.0,KCab,KCab-s,MBp4,MBp4,dopamine,0.5739389793660966,"acetylcholine; sNPF; acetylcholine, sNPF","Barnstedt et al. 2016 (immuno, RNAi); Johard et al. (immuno); Aso et al. 2019 (scRNA-seq)",right,,fw026977,FBbt_00100248,,isomorphic,,,
81630217684420699,720575940621906345,159730.0,43443.0,4294.0,168488.0,36288.0,4805.0,7075893.0,intrinsic,central,Kenyon_Cell,KCg,14292.0,KCg-m,KCg-m,MBp4,MBp4,dopamine,0.8252816107742199,"acetylcholine; sNPF; acetylcholine, sNPF","Barnstedt et al. 2016 (immuno); Johard et al., 2008 (immuno); Aso et al. 2019 (scRNA-seq)",right,,fw026988,FBbt_00111061,,isomorphic,,,
81559642915881361,720575940617973021,159032.0,39744.0,5207.0,159032.0,39744.0,5207.0,6773117.0,intrinsic,central,Kenyon_Cell,,17488.0,KCapbp-ap2,KCa'b'-ap2,MBp2,MBp2,dopamine,0.5468397370563581,acetylcholine; acetylcholine,"Barnstedt et al. 2016 (immuno, RNAi); Aso et al. 2019 (scRNA-seq)",right,,fw027027,FBbt:00049837,,isomorphic,,,
81559848940227661,720575940621017921,159085.0,43193.0,4293.0,161320.0,29600.0,4403.0,6706919.0,intrinsic,central,Kenyon_Cell,KCg,14292.0,KCg-m,KCg-m,MBp4,MBp4,dopamine,0.7734324222731616,"acetylcholine; sNPF; acetylcholine, sNPF","Barnstedt et al. 2016 (immuno); Johard et al., 2008 (immuno); Aso et al. 2019 (scRNA-seq)",right,,fw027028,FBbt_00111061,,isomorphic,,,
81137774048391391,720575940606947714,152544.0,45000.0,5344.0,152544.0,45000.0,5344.0,6375154.0,intrinsic,central,Kenyon_Cell,KCg,14292.0,KCg-m,KCg-m,MBp2,MBp2,dopamine,0.7562814108984907,"acetylcholine; sNPF; acetylcholine, sNPF","Barnstedt et al. 2016 (immuno); Johard et al., 2008 (immuno); Aso et al. 2019 (scRNA-seq)",right,,fw027035,FBbt_00111061,,isomorphic,,,
81559848940233579,720575940628433511,158910.0,43534.0,4294.0,164896.0,42072.0,5047.0,7084264.0,intrinsic,central,Kenyon_Cell,KCg,14292.0,KCg-m,KCg-m,MBp2,MBp2,dopamine,0.7441436966631969,"acetylcholine; sNPF; acetylcholine, sNPF","Barnstedt et al. 2016 (immuno); Johard et al., 2008 (immuno); Aso et al. 2019 (scRNA-seq)",right,,fw027040,FBbt_00111061,,isomorphic,,,
81277549329691536,720575940613403458,154936.0,30536.0,4213.0,154936.0,30536.0,4213.0,6319398.0,intrinsic,central,Kenyon_Cell,KCg,14292.0,KCg-m,KCg-m,MBp3,MBp3,dopamine,0.7818379775188061,"acetylcholine; sNPF; acetylcholine, sNPF","Barnstedt et al. 2016 (immuno); Johard et al., 2008 (immuno); Aso et al. 2019 (scRNA-seq)",right,,fw027055,FBbt_00111061,,isomorphic,,,
80996692425812747,720575940631603267,150584.0,39667.0,1261.0,166752.0,27016.0,4144.0,7063792.0,intrinsic,central,Kenyon_Cell,,17488.0,KCapbp-ap1,KCa'b'-ap1,MBp4,MBp4,dopamine,0.513733572546019,acetylcholine; acetylcholine,"Barnstedt et al. 2016 (immuno, RNAi); Aso et al. 2019 (scRNA-seq)",right,,fw027057,FBbt:00049836,,isomorphic,,,
81770680362233001,720575940629921398,162112.0,39064.0,4975.0,162112.0,39064.0,4975.0,6749150.0,intrinsic,central,Kenyon_Cell,KCg,14292.0,KCg-m,KCg-m,MBp3,MBp3,dopamine,0.8099727484389805,"acetylcholine; sNPF; acetylcholine, sNPF","Barnstedt et al. 2016 (immuno); Johard et al., 2008 (immuno); Aso et al. 2019 (scRNA-seq)",right,,fw027077,FBbt_00111061,,isomorphic,,,
81278167939268029,720575940619864912,155008.0,40256.0,5277.0,155008.0,40256.0,5277.0,6356868.0,intrinsic,central,Kenyon_Cell,,17488.0,KCapbp-ap2,KCa'b'-ap2,MBp2,MBp2,dopamine,0.5831940238617835,acetylcholine; acetylcholine,"Barnstedt et al. 2016 (immuno, RNAi); Aso et al. 2019 (scRNA-seq)",right,,fw027092,FBbt:00049837,,isomorphic,,,
82121905540434394,720575940615255090,167808.0,30024.0,4250.0,167808.0,30024.0,4250.0,7064925.0,intrinsic,central,Kenyon_Cell,,17488.0,KCapbp-m,KCa'b'-m,MBp4,MBp4,dopamine,0.42040573843252,acetylcholine; acetylcholine,"Barnstedt et al. 2016 (immuno, RNAi); Aso et al. 2019 (scRNA-seq)",right,,fw027099,FBbt:00100253,,isomorphic,,,
81278305177082249,720575940605171121,155264.0,41791.0,3897.0,150888.0,27136.0,3881.0,6308909.0,intrinsic,central,Kenyon_Cell,KCg,14292.0,KCg-m,KCg-m,MBp1,MBp1,dopamine,0.7935328688529072,"acetylcholine; sNPF; acetylcholine, sNPF","Barnstedt et al. 2016 (immuno); Johard et al., 2008 (immuno); Aso et al. 2019 (scRNA-seq)",right,,fw027101,FBbt_00111061,,isomorphic,,,
82051468076829953,720575940624601236,166744.0,28792.0,4310.0,166744.0,28792.0,4310.0,7063752.0,intrinsic,central,Kenyon_Cell,,17488.0,KCapbp-m,KCa'b'-m,MBp4,MBp4,dopamine,0.5290542716493415,acetylcholine; acetylcholine,"Barnstedt et al. 2016 (immuno, RNAi); Aso et al. 2019 (scRNA-seq)",right,,fw027107,FBbt:00100253,,isomorphic,,,
81630286337006693,720575940627964204,159889.0,43729.0,3977.0,172656.0,34152.0,4613.0,7351727.0,intrinsic,central,Kenyon_Cell,KCg,14292.0,KCg-m,KCg-m,MBp4,MBp4,dopamine,0.7839910277216523,"acetylcholine; sNPF; acetylcholine, sNPF","Barnstedt et al. 2016 (immuno); Johard et al., 2008 (immuno); Aso et al. 2019 (scRNA-seq)",right,,fw027123,FBbt_00111061,,isomorphic,,,
81277205732414299,720575940606968450,155216.0,25816.0,4266.0,155216.0,25816.0,4266.0,6319660.0,intrinsic,central,Kenyon_Cell,KCab,11862.0,KCab,KCab-s,MBp3,MBp3,dopamine,0.6485576194351733,"acetylcholine; sNPF; acetylcholine, sNPF","Barnstedt et al. 2016 (immuno, RNAi); Johard et al. (immuno); Aso et al. 2019 (scRNA-seq)",right,,fw027156,FBbt_00100248,,isomorphic,,,
81769786941671245,720575940627295802,161928.0,26064.0,4276.0,161928.0,26064.0,4276.0,6709736.0,intrinsic,central,Kenyon_Cell,,17488.0,KCapbp-ap2,KCa'b'-ap2,MBp4,MBp4,dopamine,0.5092738575793199,acetylcholine; acetylcholine,"Barnstedt et al. 2016 (immuno, RNAi); Aso et al. 2019 (scRNA-seq)",right,,fw027158,FBbt:00049837,,isomorphic,,,
81559848940234591,720575940623946988,159340.0,43166.0,4294.0,163168.0,26976.0,4387.0,6713004.0,intrinsic,central,Kenyon_Cell,KCg,14292.0,KCg-m,KCg-m,MBp4,MBp4,dopamine,0.7617958640390861,"acetylcholine; sNPF; acetylcholine, sNPF","Barnstedt et al. 2016 (immuno); Johard et al., 2008 (immuno); Aso et al. 2019 (scRNA-seq)",right,,fw027162,FBbt_00111061,,isomorphic,,,
81629255612124740,720575940620608238,160640.0,29064.0,4530.0,160640.0,29064.0,4530.0,6702307.0,intrinsic,central,Kenyon_Cell,KCg,14292.0,KCg-m,KCg-m,MBp3,MBp3,dopamine,0.8362009921878031,"acetylcholine; sNPF; acetylcholine, sNPF","Barnstedt et al. 2016 (immuno); Johard et al., 2008 (immuno); Aso et al. 2019 (scRNA-seq)",right,,fw027177,FBbt_00111061,,isomorphic,,,
81489274105225493,720575940605792434,157754.0,40208.0,5132.0,161496.0,40280.0,5200.0,6801582.0,intrinsic,central,Kenyon_Cell,,17488.0,KCapbp-m,KCa'b'-m,MBp2,MBp2,dopamine,0.5458458899344971,acetylcholine; acetylcholine,"Barnstedt et al. 2016 (immuno, RNAi); Aso et al. 2019 (scRNA-seq)",right,,fw027184,FBbt:00100253,,isomorphic,,,
80996486737298071,720575940623315347,150802.0,37098.0,4974.0,149024.0,35288.0,4820.0,6351929.0,intrinsic,central,Kenyon_Cell,KCg,14292.0,KCg-m,KCg-m,MBp2,MBp2,dopamine,0.7662231808862697,"acetylcholine; sNPF; acetylcholine, sNPF","Barnstedt et al. 2016 (immuno); Johard et al., 2008 (immuno); Aso et al. 2019 (scRNA-seq)",right,,fw027187,FBbt_00111061,,isomorphic,,,
81066305725146291,720575940614900886,151920.0,28464.0,4638.0,151920.0,28464.0,4638.0,6316427.0,intrinsic,central,Kenyon_Cell,KCab,11862.0,KCab,KCab-s,MBp3,MBp3,dopamine,0.5656309581559188,"acetylcholine; sNPF; acetylcholine, sNPF","Barnstedt et al. 2016 (immuno, RNAi); Johard et al. (immuno); Aso et al. 2019 (scRNA-seq)",right,,fw027194,FBbt_00100248,,isomorphic,,,
81348742640707914,720575940621920452,155755.0,43087.0,3896.0,148128.0,28640.0,4368.0,6311294.0,intrinsic,central,Kenyon_Cell,KCab,11862.0,KCab,KCab-m,MBp1,MBp1,dopamine,0.6051085462558514,"acetylcholine; sNPF; acetylcholine, sNPF","Barnstedt et al. 2016 (immuno, RNAi); Johard et al. (immuno); Aso et al. 2019 (scRNA-seq)",right,,fw027200,FBbt_00100248,,isomorphic,,,
81630286337029750,720575940623914954,159987.0,43678.0,3977.0,161832.0,30744.0,4288.0,6709287.0,intrinsic,central,Kenyon_Cell,KCg,14292.0,KCg-m,KCg-m,MBp4,MBp4,dopamine,0.7798955318356892,"acetylcholine; sNPF; acetylcholine, sNPF","Barnstedt et al. 2016 (immuno); Johard et al., 2008 (immuno); Aso et al. 2019 (scRNA-seq)",right,,fw027215,FBbt_00111061,,isomorphic,,,
81277274451918380,720575940622836455,154936.0,26400.0,4316.0,154936.0,26400.0,4316.0,6319369.0,intrinsic,central,Kenyon_Cell,,11862.0,KCab-p,KCab-p,MBp3,MBp3,dopamine,0.5843342990625278,acetylcholine; acetylcholine,Barnstedt et al. 2016 (immuno); Aso et al. 2019 (scRNA-seq),right,,fw027219,FBbt_00110931,,isomorphic,,,
80784555736933003,720575940642162573,148056.0,25032.0,3998.0,148056.0,25032.0,3998.0,6307614.0,intrinsic,central,Kenyon_Cell,,17488.0,KCapbp-m,KCa'b'-m,MBp1,MBp1,dopamine,0.5430276784386339,acetylcholine; acetylcholine,"Barnstedt et al. 2016 (immuno, RNAi); Aso et al. 2019 (scRNA-seq)",right,,fw027224,FBbt:00100253,,isomorphic,,,
81067061706797809,720575940610140378,152240.0,40408.0,5305.0,152240.0,40408.0,5305.0,6354916.0,intrinsic,central,Kenyon_Cell,KCab,11862.0,KCab,KCab-s,MBp2,MBp2,dopamine,0.6293107621242814,"acetylcholine; sNPF; acetylcholine, sNPF","Barnstedt et al. 2016 (immuno, RNAi); Johard et al. (immuno); Aso et al. 2019 (scRNA-seq)",right,,fw027228,FBbt_00100248,,isomorphic,,,
81278374097743667,720575940645236078,154672.0,42968.0,5301.0,154672.0,42968.0,5301.0,6376115.0,intrinsic,central,Kenyon_Cell,,17488.0,KCapbp-m,KCa'b'-m,MBp2,MBp2,dopamine,0.5077273511467069,acetylcholine; acetylcholine,"Barnstedt et al. 2016 (immuno, RNAi); Aso et al. 2019 (scRNA-seq)",right,,fw027238,FBbt:00100253,,isomorphic,,,
81559848940240409,720575940625486692,158868.0,43508.0,4293.0,161328.0,44032.0,5004.0,6825314.0,intrinsic,central,Kenyon_Cell,KCg,14292.0,KCg-m,KCg-m,MBp2,MBp2,dopamine,0.8327822162272451,"acetylcholine; sNPF; acetylcholine, sNPF","Barnstedt et al. 2016 (immuno); Johard et al., 2008 (immuno); Aso et al. 2019 (scRNA-seq)",right,,fw027239,FBbt_00111061,,isomorphic,,,
80784761962343893,720575940621163636,147944.0,27896.0,4434.0,147944.0,27896.0,4434.0,6311017.0,intrinsic,central,Kenyon_Cell,KCg,14292.0,KCg-m,KCg-m,MBp1,MBp1,dopamine,0.8140286531852807,"acetylcholine; sNPF; acetylcholine, sNPF","Barnstedt et al. 2016 (immuno); Johard et al., 2008 (immuno); Aso et al. 2019 (scRNA-seq)",right,,fw027248,FBbt_00111061,,isomorphic,,,
81981717875384561,720575940613713704,165152.0,38224.0,5056.0,165152.0,38224.0,5056.0,7074481.0,intrinsic,central,Kenyon_Cell,KCg,14292.0,KCg-m,KCg-m,MBp3,MBp3,dopamine,0.8079911033377399,"acetylcholine; sNPF; acetylcholine, sNPF","Barnstedt et al. 2016 (immuno); Johard et al., 2008 (immuno); Aso et al. 2019 (scRNA-seq)",right,,fw027250,FBbt_00111061,,isomorphic,,,
82333011772983570,720575940619895329,170720.0,29800.0,4291.0,170720.0,29800.0,4291.0,7066941.0,intrinsic,central,Kenyon_Cell,KCg,14292.0,KCg-m,KCg-m,MBp4,MBp4,dopamine,0.7412654473042151,"acetylcholine; sNPF; acetylcholine, sNPF","Barnstedt et al. 2016 (immuno); Johard et al., 2008 (immuno); Aso et al. 2019 (scRNA-seq)",right,,fw027254,FBbt_00111061,,isomorphic,,,
81136811841430954,720575940632465945,152680.0,30816.0,4268.0,152680.0,30816.0,4268.0,6317460.0,intrinsic,central,Kenyon_Cell,,17488.0,KCapbp-m,KCa'b'-m,MBp1,MBp1,dopamine,0.5429859324717017,acetylcholine; acetylcholine,"Barnstedt et al. 2016 (immuno, RNAi); Aso et al. 2019 (scRNA-seq)",right,,fw027270,FBbt:00100253,,isomorphic,,,
81136468244086692,720575940606579465,152656.0,26000.0,4299.0,152656.0,26000.0,4299.0,6317341.0,intrinsic,central,Kenyon_Cell,,11862.0,KCab-p,KCab-p,MBp3,MBp3,dopamine,0.649405166676093,acetylcholine; acetylcholine,Barnstedt et al. 2016 (immuno); Aso et al. 2019 (scRNA-seq),right,,fw027273,FBbt_00110931,,isomorphic,,,
80996143072950613,720575940629507706,150550.0,31824.0,4572.0,150064.0,25168.0,4051.0,6308472.0,intrinsic,central,Kenyon_Cell,,11862.0,KCab-p,KCab-p,MBp1,MBp1,dopamine,0.6263383425066742,acetylcholine; acetylcholine,Barnstedt et al. 2016 (immuno); Aso et al. 2019 (scRNA-seq),right,,fw027293,FBbt_00110931,,isomorphic,,,
81208005353481330,720575940631019468,154280.0,42832.0,5231.0,154280.0,42832.0,5231.0,6375967.0,intrinsic,central,Kenyon_Cell,,17488.0,KCapbp-m,KCa'b'-m,MBp2,MBp2,dopamine,0.5732453396856169,acetylcholine; acetylcholine,"Barnstedt et al. 2016 (immuno, RNAi); Aso et al. 2019 (scRNA-seq)",right,,fw027300,FBbt:00100253,,isomorphic,,,
82403449236724211,720575940619695809,171176.0,30496.0,4319.0,171176.0,30496.0,4319.0,7067091.0,intrinsic,central,Kenyon_Cell,,17488.0,KCapbp-ap1,KCa'b'-ap1,MBp4,MBp4,dopamine,0.4738344747026525,acetylcholine; acetylcholine,"Barnstedt et al. 2016 (immuno, RNAi); Aso et al. 2019 (scRNA-seq)",right,,fw027315,FBbt:00049836,,isomorphic,,,
81489480196062468,720575940635110286,158348.0,43430.0,4294.0,154304.0,45264.0,5267.0,6375988.0,intrinsic,central,Kenyon_Cell,KCg,14292.0,KCg-m,KCg-m,MBp2,MBp2,dopamine,0.7941157812503682,"acetylcholine; sNPF; acetylcholine, sNPF","Barnstedt et al. 2016 (immuno); Johard et al., 2008 (immuno); Aso et al. 2019 (scRNA-seq)",right,,fw027317,FBbt_00111061,,isomorphic,,,
81700655282225251,720575940613737647,161256.0,44072.0,5261.0,161256.0,44072.0,5261.0,6830222.0,intrinsic,central,Kenyon_Cell,,17488.0,KCapbp-ap2,KCa'b'-ap2,MBp2,MBp2,dopamine,0.5510536315954859,acetylcholine; acetylcholine,"Barnstedt et al. 2016 (immuno, RNAi); Aso et al. 2019 (scRNA-seq)",right,,fw027329,FBbt:00049837,,isomorphic,,,
80643886968038872,720575940631432403,145488.0,25528.0,4007.0,145488.0,25528.0,4007.0,5631012.0,intrinsic,central,Kenyon_Cell,,17488.0,KCapbp-m,KCa'b'-m,MBp1,MBp1,dopamine,0.500133794285308,acetylcholine; acetylcholine,"Barnstedt et al. 2016 (immuno, RNAi); Aso et al. 2019 (scRNA-seq)",right,,fw027345,FBbt:00100253,,isomorphic,,,
81136536963457553,720575940649691513,152672.0,26864.0,4222.0,152672.0,26864.0,4222.0,6317474.0,intrinsic,central,Kenyon_Cell,,17488.0,KCapbp-ap2,KCa'b'-ap2,MBp3,MBp3,dopamine,0.493562264710781,acetylcholine; acetylcholine,"Barnstedt et al. 2016 (immuno, RNAi); Aso et al. 2019 (scRNA-seq)",right,,fw027378,FBbt:00049837,,isomorphic,,,
81489274171847572,720575940627157008,158408.0,39608.0,5274.0,158408.0,39608.0,5274.0,6762574.0,intrinsic,central,Kenyon_Cell,,17488.0,KCapbp-ap2,KCa'b'-ap2,MBp2,MBp2,dopamine,0.5765551578643507,acetylcholine; acetylcholine,"Barnstedt et al. 2016 (immuno, RNAi); Aso et al. 2019 (scRNA-seq)",right,,fw027386,FBbt:00049837,,isomorphic,,,
81630217617520333,720575940628147718,160358.0,43298.0,3977.0,161088.0,31080.0,4451.0,6705306.0,intrinsic,central,Kenyon_Cell,KCg,14292.0,KCg-m,KCg-m,MBp4,MBp4,dopamine,0.7851416338147603,"acetylcholine; sNPF; acetylcholine, sNPF","Barnstedt et al. 2016 (immuno); Johard et al., 2008 (immuno); Aso et al. 2019 (scRNA-seq)",right,,fw027394,FBbt_00111061,,isomorphic,,,
80995868194612961,720575940622412838,151000.0,27768.0,4248.0,151000.0,27768.0,4248.0,6315417.0,intrinsic,central,Kenyon_Cell,,11862.0,KCab-p,KCab-p,MBp1,MBp1,dopamine,0.5904496607074425,acetylcholine; acetylcholine,Barnstedt et al. 2016 (immuno); Aso et al. 2019 (scRNA-seq),right,,fw027395,FBbt_00110931,,isomorphic,,,
80503286918686424,720575940631775032,143832.0,27584.0,4037.0,143832.0,27584.0,4037.0,5630366.0,intrinsic,central,Kenyon_Cell,,17488.0,KCapbp-ap2,KCa'b'-ap2,MBp1,MBp1,dopamine,0.5579116612226896,acetylcholine; acetylcholine,"Barnstedt et al. 2016 (immuno, RNAi); Aso et al. 2019 (scRNA-seq)",right,,fw027423,FBbt:00049837,,isomorphic,,,
81418836708183727,720575940626403400,157472.0,39352.0,5287.0,157472.0,39352.0,5287.0,6753689.0,intrinsic,central,Kenyon_Cell,,17488.0,KCapbp-m,KCa'b'-m,MBp2,MBp2,dopamine,0.5528850756904148,acetylcholine; acetylcholine,"Barnstedt et al. 2016 (immuno, RNAi); Aso et al. 2019 (scRNA-seq)",right,,fw027424,FBbt:00100253,,isomorphic,,,
82474024139535082,720575940606783362,172832.0,33456.0,4487.0,172832.0,33456.0,4487.0,7351758.0,intrinsic,central,Kenyon_Cell,,17488.0,KCapbp-ap1,KCa'b'-ap1,MBp4,MBp4,dopamine,0.4963296043031274,acetylcholine; acetylcholine,"Barnstedt et al. 2016 (immuno, RNAi); Aso et al. 2019 (scRNA-seq)",right,,fw027426,FBbt:00049836,,isomorphic,,,
81278373896809340,720575940621491696,155449.0,43336.0,4103.0,148776.0,30448.0,4725.0,6312514.0,intrinsic,central,Kenyon_Cell,KCg,14292.0,KCg-m,KCg-m,MBp1,MBp1,dopamine,0.7974443854465231,"acetylcholine; sNPF; acetylcholine, sNPF","Barnstedt et al. 2016 (immuno); Johard et al., 2008 (immuno); Aso et al. 2019 (scRNA-seq)",right,,fw027437,FBbt_00111061,,isomorphic,,,
81630217684424560,720575940616440098,159861.0,43405.0,4293.0,167584.0,36848.0,4915.0,7075442.0,intrinsic,central,Kenyon_Cell,KCg,14292.0,KCg-m,KCg-m,MBp4,MBp4,dopamine,0.7868554426216829,"acetylcholine; sNPF; acetylcholine, sNPF","Barnstedt et al. 2016 (immuno); Johard et al., 2008 (immuno); Aso et al. 2019 (scRNA-seq)",right,,fw027452,FBbt_00111061,,isomorphic,,,
81419180104618150,720575940625454640,156690.0,44217.0,4103.0,165704.0,39848.0,5040.0,7074721.0,intrinsic,central,Kenyon_Cell,KCg,14292.0,KCg-m,KCg-m,MBp2,MBp2,dopamine,0.7581786239439089,"acetylcholine; sNPF; acetylcholine, sNPF","Barnstedt et al. 2016 (immuno); Johard et al., 2008 (immuno); Aso et al. 2019 (scRNA-seq)",right,,fw027457,FBbt_00111061,,isomorphic,,,
81278442817196726,720575940613954769,154688.0,44072.0,5283.0,154688.0,44072.0,5283.0,6376111.0,intrinsic,central,Kenyon_Cell,,17488.0,KCapbp-ap2,KCa'b'-ap2,MBp2,MBp2,dopamine,0.573383667193635,acetylcholine; acetylcholine,"Barnstedt et al. 2016 (immuno, RNAi); Aso et al. 2019 (scRNA-seq)",right,,fw027483,FBbt:00049837,,isomorphic,,,
81418630549572363,720575940627164242,156976.0,35800.0,5159.0,156976.0,35800.0,5159.0,6750900.0,intrinsic,central,Kenyon_Cell,KCg,14292.0,KCg-m,KCg-m,MBp3,MBp3,dopamine,0.7346331091522958,"acetylcholine; sNPF; acetylcholine, sNPF","Barnstedt et al. 2016 (immuno); Johard et al., 2008 (immuno); Aso et al. 2019 (scRNA-seq)",right,,fw027486,FBbt_00111061,,isomorphic,,,
81348742641019412,720575940614447922,155685.0,43535.0,4102.0,157056.0,46256.0,5207.0,6826387.0,intrinsic,central,Kenyon_Cell,KCg,14292.0,KCg-m,KCg-m,MBp2,MBp2,dopamine,0.7783473415440776,"acetylcholine; sNPF; acetylcholine, sNPF","Barnstedt et al. 2016 (immuno); Johard et al., 2008 (immuno); Aso et al. 2019 (scRNA-seq)",right,,fw027530,FBbt_00111061,,isomorphic,,,
81630286337023301,720575940620936870,159991.0,43822.0,3976.0,170280.0,34056.0,4720.0,7076472.0,intrinsic,central,Kenyon_Cell,KCg,14292.0,KCg-m,KCg-m,MBp4,MBp4,dopamine,0.8426539119588967,"acetylcholine; sNPF; acetylcholine, sNPF","Barnstedt et al. 2016 (immuno); Johard et al., 2008 (immuno); Aso et al. 2019 (scRNA-seq)",right,,fw027549,FBbt_00111061,,isomorphic,,,
81417943220653219,720575940627158098,157536.0,25368.0,4198.0,157536.0,25368.0,4198.0,6696245.0,intrinsic,central,Kenyon_Cell,,17488.0,KCapbp-ap1,KCa'b'-ap1,MBp3,MBp3,dopamine,0.5166926753797051,acetylcholine; acetylcholine,"Barnstedt et al. 2016 (immuno, RNAi); Aso et al. 2019 (scRNA-seq)",right,,fw027558,FBbt:00049836,,isomorphic,,,
82544186724987448,720575940614822506,172992.0,30736.0,4332.0,172992.0,30736.0,4332.0,7336532.0,intrinsic,central,Kenyon_Cell,,17488.0,KCapbp-ap1,KCa'b'-ap1,MBp4,MBp4,dopamine,0.5710044757037414,acetylcholine; acetylcholine,"Barnstedt et al. 2016 (immuno, RNAi); Aso et al. 2019 (scRNA-seq)",right,,fw027564,FBbt:00049836,,isomorphic,,,
81841392770471994,720575940621892829,163032.0,43960.0,5189.0,163032.0,43960.0,5189.0,6832232.0,intrinsic,central,Kenyon_Cell,KCg,14292.0,KCg-m,KCg-m,MBp2,MBp2,dopamine,0.7691318188666023,"acetylcholine; sNPF; acetylcholine, sNPF","Barnstedt et al. 2016 (immuno); Johard et al., 2008 (immuno); Aso et al. 2019 (scRNA-seq)",right,,fw027573,FBbt_00111061,,isomorphic,,,
81489480196064864,720575940623171847,158438.0,43629.0,4294.0,159344.0,38952.0,5240.0,6777647.0,intrinsic,central,Kenyon_Cell,KCg,14292.0,KCg-m,KCg-m,MBp2,MBp2,dopamine,0.7266542093390754,"acetylcholine; sNPF; acetylcholine, sNPF","Barnstedt et al. 2016 (immuno); Johard et al., 2008 (immuno); Aso et al. 2019 (scRNA-seq)",right,,fw027581,FBbt_00111061,,isomorphic,,,
81489411610832100,720575940635953343,158552.0,42608.0,5334.0,158552.0,42608.0,5334.0,6827035.0,intrinsic,central,Kenyon_Cell,,17488.0,KCapbp-m,KCa'b'-m,MBp2,MBp2,dopamine,0.5883438052285017,acetylcholine; acetylcholine,"Barnstedt et al. 2016 (immuno, RNAi); Aso et al. 2019 (scRNA-seq)",right,,fw027584,FBbt:00100253,,isomorphic,,,
81278305177074734,720575940627595848,155236.0,42033.0,3896.0,150376.0,28992.0,4646.0,6314945.0,intrinsic,central,Kenyon_Cell,KCg,14292.0,KCg-m,KCg-m,MBp1,MBp1,dopamine,0.784350118370417,"acetylcholine; sNPF; acetylcholine, sNPF","Barnstedt et al. 2016 (immuno); Johard et al., 2008 (immuno); Aso et al. 2019 (scRNA-seq)",right,,fw027610,FBbt_00111061,,isomorphic,,,
81278305378360914,720575940612758934,154752.0,41984.0,5389.0,154752.0,41984.0,5389.0,6376129.0,intrinsic,central,Kenyon_Cell,,17488.0,KCapbp-m,KCa'b'-m,MBp2,MBp2,dopamine,0.5703572711886218,acetylcholine; acetylcholine,"Barnstedt et al. 2016 (immuno, RNAi); Aso et al. 2019 (scRNA-seq)",right,,fw027637,FBbt:00100253,,isomorphic,,,
82473886700420279,720575940632528671,172728.0,31744.0,4349.0,172728.0,31744.0,4349.0,7336448.0,intrinsic,central,Kenyon_Cell,,17488.0,KCapbp-ap1,KCa'b'-ap1,MBp4,MBp4,dopamine,0.4915750070446028,acetylcholine; acetylcholine,"Barnstedt et al. 2016 (immuno, RNAi); Aso et al. 2019 (scRNA-seq)",right,,fw027669,FBbt:00049836,,isomorphic,,,
80503149479574395,720575940616041913,143968.0,25688.0,3936.0,143968.0,25688.0,3936.0,5630433.0,intrinsic,central,Kenyon_Cell,,17488.0,KCapbp-ap2,KCa'b'-ap2,MBp1,MBp1,dopamine,0.5042637176379888,acetylcholine; acetylcholine,"Barnstedt et al. 2016 (immuno, RNAi); Aso et al. 2019 (scRNA-seq)",right,,fw027676,FBbt:00049837,,isomorphic,,,
81630286538010328,720575940633215339,159848.0,44264.0,5234.0,159848.0,44264.0,5234.0,6827740.0,intrinsic,central,Kenyon_Cell,KCab,11862.0,KCab,KCab-s,MBp2,MBp2,dopamine,0.6640750066393862,"acetylcholine; sNPF; acetylcholine, sNPF","Barnstedt et al. 2016 (immuno, RNAi); Johard et al. (immuno); Aso et al. 2019 (scRNA-seq)",right,,fw027681,FBbt_00100248,,isomorphic,,,
81206905707832257,720575940623973961,154072.0,26680.0,4355.0,154072.0,26680.0,4355.0,6318719.0,intrinsic,central,Kenyon_Cell,,11862.0,KCab-p,KCab-p,MBp3,MBp3,dopamine,0.6329559793342419,acetylcholine; acetylcholine,Barnstedt et al. 2016 (immuno); Aso et al. 2019 (scRNA-seq),right,,fw027689,FBbt_00110931,,isomorphic,,,
81489480196052665,720575940608644654,158474.0,43397.0,4294.0,158008.0,30336.0,4384.0,6697011.0,intrinsic,central,Kenyon_Cell,KCg,14292.0,KCg-m,KCg-m,MBp3,MBp3,dopamine,0.7913121131408622,"acetylcholine; sNPF; acetylcholine, sNPF","Barnstedt et al. 2016 (immuno); Johard et al., 2008 (immuno); Aso et al. 2019 (scRNA-seq)",right,,fw027702,FBbt_00111061,,isomorphic,,,
80996005700682193,720575940625720341,151240.0,30016.0,4765.0,151240.0,30016.0,4765.0,6315716.0,intrinsic,central,Kenyon_Cell,KCab,11862.0,KCab,KCab-s,MBp3,MBp3,dopamine,0.6035310596101816,"acetylcholine; sNPF; acetylcholine, sNPF","Barnstedt et al. 2016 (immuno, RNAi); Johard et al. (immuno); Aso et al. 2019 (scRNA-seq)",right,,fw027703,FBbt_00100248,,isomorphic,,,
81489411610809576,720575940611204323,158408.0,41928.0,5316.0,158408.0,41928.0,5316.0,6827010.0,intrinsic,central,Kenyon_Cell,,17488.0,KCapbp-m,KCa'b'-m,MBp2,MBp2,dopamine,0.5507341155251243,acetylcholine; acetylcholine,"Barnstedt et al. 2016 (immuno, RNAi); Aso et al. 2019 (scRNA-seq)",right,,fw027706,FBbt:00100253,,isomorphic,,,
80925774328802885,720575940612728466,150240.0,31883.0,4572.0,146584.0,25840.0,4045.0,5631547.0,intrinsic,central,Kenyon_Cell,KCab,11862.0,KCab,KCab-s,MBp1,MBp1,dopamine,0.5963496374048035,"acetylcholine; sNPF; acetylcholine, sNPF","Barnstedt et al. 2016 (immuno, RNAi); Johard et al. (immuno); Aso et al. 2019 (scRNA-seq)",right,,fw027736,FBbt_00100248,,isomorphic,,,
81559848940230143,720575940622812003,159606.0,43498.0,4293.0,166984.0,36328.0,4908.0,7075211.0,intrinsic,central,Kenyon_Cell,KCg,14292.0,KCg-m,KCg-m,MBp4,MBp4,dopamine,0.8472975770375664,"acetylcholine; sNPF; acetylcholine, sNPF","Barnstedt et al. 2016 (immuno); Johard et al., 2008 (immuno); Aso et al. 2019 (scRNA-seq)",right,,fw027746,FBbt_00111061,,isomorphic,,,
80432780735349370,720575940630651223,142560.0,26040.0,3893.0,142560.0,26040.0,3893.0,5629925.0,intrinsic,central,Kenyon_Cell,,17488.0,KCapbp-m,KCa'b'-m,MBp1,MBp1,dopamine,0.5249983869733212,acetylcholine; acetylcholine,"Barnstedt et al. 2016 (immuno, RNAi); Aso et al. 2019 (scRNA-seq)",right,,fw027754,FBbt:00100253,,isomorphic,,,
80926117993136675,720575940616910310,150287.0,37049.0,4974.0,149024.0,35536.0,4999.0,6351921.0,intrinsic,central,Kenyon_Cell,KCg,14292.0,KCg-m,KCg-m,MBp2,MBp2,dopamine,0.8012463219856375,"acetylcholine; sNPF; acetylcholine, sNPF","Barnstedt et al. 2016 (immuno); Johard et al., 2008 (immuno); Aso et al. 2019 (scRNA-seq)",right,,fw027756,FBbt_00111061,,isomorphic,,,
81770955306883241,720575940628612112,162120.0,43592.0,5239.0,162120.0,43592.0,5239.0,6831514.0,intrinsic,central,Kenyon_Cell,KCab,11862.0,KCab,KCab-s,MBp2,MBp2,dopamine,0.6810784474902547,"acetylcholine; sNPF; acetylcholine, sNPF","Barnstedt et al. 2016 (immuno, RNAi); Johard et al. (immuno); Aso et al. 2019 (scRNA-seq)",right,,fw027784,FBbt_00100248,,isomorphic,,,
81278099153178918,720575940649650041,155519.0,39278.0,5132.0,160968.0,41600.0,5247.0,6829654.0,intrinsic,central,Kenyon_Cell,,17488.0,KCapbp-ap2,KCa'b'-ap2,MBp2,MBp2,dopamine,0.5769045305577722,acetylcholine; acetylcholine,"Barnstedt et al. 2016 (immuno, RNAi); Aso et al. 2019 (scRNA-seq)",right,,fw027807,FBbt:00049837,,isomorphic,,,
81137430450889069,720575940626855171,152960.0,40376.0,5255.0,152960.0,40376.0,5255.0,6355460.0,intrinsic,central,Kenyon_Cell,,17488.0,KCapbp-ap1,KCa'b'-ap1,MBp2,MBp2,dopamine,0.5431239966325135,acetylcholine; acetylcholine,"Barnstedt et al. 2016 (immuno, RNAi); Aso et al. 2019 (scRNA-seq)",right,,fw027809,FBbt:00049836,,isomorphic,,,
80573518223890249,720575940622204157,144536.0,25920.0,4013.0,144536.0,25920.0,4013.0,5630642.0,intrinsic,central,Kenyon_Cell,,17488.0,KCapbp-ap2,KCa'b'-ap2,MBp1,MBp1,dopamine,0.4897578204521121,acetylcholine; acetylcholine,"Barnstedt et al. 2016 (immuno, RNAi); Aso et al. 2019 (scRNA-seq)",right,,fw027813,FBbt:00049837,,isomorphic,,,
81348811561507455,720575940654647457,156240.0,44216.0,5377.0,156240.0,44216.0,5377.0,6826113.0,intrinsic,central,Kenyon_Cell,,17488.0,KCapbp-ap1,KCa'b'-ap1,MBp2,MBp2,dopamine,0.6123538929649006,acetylcholine; acetylcholine,"Barnstedt et al. 2016 (immuno, RNAi); Aso et al. 2019 (scRNA-seq)",right,,fw027814,FBbt:00049836,,isomorphic,,,
82192205565118112,720575940629270060,168368.0,29104.0,4242.0,168368.0,29104.0,4242.0,7065887.0,intrinsic,central,Kenyon_Cell,,17488.0,KCapbp-m,KCa'b'-m,MBp4,MBp4,dopamine,0.5099746041243445,acetylcholine; acetylcholine,"Barnstedt et al. 2016 (immuno, RNAi); Aso et al. 2019 (scRNA-seq)",right,,fw027817,FBbt:00100253,,isomorphic,,,
81347711915743480,720575940630759507,156192.0,27376.0,4426.0,156192.0,27376.0,4426.0,6693754.0,intrinsic,central,Kenyon_Cell,KCg,14292.0,KCg-m,KCg-m,MBp3,MBp3,dopamine,0.801176431549573,"acetylcholine; sNPF; acetylcholine, sNPF","Barnstedt et al. 2016 (immuno); Johard et al., 2008 (immuno); Aso et al. 2019 (scRNA-seq)",right,,fw027869,FBbt_00111061,,isomorphic,,,
81206905708050473,720575940633569784,154424.0,26744.0,4507.0,154424.0,26744.0,4507.0,6318979.0,intrinsic,central,Kenyon_Cell,KCab,11862.0,KCab,KCab-s,MBp3,MBp3,dopamine,0.5850156347123768,"acetylcholine; sNPF; acetylcholine, sNPF","Barnstedt et al. 2016 (immuno, RNAi); Johard et al. (immuno); Aso et al. 2019 (scRNA-seq)",right,,fw027872,FBbt_00100248,,isomorphic,,,
80643955754122597,720575940636560730,145568.0,26816.0,4146.0,145568.0,26816.0,4146.0,5640554.0,intrinsic,central,Kenyon_Cell,,17488.0,KCapbp-ap2,KCa'b'-ap2,MBp1,MBp1,dopamine,0.4664236579527187,acetylcholine; acetylcholine,"Barnstedt et al. 2016 (immuno, RNAi); Aso et al. 2019 (scRNA-seq)",right,,fw027887,FBbt:00049837,,isomorphic,,,
82121768101564909,720575940613738415,167264.0,27976.0,4337.0,167264.0,27976.0,4337.0,7064205.0,intrinsic,central,Kenyon_Cell,,17488.0,KCapbp-ap2,KCa'b'-ap2,MBp4,MBp4,dopamine,0.4671805228734624,acetylcholine; acetylcholine,"Barnstedt et al. 2016 (immuno, RNAi); Aso et al. 2019 (scRNA-seq)",right,,fw027900,FBbt:00049837,,isomorphic,,,
81418905360986914,720575940638561102,156812.0,40131.0,5133.0,160136.0,41984.0,5266.0,6827916.0,intrinsic,central,Kenyon_Cell,,17488.0,KCapbp-m,KCa'b'-m,MBp2,MBp2,dopamine,0.4858584635126155,acetylcholine; acetylcholine,"Barnstedt et al. 2016 (immuno, RNAi); Aso et al. 2019 (scRNA-seq)",right,,fw027913,FBbt:00100253,,isomorphic,,,
80855061987015611,720575940631447363,149048.0,27168.0,4401.0,149048.0,27168.0,4401.0,6313076.0,intrinsic,central,Kenyon_Cell,,17488.0,KCapbp-m,KCa'b'-m,MBp1,MBp1,dopamine,0.5571850182865586,acetylcholine; acetylcholine,"Barnstedt et al. 2016 (immuno, RNAi); Aso et al. 2019 (scRNA-seq)",right,,fw027925,FBbt:00100253,,isomorphic,,,
80925911834727141,720575940620235968,150128.0,33464.0,4993.0,150128.0,33464.0,4993.0,6352181.0,intrinsic,central,Kenyon_Cell,KCg,14292.0,KCg-m,KCg-m,MBp1,MBp1,dopamine,0.7460150461260463,"acetylcholine; sNPF; acetylcholine, sNPF","Barnstedt et al. 2016 (immuno); Johard et al., 2008 (immuno); Aso et al. 2019 (scRNA-seq)",right,,fw027945,FBbt_00111061,,isomorphic,,,
80996143072945161,720575940626904561,150948.0,31928.0,4571.0,150296.0,26768.0,4286.0,6314932.0,intrinsic,central,Kenyon_Cell,,17488.0,KCapbp-m,KCa'b'-m,MBp1,MBp1,dopamine,0.4844427139690915,acetylcholine; acetylcholine,"Barnstedt et al. 2016 (immuno, RNAi); Aso et al. 2019 (scRNA-seq)",right,,fw027948,FBbt:00100253,,isomorphic,,,
80925361944446557,720575940618306112,149800.0,25288.0,3758.0,149800.0,25288.0,3758.0,6308307.0,intrinsic,central,Kenyon_Cell,,17488.0,KCapbp-ap1,KCa'b'-ap1,MBp1,MBp1,dopamine,0.4595258581759022,acetylcholine; acetylcholine,"Barnstedt et al. 2016 (immuno, RNAi); Aso et al. 2019 (scRNA-seq)",right,,fw027978,FBbt:00049836,,isomorphic,,,
81348467897354743,720575940635800431,156206.0,39491.0,5132.0,165304.0,39144.0,5052.0,7074548.0,intrinsic,central,Kenyon_Cell,,17488.0,KCapbp-ap2,KCa'b'-ap2,MBp2,MBp2,dopamine,0.4868617934873073,acetylcholine; acetylcholine,"Barnstedt et al. 2016 (immuno, RNAi); Aso et al. 2019 (scRNA-seq)",right,,fw027994,FBbt:00049837,,isomorphic,,,
81700105459655727,720575940632078929,161504.0,36368.0,5017.0,161504.0,36368.0,5017.0,6749003.0,intrinsic,central,Kenyon_Cell,KCab,11862.0,KCab,KCab-m,MBp3,MBp3,dopamine,0.5514801062389357,"acetylcholine; sNPF; acetylcholine, sNPF","Barnstedt et al. 2016 (immuno, RNAi); Johard et al. (immuno); Aso et al. 2019 (scRNA-seq)",right,,fw027995,FBbt_00100248,,isomorphic,,,
81630217617526147,720575940636519598,159756.0,43338.0,3977.0,162856.0,27632.0,4323.0,6712292.0,intrinsic,central,Kenyon_Cell,,17488.0,KCapbp-ap1,KCa'b'-ap1,MBp4,MBp4,dopamine,0.5505342240016013,acetylcholine; acetylcholine,"Barnstedt et al. 2016 (immuno, RNAi); Aso et al. 2019 (scRNA-seq)",right,,fw028000,FBbt:00049836,,isomorphic,,,
81206836988215370,720575940624800188,153544.0,25520.0,4276.0,153544.0,25520.0,4276.0,6318365.0,intrinsic,central,Kenyon_Cell,KCab,11862.0,KCab,KCab-s,MBp3,MBp3,dopamine,0.5337544548785587,"acetylcholine; sNPF; acetylcholine, sNPF","Barnstedt et al. 2016 (immuno, RNAi); Johard et al. (immuno); Aso et al. 2019 (scRNA-seq)",right,,fw028008,FBbt_00100248,,isomorphic,,,
81559848940229994,720575940629277687,158907.0,43262.0,4294.0,160880.0,37960.0,5164.0,6797469.0,intrinsic,central,Kenyon_Cell,KCg,14292.0,KCg-m,KCg-m,MBp4,MBp4,dopamine,0.7207111591155414,"acetylcholine; sNPF; acetylcholine, sNPF","Barnstedt et al. 2016 (immuno); Johard et al., 2008 (immuno); Aso et al. 2019 (scRNA-seq)",right,,fw028010,FBbt_00111061,,isomorphic,,,
81770061819850159,720575940627016859,162096.0,29736.0,4451.0,162096.0,29736.0,4451.0,6710324.0,intrinsic,central,Kenyon_Cell,KCab,11862.0,KCab,KCab-s,MBp4,MBp4,dopamine,0.6137819417959732,"acetylcholine; sNPF; acetylcholine, sNPF","Barnstedt et al. 2016 (immuno, RNAi); Johard et al. (immuno); Aso et al. 2019 (scRNA-seq)",right,,fw028017,FBbt_00100248,,isomorphic,,,
81418218098822489,720575940614131131,157136.0,30144.0,4376.0,157136.0,30144.0,4376.0,6695847.0,intrinsic,central,Kenyon_Cell,,17488.0,KCapbp-ap2,KCa'b'-ap2,MBp3,MBp3,dopamine,0.5648965488039174,acetylcholine; acetylcholine,"Barnstedt et al. 2016 (immuno, RNAi); Aso et al. 2019 (scRNA-seq)",right,,fw028019,FBbt:00049837,,isomorphic,,,
81560123952330875,720575940623102396,159136.0,46760.0,5323.0,159136.0,46760.0,5323.0,6827257.0,intrinsic,central,Kenyon_Cell,KCg,14292.0,KCg-m,KCg-m,MBp2,MBp2,dopamine,0.7576518442100282,"acetylcholine; sNPF; acetylcholine, sNPF","Barnstedt et al. 2016 (immuno); Johard et al., 2008 (immuno); Aso et al. 2019 (scRNA-seq)",right,,fw028041,FBbt_00111061,,isomorphic,,,
81558886867690751,720575940605290441,158784.0,28480.0,4366.0,158784.0,28480.0,4366.0,6698157.0,intrinsic,central,Kenyon_Cell,KCg,14292.0,KCg-m,KCg-m,MBp3,MBp3,dopamine,0.7861336500854049,"acetylcholine; sNPF; acetylcholine, sNPF","Barnstedt et al. 2016 (immuno); Johard et al., 2008 (immuno); Aso et al. 2019 (scRNA-seq)",right,,fw028046,FBbt_00111061,,isomorphic,,,
81770955240216886,720575940623014328,162568.0,42760.0,5017.0,162568.0,42760.0,5017.0,6825613.0,intrinsic,central,Kenyon_Cell,,17488.0,KCapbp-ap1,KCa'b'-ap1,MBp2,MBp2,dopamine,0.5739911331632336,acetylcholine; acetylcholine,"Barnstedt et al. 2016 (immuno, RNAi); Aso et al. 2019 (scRNA-seq)",right,,fw028050,FBbt:00049836,,isomorphic,,,
81207730409007717,720575940629233145,154301.0,38917.0,5132.0,159312.0,41816.0,5307.0,6827388.0,intrinsic,central,Kenyon_Cell,,17488.0,KCapbp-ap1,KCa'b'-ap1,MBp2,MBp2,dopamine,0.5477151814407848,acetylcholine; acetylcholine,"Barnstedt et al. 2016 (immuno, RNAi); Aso et al. 2019 (scRNA-seq)",right,,fw028052,FBbt:00049836,,isomorphic,,,
82544255444654578,720575940615125307,173864.0,32168.0,4420.0,173864.0,32168.0,4420.0,7336691.0,intrinsic,central,Kenyon_Cell,KCab,11862.0,KCab,KCab-s,MBp4,MBp4,dopamine,0.6841059069376434,"acetylcholine; sNPF; acetylcholine, sNPF","Barnstedt et al. 2016 (immuno, RNAi); Johard et al. (immuno); Aso et al. 2019 (scRNA-seq)",right,,fw028107,FBbt_00100248,,isomorphic,,,
81419042866681364,720575940617771521,156672.0,42424.0,5334.0,156672.0,42424.0,5334.0,6826265.0,intrinsic,central,Kenyon_Cell,,11862.0,KCab-p,KCab-p,MBp2,MBp2,dopamine,0.6171746194074627,acetylcholine; acetylcholine,Barnstedt et al. 2016 (immuno); Aso et al. 2019 (scRNA-seq),right,,fw028119,FBbt_00110931,,isomorphic,,,
81488311964923130,720575940653332385,158520.0,25600.0,4250.0,158520.0,25600.0,4250.0,6697711.0,intrinsic,central,Kenyon_Cell,,17488.0,KCapbp-ap2,KCa'b'-ap2,MBp3,MBp3,dopamine,0.5640632236592077,acetylcholine; acetylcholine,"Barnstedt et al. 2016 (immuno, RNAi); Aso et al. 2019 (scRNA-seq)",right,,fw028125,FBbt:00049837,,isomorphic,,,
81489274171828451,720575940616746123,158616.0,40360.0,5282.0,158616.0,40360.0,5282.0,6765415.0,intrinsic,central,Kenyon_Cell,,17488.0,KCapbp-m,KCa'b'-m,MBp2,MBp2,dopamine,0.5357979361734603,acetylcholine; acetylcholine,"Barnstedt et al. 2016 (immuno, RNAi); Aso et al. 2019 (scRNA-seq)",right,,fw028128,FBbt:00100253,,isomorphic,,,
81348536616810892,720575940609143672,156576.0,40038.0,5132.0,159576.0,40008.0,5277.0,6780748.0,intrinsic,central,Kenyon_Cell,,17488.0,KCapbp-m,KCa'b'-m,MBp2,MBp2,dopamine,0.5395634935162503,acetylcholine; acetylcholine,"Barnstedt et al. 2016 (immuno, RNAi); Aso et al. 2019 (scRNA-seq)",right,,fw028142,FBbt:00100253,,isomorphic,,,
81489480196048453,720575940608532675,158138.0,43409.0,4293.0,158240.0,47072.0,5256.0,6826952.0,intrinsic,central,Kenyon_Cell,KCg,14292.0,KCg-m,KCg-m,MBp2,MBp2,dopamine,0.7269782855249596,"acetylcholine; sNPF; acetylcholine, sNPF","Barnstedt et al. 2016 (immuno); Johard et al., 2008 (immuno); Aso et al. 2019 (scRNA-seq)",right,,fw028148,FBbt_00111061,,isomorphic,,,
81277411890798282,720575940632144813,155056.0,29248.0,4240.0,155056.0,29248.0,4240.0,6319497.0,intrinsic,central,Kenyon_Cell,,17488.0,KCapbp-ap1,KCa'b'-ap1,MBp3,MBp3,dopamine,0.5031746579376374,acetylcholine; acetylcholine,"Barnstedt et al. 2016 (immuno, RNAi); Aso et al. 2019 (scRNA-seq)",right,,fw028152,FBbt:00049836,,isomorphic,,,
81980961893708437,720575940631620921,164840.0,27000.0,4321.0,164840.0,27000.0,4321.0,7061163.0,intrinsic,central,Kenyon_Cell,,17488.0,KCapbp-ap2,KCa'b'-ap2,MBp4,MBp4,dopamine,0.5118234981221791,acetylcholine; acetylcholine,"Barnstedt et al. 2016 (immuno, RNAi); Aso et al. 2019 (scRNA-seq)",right,,fw028160,FBbt:00049837,,isomorphic,,,
81348673921250190,720575940633813785,156197.0,42193.0,3896.0,153240.0,30000.0,4424.0,6318078.0,intrinsic,central,Kenyon_Cell,KCab,11862.0,KCab,KCab-s,MBp1,MBp1,dopamine,0.5834042438085567,"acetylcholine; sNPF; acetylcholine, sNPF","Barnstedt et al. 2016 (immuno, RNAi); Johard et al. (immuno); Aso et al. 2019 (scRNA-seq)",right,,fw028164,FBbt_00100248,,isomorphic,,,
81559986513301393,720575940628312049,159264.0,45664.0,5239.0,159264.0,45664.0,5239.0,6827346.0,intrinsic,central,Kenyon_Cell,,17488.0,KCapbp-ap1,KCa'b'-ap1,MBp2,MBp2,dopamine,0.6016214534213046,acetylcholine; acetylcholine,"Barnstedt et al. 2016 (immuno, RNAi); Aso et al. 2019 (scRNA-seq)",right,,fw028200,FBbt:00049836,,isomorphic,,,
80855130706595599,720575940626397565,148928.0,27864.0,4505.0,148928.0,27864.0,4505.0,6312620.0,intrinsic,central,Kenyon_Cell,KCg,14292.0,KCg-m,KCg-m,MBp1,MBp1,dopamine,0.8369360568765569,"acetylcholine; sNPF; acetylcholine, sNPF","Barnstedt et al. 2016 (immuno); Johard et al., 2008 (immuno); Aso et al. 2019 (scRNA-seq)",right,,fw028201,FBbt_00111061,,isomorphic,,,
80854993267252884,720575940638975285,149008.0,26144.0,4210.0,149008.0,26144.0,4210.0,6312955.0,intrinsic,central,Kenyon_Cell,KCab,11862.0,KCab,KCab-s,MBp1,MBp1,dopamine,0.6062374235014614,"acetylcholine; sNPF; acetylcholine, sNPF","Barnstedt et al. 2016 (immuno, RNAi); Johard et al. (immuno); Aso et al. 2019 (scRNA-seq)",right,,fw028221,FBbt_00100248,,isomorphic,,,
81981099332962389,720575940630949187,164824.0,28880.0,4566.0,164824.0,28880.0,4566.0,7061103.0,intrinsic,central,Kenyon_Cell,,11862.0,KCab-p,KCab-p,MBp4,MBp4,dopamine,0.6402439632298537,acetylcholine; acetylcholine,Barnstedt et al. 2016 (immuno); Aso et al. 2019 (scRNA-seq),right,,fw028227,FBbt_00110931,,isomorphic,,,
81348673921241348,720575940622565887,156443.0,42510.0,3896.0,148584.0,28400.0,4446.0,6311969.0,intrinsic,central,Kenyon_Cell,KCab,11862.0,KCab,KCab-s,MBp1,MBp1,dopamine,0.6262268116227581,"acetylcholine; sNPF; acetylcholine, sNPF","Barnstedt et al. 2016 (immuno, RNAi); Johard et al. (immuno); Aso et al. 2019 (scRNA-seq)",right,,fw028284,FBbt_00100248,,isomorphic,,,
81066374444776383,720575940625328915,152016.0,30256.0,4695.0,152016.0,30256.0,4695.0,6316637.0,intrinsic,central,Kenyon_Cell,,11862.0,KCab-p,KCab-p,MBp1,MBp1,dopamine,0.6056992845002811,acetylcholine; acetylcholine,Barnstedt et al. 2016 (immuno); Aso et al. 2019 (scRNA-seq),right,,fw028299,FBbt_00110931,,isomorphic,,,
80995936914362063,720575940637404750,150456.0,28624.0,4434.0,150456.0,28624.0,4434.0,6315025.0,intrinsic,central,Kenyon_Cell,KCg,14292.0,KCg-m,KCg-m,MBp1,MBp1,dopamine,0.7592027847379057,"acetylcholine; sNPF; acetylcholine, sNPF","Barnstedt et al. 2016 (immuno); Johard et al., 2008 (immuno); Aso et al. 2019 (scRNA-seq)",right,,fw028304,FBbt_00111061,,isomorphic,,,
81347574476573056,720575940608148693,156216.0,25824.0,4263.0,156216.0,25824.0,4263.0,6693702.0,intrinsic,central,Kenyon_Cell,,17488.0,KCapbp-ap2,KCa'b'-ap2,MBp3,MBp3,dopamine,0.577034438874865,acetylcholine; acetylcholine,"Barnstedt et al. 2016 (immuno, RNAi); Aso et al. 2019 (scRNA-seq)",right,,fw028308,FBbt:00049837,,isomorphic,,,
81700586562742550,720575940629259638,161248.0,43184.0,5268.0,161248.0,43184.0,5268.0,6830141.0,intrinsic,central,Kenyon_Cell,KCab,11862.0,KCab,KCab-s,MBp2,MBp2,dopamine,0.6710206394388579,"acetylcholine; sNPF; acetylcholine, sNPF","Barnstedt et al. 2016 (immuno, RNAi); Johard et al. (immuno); Aso et al. 2019 (scRNA-seq)",right,,fw028309,FBbt_00100248,,isomorphic,,,
81418699269044541,720575940606967730,156912.0,37256.0,5160.0,156912.0,37256.0,5160.0,6750821.0,intrinsic,central,Kenyon_Cell,KCg,14292.0,KCg-m,KCg-m,MBp3,MBp3,dopamine,0.8041671495977389,"acetylcholine; sNPF; acetylcholine, sNPF","Barnstedt et al. 2016 (immuno); Johard et al., 2008 (immuno); Aso et al. 2019 (scRNA-seq)",right,,fw028311,FBbt_00111061,,isomorphic,,,
80854924481089402,720575940630775891,149160.0,25008.0,4005.0,149160.0,25008.0,4005.0,6308046.0,intrinsic,central,Kenyon_Cell,,11862.0,KCab-p,KCab-p,MBp1,MBp1,dopamine,0.5985733364009377,acetylcholine; acetylcholine,Barnstedt et al. 2016 (immuno); Aso et al. 2019 (scRNA-seq),right,,fw028337,FBbt_00110931,,isomorphic,,,
81348742640970813,720575940630560505,155956.0,43481.0,4102.0,158200.0,43248.0,5264.0,6826943.0,intrinsic,central,Kenyon_Cell,KCg,14292.0,KCg-m,KCg-m,MBp2,MBp2,dopamine,0.8086752969883221,"acetylcholine; sNPF; acetylcholine, sNPF","Barnstedt et al. 2016 (immuno); Johard et al., 2008 (immuno); Aso et al. 2019 (scRNA-seq)",right,,fw028351,FBbt_00111061,,isomorphic,,,
81136743121893853,720575940612763542,153296.0,29960.0,4224.0,153296.0,29960.0,4224.0,6318157.0,intrinsic,central,Kenyon_Cell,,17488.0,KCapbp-ap1,KCa'b'-ap1,MBp3,MBp3,dopamine,0.5257808452174106,acetylcholine; acetylcholine,"Barnstedt et al. 2016 (immuno, RNAi); Aso et al. 2019 (scRNA-seq)",right,,fw028409,FBbt:00049836,,isomorphic,,,
82121905540760127,720575940652784289,167632.0,29504.0,4521.0,167632.0,29504.0,4521.0,7064489.0,intrinsic,central,Kenyon_Cell,,17488.0,KCapbp-m,KCa'b'-m,MBp4,MBp4,dopamine,0.5789450418418677,acetylcholine; acetylcholine,"Barnstedt et al. 2016 (immuno, RNAi); Aso et al. 2019 (scRNA-seq)",right,,fw028438,FBbt:00100253,,isomorphic,,,
82192274284833119,720575940626362696,168600.0,29432.0,4407.0,168600.0,29432.0,4407.0,7066089.0,intrinsic,central,Kenyon_Cell,KCab,11862.0,KCab,KCab-s,MBp4,MBp4,dopamine,0.5284858575891105,"acetylcholine; sNPF; acetylcholine, sNPF","Barnstedt et al. 2016 (immuno, RNAi); Johard et al. (immuno); Aso et al. 2019 (scRNA-seq)",right,,fw028447,FBbt_00100248,,isomorphic,,,
81066305725301699,720575940621005044,151600.0,29136.0,4692.0,151600.0,29136.0,4692.0,6316075.0,intrinsic,central,Kenyon_Cell,KCab,11862.0,KCab,KCab-s,MBp3,MBp3,dopamine,0.6017768865213017,"acetylcholine; sNPF; acetylcholine, sNPF","Barnstedt et al. 2016 (immuno, RNAi); Johard et al. (immuno); Aso et al. 2019 (scRNA-seq)",right,,fw028471,FBbt_00100248,,isomorphic,,,
82192411790485260,720575940625499153,168440.0,31872.0,4666.0,168440.0,31872.0,4666.0,7065993.0,intrinsic,central,Kenyon_Cell,,17488.0,KCapbp-m,KCa'b'-m,MBp4,MBp4,dopamine,0.4894170297197895,acetylcholine; acetylcholine,"Barnstedt et al. 2016 (immuno, RNAi); Aso et al. 2019 (scRNA-seq)",right,,fw028510,FBbt:00100253,,isomorphic,,,
80925774328792170,720575940621250486,150430.0,31986.0,4571.0,149688.0,26072.0,4265.0,6314238.0,intrinsic,central,Kenyon_Cell,KCab,11862.0,KCab,KCab-s,MBp1,MBp1,dopamine,0.6154399056193448,"acetylcholine; sNPF; acetylcholine, sNPF","Barnstedt et al. 2016 (immuno, RNAi); Johard et al. (immuno); Aso et al. 2019 (scRNA-seq)",right,,fw028553,FBbt_00100248,,isomorphic,,,
81418011940392782,720575940623971819,157136.0,26256.0,4388.0,157136.0,26256.0,4388.0,6695804.0,intrinsic,central,Kenyon_Cell,,17488.0,KCapbp-m,KCa'b'-m,MBp3,MBp3,dopamine,0.5215522184356937,acetylcholine; acetylcholine,"Barnstedt et al. 2016 (immuno, RNAi); Aso et al. 2019 (scRNA-seq)",right,,fw028594,FBbt:00100253,,isomorphic,,,
81489480196057933,720575940619828359,158600.0,43277.0,4293.0,161104.0,33720.0,5013.0,6748889.0,intrinsic,central,Kenyon_Cell,KCg,14292.0,KCg-m,KCg-m,MBp4,MBp4,dopamine,0.7772835756783453,"acetylcholine; sNPF; acetylcholine, sNPF","Barnstedt et al. 2016 (immuno); Johard et al., 2008 (immuno); Aso et al. 2019 (scRNA-seq)",right,,fw028619,FBbt_00111061,,isomorphic,,,
82192136845669146,720575940624642492,168656.0,28072.0,4324.0,168656.0,28072.0,4324.0,7066110.0,intrinsic,central,Kenyon_Cell,,17488.0,KCapbp-m,KCa'b'-m,MBp4,MBp4,dopamine,0.5194420922356551,acetylcholine; acetylcholine,"Barnstedt et al. 2016 (immuno, RNAi); Aso et al. 2019 (scRNA-seq)",right,,fw028620,FBbt:00100253,,isomorphic,,,
82403449236583654,720575940629788983,171240.0,30440.0,4218.0,171240.0,30440.0,4218.0,7067100.0,intrinsic,central,Kenyon_Cell,,17488.0,KCapbp-ap1,KCa'b'-ap1,MBp4,MBp4,dopamine,0.5110375579186965,acetylcholine; acetylcholine,"Barnstedt et al. 2016 (immuno, RNAi); Aso et al. 2019 (scRNA-seq)",right,,fw028708,FBbt:00049836,,isomorphic,,,
81981030613263074,720575940632652077,165624.0,27608.0,4381.0,165624.0,27608.0,4381.0,7062721.0,intrinsic,central,Kenyon_Cell,,17488.0,KCapbp-ap2,KCa'b'-ap2,MBp4,MBp4,dopamine,0.5071073238429663,acetylcholine; acetylcholine,"Barnstedt et al. 2016 (immuno, RNAi); Aso et al. 2019 (scRNA-seq)",right,,fw028745,FBbt:00049837,,isomorphic,,,
81559986513482263,720575940632371040,159304.0,45552.0,5350.0,159304.0,45552.0,5350.0,6827328.0,intrinsic,central,Kenyon_Cell,,17488.0,KCapbp-ap1,KCa'b'-ap1,MBp2,MBp2,dopamine,0.5602895354847733,acetylcholine; acetylcholine,"Barnstedt et al. 2016 (immuno, RNAi); Aso et al. 2019 (scRNA-seq)",right,,fw028769,FBbt:00049836,,isomorphic,,,
81348811561326195,720575940627576488,156120.0,44256.0,5246.0,156120.0,44256.0,5246.0,6826060.0,intrinsic,central,Kenyon_Cell,,17488.0,KCapbp-ap1,KCa'b'-ap1,MBp2,MBp2,dopamine,0.5227232900793272,acetylcholine; acetylcholine,"Barnstedt et al. 2016 (immuno, RNAi); Aso et al. 2019 (scRNA-seq)",right,,fw028773,FBbt:00049836,,isomorphic,,,
81418286818364184,720575940652703393,156616.0,30784.0,4405.0,156616.0,30784.0,4405.0,6694960.0,intrinsic,central,Kenyon_Cell,KCg,14292.0,KCg-m,KCg-m,MBp3,MBp3,dopamine,0.7316335160201805,"acetylcholine; sNPF; acetylcholine, sNPF","Barnstedt et al. 2016 (immuno); Johard et al., 2008 (immuno); Aso et al. 2019 (scRNA-seq)",right,,fw028782,FBbt_00111061,,isomorphic,,,
81206905707916740,720575940622003316,154184.0,27192.0,4425.0,154184.0,27192.0,4425.0,6318795.0,intrinsic,central,Kenyon_Cell,,11862.0,KCab-p,KCab-p,MBp3,MBp3,dopamine,0.6772798705899975,acetylcholine; acetylcholine,Barnstedt et al. 2016 (immuno); Aso et al. 2019 (scRNA-seq),right,,fw028786,FBbt_00110931,,isomorphic,,,
82684992932748650,720575940625864964,175728.0,31696.0,4253.0,175728.0,31696.0,4253.0,7337337.0,intrinsic,central,Kenyon_Cell,KCab,11862.0,KCab,KCab-s,MBp4,MBp4,dopamine,0.639317871870928,"acetylcholine; sNPF; acetylcholine, sNPF","Barnstedt et al. 2016 (immuno, RNAi); Johard et al. (immuno); Aso et al. 2019 (scRNA-seq)",right,,fw028804,FBbt_00100248,,isomorphic,,,
81910868027436533,720575940618436672,164617.0,30989.0,4293.0,167168.0,27824.0,4245.0,7064093.0,intrinsic,central,Kenyon_Cell,KCg,14292.0,KCg-m,KCg-m,MBp4,MBp4,dopamine,0.7925431362106959,"acetylcholine; sNPF; acetylcholine, sNPF","Barnstedt et al. 2016 (immuno); Johard et al., 2008 (immuno); Aso et al. 2019 (scRNA-seq)",right,,fw028838,FBbt_00111061,,isomorphic,,,
81277205732273819,720575940621606755,154768.0,26088.0,4176.0,154768.0,26088.0,4176.0,6319265.0,intrinsic,central,Kenyon_Cell,,11862.0,KCab-p,KCab-p,MBp3,MBp3,dopamine,0.6170239236808573,acetylcholine; acetylcholine,Barnstedt et al. 2016 (immuno); Aso et al. 2019 (scRNA-seq),right,,fw028848,FBbt_00110931,,isomorphic,,,
81910661869121286,720575940635153294,164736.0,27400.0,4414.0,164736.0,27400.0,4414.0,7060608.0,intrinsic,central,Kenyon_Cell,,17488.0,KCapbp-m,KCa'b'-m,MBp4,MBp4,dopamine,0.5076949256700282,acetylcholine; acetylcholine,"Barnstedt et al. 2016 (immuno, RNAi); Aso et al. 2019 (scRNA-seq)",right,,fw028925,FBbt:00100253,,isomorphic,,,
81419180104611612,720575940630063671,156595.0,44162.0,4103.0,154672.0,38112.0,5247.0,6356557.0,intrinsic,central,Kenyon_Cell,KCg,14292.0,KCg-m,KCg-m,MBp2,MBp2,dopamine,0.7633764784817075,"acetylcholine; sNPF; acetylcholine, sNPF","Barnstedt et al. 2016 (immuno); Johard et al., 2008 (immuno); Aso et al. 2019 (scRNA-seq)",right,,fw028957,FBbt_00111061,,isomorphic,,,
81840911667511535,720575940626729515,163016.0,37480.0,5013.0,163016.0,37480.0,5013.0,6749436.0,intrinsic,central,Kenyon_Cell,KCg,14292.0,KCg-m,KCg-m,MBp3,MBp3,dopamine,0.7802338756856668,"acetylcholine; sNPF; acetylcholine, sNPF","Barnstedt et al. 2016 (immuno); Johard et al., 2008 (immuno); Aso et al. 2019 (scRNA-seq)",right,,fw028975,FBbt_00111061,,isomorphic,,,
81630217684416732,720575940627750647,159793.0,43434.0,4293.0,166400.0,35720.0,4775.0,7075001.0,intrinsic,central,Kenyon_Cell,KCg,14292.0,KCg-m,KCg-m,MBp4,MBp4,dopamine,0.7722050752504651,"acetylcholine; sNPF; acetylcholine, sNPF","Barnstedt et al. 2016 (immuno); Johard et al., 2008 (immuno); Aso et al. 2019 (scRNA-seq)",right,,fw028976,FBbt_00111061,,isomorphic,,,
81348811360444369,720575940621207216,155833.0,43699.0,4102.0,151984.0,45352.0,5421.0,6374896.0,intrinsic,central,Kenyon_Cell,KCg,14292.0,KCg-m,KCg-m,MBp2,MBp2,dopamine,0.8101221674081904,"acetylcholine; sNPF; acetylcholine, sNPF","Barnstedt et al. 2016 (immuno); Johard et al., 2008 (immuno); Aso et al. 2019 (scRNA-seq)",right,,fw028997,FBbt_00111061,,isomorphic,,,
80995730755577378,720575940629319106,151056.0,25288.0,4175.0,151056.0,25288.0,4175.0,6315476.0,intrinsic,central,Kenyon_Cell,,11862.0,KCab-p,KCab-p,MBp3,MBp3,dopamine,0.6461050479958131,acetylcholine; acetylcholine,Barnstedt et al. 2016 (immuno); Aso et al. 2019 (scRNA-seq),right,,fw028998,FBbt_00110931,,isomorphic,,,
80855199492622668,720575940626828574,149152.0,29072.0,4628.0,149152.0,29072.0,4628.0,6313166.0,intrinsic,central,Kenyon_Cell,KCg,14292.0,KCg-m,KCg-m,MBp1,MBp1,dopamine,0.771747750798491,"acetylcholine; sNPF; acetylcholine, sNPF","Barnstedt et al. 2016 (immuno); Johard et al., 2008 (immuno); Aso et al. 2019 (scRNA-seq)",right,,fw029099,FBbt_00111061,,isomorphic,,,
80996143072952389,720575940624107755,150487.0,32002.0,4572.0,149384.0,25848.0,4154.0,6313737.0,intrinsic,central,Kenyon_Cell,,11862.0,KCab-p,KCab-p,MBp1,MBp1,dopamine,0.5846302586036963,acetylcholine; acetylcholine,Barnstedt et al. 2016 (immuno); Aso et al. 2019 (scRNA-seq),right,,fw029120,FBbt_00110931,,isomorphic,,,
81700517843247056,720575940616044850,161184.0,42416.0,5238.0,161184.0,42416.0,5238.0,6830050.0,intrinsic,central,Kenyon_Cell,KCab,11862.0,KCab,KCab-s,MBp2,MBp2,dopamine,0.5882930594245783,"acetylcholine; sNPF; acetylcholine, sNPF","Barnstedt et al. 2016 (immuno, RNAi); Johard et al. (immuno); Aso et al. 2019 (scRNA-seq)",right,,fw029153,FBbt_00100248,,isomorphic,,,
81066236938930185,720575940649022841,151584.0,27704.0,4343.0,151584.0,27704.0,4343.0,6316090.0,intrinsic,central,Kenyon_Cell,,11862.0,KCab-p,KCab-p,MBp1,MBp1,dopamine,0.6418330534991449,acetylcholine; acetylcholine,Barnstedt et al. 2016 (immuno); Aso et al. 2019 (scRNA-seq),right,,fw029158,FBbt_00110931,,isomorphic,,,
81840155685790373,720575940619651019,163080.0,26224.0,4236.0,163080.0,26224.0,4236.0,6712724.0,intrinsic,central,Kenyon_Cell,,17488.0,KCapbp-ap2,KCa'b'-ap2,MBp4,MBp4,dopamine,0.5122909343416133,acetylcholine; acetylcholine,"Barnstedt et al. 2016 (immuno, RNAi); Aso et al. 2019 (scRNA-seq)",right,,fw029192,FBbt:00049837,,isomorphic,,,
81418905360998640,720575940632366623,157078.0,40076.0,5133.0,159088.0,43768.0,5255.0,6827243.0,intrinsic,central,Kenyon_Cell,,11862.0,KCab-p,KCab-p,MBp2,MBp2,dopamine,0.6065875930788951,acetylcholine; acetylcholine,Barnstedt et al. 2016 (immuno); Aso et al. 2019 (scRNA-seq),right,,fw029204,FBbt_00110931,,isomorphic,,,
81066305725307495,720575940630923693,152464.0,29240.0,4706.0,152464.0,29240.0,4706.0,6317197.0,intrinsic,central,Kenyon_Cell,,11862.0,KCab-p,KCab-p,MBp3,MBp3,dopamine,0.5902475221201124,acetylcholine; acetylcholine,Barnstedt et al. 2016 (immuno); Aso et al. 2019 (scRNA-seq),right,,fw029259,FBbt_00110931,,isomorphic,,,
80784693242546441,720575940606698697,148064.0,26288.0,4202.0,148064.0,26288.0,4202.0,6311152.0,intrinsic,central,Kenyon_Cell,,11862.0,KCab-p,KCab-p,MBp1,MBp1,dopamine,0.5936496635984699,acetylcholine; acetylcholine,Barnstedt et al. 2016 (immuno); Aso et al. 2019 (scRNA-seq),right,,fw029292,FBbt_00110931,,isomorphic,,,
81206905707659001,720575940615832577,154360.0,26520.0,4226.0,154360.0,26520.0,4226.0,6318930.0,intrinsic,central,Kenyon_Cell,,11862.0,KCab-p,KCab-p,MBp3,MBp3,dopamine,0.6150216120642347,acetylcholine; acetylcholine,Barnstedt et al. 2016 (immuno); Aso et al. 2019 (scRNA-seq),right,,fw029327,FBbt_00110931,,isomorphic,,,
81841255331514115,720575940621863006,163304.0,42192.0,5180.0,163304.0,42192.0,5180.0,6832322.0,intrinsic,central,Kenyon_Cell,,17488.0,KCapbp-m,KCa'b'-m,MBp2,MBp2,dopamine,0.5127964778914078,acetylcholine; acetylcholine,"Barnstedt et al. 2016 (immuno, RNAi); Aso et al. 2019 (scRNA-seq)",right,,fw029345,FBbt:00100253,,isomorphic,,,
81770611642843858,720575940618198721,162112.0,37640.0,5040.0,162112.0,37640.0,5040.0,6749134.0,intrinsic,central,Kenyon_Cell,KCg,14292.0,KCg-m,KCg-m,MBp3,MBp3,dopamine,0.830360554325741,"acetylcholine; sNPF; acetylcholine, sNPF","Barnstedt et al. 2016 (immuno); Johard et al., 2008 (immuno); Aso et al. 2019 (scRNA-seq)",right,,fw029373,FBbt_00111061,,isomorphic,,,
81206836988192894,720575940634514533,154408.0,25304.0,4242.0,154408.0,25304.0,4242.0,6318954.0,intrinsic,central,Kenyon_Cell,,11862.0,KCab-p,KCab-p,MBp3,MBp3,dopamine,0.6003642674198596,acetylcholine; acetylcholine,Barnstedt et al. 2016 (immuno); Aso et al. 2019 (scRNA-seq),right,,fw029381,FBbt_00110931,,isomorphic,,,
81559848940232352,720575940629532098,158731.0,43384.0,4294.0,160928.0,39384.0,5195.0,6797418.0,intrinsic,central,Kenyon_Cell,KCg,14292.0,KCg-m,KCg-m,MBp4,MBp4,dopamine,0.7087180342289904,"acetylcholine; sNPF; acetylcholine, sNPF","Barnstedt et al. 2016 (immuno); Johard et al., 2008 (immuno); Aso et al. 2019 (scRNA-seq)",right,,fw029409,FBbt_00111061,,isomorphic,,,
81136468243967922,720575940621770010,152856.0,25624.0,4219.0,152856.0,25624.0,4219.0,6317680.0,intrinsic,central,Kenyon_Cell,,11862.0,KCab-p,KCab-p,MBp3,MBp3,dopamine,0.6169651413633209,acetylcholine; acetylcholine,Barnstedt et al. 2016 (immuno); Aso et al. 2019 (scRNA-seq),right,,fw029432,FBbt_00110931,,isomorphic,,,
81207799195017454,720575940621460645,153696.0,40360.0,5202.0,153696.0,40360.0,5202.0,6355959.0,intrinsic,central,Kenyon_Cell,,17488.0,KCapbp-ap1,KCa'b'-ap1,MBp2,MBp2,dopamine,0.5619736826738588,acetylcholine; acetylcholine,"Barnstedt et al. 2016 (immuno, RNAi); Aso et al. 2019 (scRNA-seq)",right,,fw029603,FBbt:00049836,,isomorphic,,,
81559986513464805,720575940627085578,159152.0,44824.0,5333.0,159152.0,44824.0,5333.0,6827275.0,intrinsic,central,Kenyon_Cell,,11862.0,KCab-p,KCab-p,MBp2,MBp2,dopamine,0.5972781404111968,acetylcholine; acetylcholine,Barnstedt et al. 2016 (immuno); Aso et al. 2019 (scRNA-seq),right,,fw029605,FBbt_00110931,,isomorphic,,,
81841324050980215,720575940609371086,163288.0,43160.0,5175.0,163288.0,43160.0,5175.0,6832318.0,intrinsic,central,Kenyon_Cell,,11862.0,KCab-p,KCab-p,MBp2,MBp2,dopamine,0.6335827133648045,acetylcholine; acetylcholine,Barnstedt et al. 2016 (immuno); Aso et al. 2019 (scRNA-seq),right,,fw029608,FBbt_00110931,,isomorphic,,,
81489617769304978,720575940615671494,158224.0,45512.0,5355.0,158224.0,45512.0,5355.0,6826947.0,intrinsic,central,Kenyon_Cell,,11862.0,KCab-p,KCab-p,MBp2,MBp2,dopamine,0.6580633882407386,acetylcholine; acetylcholine,Barnstedt et al. 2016 (immuno); Aso et al. 2019 (scRNA-seq),right,,fw029744,FBbt_00110931,,isomorphic,,,
82192205565276257,720575940621121140,168352.0,28464.0,4387.0,168352.0,28464.0,4387.0,7065879.0,intrinsic,central,Kenyon_Cell,,17488.0,KCapbp-m,KCa'b'-m,MBp4,MBp4,dopamine,0.4586418314196251,acetylcholine; acetylcholine,"Barnstedt et al. 2016 (immuno, RNAi); Aso et al. 2019 (scRNA-seq)",right,,fw029825,FBbt:00100253,,isomorphic,,,
81840774228508654,720575940617866048,162944.0,35080.0,5021.0,162944.0,35080.0,5021.0,6749410.0,intrinsic,central,Kenyon_Cell,KCg,14292.0,KCg-m,KCg-m,MBp3,MBp3,dopamine,0.8091403972243645,"acetylcholine; sNPF; acetylcholine, sNPF","Barnstedt et al. 2016 (immuno); Johard et al., 2008 (immuno); Aso et al. 2019 (scRNA-seq)",right,,fw029833,FBbt_00111061,,isomorphic,,,
81559848940243488,720575940627081994,159022.0,43151.0,4294.0,167328.0,34464.0,4744.0,7075332.0,intrinsic,central,Kenyon_Cell,KCg,14292.0,KCg-m,KCg-m,MBp4,MBp4,dopamine,0.8048097908403732,"acetylcholine; sNPF; acetylcholine, sNPF","Barnstedt et al. 2016 (immuno); Johard et al., 2008 (immuno); Aso et al. 2019 (scRNA-seq)",right,,fw029898,FBbt_00111061,,isomorphic,,,
81559848940239155,720575940605196465,158917.0,43214.0,4293.0,161976.0,34312.0,5016.0,6749087.0,intrinsic,central,Kenyon_Cell,KCg,14292.0,KCg-m,KCg-m,MBp4,MBp4,dopamine,0.8049240293873755,"acetylcholine; sNPF; acetylcholine, sNPF","Barnstedt et al. 2016 (immuno); Johard et al., 2008 (immuno); Aso et al. 2019 (scRNA-seq)",right,,fw030078,FBbt_00111061,,isomorphic,,,
81630217818622499,720575940631485251,160424.0,43504.0,5303.0,160424.0,43504.0,5303.0,6828458.0,intrinsic,central,Kenyon_Cell,,11862.0,KCab-p,KCab-p,MBp2,MBp2,dopamine,0.5657159459413417,acetylcholine; acetylcholine,Barnstedt et al. 2016 (immuno); Aso et al. 2019 (scRNA-seq),right,,fw030210,FBbt_00110931,,isomorphic,,,
81419111586171782,720575940634351200,156712.0,43296.0,5360.0,156712.0,43296.0,5360.0,6826270.0,intrinsic,central,Kenyon_Cell,,11862.0,KCab-p,KCab-p,MBp2,MBp2,dopamine,0.6450138131729469,acetylcholine; acetylcholine,Barnstedt et al. 2016 (immuno); Aso et al. 2019 (scRNA-seq),right,,fw030387,FBbt_00110931,,isomorphic,,,
81277274452089037,720575940627626244,154736.0,26304.0,4424.0,154736.0,26304.0,4424.0,6319227.0,intrinsic,central,Kenyon_Cell,,11862.0,KCab-p,KCab-p,MBp3,MBp3,dopamine,0.5891396806771982,acetylcholine; acetylcholine,Barnstedt et al. 2016 (immuno); Aso et al. 2019 (scRNA-seq),right,,fw030440,FBbt_00110931,,isomorphic,,,
82262574309268624,720575940648246649,169848.0,28448.0,4250.0,169848.0,28448.0,4250.0,7066670.0,intrinsic,central,Kenyon_Cell,,17488.0,KCapbp-ap1,KCa'b'-ap1,MBp4,MBp4,dopamine,0.585392693173779,acetylcholine; acetylcholine,"Barnstedt et al. 2016 (immuno, RNAi); Aso et al. 2019 (scRNA-seq)",right,,fw030467,FBbt:00049836,,isomorphic,,,
81277549329951001,720575940624465900,154632.0,31056.0,4376.0,154632.0,31056.0,4376.0,6319172.0,intrinsic,central,Kenyon_Cell,KCg,19102.0,KCg-d,KCg-d,MBp1,MBp1,dopamine,0.5141244184975369,"acetylcholine; sNPF; acetylcholine, sNPF","Barnstedt et al. 2016 (immuno); Johard et al., 2008 (immuno); Aso et al. 2019 (scRNA-seq)",right,,fw030484,FBbt_00110932,,isomorphic,,,
81417943220720952,720575940628514156,157168.0,25920.0,4236.0,157168.0,25920.0,4236.0,6695834.0,intrinsic,central,Kenyon_Cell,,11862.0,KCab-p,KCab-p,MBp3,MBp3,dopamine,0.6311162429775615,acetylcholine; acetylcholine,Barnstedt et al. 2016 (immuno); Aso et al. 2019 (scRNA-seq),right,,fw030925,FBbt_00110931,,isomorphic,,,
81630286538087407,720575940628826873,160464.0,44424.0,5303.0,160464.0,44424.0,5303.0,6828560.0,intrinsic,central,Kenyon_Cell,,11862.0,KCab-p,KCab-p,MBp2,MBp2,dopamine,0.7111547086995657,acetylcholine; acetylcholine,Barnstedt et al. 2016 (immuno); Aso et al. 2019 (scRNA-seq),right,,fw031227,FBbt_00110931,,isomorphic,,,
82051468076988548,720575940634969701,166200.0,28560.0,4429.0,166200.0,28560.0,4429.0,7063249.0,intrinsic,central,Kenyon_Cell,,11862.0,KCab-p,KCab-p,MBp4,MBp4,dopamine,0.5881804688640158,acetylcholine; acetylcholine,Barnstedt et al. 2016 (immuno); Aso et al. 2019 (scRNA-seq),right,,fw031459,FBbt_00110931,,isomorphic,,,
81559917793952069,720575940607054770,159624.0,43960.0,5331.0,159624.0,43960.0,5331.0,6827596.0,intrinsic,central,Kenyon_Cell,,11862.0,KCab-p,KCab-p,MBp2,MBp2,dopamine,0.6770554901259247,acetylcholine; acetylcholine,Barnstedt et al. 2016 (immuno); Aso et al. 2019 (scRNA-seq),right,,fw031944,FBbt_00110931,,isomorphic,,,
82051605516136494,720575940613248479,166544.0,30400.0,4549.0,166544.0,30400.0,4549.0,7063373.0,intrinsic,central,Kenyon_Cell,KCab,11862.0,KCab,KCab-c,MBp4,MBp4,dopamine,0.6377124959221253,"acetylcholine; sNPF; acetylcholine, sNPF","Barnstedt et al. 2016 (immuno, RNAi); Johard et al. (immuno); Aso et al. 2019 (scRNA-seq)",right,,fw032392,FBbt_00100248,,isomorphic,,,
81910799308249616,720575940627615400,164712.0,29928.0,4512.0,164712.0,29928.0,4512.0,7060466.0,intrinsic,central,Kenyon_Cell,KCab,11862.0,KCab,KCab-c,MBp4,MBp4,dopamine,0.5537940903287714,"acetylcholine; sNPF; acetylcholine, sNPF","Barnstedt et al. 2016 (immuno, RNAi); Johard et al. (immuno); Aso et al. 2019 (scRNA-seq)",right,,fw032645,FBbt_00100248,,isomorphic,,,
81630286403896841,720575940622479880,159683.0,43790.0,4294.0,160840.0,45552.0,5294.0,6828817.0,intrinsic,central,Kenyon_Cell,KCg,19102.0,KCg-d,KCg-d,MBp2,MBp2,dopamine,0.6811639764136214,"acetylcholine; sNPF; acetylcholine, sNPF","Barnstedt et al. 2016 (immuno); Johard et al., 2008 (immuno); Aso et al. 2019 (scRNA-seq)",right,,fw032891,FBbt_00110932,,isomorphic,,,
82051674235579108,720575940625290003,166024.0,32360.0,4494.0,166024.0,32360.0,4494.0,7062909.0,intrinsic,central,Kenyon_Cell,KCab,11862.0,KCab,KCab-m,MBp4,MBp4,dopamine,0.5363445484879196,"acetylcholine; sNPF; acetylcholine, sNPF","Barnstedt et al. 2016 (immuno, RNAi); Johard et al. (immuno); Aso et al. 2019 (scRNA-seq)",right,,fw033325,FBbt_00100248,,isomorphic,,,
81418355604827120,720575940630026600,157400.0,31912.0,4876.0,157400.0,31912.0,4876.0,6696022.0,intrinsic,central,Kenyon_Cell,KCab,11862.0,KCab,KCab-c,MBp3,MBp3,dopamine,0.5139024938368046,"acetylcholine; sNPF; acetylcholine, sNPF","Barnstedt et al. 2016 (immuno, RNAi); Johard et al. (immuno); Aso et al. 2019 (scRNA-seq)",right,,fw033466,FBbt_00100248,,isomorphic,,,
81347918074042928,720575940639684515,156424.0,31112.0,4299.0,156424.0,31112.0,4299.0,6694163.0,intrinsic,central,Kenyon_Cell,KCg,,KCg-s1,KCg-s1,MBp4,MBp4,dopamine,0.5741961686627651,"acetylcholine; sNPF; acetylcholine, sNPF","Barnstedt et al. 2016 (immuno); Johard et al., 2008 (immuno); Aso et al. 2019 (scRNA-seq)",right,,fw033538,FBbt_00049787,,isomorphic,,,
81559780288201997,720575940633521588,159280.0,42488.0,5038.0,159280.0,42488.0,5038.0,6824780.0,intrinsic,central,Kenyon_Cell,KCab,11862.0,KCab,KCab-c,MBp2,MBp2,dopamine,0.5656394465955614,"acetylcholine; sNPF; acetylcholine, sNPF","Barnstedt et al. 2016 (immuno, RNAi); Johard et al. (immuno); Aso et al. 2019 (scRNA-seq)",right,,fw033543,FBbt_00100248,,isomorphic,,,
80925499383456787,720575940621552116,150432.0,27880.0,3825.0,150432.0,27880.0,3825.0,6308669.0,intrinsic,central,Kenyon_Cell,KCg,14292.0,KCg-m,KCg-m,MBp1,MBp1,dopamine,0.7819216366616603,"acetylcholine; sNPF; acetylcholine, sNPF","Barnstedt et al. 2016 (immuno); Johard et al., 2008 (immuno); Aso et al. 2019 (scRNA-seq)",right,,fw033730,FBbt_00111061,,isomorphic,,,
82121974260229200,720575940605997257,167056.0,30552.0,4486.0,167056.0,30552.0,4486.0,7063917.0,intrinsic,central,Kenyon_Cell,KCab,11862.0,KCab,KCab-c,MBp4,MBp4,dopamine,0.6521417949816575,"acetylcholine; sNPF; acetylcholine, sNPF","Barnstedt et al. 2016 (immuno, RNAi); Johard et al. (immuno); Aso et al. 2019 (scRNA-seq)",right,,fw033745,FBbt_00100248,,isomorphic,,,
81489548982913808,720575940618506155,157944.0,43776.0,4978.0,157944.0,43776.0,4978.0,6824443.0,intrinsic,central,Kenyon_Cell,KCab,11862.0,KCab,KCab-c,MBp2,MBp2,dopamine,0.5660721603512869,"acetylcholine; sNPF; acetylcholine, sNPF","Barnstedt et al. 2016 (immuno, RNAi); Johard et al. (immuno); Aso et al. 2019 (scRNA-seq)",right,,fw033913,FBbt_00100248,,isomorphic,,,
81348673921244588,720575940627263162,155950.0,42219.0,3897.0,149416.0,30912.0,4411.0,6313153.0,intrinsic,central,Kenyon_Cell,KCab,11862.0,KCab,KCab-m,MBp1,MBp1,dopamine,0.5636553877640996,"acetylcholine; sNPF; acetylcholine, sNPF","Barnstedt et al. 2016 (immuno, RNAi); Johard et al. (immuno); Aso et al. 2019 (scRNA-seq)",right,,fw033988,FBbt_00100248,,isomorphic,,,
81630286337032928,720575940617576422,160091.0,44118.0,3977.0,159864.0,31184.0,4236.0,6699802.0,intrinsic,central,Kenyon_Cell,KCg,19102.0,KCg-d,KCg-d,MBp4,MBp4,dopamine,0.696805450844586,"acetylcholine; sNPF; acetylcholine, sNPF","Barnstedt et al. 2016 (immuno); Johard et al., 2008 (immuno); Aso et al. 2019 (scRNA-seq)",right,,fw034025,FBbt_00110932,,isomorphic,,,
81278373896569967,720575940622821325,155521.0,42702.0,3896.0,149960.0,31424.0,4657.0,6314529.0,intrinsic,central,Kenyon_Cell,KCab,11862.0,KCab,KCab-m,MBp1,MBp1,dopamine,0.6193390334556277,"acetylcholine; sNPF; acetylcholine, sNPF","Barnstedt et al. 2016 (immuno, RNAi); Johard et al. (immuno); Aso et al. 2019 (scRNA-seq)",right,,fw034218,FBbt_00100248,,isomorphic,,,
81629324331662129,720575940650270710,160056.0,29392.0,4574.0,160056.0,29392.0,4574.0,6700108.0,intrinsic,central,Kenyon_Cell,KCab,11862.0,KCab,KCab-m,MBp3,MBp3,dopamine,0.5941801516238021,"acetylcholine; sNPF; acetylcholine, sNPF","Barnstedt et al. 2016 (immuno, RNAi); Johard et al. (immuno); Aso et al. 2019 (scRNA-seq)",right,,fw034232,FBbt_00100248,,isomorphic,,,
81066443097202931,720575940614524127,151784.0,30928.0,4235.0,151784.0,30928.0,4235.0,6316267.0,intrinsic,central,Kenyon_Cell,KCg,14292.0,KCg-m,KCg-m,MBp1,MBp1,dopamine,0.8288024534126525,"acetylcholine; sNPF; acetylcholine, sNPF","Barnstedt et al. 2016 (immuno); Johard et al., 2008 (immuno); Aso et al. 2019 (scRNA-seq)",right,,fw034284,FBbt_00111061,,isomorphic,,,
81348742640722291,720575940606331996,156212.0,42858.0,3897.0,150712.0,29736.0,4392.0,6315244.0,intrinsic,central,Kenyon_Cell,KCab,11862.0,KCab,KCab-m,MBp1,MBp1,dopamine,0.6006937588834869,"acetylcholine; sNPF; acetylcholine, sNPF","Barnstedt et al. 2016 (immuno, RNAi); Johard et al. (immuno); Aso et al. 2019 (scRNA-seq)",right,,fw034298,FBbt_00100248,,isomorphic,,,
80784968053775569,720575940606729858,148360.0,30360.0,4027.0,148360.0,30360.0,4027.0,6307649.0,intrinsic,central,Kenyon_Cell,KCg,14292.0,KCg-m,KCg-m,MBp1,MBp1,dopamine,0.7838055161665538,"acetylcholine; sNPF; acetylcholine, sNPF","Barnstedt et al. 2016 (immuno); Johard et al., 2008 (immuno); Aso et al. 2019 (scRNA-seq)",right,,fw034327,FBbt_00111061,,isomorphic,,,
81278305177399846,720575940629633150,154909.0,42322.0,4103.0,146536.0,26992.0,3755.0,5631465.0,intrinsic,central,Kenyon_Cell,KCg,14292.0,KCg-m,KCg-m,MBp1,MBp1,dopamine,0.7102300279160731,"acetylcholine; sNPF; acetylcholine, sNPF","Barnstedt et al. 2016 (immuno); Johard et al., 2008 (immuno); Aso et al. 2019 (scRNA-seq)",right,,fw034454,FBbt_00111061,,isomorphic,,,
81558886867868146,720575940625015070,158936.0,28576.0,4485.0,158936.0,28576.0,4485.0,6698171.0,intrinsic,central,Kenyon_Cell,KCab,11862.0,KCab,KCab-m,MBp3,MBp3,dopamine,0.5749396427643003,"acetylcholine; sNPF; acetylcholine, sNPF","Barnstedt et al. 2016 (immuno, RNAi); Johard et al. (immuno); Aso et al. 2019 (scRNA-seq)",right,,fw034479,FBbt_00100248,,isomorphic,,,
81559024306688768,720575940625598802,159344.0,30360.0,4410.0,159344.0,30360.0,4410.0,6698693.0,intrinsic,central,Kenyon_Cell,KCg,19102.0,KCg-d,KCg-d,MBp4,MBp4,dopamine,0.6776806901711789,"acetylcholine; sNPF; acetylcholine, sNPF","Barnstedt et al. 2016 (immuno); Johard et al., 2008 (immuno); Aso et al. 2019 (scRNA-seq)",right,,fw034506,FBbt_00110932,,isomorphic,,,
81348811360444824,720575940618337985,156463.0,43967.0,4103.0,150912.0,38920.0,5032.0,6352358.0,intrinsic,central,Kenyon_Cell,KCg,14292.0,KCg-m,KCg-m,MBp2,MBp2,dopamine,0.8242564021847765,"acetylcholine; sNPF; acetylcholine, sNPF","Barnstedt et al. 2016 (immuno); Johard et al., 2008 (immuno); Aso et al. 2019 (scRNA-seq)",right,,fw034596,FBbt_00111061,,isomorphic,,,
81770886520653041,720575940620956173,161752.0,41776.0,4966.0,161752.0,41776.0,4966.0,6825403.0,intrinsic,central,Kenyon_Cell,KCab,11862.0,KCab,KCab-s,MBp2,MBp2,dopamine,0.5853777377036339,"acetylcholine; sNPF; acetylcholine, sNPF","Barnstedt et al. 2016 (immuno, RNAi); Johard et al. (immuno); Aso et al. 2019 (scRNA-seq)",right,,fw034738,FBbt_00100248,,isomorphic,,,
81981855314228057,720575940637725272,165000.0,39824.0,4955.0,165000.0,39824.0,4955.0,7074438.0,intrinsic,central,Kenyon_Cell,KCg,14292.0,KCg-m,KCg-m,MBp2,MBp2,dopamine,0.769377643006052,"acetylcholine; sNPF; acetylcholine, sNPF","Barnstedt et al. 2016 (immuno); Johard et al., 2008 (immuno); Aso et al. 2019 (scRNA-seq)",right,,fw034748,FBbt_00111061,,isomorphic,,,
81629255612081745,720575940617071321,159784.0,28936.0,4495.0,159784.0,28936.0,4495.0,6699283.0,intrinsic,central,Kenyon_Cell,KCab,11862.0,KCab,KCab-s,MBp3,MBp3,dopamine,0.5390228616335713,"acetylcholine; sNPF; acetylcholine, sNPF","Barnstedt et al. 2016 (immuno, RNAi); Johard et al. (immuno); Aso et al. 2019 (scRNA-seq)",right,,fw034760,FBbt_00100248,,isomorphic,,,
81629736715518520,720575940619795883,160480.0,36096.0,5042.0,160480.0,36096.0,5042.0,6748656.0,intrinsic,central,Kenyon_Cell,KCg,14292.0,KCg-m,KCg-m,MBp3,MBp3,dopamine,0.750118361471516,"acetylcholine; sNPF; acetylcholine, sNPF","Barnstedt et al. 2016 (immuno); Johard et al., 2008 (immuno); Aso et al. 2019 (scRNA-seq)",right,,fw034761,FBbt_00111061,,isomorphic,,,
81136674402680175,720575940620880333,152568.0,28296.0,4397.0,152568.0,28296.0,4397.0,6317231.0,intrinsic,central,Kenyon_Cell,KCab,11862.0,KCab,KCab-m,MBp3,MBp3,dopamine,0.645460042138247,"acetylcholine; sNPF; acetylcholine, sNPF","Barnstedt et al. 2016 (immuno, RNAi); Johard et al. (immuno); Aso et al. 2019 (scRNA-seq)",right,,fw034805,FBbt_00100248,,isomorphic,,,
81347711915953996,720575940620039589,156464.0,27656.0,4571.0,156464.0,27656.0,4571.0,6693966.0,intrinsic,central,Kenyon_Cell,KCg,14292.0,KCg-m,KCg-m,MBp3,MBp3,dopamine,0.79326035016168,"acetylcholine; sNPF; acetylcholine, sNPF","Barnstedt et al. 2016 (immuno); Johard et al., 2008 (immuno); Aso et al. 2019 (scRNA-seq)",right,,fw034826,FBbt_00111061,,isomorphic,,,
80784830614555540,720575940619038061,148032.0,29152.0,3822.0,148032.0,29152.0,3822.0,6307549.0,intrinsic,central,Kenyon_Cell,KCg,14292.0,KCg-m,KCg-m,MBp1,MBp1,dopamine,0.7861416714257505,"acetylcholine; sNPF; acetylcholine, sNPF","Barnstedt et al. 2016 (immuno); Johard et al., 2008 (immuno); Aso et al. 2019 (scRNA-seq)",right,,fw034893,FBbt_00111061,,isomorphic,,,
81629667996071913,720575940625054589,160624.0,34616.0,5051.0,160624.0,34616.0,5051.0,6748728.0,intrinsic,central,Kenyon_Cell,KCab,11862.0,KCab,KCab-m,MBp3,MBp3,dopamine,0.5982597074023503,"acetylcholine; sNPF; acetylcholine, sNPF","Barnstedt et al. 2016 (immuno, RNAi); Johard et al. (immuno); Aso et al. 2019 (scRNA-seq)",right,,fw034925,FBbt_00100248,,isomorphic,,,
81418080660016760,720575940639881600,157088.0,28120.0,4481.0,157088.0,28120.0,4481.0,6695670.0,intrinsic,central,Kenyon_Cell,KCg,14292.0,KCg-m,KCg-m,MBp3,MBp3,dopamine,0.803873053685422,"acetylcholine; sNPF; acetylcholine, sNPF","Barnstedt et al. 2016 (immuno); Johard et al., 2008 (immuno); Aso et al. 2019 (scRNA-seq)",right,,fw034944,FBbt_00111061,,isomorphic,,,
81066649323142230,720575940632077127,152000.0,33840.0,5044.0,152000.0,33840.0,5044.0,6352606.0,intrinsic,central,Kenyon_Cell,KCg,14292.0,KCg-m,KCg-m,MBp3,MBp3,dopamine,0.7996986732283309,"acetylcholine; sNPF; acetylcholine, sNPF","Barnstedt et al. 2016 (immuno); Johard et al., 2008 (immuno); Aso et al. 2019 (scRNA-seq)",right,,fw035107,FBbt_00111061,,isomorphic,,,
81419180104596507,720575940610960994,156623.0,43913.0,4102.0,150944.0,39320.0,5289.0,6353929.0,intrinsic,central,Kenyon_Cell,KCg,14292.0,KCg-m,KCg-m,MBp2,MBp2,dopamine,0.7838455898554206,"acetylcholine; sNPF; acetylcholine, sNPF","Barnstedt et al. 2016 (immuno); Johard et al., 2008 (immuno); Aso et al. 2019 (scRNA-seq)",right,,fw035148,FBbt_00111061,,isomorphic,,,
80784693242706220,720575940617077405,148384.0,26968.0,4326.0,148384.0,26968.0,4326.0,6311527.0,intrinsic,central,Kenyon_Cell,,17488.0,KCapbp-m,KCa'b'-m,MBp1,MBp1,dopamine,0.5141221519890646,acetylcholine; acetylcholine,"Barnstedt et al. 2016 (immuno, RNAi); Aso et al. 2019 (scRNA-seq)",right,,fw035162,FBbt:00100253,,isomorphic,,,
81700174179165816,720575940626669957,161136.0,37056.0,5035.0,161136.0,37056.0,5035.0,6748851.0,intrinsic,central,Kenyon_Cell,KCg,14292.0,KCg-m,KCg-m,MBp3,MBp3,dopamine,0.8226262854743701,"acetylcholine; sNPF; acetylcholine, sNPF","Barnstedt et al. 2016 (immuno); Johard et al., 2008 (immuno); Aso et al. 2019 (scRNA-seq)",right,,fw035200,FBbt_00111061,,isomorphic,,,
81347918140943730,720575940612664482,156448.0,30704.0,4680.0,156448.0,30704.0,4680.0,6694451.0,intrinsic,central,Kenyon_Cell,KCab,11862.0,KCab,KCab-m,MBp3,MBp3,dopamine,0.5604800217361213,"acetylcholine; sNPF; acetylcholine, sNPF","Barnstedt et al. 2016 (immuno, RNAi); Johard et al. (immuno); Aso et al. 2019 (scRNA-seq)",right,,fw035201,FBbt_00100248,,isomorphic,,,
81137705329052236,720575940620393643,153048.0,44616.0,5440.0,153048.0,44616.0,5440.0,6375310.0,intrinsic,central,Kenyon_Cell,KCg,14292.0,KCg-m,KCg-m,MBp2,MBp2,dopamine,0.753104118540031,"acetylcholine; sNPF; acetylcholine, sNPF","Barnstedt et al. 2016 (immuno); Johard et al., 2008 (immuno); Aso et al. 2019 (scRNA-seq)",right,,fw035220,FBbt_00111061,,isomorphic,,,
82614555469045318,720575940634006355,174064.0,30920.0,4300.0,174064.0,30920.0,4300.0,7336654.0,intrinsic,central,Kenyon_Cell,,17488.0,KCapbp-ap2,KCa'b'-ap2,MBp4,MBp4,dopamine,0.5068022197481398,acetylcholine; acetylcholine,"Barnstedt et al. 2016 (immuno, RNAi); Aso et al. 2019 (scRNA-seq)",right,,fw035377,FBbt:00049837,,isomorphic,,,
81629667995755146,720575940628697982,160413.0,34546.0,4833.0,167704.0,36680.0,4816.0,7075515.0,intrinsic,central,Kenyon_Cell,KCg,14292.0,KCg-m,KCg-m,MBp4,MBp4,dopamine,0.7868016545250888,"acetylcholine; sNPF; acetylcholine, sNPF","Barnstedt et al. 2016 (immuno); Johard et al., 2008 (immuno); Aso et al. 2019 (scRNA-seq)",right,,fw035454,FBbt_00111061,,isomorphic,,,
81980961893586699,720575940634296951,165496.0,26976.0,4216.0,165496.0,26976.0,4216.0,7062391.0,intrinsic,central,Kenyon_Cell,,17488.0,KCapbp-ap1,KCa'b'-ap1,MBp4,MBp4,dopamine,0.524506311486409,acetylcholine; acetylcholine,"Barnstedt et al. 2016 (immuno, RNAi); Aso et al. 2019 (scRNA-seq)",right,,fw035482,FBbt:00049836,,isomorphic,,,
80925430731090817,720575940631879193,149712.0,26688.0,4339.0,149712.0,26688.0,4339.0,6313866.0,intrinsic,central,Kenyon_Cell,,17488.0,KCapbp-m,KCa'b'-m,MBp1,MBp1,dopamine,0.5406243895803544,acetylcholine; acetylcholine,"Barnstedt et al. 2016 (immuno, RNAi); Aso et al. 2019 (scRNA-seq)",right,,fw035506,FBbt:00100253,,isomorphic,,,
81136536963812465,720575940634664674,152752.0,26872.0,4479.0,152752.0,26872.0,4479.0,6317477.0,intrinsic,central,Kenyon_Cell,,11862.0,KCab-p,KCab-p,MBp3,MBp3,dopamine,0.6010822654357121,acetylcholine; acetylcholine,Barnstedt et al. 2016 (immuno); Aso et al. 2019 (scRNA-seq),right,,fw035619,FBbt_00110931,,isomorphic,,,
81911280411708265,720575940640634787,164568.0,37168.0,5044.0,164568.0,37168.0,5044.0,7074089.0,intrinsic,central,Kenyon_Cell,KCg,14292.0,KCg-m,KCg-m,MBp3,MBp3,dopamine,0.7845256530643451,"acetylcholine; sNPF; acetylcholine, sNPF","Barnstedt et al. 2016 (immuno); Johard et al., 2008 (immuno); Aso et al. 2019 (scRNA-seq)",right,,fw036000,FBbt_00111061,,isomorphic,,,
80996143072943768,720575940618341952,150748.0,31899.0,4572.0,150848.0,26120.0,4233.0,6315091.0,intrinsic,central,Kenyon_Cell,,11862.0,KCab-p,KCab-p,MBp1,MBp1,dopamine,0.6228887303071288,acetylcholine; acetylcholine,Barnstedt et al. 2016 (immuno); Aso et al. 2019 (scRNA-seq),right,,fw036052,FBbt_00110931,,isomorphic,,,
81278305177301071,720575940627155589,154841.0,42312.0,4102.0,142920.0,27376.0,3782.0,5629940.0,intrinsic,central,Kenyon_Cell,KCg,14292.0,KCg-m,KCg-m,MBp1,MBp1,dopamine,0.7083411534946775,"acetylcholine; sNPF; acetylcholine, sNPF","Barnstedt et al. 2016 (immuno); Johard et al., 2008 (immuno); Aso et al. 2019 (scRNA-seq)",right,,fw036433,FBbt_00111061,,isomorphic,,,
82192274284535238,720575940624487572,168864.0,30200.0,4203.0,168864.0,30200.0,4203.0,7066112.0,intrinsic,central,Kenyon_Cell,KCg,14292.0,KCg-m,KCg-m,MBp4,MBp4,dopamine,0.8259886305351658,"acetylcholine; sNPF; acetylcholine, sNPF","Barnstedt et al. 2016 (immuno); Johard et al., 2008 (immuno); Aso et al. 2019 (scRNA-seq)",right,,fw036464,FBbt_00111061,,isomorphic,,,
82051536796268190,720575940642383520,166064.0,29360.0,4282.0,166064.0,29360.0,4282.0,7063011.0,intrinsic,central,Kenyon_Cell,,17488.0,KCapbp-ap2,KCa'b'-ap2,MBp4,MBp4,dopamine,0.543032017396268,acetylcholine; acetylcholine,"Barnstedt et al. 2016 (immuno, RNAi); Aso et al. 2019 (scRNA-seq)",right,,fw036573,FBbt:00049837,,isomorphic,,,
81629874154452919,720575940611310894,159816.0,37632.0,5038.0,159816.0,37632.0,5038.0,6748518.0,intrinsic,central,Kenyon_Cell,KCg,19102.0,KCg-d,KCg-d,MBp3,MBp3,dopamine,0.6484251173449853,"acetylcholine; sNPF; acetylcholine, sNPF","Barnstedt et al. 2016 (immuno); Johard et al., 2008 (immuno); Aso et al. 2019 (scRNA-seq)",right,,fw036628,FBbt_00110932,,isomorphic,,,
81489480196051254,720575940618846001,158569.0,42814.0,4294.0,158704.0,27928.0,4547.0,6697024.0,intrinsic,central,Kenyon_Cell,KCg,14292.0,KCg-m,KCg-m,MBp3,MBp3,dopamine,0.8378580410248209,"acetylcholine; sNPF; acetylcholine, sNPF","Barnstedt et al. 2016 (immuno); Johard et al., 2008 (immuno); Aso et al. 2019 (scRNA-seq)",right,,fw036945,FBbt_00111061,,isomorphic,,,
81278305177071403,720575940628295242,155095.0,42311.0,3896.0,141410.0,24394.0,3587.0,,intrinsic,central,Kenyon_Cell,KCg,14292.0,KCg-m,KCg-m,MBp1,MBp1,dopamine,0.7663799611211852,"acetylcholine; sNPF; acetylcholine, sNPF","Barnstedt et al. 2016 (immuno); Johard et al., 2008 (immuno); Aso et al. 2019 (scRNA-seq)",right,,fw039039,FBbt_00111061,,isomorphic,,,
81348742640714812,720575940620356800,156419.0,42718.0,3897.0,150087.0,31624.0,4625.0,,intrinsic,central,Kenyon_Cell,KCab,11862.0,KCab,KCab-m,MBp1,MBp1,dopamine,0.6211417107947584,"acetylcholine; sNPF; acetylcholine, sNPF","Barnstedt et al. 2016 (immuno, RNAi); Johard et al. (immuno); Aso et al. 2019 (scRNA-seq)",right,,fw039040,FBbt_00100248,,isomorphic,,,
81278305177070068,720575940625482084,155273.0,41868.0,3896.0,150891.0,28863.0,4068.0,,intrinsic,central,Kenyon_Cell,KCg,14292.0,KCg-m,KCg-m,MBp1,MBp1,dopamine,0.7410412994152846,"acetylcholine; sNPF; acetylcholine, sNPF","Barnstedt et al. 2016 (immuno); Johard et al., 2008 (immuno); Aso et al. 2019 (scRNA-seq)",right,,fw039041,FBbt_00111061,,isomorphic,,,
81278373896552702,720575940629240079,155349.0,42665.0,3897.0,150756.0,30064.0,4369.0,,intrinsic,central,Kenyon_Cell,KCab,11862.0,KCab,KCab-m,MBp1,MBp1,dopamine,0.6198462550019458,"acetylcholine; sNPF; acetylcholine, sNPF","Barnstedt et al. 2016 (immuno, RNAi); Johard et al. (immuno); Aso et al. 2019 (scRNA-seq)",right,,fw039042,FBbt_00100248,,isomorphic,,,
80925774328801614,720575940633552820,150234.0,31998.0,4571.0,151215.0,27162.0,4036.0,,intrinsic,central,Kenyon_Cell,KCab,11862.0,KCab,KCab-s,MBp1,MBp1,dopamine,0.6210795171916048,"acetylcholine; sNPF; acetylcholine, sNPF","Barnstedt et al. 2016 (immuno, RNAi); Johard et al. (immuno); Aso et al. 2019 (scRNA-seq)",right,,fw039043,FBbt_00100248,,isomorphic,,,
81348742640728893,720575940637594995,155634.0,42645.0,3896.0,149024.0,30990.0,4391.0,,intrinsic,central,Kenyon_Cell,KCab,11862.0,KCab,KCab-c,MBp1,MBp1,dopamine,0.5655241448395365,"acetylcholine; sNPF; acetylcholine, sNPF","Barnstedt et al. 2016 (immuno, RNAi); Johard et al. (immuno); Aso et al. 2019 (scRNA-seq)",right,,fw039044,FBbt_00100248,,isomorphic,,,
81559848940231107,720575940630598395,159511.0,43227.0,4293.0,166678.0,31583.0,4728.0,,intrinsic,central,Kenyon_Cell,KCg,14292.0,KCg-m,KCg-m,MBp4,MBp4,dopamine,0.774980539730167,"acetylcholine; sNPF; acetylcholine, sNPF","Barnstedt et al. 2016 (immuno); Johard et al., 2008 (immuno); Aso et al. 2019 (scRNA-seq)",right,,fw039045,FBbt_00111061,,isomorphic,,,
81348742640951319,720575940610191795,156026.0,43607.0,4103.0,149764.0,36263.0,5175.0,,intrinsic,central,Kenyon_Cell,KCg,14292.0,KCg-m,KCg-m,MBp2,MBp2,dopamine,0.7362405697086785,"acetylcholine; sNPF; acetylcholine, sNPF","Barnstedt et al. 2016 (immuno); Johard et al., 2008 (immuno); Aso et al. 2019 (scRNA-seq)",right,,fw039046,FBbt_00111061,,isomorphic,,,
80996555456782580,720575940640566736,150686.0,37506.0,4975.0,149620.0,35070.0,5102.0,,intrinsic,central,Kenyon_Cell,KCg,14292.0,KCg-m,KCg-m,MBp2,MBp2,dopamine,0.7891138907138859,"acetylcholine; sNPF; acetylcholine, sNPF","Barnstedt et al. 2016 (immuno); Johard et al., 2008 (immuno); Aso et al. 2019 (scRNA-seq)",right,,fw039047,FBbt_00111061,,isomorphic,,,
81559848940241391,720575940621560052,159373.0,43363.0,4294.0,169033.0,32761.0,4694.0,,intrinsic,central,Kenyon_Cell,KCg,14292.0,KCg-m,KCg-m,MBp4,MBp4,dopamine,0.780807117527923,"acetylcholine; sNPF; acetylcholine, sNPF","Barnstedt et al. 2016 (immuno); Johard et al., 2008 (immuno); Aso et al. 2019 (scRNA-seq)",right,,fw039048,FBbt_00111061,,isomorphic,,,
81559848940231000,720575940605252041,158929.0,43054.0,4293.0,154384.0,37152.0,5211.0,6356326.0,intrinsic,central,Kenyon_Cell,KCg,14292.0,KCg-m,KCg-m,MBp3,MBp3,dopamine,0.7577443646317883,"acetylcholine; sNPF; acetylcholine, sNPF","Barnstedt et al. 2016 (immuno); Johard et al., 2008 (immuno); Aso et al. 2019 (scRNA-seq)",right,,fw039049,FBbt_00111061,,isomorphic,,,
81559848940226502,720575940625765306,159181.0,43260.0,4293.0,166890.0,32311.0,4753.0,,intrinsic,central,Kenyon_Cell,KCg,14292.0,KCg-m,KCg-m,MBp4,MBp4,dopamine,0.8094971718483019,"acetylcholine; sNPF; acetylcholine, sNPF","Barnstedt et al. 2016 (immuno); Johard et al., 2008 (immuno); Aso et al. 2019 (scRNA-seq)",right,,fw039050,FBbt_00111061,,isomorphic,,,
81559848940231136,720575940614486690,158842.0,43233.0,4293.0,161387.0,29205.0,4675.0,,intrinsic,central,Kenyon_Cell,KCg,14292.0,KCg-m,KCg-m,MBp4,MBp4,dopamine,0.8169921836948238,"acetylcholine; sNPF; acetylcholine, sNPF","Barnstedt et al. 2016 (immuno); Johard et al., 2008 (immuno); Aso et al. 2019 (scRNA-seq)",right,,fw039051,FBbt_00111061,,isomorphic,,,
81559848940229995,720575940630496118,158774.0,43249.0,4293.0,163475.0,34645.0,5006.0,,intrinsic,central,Kenyon_Cell,KCg,14292.0,KCg-m,KCg-m,MBp4,MBp4,dopamine,0.7672157584085009,"acetylcholine; sNPF; acetylcholine, sNPF","Barnstedt et al. 2016 (immuno); Johard et al., 2008 (immuno); Aso et al. 2019 (scRNA-seq)",right,,fw039052,FBbt_00111061,,isomorphic,,,
81559848940228925,720575940619495664,159254.0,43373.0,4294.0,162264.0,27661.0,4527.0,,intrinsic,central,Kenyon_Cell,KCg,14292.0,KCg-m,KCg-m,MBp4,MBp4,dopamine,0.8104953630789237,"acetylcholine; sNPF; acetylcholine, sNPF","Barnstedt et al. 2016 (immuno); Johard et al., 2008 (immuno); Aso et al. 2019 (scRNA-seq)",right,,fw039053,FBbt_00111061,,isomorphic,,,
81630217684415392,720575940619970586,159691.0,43335.0,4294.0,169284.0,34042.0,4767.0,,intrinsic,central,Kenyon_Cell,KCg,14292.0,KCg-m,KCg-m,MBp4,MBp4,dopamine,0.8029559814102328,"acetylcholine; sNPF; acetylcholine, sNPF","Barnstedt et al. 2016 (immuno); Johard et al., 2008 (immuno); Aso et al. 2019 (scRNA-seq)",right,,fw039054,FBbt_00111061,,isomorphic,,,
81559848940232414,720575940636422372,158719.0,43541.0,4293.0,161290.0,40994.0,4976.0,,intrinsic,central,Kenyon_Cell,KCg,14292.0,KCg-m,KCg-m,MBp2,MBp2,dopamine,0.7576420905136853,"acetylcholine; sNPF; acetylcholine, sNPF","Barnstedt et al. 2016 (immuno); Johard et al., 2008 (immuno); Aso et al. 2019 (scRNA-seq)",right,,fw039055,FBbt_00111061,,isomorphic,,,
81559848940237120,720575940632203823,158968.0,43501.0,4294.0,166021.0,32569.0,4815.0,,intrinsic,central,Kenyon_Cell,KCg,14292.0,KCg-m,KCg-m,MBp4,MBp4,dopamine,0.7605473687790728,"acetylcholine; sNPF; acetylcholine, sNPF","Barnstedt et al. 2016 (immuno); Johard et al., 2008 (immuno); Aso et al. 2019 (scRNA-seq)",right,,fw039056,FBbt_00111061,,isomorphic,,,
81489480196071019,720575940629789292,158302.0,43386.0,4293.0,164391.0,36767.0,5057.0,,intrinsic,central,Kenyon_Cell,KCg,14292.0,KCg-m,KCg-m,MBp3,MBp3,dopamine,0.7139577845540226,"acetylcholine; sNPF; acetylcholine, sNPF","Barnstedt et al. 2016 (immuno); Johard et al., 2008 (immuno); Aso et al. 2019 (scRNA-seq)",right,,fw039057,FBbt_00111061,,isomorphic,,,
81489480196047174,720575940632536780,158634.0,43077.0,4294.0,153993.0,30214.0,4137.0,,intrinsic,central,Kenyon_Cell,KCg,14292.0,KCg-m,KCg-m,MBp3,MBp3,dopamine,0.7662359887638893,"acetylcholine; sNPF; acetylcholine, sNPF","Barnstedt et al. 2016 (immuno); Johard et al., 2008 (immuno); Aso et al. 2019 (scRNA-seq)",right,,fw039058,FBbt_00111061,,isomorphic,,,
81559848940232442,720575940624293048,159282.0,43572.0,4293.0,166433.0,33122.0,4854.0,,intrinsic,central,Kenyon_Cell,KCg,14292.0,KCg-m,KCg-m,MBp4,MBp4,dopamine,0.758675613408705,"acetylcholine; sNPF; acetylcholine, sNPF","Barnstedt et al. 2016 (immuno); Johard et al., 2008 (immuno); Aso et al. 2019 (scRNA-seq)",right,,fw039059,FBbt_00111061,,isomorphic,,,
81348742640942852,720575940638228643,155805.0,43473.0,4102.0,149263.0,32204.0,4898.0,,intrinsic,central,Kenyon_Cell,KCg,14292.0,KCg-m,KCg-m,MBp2,MBp2,dopamine,0.7259559720949912,"acetylcholine; sNPF; acetylcholine, sNPF","Barnstedt et al. 2016 (immuno); Johard et al., 2008 (immuno); Aso et al. 2019 (scRNA-seq)",right,,fw039060,FBbt_00111061,,isomorphic,,,
81559848940228630,720575940612587286,158666.0,42891.0,4294.0,174464.0,30646.0,4252.0,,intrinsic,central,Kenyon_Cell,KCg,14292.0,KCg-m,KCg-m,MBp4,MBp4,dopamine,0.787545623353595,"acetylcholine; sNPF; acetylcholine, sNPF","Barnstedt et al. 2016 (immuno); Johard et al., 2008 (immuno); Aso et al. 2019 (scRNA-seq)",right,,fw039061,FBbt_00111061,,isomorphic,,,
81278373896804133,720575940625155877,155501.0,43156.0,4103.0,142600.0,27550.0,3861.0,,intrinsic,central,Kenyon_Cell,KCg,14292.0,KCg-m,KCg-m,MBp1,MBp1,dopamine,0.7703167748574481,"acetylcholine; sNPF; acetylcholine, sNPF","Barnstedt et al. 2016 (immuno); Johard et al., 2008 (immuno); Aso et al. 2019 (scRNA-seq)",right,,fw039062,FBbt_00111061,,isomorphic,,,
81559848940224154,720575940628394716,159214.0,43215.0,4294.0,165949.0,31695.0,4756.0,,intrinsic,central,Kenyon_Cell,KCg,14292.0,KCg-m,KCg-m,MBp4,MBp4,dopamine,0.7208210145843076,"acetylcholine; sNPF; acetylcholine, sNPF","Barnstedt et al. 2016 (immuno); Johard et al., 2008 (immuno); Aso et al. 2019 (scRNA-seq)",right,,fw039063,FBbt_00111061,,isomorphic,,,
81348742641020128,720575940614495138,155617.0,43589.0,4103.0,150481.0,28072.0,3797.0,,intrinsic,central,Kenyon_Cell,KCg,14292.0,KCg-m,KCg-m,MBp1,MBp1,dopamine,0.7656139702395893,"acetylcholine; sNPF; acetylcholine, sNPF","Barnstedt et al. 2016 (immuno); Johard et al., 2008 (immuno); Aso et al. 2019 (scRNA-seq)",right,,fw039064,FBbt_00111061,,isomorphic,,,
81630217684445176,720575940623067942,159717.0,43391.0,4293.0,164814.0,30860.0,4746.0,,intrinsic,central,Kenyon_Cell,KCg,14292.0,KCg-m,KCg-m,MBp4,MBp4,dopamine,0.7479342774203898,"acetylcholine; sNPF; acetylcholine, sNPF","Barnstedt et al. 2016 (immuno); Johard et al., 2008 (immuno); Aso et al. 2019 (scRNA-seq)",right,,fw039065,FBbt_00111061,,isomorphic,,,
81559848940240444,720575940630853948,159425.0,43571.0,4293.0,165335.0,32743.0,4825.0,,intrinsic,central,Kenyon_Cell,KCg,14292.0,KCg-m,KCg-m,MBp4,MBp4,dopamine,0.7578150039152084,"acetylcholine; sNPF; acetylcholine, sNPF","Barnstedt et al. 2016 (immuno); Johard et al., 2008 (immuno); Aso et al. 2019 (scRNA-seq)",right,,fw039066,FBbt_00111061,,isomorphic,,,
81559848940224285,720575940629855596,159492.0,43451.0,4294.0,166288.0,37104.0,4901.0,7074949.0,intrinsic,central,Kenyon_Cell,KCg,14292.0,KCg-m,KCg-m,MBp4,MBp4,dopamine,0.8102113894302643,"acetylcholine; sNPF; acetylcholine, sNPF","Barnstedt et al. 2016 (immuno); Johard et al., 2008 (immuno); Aso et al. 2019 (scRNA-seq)",right,,fw039067,FBbt_00111061,,isomorphic,,,
81559848940233405,720575940634942362,158972.0,43217.0,4293.0,164606.0,34533.0,4942.0,,intrinsic,central,Kenyon_Cell,KCg,14292.0,KCg-m,KCg-m,MBp4,MBp4,dopamine,0.7425814204599049,"acetylcholine; sNPF; acetylcholine, sNPF","Barnstedt et al. 2016 (immuno); Johard et al., 2008 (immuno); Aso et al. 2019 (scRNA-seq)",right,,fw039068,FBbt_00111061,,isomorphic,,,
81489480196059095,720575940621709132,158418.0,43338.0,4294.0,152405.0,34038.0,5058.0,,intrinsic,central,Kenyon_Cell,KCg,14292.0,KCg-m,KCg-m,MBp3,MBp3,dopamine,0.792077433227693,"acetylcholine; sNPF; acetylcholine, sNPF","Barnstedt et al. 2016 (immuno); Johard et al., 2008 (immuno); Aso et al. 2019 (scRNA-seq)",right,,fw039069,FBbt_00111061,,isomorphic,,,
81489480196054741,720575940633212779,158538.0,43297.0,4294.0,157176.0,28476.0,4493.0,,intrinsic,central,Kenyon_Cell,KCg,14292.0,KCg-m,KCg-m,MBp3,MBp3,dopamine,0.757817695968408,"acetylcholine; sNPF; acetylcholine, sNPF","Barnstedt et al. 2016 (immuno); Johard et al., 2008 (immuno); Aso et al. 2019 (scRNA-seq)",right,,fw039070,FBbt_00111061,,isomorphic,,,
81559848940216705,720575940637339738,159364.0,43634.0,4293.0,165522.0,33771.0,4912.0,,intrinsic,central,Kenyon_Cell,KCg,14292.0,KCg-m,KCg-m,MBp4,MBp4,dopamine,0.8152464840482974,"acetylcholine; sNPF; acetylcholine, sNPF","Barnstedt et al. 2016 (immuno); Johard et al., 2008 (immuno); Aso et al. 2019 (scRNA-seq)",right,,fw039071,FBbt_00111061,,isomorphic,,,
81559917659710877,720575940617036729,159580.0,43829.0,4293.0,159239.0,30646.0,4425.0,,intrinsic,central,Kenyon_Cell,KCg,19102.0,KCg-d,KCg-d,MBp4,MBp4,dopamine,0.6576652315612489,"acetylcholine; sNPF; acetylcholine, sNPF","Barnstedt et al. 2016 (immuno); Johard et al., 2008 (immuno); Aso et al. 2019 (scRNA-seq)",right,,fw039072,FBbt_00110932,,isomorphic,,,
81489480196046232,720575940617473748,158458.0,43297.0,4294.0,160739.0,31556.0,4871.0,,intrinsic,central,Kenyon_Cell,KCg,14292.0,KCg-m,KCg-m,MBp3,MBp3,dopamine,0.7554003888645029,"acetylcholine; sNPF; acetylcholine, sNPF","Barnstedt et al. 2016 (immuno); Johard et al., 2008 (immuno); Aso et al. 2019 (scRNA-seq)",right,,fw039073,FBbt_00111061,,isomorphic,,,
81630217684405931,720575940620059045,159912.0,43376.0,4293.0,170980.0,34190.0,4704.0,,intrinsic,central,Kenyon_Cell,KCg,14292.0,KCg-m,KCg-m,MBp4,MBp4,dopamine,0.7795814124895739,"acetylcholine; sNPF; acetylcholine, sNPF","Barnstedt et al. 2016 (immuno); Johard et al., 2008 (immuno); Aso et al. 2019 (scRNA-seq)",right,,fw039074,FBbt_00111061,,isomorphic,,,
81630217617524959,720575940613358658,160441.0,43316.0,3976.0,159361.0,37746.0,5064.0,,intrinsic,central,Kenyon_Cell,KCg,19102.0,KCg-d,KCg-d,MBp3,MBp3,dopamine,0.6742797909831427,"acetylcholine; sNPF; acetylcholine, sNPF","Barnstedt et al. 2016 (immuno); Johard et al., 2008 (immuno); Aso et al. 2019 (scRNA-seq)",right,,fw039075,FBbt_00110932,,isomorphic,,,
81419248823968687,720575940615448793,157569.0,44782.0,3977.0,152037.0,31847.0,4122.0,,intrinsic,central,Kenyon_Cell,KCg,19102.0,KCg-d,KCg-d,MBp1,MBp1,dopamine,0.4839960157925285,"acetylcholine; sNPF; acetylcholine, sNPF","Barnstedt et al. 2016 (immuno); Johard et al., 2008 (immuno); Aso et al. 2019 (scRNA-seq)",right,,fw039076,FBbt_00110932,,isomorphic,,,
81630217617525044,720575940618245569,160284.0,43400.0,3977.0,168606.0,30267.0,4149.0,,intrinsic,central,Kenyon_Cell,KCg,14292.0,KCg-m,KCg-m,MBp4,MBp4,dopamine,0.8191256937136355,"acetylcholine; sNPF; acetylcholine, sNPF","Barnstedt et al. 2016 (immuno); Johard et al., 2008 (immuno); Aso et al. 2019 (scRNA-seq)",right,,fw039077,FBbt_00111061,,isomorphic,,,
81630286337012037,720575940637849151,159764.0,44249.0,3977.0,161367.0,27460.0,4361.0,,intrinsic,central,Kenyon_Cell,KCg,14292.0,KCg-m,KCg-m,MBp4,MBp4,dopamine,0.7935385541267368,"acetylcholine; sNPF; acetylcholine, sNPF","Barnstedt et al. 2016 (immuno); Johard et al., 2008 (immuno); Aso et al. 2019 (scRNA-seq)",right,,fw039078,FBbt_00111061,,isomorphic,,,
81630217617525175,720575940635213998,160083.0,43590.0,3976.0,169592.0,33252.0,4695.0,,intrinsic,central,Kenyon_Cell,KCg,14292.0,KCg-m,KCg-m,MBp4,MBp4,dopamine,0.8136910505638363,"acetylcholine; sNPF; acetylcholine, sNPF","Barnstedt et al. 2016 (immuno); Johard et al., 2008 (immuno); Aso et al. 2019 (scRNA-seq)",right,,fw039079,FBbt_00111061,,isomorphic,,,
81630217617536015,720575940628175363,160034.0,43551.0,3977.0,169677.0,36088.0,4793.0,,intrinsic,central,Kenyon_Cell,KCg,14292.0,KCg-m,KCg-m,MBp4,MBp4,dopamine,0.7606497851456036,"acetylcholine; sNPF; acetylcholine, sNPF","Barnstedt et al. 2016 (immuno); Johard et al., 2008 (immuno); Aso et al. 2019 (scRNA-seq)",right,,fw039080,FBbt_00111061,,isomorphic,,,
81630286337022955,720575940620655169,159848.0,43651.0,3976.0,170942.0,28982.0,4196.0,,intrinsic,central,Kenyon_Cell,KCg,14292.0,KCg-m,KCg-m,MBp4,MBp4,dopamine,0.8009648612219402,"acetylcholine; sNPF; acetylcholine, sNPF","Barnstedt et al. 2016 (immuno); Johard et al., 2008 (immuno); Aso et al. 2019 (scRNA-seq)",right,,fw039081,FBbt_00111061,,isomorphic,,,
81630217617516559,720575940605407846,160385.0,43079.0,3976.0,160987.0,37086.0,5008.0,,intrinsic,central,Kenyon_Cell,KCg,14292.0,KCg-m,KCg-m,MBp3,MBp3,dopamine,0.7607832037405996,"acetylcholine; sNPF; acetylcholine, sNPF","Barnstedt et al. 2016 (immuno); Johard et al., 2008 (immuno); Aso et al. 2019 (scRNA-seq)",right,,fw039082,FBbt_00111061,,isomorphic,,,
81559917592810128,720575940625750671,158701.0,44084.0,3977.0,150670.0,38716.0,5002.0,,intrinsic,central,Kenyon_Cell,KCg,14292.0,KCg-m,KCg-m,MBp2,MBp2,dopamine,0.7095222827181634,"acetylcholine; sNPF; acetylcholine, sNPF","Barnstedt et al. 2016 (immuno); Johard et al., 2008 (immuno); Aso et al. 2019 (scRNA-seq)",right,,fw039083,FBbt_00111061,,isomorphic,,,
81630217617506522,720575940615608123,160472.0,43613.0,3976.0,165006.0,39772.0,4921.0,,intrinsic,central,Kenyon_Cell,KCg,19102.0,KCg-d,KCg-d,MBp4,MBp4,dopamine,0.5472945194816597,"acetylcholine; sNPF; acetylcholine, sNPF","Barnstedt et al. 2016 (immuno); Johard et al., 2008 (immuno); Aso et al. 2019 (scRNA-seq)",right,,fw039084,FBbt_00110932,,isomorphic,,,
81207798658143318,720575940628367836,153814.0,39912.0,1093.0,165567.0,27108.0,4156.0,,intrinsic,central,Kenyon_Cell,,17488.0,KCapbp-ap1,KCa'b'-ap1,MBp4,MBp4,dopamine,0.4958968414019243,acetylcholine; acetylcholine,"Barnstedt et al. 2016 (immuno, RNAi); Aso et al. 2019 (scRNA-seq)",right,,fw039085,FBbt:00049836,,isomorphic,,,
81630217617530629,720575940625451920,160240.0,43568.0,3976.0,169088.0,35880.0,4745.0,7076141.0,intrinsic,central,Kenyon_Cell,KCg,14292.0,KCg-m,KCg-m,MBp4,MBp4,dopamine,0.8432070152409737,"acetylcholine; sNPF; acetylcholine, sNPF","Barnstedt et al. 2016 (immuno); Johard et al., 2008 (immuno); Aso et al. 2019 (scRNA-seq)",right,,fw039086,FBbt_00111061,,isomorphic,,,
81630217617529519,720575940630176047,160278.0,43342.0,3976.0,161458.0,26835.0,4407.0,,intrinsic,central,Kenyon_Cell,KCg,14292.0,KCg-m,KCg-m,MBp4,MBp4,dopamine,0.7863230017560247,"acetylcholine; sNPF; acetylcholine, sNPF","Barnstedt et al. 2016 (immuno); Johard et al., 2008 (immuno); Aso et al. 2019 (scRNA-seq)",right,,fw039087,FBbt_00111061,,isomorphic,,,
81630286337015506,720575940631731620,159990.0,43757.0,3977.0,170468.0,33466.0,4655.0,,intrinsic,central,Kenyon_Cell,KCg,14292.0,KCg-m,KCg-m,MBp4,MBp4,dopamine,0.7308942764311389,"acetylcholine; sNPF; acetylcholine, sNPF","Barnstedt et al. 2016 (immuno); Johard et al., 2008 (immuno); Aso et al. 2019 (scRNA-seq)",right,,fw039088,FBbt_00111061,,isomorphic,,,
81630217617533885,720575940626081176,159909.0,43595.0,3977.0,172825.0,30111.0,4292.0,,intrinsic,central,Kenyon_Cell,KCg,14292.0,KCg-m,KCg-m,MBp4,MBp4,dopamine,0.7773102583228448,"acetylcholine; sNPF; acetylcholine, sNPF","Barnstedt et al. 2016 (immuno); Johard et al., 2008 (immuno); Aso et al. 2019 (scRNA-seq)",right,,fw039089,FBbt_00111061,,isomorphic,,,
81489548848616941,720575940614418118,158022.0,44345.0,3977.0,151230.0,39042.0,5283.0,,intrinsic,central,Kenyon_Cell,KCg,14292.0,KCg-m,KCg-m,MBp2,MBp2,dopamine,0.7965508708313287,"acetylcholine; sNPF; acetylcholine, sNPF","Barnstedt et al. 2016 (immuno); Johard et al., 2008 (immuno); Aso et al. 2019 (scRNA-seq)",right,,fw039090,FBbt_00111061,,isomorphic,,,
81630217617516710,720575940642347936,160136.0,43318.0,3976.0,174351.0,31469.0,4253.0,,intrinsic,central,Kenyon_Cell,KCg,14292.0,KCg-m,KCg-m,MBp4,MBp4,dopamine,0.8275374592400213,"acetylcholine; sNPF; acetylcholine, sNPF","Barnstedt et al. 2016 (immuno); Johard et al., 2008 (immuno); Aso et al. 2019 (scRNA-seq)",right,,fw039091,FBbt_00111061,,isomorphic,,,
81630286337020694,720575940632969567,160290.0,43798.0,3976.0,159924.0,31495.0,4246.0,,intrinsic,central,Kenyon_Cell,KCg,19102.0,KCg-d,KCg-d,MBp4,MBp4,dopamine,0.6096967098111631,"acetylcholine; sNPF; acetylcholine, sNPF","Barnstedt et al. 2016 (immuno); Johard et al., 2008 (immuno); Aso et al. 2019 (scRNA-seq)",right,,fw039092,FBbt_00110932,,isomorphic,,,
81489617568141889,720575940636126783,158409.0,44743.0,3977.0,154063.0,32300.0,4167.0,,intrinsic,central,Kenyon_Cell,KCg,19102.0,KCg-d,KCg-d,MBp1,MBp1,dopamine,0.5705717701738019,"acetylcholine; sNPF; acetylcholine, sNPF","Barnstedt et al. 2016 (immuno); Johard et al., 2008 (immuno); Aso et al. 2019 (scRNA-seq)",right,,fw039093,FBbt_00110932,,isomorphic,,,
81419454713722577,720575940606892674,157303.0,48529.0,1723.0,165776.0,36789.0,5009.0,,intrinsic,central,Kenyon_Cell,KCg,,KCg-s2,KCg-s2,MBp4,MBp4,dopamine,0.5404704904687538,"acetylcholine; sNPF; acetylcholine, sNPF","Barnstedt et al. 2016 (immuno); Johard et al., 2008 (immuno); Aso et al. 2019 (scRNA-seq)",right,,fw039094,FBbt_00049788,,isomorphic,,,
81419248823962758,720575940630115388,157490.0,44816.0,3976.0,146676.0,27376.0,3762.0,,intrinsic,central,Kenyon_Cell,KCg,14292.0,KCg-m,KCg-m,MBp1,MBp1,dopamine,0.6660595719437368,"acetylcholine; sNPF; acetylcholine, sNPF","Barnstedt et al. 2016 (immuno); Johard et al., 2008 (immuno); Aso et al. 2019 (scRNA-seq)",right,,fw039095,FBbt_00111061,,isomorphic,,,
81559917592801949,720575940614008785,159355.0,43864.0,3976.0,162786.0,28241.0,4396.0,,intrinsic,central,Kenyon_Cell,KCg,14292.0,KCg-m,KCg-m,MBp4,MBp4,dopamine,0.7517306220944352,"acetylcholine; sNPF; acetylcholine, sNPF","Barnstedt et al. 2016 (immuno); Johard et al., 2008 (immuno); Aso et al. 2019 (scRNA-seq)",right,,fw039096,FBbt_00111061,,isomorphic,,,
81559917592811868,720575940619154891,159281.0,43702.0,3977.0,168905.0,30522.0,4233.0,,intrinsic,central,Kenyon_Cell,KCg,14292.0,KCg-m,KCg-m,MBp4,MBp4,dopamine,0.8019042942193852,"acetylcholine; sNPF; acetylcholine, sNPF","Barnstedt et al. 2016 (immuno); Johard et al., 2008 (immuno); Aso et al. 2019 (scRNA-seq)",right,,fw039097,FBbt_00111061,,isomorphic,,,
81489617568138310,720575940626941446,158110.0,44769.0,3976.0,152008.0,32152.0,4010.0,6309409.0,intrinsic,central,Kenyon_Cell,KCg,19102.0,KCg-d,KCg-d,MBp1,MBp1,dopamine,0.6509087967499061,"acetylcholine; sNPF; acetylcholine, sNPF","Barnstedt et al. 2016 (immuno); Johard et al., 2008 (immuno); Aso et al. 2019 (scRNA-seq)",right,,fw039098,FBbt_00110932,,isomorphic,,,
81559848806387329,720575940602553568,159284.0,42762.0,3594.0,172750.0,31059.0,4404.0,,intrinsic,central,Kenyon_Cell,,17488.0,KCapbp-ap2,KCa'b'-ap2,MBp4,MBp4,dopamine,0.479056418750363,acetylcholine; acetylcholine,"Barnstedt et al. 2016 (immuno, RNAi); Aso et al. 2019 (scRNA-seq)",right,,fw042129,FBbt:00049837,,isomorphic,,,
81489548781661265,720575940603084972,158319.0,44570.0,3594.0,170908.0,29926.0,4405.0,,intrinsic,central,Kenyon_Cell,KCab,11862.0,KCab,KCab-s,MBp4,MBp4,dopamine,0.6289850807436336,"acetylcholine; sNPF; acetylcholine, sNPF","Barnstedt et al. 2016 (immuno, RNAi); Johard et al. (immuno); Aso et al. 2019 (scRNA-seq)",right,,fw042130,FBbt_00100248,,isomorphic,,,
81489548781672765,720575940619444139,158522.0,44497.0,3594.0,152923.0,44833.0,5460.0,,intrinsic,central,Kenyon_Cell,KCab,11862.0,KCab,KCab-s,MBp2,MBp2,dopamine,0.6779740908889162,"acetylcholine; sNPF; acetylcholine, sNPF","Barnstedt et al. 2016 (immuno, RNAi); Johard et al. (immuno); Aso et al. 2019 (scRNA-seq)",right,,fw042131,FBbt_00100248,,isomorphic,,,
81419180037481324,720575940627069203,157417.0,43802.0,3594.0,155096.0,28190.0,4491.0,,intrinsic,central,Kenyon_Cell,KCab,11862.0,KCab,KCab-c,MBp3,MBp3,dopamine,0.6393870275780715,"acetylcholine; sNPF; acetylcholine, sNPF","Barnstedt et al. 2016 (immuno, RNAi); Johard et al. (immuno); Aso et al. 2019 (scRNA-seq)",right,,fw042132,FBbt_00100248,,isomorphic,,,
81419111318024799,720575940626212625,156624.0,43162.0,3594.0,151600.0,26504.0,4232.0,6316123.0,intrinsic,central,Kenyon_Cell,KCab,11862.0,KCab,KCab-s,MBp3,MBp3,dopamine,0.625049935461175,"acetylcholine; sNPF; acetylcholine, sNPF","Barnstedt et al. 2016 (immuno, RNAi); Johard et al. (immuno); Aso et al. 2019 (scRNA-seq)",right,,fw042133,FBbt_00100248,,isomorphic,,,
81348673854419418,720575940625625136,156049.0,42097.0,3594.0,155683.0,26543.0,4467.0,,intrinsic,central,Kenyon_Cell,,17488.0,KCapbp-ap2,KCa'b'-ap2,MBp3,MBp3,dopamine,0.6025472150790862,acetylcholine; acetylcholine,"Barnstedt et al. 2016 (immuno, RNAi); Aso et al. 2019 (scRNA-seq)",right,,fw042134,FBbt:00049837,,isomorphic,,,
81630217550594802,720575940614768278,160356.0,43379.0,3594.0,165104.0,31863.0,4787.0,,intrinsic,central,Kenyon_Cell,KCg,14292.0,KCg-m,KCg-m,MBp4,MBp4,dopamine,0.8011780616378948,"acetylcholine; sNPF; acetylcholine, sNPF","Barnstedt et al. 2016 (immuno); Johard et al., 2008 (immuno); Aso et al. 2019 (scRNA-seq)",right,,fw042135,FBbt_00111061,,isomorphic,,,
81489548781666322,720575940624014077,158575.0,43838.0,3594.0,164615.0,30084.0,4674.0,,intrinsic,central,Kenyon_Cell,KCab,11862.0,KCab,KCab-s,MBp4,MBp4,dopamine,0.6050145697584901,"acetylcholine; sNPF; acetylcholine, sNPF","Barnstedt et al. 2016 (immuno, RNAi); Johard et al. (immuno); Aso et al. 2019 (scRNA-seq)",right,,fw042136,FBbt_00100248,,isomorphic,,,
81559917525854484,720575940605029250,159222.0,43770.0,3594.0,164102.0,27118.0,4347.0,,intrinsic,central,Kenyon_Cell,,17488.0,KCapbp-ap2,KCa'b'-ap2,MBp4,MBp4,dopamine,0.5264186013653142,acetylcholine; acetylcholine,"Barnstedt et al. 2016 (immuno, RNAi); Aso et al. 2019 (scRNA-seq)",right,,fw042137,FBbt:00049837,,isomorphic,,,
81419180037470122,720575940629725711,157464.0,44332.0,3594.0,156635.0,27824.0,4594.0,,intrinsic,central,Kenyon_Cell,KCab,11862.0,KCab,KCab-s,MBp3,MBp3,dopamine,0.6857272899417658,"acetylcholine; sNPF; acetylcholine, sNPF","Barnstedt et al. 2016 (immuno, RNAi); Johard et al. (immuno); Aso et al. 2019 (scRNA-seq)",right,,fw042138,FBbt_00100248,,isomorphic,,,
81630217550593548,720575940625311418,159916.0,43302.0,3594.0,163888.0,29097.0,4203.0,,intrinsic,central,Kenyon_Cell,KCg,14292.0,KCg-m,KCg-m,MBp4,MBp4,dopamine,0.7619296357681574,"acetylcholine; sNPF; acetylcholine, sNPF","Barnstedt et al. 2016 (immuno); Johard et al., 2008 (immuno); Aso et al. 2019 (scRNA-seq)",right,,fw042139,FBbt_00111061,,isomorphic,,,
81630217550587804,720575940639686488,159914.0,42734.0,3594.0,164464.0,36072.0,5020.0,7074108.0,intrinsic,central,Kenyon_Cell,KCg,14292.0,KCg-m,KCg-m,MBp3,MBp3,dopamine,0.8069394209712081,"acetylcholine; sNPF; acetylcholine, sNPF","Barnstedt et al. 2016 (immuno); Johard et al., 2008 (immuno); Aso et al. 2019 (scRNA-seq)",right,,fw042140,FBbt_00111061,,isomorphic,,,
81489480062229305,720575940606891221,158422.0,43149.0,3594.0,169244.0,29079.0,4363.0,,intrinsic,central,Kenyon_Cell,KCab,11862.0,KCab,KCab-m,MBp4,MBp4,dopamine,0.5761935357115321,"acetylcholine; sNPF; acetylcholine, sNPF","Barnstedt et al. 2016 (immuno, RNAi); Johard et al. (immuno); Aso et al. 2019 (scRNA-seq)",right,,fw042141,FBbt_00100248,,isomorphic,,,
81419111318048324,720575940607971908,157105.0,43353.0,3594.0,159191.0,29800.0,4667.0,,intrinsic,central,Kenyon_Cell,KCab,11862.0,KCab,KCab-m,MBp3,MBp3,dopamine,0.6304595763925399,"acetylcholine; sNPF; acetylcholine, sNPF","Barnstedt et al. 2016 (immuno, RNAi); Johard et al. (immuno); Aso et al. 2019 (scRNA-seq)",right,,fw042142,FBbt_00100248,,isomorphic,,,
81630148831110918,720575940608527150,159856.0,42476.0,3594.0,162318.0,31996.0,4857.0,,intrinsic,central,Kenyon_Cell,KCg,14292.0,KCg-m,KCg-m,MBp3,MBp3,dopamine,0.7527618329064338,"acetylcholine; sNPF; acetylcholine, sNPF","Barnstedt et al. 2016 (immuno); Johard et al., 2008 (immuno); Aso et al. 2019 (scRNA-seq)",right,,fw042143,FBbt_00111061,,isomorphic,,,
81419042598589156,720575940618739621,157283.0,41897.0,3594.0,152104.0,29872.0,4761.0,6316790.0,intrinsic,central,Kenyon_Cell,,17488.0,KCapbp-m,KCa'b'-m,MBp3,MBp3,dopamine,0.5252175041006266,acetylcholine; acetylcholine,"Barnstedt et al. 2016 (immuno, RNAi); Aso et al. 2019 (scRNA-seq)",right,,fw042144,FBbt:00100253,,isomorphic,,,
81489342623307376,720575940629909804,158313.0,41408.0,3594.0,151832.0,30983.0,4178.0,,intrinsic,central,Kenyon_Cell,KCg,14292.0,KCg-m,KCg-m,MBp1,MBp1,dopamine,0.7266779061248885,"acetylcholine; sNPF; acetylcholine, sNPF","Barnstedt et al. 2016 (immuno); Johard et al., 2008 (immuno); Aso et al. 2019 (scRNA-seq)",right,,fw042145,FBbt_00111061,,isomorphic,,,
81419111318049299,720575940629417728,157375.0,43266.0,3594.0,159689.0,31105.0,4829.0,,intrinsic,central,Kenyon_Cell,KCab,11862.0,KCab,KCab-m,MBp3,MBp3,dopamine,0.5984936210926465,"acetylcholine; sNPF; acetylcholine, sNPF","Barnstedt et al. 2016 (immuno, RNAi); Johard et al. (immuno); Aso et al. 2019 (scRNA-seq)",right,,fw042146,FBbt_00100248,,isomorphic,,,
81559848806385415,720575940609651554,159376.0,43198.0,3594.0,170911.0,31418.0,4519.0,,intrinsic,central,Kenyon_Cell,,17488.0,KCapbp-m,KCa'b'-m,MBp4,MBp4,dopamine,0.4860006762009372,acetylcholine; acetylcholine,"Barnstedt et al. 2016 (immuno, RNAi); Aso et al. 2019 (scRNA-seq)",right,,fw042147,FBbt:00100253,,isomorphic,,,
81559848806377796,720575940620355009,159528.0,43084.0,3594.0,170728.0,32240.0,4580.0,,intrinsic,central,Kenyon_Cell,,17488.0,KCapbp-ap2,KCa'b'-ap2,MBp4,MBp4,dopamine,0.5418918666416107,acetylcholine; acetylcholine,"Barnstedt et al. 2016 (immuno, RNAi); Aso et al. 2019 (scRNA-seq)",right,,fw042148,FBbt:00049837,,isomorphic,,,
81559848806383985,720575940610147826,158656.0,42800.0,3594.0,175409.0,32628.0,4357.0,,intrinsic,central,Kenyon_Cell,KCab,11862.0,KCab,KCab-s,MBp4,MBp4,dopamine,0.5769816262308055,"acetylcholine; sNPF; acetylcholine, sNPF","Barnstedt et al. 2016 (immuno, RNAi); Johard et al. (immuno); Aso et al. 2019 (scRNA-seq)",right,,fw042149,FBbt_00100248,,isomorphic,,,
81489480062219480,720575940616781241,157996.0,43584.0,3594.0,167260.0,30244.0,4477.0,,intrinsic,central,Kenyon_Cell,KCab,11862.0,KCab,KCab-c,MBp4,MBp4,dopamine,0.6472931756268766,"acetylcholine; sNPF; acetylcholine, sNPF","Barnstedt et al. 2016 (immuno, RNAi); Johard et al. (immuno); Aso et al. 2019 (scRNA-seq)",right,,fw042150,FBbt_00100248,,isomorphic,,,
81419042598580366,720575940639686232,157115.0,41784.0,3594.0,154992.0,25160.0,4147.0,6319453.0,intrinsic,central,Kenyon_Cell,,17488.0,KCapbp-ap2,KCa'b'-ap2,MBp3,MBp3,dopamine,0.5533816079215998,acetylcholine; acetylcholine,"Barnstedt et al. 2016 (immuno, RNAi); Aso et al. 2019 (scRNA-seq)",right,,fw042151,FBbt:00049837,,isomorphic,,,
81559986245335927,720575940610370201,158915.0,45329.0,3594.0,161164.0,45507.0,5263.0,,intrinsic,central,Kenyon_Cell,KCg,19102.0,KCg-d,KCg-d,MBp2,MBp2,dopamine,0.6243310539680367,"acetylcholine; sNPF; acetylcholine, sNPF","Barnstedt et al. 2016 (immuno); Johard et al., 2008 (immuno); Aso et al. 2019 (scRNA-seq)",right,,fw042152,FBbt_00110932,,isomorphic,,,
81489342623309063,720575940617766228,158244.0,41548.0,3594.0,152531.0,28009.0,4354.0,,intrinsic,central,Kenyon_Cell,KCg,14292.0,KCg-m,KCg-m,MBp1,MBp1,dopamine,0.7151167318320246,"acetylcholine; sNPF; acetylcholine, sNPF","Barnstedt et al. 2016 (immuno); Johard et al., 2008 (immuno); Aso et al. 2019 (scRNA-seq)",right,,fw042153,FBbt_00111061,,isomorphic,,,
81559780086925863,720575940631624761,159473.0,42474.0,3594.0,160220.0,37960.0,5024.0,,intrinsic,central,Kenyon_Cell,KCg,14292.0,KCg-m,KCg-m,MBp3,MBp3,dopamine,0.7819017048350116,"acetylcholine; sNPF; acetylcholine, sNPF","Barnstedt et al. 2016 (immuno); Johard et al., 2008 (immuno); Aso et al. 2019 (scRNA-seq)",right,,fw042154,FBbt_00111061,,isomorphic,,,
81630217550593254,720575940612009903,160021.0,42838.0,3594.0,158196.0,27873.0,4484.0,,intrinsic,central,Kenyon_Cell,KCg,14292.0,KCg-m,KCg-m,MBp3,MBp3,dopamine,0.8306984570474273,"acetylcholine; sNPF; acetylcholine, sNPF","Barnstedt et al. 2016 (immuno); Johard et al., 2008 (immuno); Aso et al. 2019 (scRNA-seq)",right,,fw042155,FBbt_00111061,,isomorphic,,,
81630148831114507,720575940609694818,159820.0,42577.0,3594.0,158456.0,38824.0,5245.0,6762965.0,intrinsic,central,Kenyon_Cell,KCg,14292.0,KCg-m,KCg-m,MBp3,MBp3,dopamine,0.7705084607066884,"acetylcholine; sNPF; acetylcholine, sNPF","Barnstedt et al. 2016 (immuno); Johard et al., 2008 (immuno); Aso et al. 2019 (scRNA-seq)",right,,fw042156,FBbt_00111061,,isomorphic,,,
81419180037473086,720575940612091601,156972.0,43932.0,3594.0,157507.0,32041.0,4899.0,,intrinsic,central,Kenyon_Cell,KCab,11862.0,KCab,KCab-c,MBp3,MBp3,dopamine,0.5593591910786314,"acetylcholine; sNPF; acetylcholine, sNPF","Barnstedt et al. 2016 (immuno, RNAi); Johard et al. (immuno); Aso et al. 2019 (scRNA-seq)",right,,fw042157,FBbt_00100248,,isomorphic,,,
81559848806387420,720575940619587009,158939.0,42917.0,3594.0,176401.0,32784.0,4344.0,,intrinsic,central,Kenyon_Cell,KCab,11862.0,KCab,KCab-s,MBp4,MBp4,dopamine,0.6150630848470732,"acetylcholine; sNPF; acetylcholine, sNPF","Barnstedt et al. 2016 (immuno, RNAi); Johard et al. (immuno); Aso et al. 2019 (scRNA-seq)",right,,fw042158,FBbt_00100248,,isomorphic,,,
81419111318055337,720575940659536257,156671.0,43040.0,3594.0,156535.0,30242.0,4870.0,,intrinsic,central,Kenyon_Cell,KCab,11862.0,KCab,KCab-s,MBp3,MBp3,dopamine,0.6523494388947857,"acetylcholine; sNPF; acetylcholine, sNPF","Barnstedt et al. 2016 (immuno, RNAi); Johard et al. (immuno); Aso et al. 2019 (scRNA-seq)",right,,fw042159,FBbt_00100248,,isomorphic,,,
81419042598590272,720575940619778645,157387.0,41649.0,3594.0,159154.0,44942.0,5136.0,,intrinsic,central,Kenyon_Cell,KCg,14292.0,KCg-m,KCg-m,MBp2,MBp2,dopamine,0.7489071400745184,"acetylcholine; sNPF; acetylcholine, sNPF","Barnstedt et al. 2016 (immuno); Johard et al., 2008 (immuno); Aso et al. 2019 (scRNA-seq)",right,,fw042160,FBbt_00111061,,isomorphic,,,
81559848806379914,720575940646290979,159184.0,43044.0,3594.0,169217.0,30507.0,4539.0,,intrinsic,central,Kenyon_Cell,KCab,11862.0,KCab,KCab-s,MBp4,MBp4,dopamine,0.5963146500054161,"acetylcholine; sNPF; acetylcholine, sNPF","Barnstedt et al. 2016 (immuno, RNAi); Johard et al. (immuno); Aso et al. 2019 (scRNA-seq)",right,,fw042161,FBbt_00100248,,isomorphic,,,
81489411342747368,720575940625843075,158511.0,41906.0,3594.0,154388.0,32893.0,5003.0,,intrinsic,central,Kenyon_Cell,KCg,14292.0,KCg-m,KCg-m,MBp3,MBp3,dopamine,0.7580438744933485,"acetylcholine; sNPF; acetylcholine, sNPF","Barnstedt et al. 2016 (immuno); Johard et al., 2008 (immuno); Aso et al. 2019 (scRNA-seq)",right,,fw042162,FBbt_00111061,,isomorphic,,,
81630217550594685,720575940613188319,159944.0,43135.0,3594.0,166362.0,29266.0,4351.0,,intrinsic,central,Kenyon_Cell,KCg,14292.0,KCg-m,KCg-m,MBp4,MBp4,dopamine,0.7936397743103109,"acetylcholine; sNPF; acetylcholine, sNPF","Barnstedt et al. 2016 (immuno); Johard et al., 2008 (immuno); Aso et al. 2019 (scRNA-seq)",right,,fw042163,FBbt_00111061,,isomorphic,,,
81559917525863202,720575940613386050,158899.0,43778.0,3594.0,161537.0,27428.0,4471.0,,intrinsic,central,Kenyon_Cell,KCab,11862.0,KCab,KCab-s,MBp4,MBp4,dopamine,0.6383394366752875,"acetylcholine; sNPF; acetylcholine, sNPF","Barnstedt et al. 2016 (immuno, RNAi); Johard et al. (immuno); Aso et al. 2019 (scRNA-seq)",right,,fw042164,FBbt_00100248,,isomorphic,,,
81419180037472780,720575940625584688,157257.0,43660.0,3594.0,155339.0,29986.0,4769.0,,intrinsic,central,Kenyon_Cell,KCab,11862.0,KCab,KCab-c,MBp3,MBp3,dopamine,0.5288018952283593,"acetylcholine; sNPF; acetylcholine, sNPF","Barnstedt et al. 2016 (immuno, RNAi); Johard et al. (immuno); Aso et al. 2019 (scRNA-seq)",right,,fw042165,FBbt_00100248,,isomorphic,,,
81419180037478563,720575940613540767,157526.0,44414.0,3594.0,164505.0,27918.0,4483.0,,intrinsic,central,Kenyon_Cell,KCab,11862.0,KCab,KCab-s,MBp4,MBp4,dopamine,0.6279502551735228,"acetylcholine; sNPF; acetylcholine, sNPF","Barnstedt et al. 2016 (immuno, RNAi); Johard et al. (immuno); Aso et al. 2019 (scRNA-seq)",right,,fw042166,FBbt_00100248,,isomorphic,,,
81419180037484741,720575940613593503,156738.0,44024.0,3594.0,161230.0,30886.0,4791.0,,intrinsic,central,Kenyon_Cell,KCab,11862.0,KCab,KCab-m,MBp3,MBp3,dopamine,0.5812616568372295,"acetylcholine; sNPF; acetylcholine, sNPF","Barnstedt et al. 2016 (immuno, RNAi); Johard et al. (immuno); Aso et al. 2019 (scRNA-seq)",right,,fw042167,FBbt_00100248,,isomorphic,,,
81630148831120043,720575940625690140,159897.0,42411.0,3594.0,163680.0,38557.0,4955.0,,intrinsic,central,Kenyon_Cell,KCg,14292.0,KCg-m,KCg-m,MBp3,MBp3,dopamine,0.7248820755658486,"acetylcholine; sNPF; acetylcholine, sNPF","Barnstedt et al. 2016 (immuno); Johard et al., 2008 (immuno); Aso et al. 2019 (scRNA-seq)",right,,fw042168,FBbt_00111061,,isomorphic,,,
81419180037481518,720575940613941042,157528.0,44125.0,3594.0,157758.0,42640.0,5143.0,,intrinsic,central,Kenyon_Cell,KCab,11862.0,KCab,KCab-m,MBp2,MBp2,dopamine,0.5150731978981872,"acetylcholine; sNPF; acetylcholine, sNPF","Barnstedt et al. 2016 (immuno, RNAi); Johard et al. (immuno); Aso et al. 2019 (scRNA-seq)",right,,fw042169,FBbt_00100248,,isomorphic,,,
81559848806387505,720575940610990821,159340.0,43054.0,3594.0,171032.0,29861.0,4243.0,,intrinsic,central,Kenyon_Cell,,17488.0,KCapbp-m,KCa'b'-m,MBp4,MBp4,dopamine,0.4210495677517616,acetylcholine; acetylcholine,"Barnstedt et al. 2016 (immuno, RNAi); Aso et al. 2019 (scRNA-seq)",right,,fw042170,FBbt:00100253,,isomorphic,,,
81419248756953744,720575940618226245,157235.0,44680.0,3594.0,159561.0,42980.0,5332.0,,intrinsic,central,Kenyon_Cell,KCab,11862.0,KCab,KCab-s,MBp2,MBp2,dopamine,0.6446454075968955,"acetylcholine; sNPF; acetylcholine, sNPF","Barnstedt et al. 2016 (immuno, RNAi); Johard et al. (immuno); Aso et al. 2019 (scRNA-seq)",right,,fw042171,FBbt_00100248,,isomorphic,,,
81419111318055360,720575940614803286,156888.0,43099.0,3594.0,154051.0,29296.0,4740.0,,intrinsic,central,Kenyon_Cell,KCab,11862.0,KCab,KCab-s,MBp3,MBp3,dopamine,0.6481032940999195,"acetylcholine; sNPF; acetylcholine, sNPF","Barnstedt et al. 2016 (immuno, RNAi); Johard et al. (immuno); Aso et al. 2019 (scRNA-seq)",right,,fw042172,FBbt_00100248,,isomorphic,,,
81489411342752969,720575940639172560,158340.0,42328.0,3593.0,171083.0,29488.0,4360.0,,intrinsic,central,Kenyon_Cell,,17488.0,KCapbp-m,KCa'b'-m,MBp4,MBp4,dopamine,0.459531237872583,acetylcholine; acetylcholine,"Barnstedt et al. 2016 (immuno, RNAi); Aso et al. 2019 (scRNA-seq)",right,,fw042173,FBbt:00100253,,isomorphic,,,
81489480062252887,720575940615196063,157789.0,42749.0,3593.0,168923.0,31182.0,4576.0,,intrinsic,central,Kenyon_Cell,,11862.0,KCab-p,KCab-p,MBp4,MBp4,dopamine,0.6477009995053302,acetylcholine; acetylcholine,Barnstedt et al. 2016 (immuno); Aso et al. 2019 (scRNA-seq),right,,fw042174,FBbt_00110931,,isomorphic,,,
81559848806387421,720575940626194716,159040.0,42932.0,3594.0,171294.0,29462.0,4137.0,,intrinsic,central,Kenyon_Cell,KCab,11862.0,KCab,KCab-s,MBp4,MBp4,dopamine,0.5987671516278232,"acetylcholine; sNPF; acetylcholine, sNPF","Barnstedt et al. 2016 (immuno, RNAi); Johard et al. (immuno); Aso et al. 2019 (scRNA-seq)",right,,fw042175,FBbt_00100248,,isomorphic,,,
81559848806374184,720575940629347791,159638.0,42834.0,3594.0,162284.0,27452.0,4390.0,,intrinsic,central,Kenyon_Cell,,17488.0,KCapbp-ap2,KCa'b'-ap2,MBp4,MBp4,dopamine,0.5541254931931673,acetylcholine; acetylcholine,"Barnstedt et al. 2016 (immuno, RNAi); Aso et al. 2019 (scRNA-seq)",right,,fw042176,FBbt:00049837,,isomorphic,,,
81348673854422786,720575940631002386,155806.0,41874.0,3594.0,148121.0,30125.0,4023.0,,intrinsic,central,Kenyon_Cell,KCg,14292.0,KCg-m,KCg-m,MBp1,MBp1,dopamine,0.7283198142885567,"acetylcholine; sNPF; acetylcholine, sNPF","Barnstedt et al. 2016 (immuno); Johard et al., 2008 (immuno); Aso et al. 2019 (scRNA-seq)",right,,fw042177,FBbt_00111061,,isomorphic,,,
81489480062222946,720575940615897501,158205.0,43500.0,3594.0,166313.0,30359.0,4518.0,,intrinsic,central,Kenyon_Cell,KCab,11862.0,KCab,KCab-c,MBp4,MBp4,dopamine,0.609641919605719,"acetylcholine; sNPF; acetylcholine, sNPF","Barnstedt et al. 2016 (immuno, RNAi); Johard et al. (immuno); Aso et al. 2019 (scRNA-seq)",right,,fw042178,FBbt_00100248,,isomorphic,,,
81630217550594355,720575940615910228,160300.0,42748.0,3594.0,161150.0,30512.0,4728.0,,intrinsic,central,Kenyon_Cell,KCg,19102.0,KCg-d,KCg-d,MBp3,MBp3,dopamine,0.6778082101175864,"acetylcholine; sNPF; acetylcholine, sNPF","Barnstedt et al. 2016 (immuno); Johard et al., 2008 (immuno); Aso et al. 2019 (scRNA-seq)",right,,fw042179,FBbt_00110932,,isomorphic,,,
81559848806384104,720575940625692816,158978.0,42984.0,3594.0,175434.0,32349.0,4275.0,,intrinsic,central,Kenyon_Cell,KCab,11862.0,KCab,KCab-s,MBp4,MBp4,dopamine,0.6159805855792487,"acetylcholine; sNPF; acetylcholine, sNPF","Barnstedt et al. 2016 (immuno, RNAi); Johard et al. (immuno); Aso et al. 2019 (scRNA-seq)",right,,fw042180,FBbt_00100248,,isomorphic,,,
81559848806371906,720575940638179699,159229.0,42866.0,3594.0,172018.0,28916.0,4111.0,,intrinsic,central,Kenyon_Cell,,17488.0,KCapbp-m,KCa'b'-m,MBp4,MBp4,dopamine,0.5096218768008883,acetylcholine; acetylcholine,"Barnstedt et al. 2016 (immuno, RNAi); Aso et al. 2019 (scRNA-seq)",right,,fw042181,FBbt:00100253,,isomorphic,,,
81559780086926990,720575940617386708,158918.0,42219.0,3594.0,151277.0,26284.0,4162.0,,intrinsic,central,Kenyon_Cell,KCg,14292.0,KCg-m,KCg-m,MBp3,MBp3,dopamine,0.7901754143958469,"acetylcholine; sNPF; acetylcholine, sNPF","Barnstedt et al. 2016 (immuno); Johard et al., 2008 (immuno); Aso et al. 2019 (scRNA-seq)",right,,fw042182,FBbt_00111061,,isomorphic,,,
81489411342753095,720575940616860318,158388.0,42515.0,3594.0,167658.0,30168.0,4559.0,,intrinsic,central,Kenyon_Cell,,11862.0,KCab-p,KCab-p,MBp4,MBp4,dopamine,0.6647109009699494,acetylcholine; acetylcholine,Barnstedt et al. 2016 (immuno); Aso et al. 2019 (scRNA-seq),right,,fw042183,FBbt_00110931,,isomorphic,,,
81559780086931049,720575940658795137,159285.0,42439.0,3594.0,156064.0,37080.0,5220.0,6358499.0,intrinsic,central,Kenyon_Cell,KCg,14292.0,KCg-m,KCg-m,MBp3,MBp3,dopamine,0.8137375841362982,"acetylcholine; sNPF; acetylcholine, sNPF","Barnstedt et al. 2016 (immuno); Johard et al., 2008 (immuno); Aso et al. 2019 (scRNA-seq)",right,,fw042184,FBbt_00111061,,isomorphic,,,
81559917525858629,720575940614240766,159483.0,43781.0,3594.0,163120.0,27664.0,4236.0,6712829.0,intrinsic,central,Kenyon_Cell,,17488.0,KCapbp-ap1,KCa'b'-ap1,MBp4,MBp4,dopamine,0.5260732586855897,acetylcholine; acetylcholine,"Barnstedt et al. 2016 (immuno, RNAi); Aso et al. 2019 (scRNA-seq)",right,,fw042185,FBbt:00049836,,isomorphic,,,
81489480062234363,720575940629917482,158236.0,42788.0,3594.0,155832.0,44736.0,5301.0,6376515.0,intrinsic,central,Kenyon_Cell,KCab,11862.0,KCab,KCab-s,MBp2,MBp2,dopamine,0.6103124993136939,"acetylcholine; sNPF; acetylcholine, sNPF","Barnstedt et al. 2016 (immuno, RNAi); Johard et al. (immuno); Aso et al. 2019 (scRNA-seq)",right,,fw042186,FBbt_00100248,,isomorphic,,,
81489411342754065,720575940620143525,157793.0,41935.0,3594.0,150160.0,34232.0,5049.0,6352202.0,intrinsic,central,Kenyon_Cell,,17488.0,KCapbp-m,KCa'b'-m,MBp3,MBp3,dopamine,0.5226763406373556,acetylcholine; acetylcholine,"Barnstedt et al. 2016 (immuno, RNAi); Aso et al. 2019 (scRNA-seq)",right,,fw042187,FBbt:00100253,,isomorphic,,,
81419111318053036,720575940623136499,157273.0,43374.0,3594.0,153616.0,30352.0,4613.0,6318442.0,intrinsic,central,Kenyon_Cell,KCab,11862.0,KCab,KCab-c,MBp3,MBp3,dopamine,0.630765838602988,"acetylcholine; sNPF; acetylcholine, sNPF","Barnstedt et al. 2016 (immuno, RNAi); Johard et al. (immuno); Aso et al. 2019 (scRNA-seq)",right,,fw042188,FBbt_00100248,,isomorphic,,,
81630148831121181,720575940623964820,160017.0,42301.0,3594.0,161883.0,28242.0,4565.0,,intrinsic,central,Kenyon_Cell,KCg,14292.0,KCg-m,KCg-m,MBp3,MBp3,dopamine,0.7803123892064304,"acetylcholine; sNPF; acetylcholine, sNPF","Barnstedt et al. 2016 (immuno); Johard et al., 2008 (immuno); Aso et al. 2019 (scRNA-seq)",right,,fw042189,FBbt_00111061,,isomorphic,,,
81559917525862198,720575940609921230,158966.0,44059.0,3594.0,167872.0,29087.0,4424.0,,intrinsic,central,Kenyon_Cell,,17488.0,KCapbp-m,KCa'b'-m,MBp4,MBp4,dopamine,0.5221840407606864,acetylcholine; acetylcholine,"Barnstedt et al. 2016 (immuno, RNAi); Aso et al. 2019 (scRNA-seq)",right,,fw042190,FBbt:00100253,,isomorphic,,,
81630217550592106,720575940629563006,159981.0,42788.0,3594.0,160469.0,27880.0,4537.0,,intrinsic,central,Kenyon_Cell,KCg,14292.0,KCg-m,KCg-m,MBp3,MBp3,dopamine,0.7678756057613366,"acetylcholine; sNPF; acetylcholine, sNPF","Barnstedt et al. 2016 (immuno); Johard et al., 2008 (immuno); Aso et al. 2019 (scRNA-seq)",right,,fw042191,FBbt_00111061,,isomorphic,,,
81630217550596921,720575940639534451,159925.0,42975.0,3594.0,170394.0,31075.0,4496.0,,intrinsic,central,Kenyon_Cell,KCg,14292.0,KCg-m,KCg-m,MBp4,MBp4,dopamine,0.7670265277559377,"acetylcholine; sNPF; acetylcholine, sNPF","Barnstedt et al. 2016 (immuno); Johard et al., 2008 (immuno); Aso et al. 2019 (scRNA-seq)",right,,fw042192,FBbt_00111061,,isomorphic,,,
81419111318056804,720575940618497216,157264.0,43241.0,3594.0,159564.0,29302.0,4466.0,,intrinsic,central,Kenyon_Cell,KCab,11862.0,KCab,KCab-m,MBp3,MBp3,dopamine,0.5749612271519636,"acetylcholine; sNPF; acetylcholine, sNPF","Barnstedt et al. 2016 (immuno, RNAi); Johard et al. (immuno); Aso et al. 2019 (scRNA-seq)",right,,fw042193,FBbt_00100248,,isomorphic,,,
81559848806381354,720575940618544623,158810.0,43619.0,3594.0,170300.0,30316.0,4451.0,,intrinsic,central,Kenyon_Cell,KCab,11862.0,KCab,KCab-s,MBp4,MBp4,dopamine,0.6369511447838334,"acetylcholine; sNPF; acetylcholine, sNPF","Barnstedt et al. 2016 (immuno, RNAi); Johard et al. (immuno); Aso et al. 2019 (scRNA-seq)",right,,fw042194,FBbt_00100248,,isomorphic,,,
81348880012814941,720575940629824828,155814.0,44817.0,3594.0,143440.0,24937.0,3534.0,,intrinsic,central,Kenyon_Cell,KCg,14292.0,KCg-m,KCg-m,MBp1,MBp1,dopamine,0.7346510427311154,"acetylcholine; sNPF; acetylcholine, sNPF","Barnstedt et al. 2016 (immuno); Johard et al., 2008 (immuno); Aso et al. 2019 (scRNA-seq)",right,,fw042195,FBbt_00111061,,isomorphic,,,
81489480062224198,720575940618894246,158423.0,43460.0,3594.0,163635.0,29623.0,4683.0,,intrinsic,central,Kenyon_Cell,KCab,11862.0,KCab,KCab-c,MBp4,MBp4,dopamine,0.5506894779999199,"acetylcholine; sNPF; acetylcholine, sNPF","Barnstedt et al. 2016 (immuno, RNAi); Johard et al. (immuno); Aso et al. 2019 (scRNA-seq)",right,,fw042196,FBbt_00100248,,isomorphic,,,
81419111318054017,720575940625500304,157302.0,42937.0,3594.0,155026.0,27844.0,4393.0,,intrinsic,central,Kenyon_Cell,,11862.0,KCab-p,KCab-p,MBp3,MBp3,dopamine,0.6696326537161041,acetylcholine; acetylcholine,Barnstedt et al. 2016 (immuno); Aso et al. 2019 (scRNA-seq),right,,fw042197,FBbt_00110931,,isomorphic,,,
81348673854425241,720575940604884396,156457.0,41658.0,3594.0,151016.0,39264.0,5154.0,6352525.0,intrinsic,central,Kenyon_Cell,KCg,14292.0,KCg-m,KCg-m,MBp2,MBp2,dopamine,0.8007385853887762,"acetylcholine; sNPF; acetylcholine, sNPF","Barnstedt et al. 2016 (immuno); Johard et al., 2008 (immuno); Aso et al. 2019 (scRNA-seq)",right,,fw042198,FBbt_00111061,,isomorphic,,,
81419042598632929,720575940619077217,157572.0,42554.0,3594.0,156176.0,29718.0,4792.0,,intrinsic,central,Kenyon_Cell,,11862.0,KCab-p,KCab-p,MBp3,MBp3,dopamine,0.5849697667856005,acetylcholine; acetylcholine,Barnstedt et al. 2016 (immuno); Aso et al. 2019 (scRNA-seq),right,,fw042199,FBbt_00110931,,isomorphic,,,
81489548781666331,720575940613684906,158400.0,43851.0,3594.0,162012.0,28280.0,4436.0,,intrinsic,central,Kenyon_Cell,KCab,11862.0,KCab,KCab-m,MBp4,MBp4,dopamine,0.5709028785209835,"acetylcholine; sNPF; acetylcholine, sNPF","Barnstedt et al. 2016 (immuno, RNAi); Johard et al. (immuno); Aso et al. 2019 (scRNA-seq)",right,,fw042200,FBbt_00100248,,isomorphic,,,
81348605134915756,720575940629849196,156173.0,41525.0,3594.0,140980.0,25319.0,3540.0,,intrinsic,central,Kenyon_Cell,KCg,14292.0,KCg-m,KCg-m,MBp1,MBp1,dopamine,0.787209648621195,"acetylcholine; sNPF; acetylcholine, sNPF","Barnstedt et al. 2016 (immuno); Johard et al., 2008 (immuno); Aso et al. 2019 (scRNA-seq)",right,,fw042201,FBbt_00111061,,isomorphic,,,
81559848806384830,720575940624159376,159158.0,42636.0,3594.0,172778.0,29304.0,4116.0,,intrinsic,central,Kenyon_Cell,,17488.0,KCapbp-ap2,KCa'b'-ap2,MBp4,MBp4,dopamine,0.5095577177343248,acetylcholine; acetylcholine,"Barnstedt et al. 2016 (immuno, RNAi); Aso et al. 2019 (scRNA-seq)",right,,fw042202,FBbt:00049837,,isomorphic,,,
81559848806394438,720575940619876702,159161.0,42689.0,3594.0,167533.0,34323.0,4824.0,,intrinsic,central,Kenyon_Cell,,17488.0,KCapbp-ap2,KCa'b'-ap2,MBp4,MBp4,dopamine,0.5402363664960703,acetylcholine; acetylcholine,"Barnstedt et al. 2016 (immuno, RNAi); Aso et al. 2019 (scRNA-seq)",right,,fw042203,FBbt:00049837,,isomorphic,,,
81419111318059171,720575940630947395,157058.0,43154.0,3594.0,157565.0,32586.0,4991.0,,intrinsic,central,Kenyon_Cell,KCab,11862.0,KCab,KCab-s,MBp3,MBp3,dopamine,0.5995407524008175,"acetylcholine; sNPF; acetylcholine, sNPF","Barnstedt et al. 2016 (immuno, RNAi); Johard et al. (immuno); Aso et al. 2019 (scRNA-seq)",right,,fw042204,FBbt_00100248,,isomorphic,,,
81630148831123579,720575940624096039,159677.0,42112.0,3594.0,161190.0,28525.0,4495.0,,intrinsic,central,Kenyon_Cell,KCg,14292.0,KCg-m,KCg-m,MBp3,MBp3,dopamine,0.8012164704552907,"acetylcholine; sNPF; acetylcholine, sNPF","Barnstedt et al. 2016 (immuno); Johard et al., 2008 (immuno); Aso et al. 2019 (scRNA-seq)",right,,fw042205,FBbt_00111061,,isomorphic,,,
81419180037482595,720575940620460108,156978.0,44226.0,3594.0,160881.0,30709.0,4786.0,,intrinsic,central,Kenyon_Cell,KCab,11862.0,KCab,KCab-m,MBp3,MBp3,dopamine,0.5974180378484485,"acetylcholine; sNPF; acetylcholine, sNPF","Barnstedt et al. 2016 (immuno, RNAi); Johard et al. (immuno); Aso et al. 2019 (scRNA-seq)",right,,fw042206,FBbt_00100248,,isomorphic,,,
81418973879105785,720575940644759319,157015.0,41594.0,3594.0,155408.0,27765.0,4575.0,,intrinsic,central,Kenyon_Cell,KCg,14292.0,KCg-m,KCg-m,MBp3,MBp3,dopamine,0.7551130337855008,"acetylcholine; sNPF; acetylcholine, sNPF","Barnstedt et al. 2016 (immuno); Johard et al., 2008 (immuno); Aso et al. 2019 (scRNA-seq)",right,,fw042207,FBbt_00111061,,isomorphic,,,
81419111318051888,720575940640883931,156713.0,43495.0,3594.0,156490.0,30548.0,4625.0,,intrinsic,central,Kenyon_Cell,KCab,11862.0,KCab,KCab-m,MBp3,MBp3,dopamine,0.6185798539085192,"acetylcholine; sNPF; acetylcholine, sNPF","Barnstedt et al. 2016 (immuno, RNAi); Johard et al. (immuno); Aso et al. 2019 (scRNA-seq)",right,,fw042208,FBbt_00100248,,isomorphic,,,
81559780086894393,720575940623981385,159662.0,42424.0,3594.0,156728.0,37728.0,5238.0,6750632.0,intrinsic,central,Kenyon_Cell,KCg,14292.0,KCg-m,KCg-m,MBp3,MBp3,dopamine,0.8062364723180223,"acetylcholine; sNPF; acetylcholine, sNPF","Barnstedt et al. 2016 (immuno); Johard et al., 2008 (immuno); Aso et al. 2019 (scRNA-seq)",right,,fw042209,FBbt_00111061,,isomorphic,,,
81489480062224051,720575940637657189,158463.0,43294.0,3594.0,164605.0,29297.0,4493.0,,intrinsic,central,Kenyon_Cell,KCab,11862.0,KCab,KCab-c,MBp4,MBp4,dopamine,0.5341824493014274,"acetylcholine; sNPF; acetylcholine, sNPF","Barnstedt et al. 2016 (immuno, RNAi); Johard et al. (immuno); Aso et al. 2019 (scRNA-seq)",right,,fw042210,FBbt_00100248,,isomorphic,,,
81489480062216944,720575940631284012,158368.0,43394.0,3594.0,164396.0,29305.0,4604.0,,intrinsic,central,Kenyon_Cell,KCab,11862.0,KCab,KCab-c,MBp4,MBp4,dopamine,0.6018284302255021,"acetylcholine; sNPF; acetylcholine, sNPF","Barnstedt et al. 2016 (immuno, RNAi); Johard et al. (immuno); Aso et al. 2019 (scRNA-seq)",right,,fw042211,FBbt_00100248,,isomorphic,,,
81489480062221707,720575940621351876,158009.0,43427.0,3594.0,168344.0,30435.0,4508.0,,intrinsic,central,Kenyon_Cell,KCab,11862.0,KCab,KCab-c,MBp4,MBp4,dopamine,0.6609332464320161,"acetylcholine; sNPF; acetylcholine, sNPF","Barnstedt et al. 2016 (immuno, RNAi); Johard et al. (immuno); Aso et al. 2019 (scRNA-seq)",right,,fw042212,FBbt_00100248,,isomorphic,,,
81348811293325127,720575940621376196,156560.0,43919.0,3594.0,152658.0,27198.0,4502.0,,intrinsic,central,Kenyon_Cell,KCab,11862.0,KCab,KCab-s,MBp3,MBp3,dopamine,0.5751204600081773,"acetylcholine; sNPF; acetylcholine, sNPF","Barnstedt et al. 2016 (immuno, RNAi); Johard et al. (immuno); Aso et al. 2019 (scRNA-seq)",right,,fw042213,FBbt_00100248,,isomorphic,,,
81489342623310851,720575940634858676,157944.0,41540.0,3594.0,155432.0,30078.0,4867.0,,intrinsic,central,Kenyon_Cell,KCg,14292.0,KCg-m,KCg-m,MBp3,MBp3,dopamine,0.8358457899349279,"acetylcholine; sNPF; acetylcholine, sNPF","Barnstedt et al. 2016 (immuno); Johard et al., 2008 (immuno); Aso et al. 2019 (scRNA-seq)",right,,fw042214,FBbt_00111061,,isomorphic,,,
81559780086929533,720575940623810487,159018.0,42086.0,3594.0,160060.0,28202.0,4609.0,,intrinsic,central,Kenyon_Cell,KCg,14292.0,KCg-m,KCg-m,MBp3,MBp3,dopamine,0.7953710847163832,"acetylcholine; sNPF; acetylcholine, sNPF","Barnstedt et al. 2016 (immuno); Johard et al., 2008 (immuno); Aso et al. 2019 (scRNA-seq)",right,,fw042215,FBbt_00111061,,isomorphic,,,
81559780086928288,720575940615147788,159366.0,42059.0,3594.0,159853.0,29062.0,4677.0,,intrinsic,central,Kenyon_Cell,KCg,14292.0,KCg-m,KCg-m,MBp3,MBp3,dopamine,0.7063203881626238,"acetylcholine; sNPF; acetylcholine, sNPF","Barnstedt et al. 2016 (immuno); Johard et al., 2008 (immuno); Aso et al. 2019 (scRNA-seq)",right,,fw042216,FBbt_00111061,,isomorphic,,,
81559780086926902,720575940611697066,159539.0,42076.0,3594.0,150065.0,29929.0,3907.0,,intrinsic,central,Kenyon_Cell,KCg,14292.0,KCg-m,KCg-m,MBp1,MBp1,dopamine,0.7881127145335985,"acetylcholine; sNPF; acetylcholine, sNPF","Barnstedt et al. 2016 (immuno); Johard et al., 2008 (immuno); Aso et al. 2019 (scRNA-seq)",right,,fw042217,FBbt_00111061,,isomorphic,,,
81489548781672470,720575940621829813,157771.0,44110.0,3594.0,157865.0,43547.0,4946.0,,intrinsic,central,Kenyon_Cell,KCab,11862.0,KCab,KCab-m,MBp2,MBp2,dopamine,0.5723084022434596,"acetylcholine; sNPF; acetylcholine, sNPF","Barnstedt et al. 2016 (immuno, RNAi); Johard et al. (immuno); Aso et al. 2019 (scRNA-seq)",right,,fw042218,FBbt_00100248,,isomorphic,,,
81489548781673332,720575940621885191,157761.0,43670.0,3594.0,157758.0,30660.0,4822.0,,intrinsic,central,Kenyon_Cell,KCab,11862.0,KCab,KCab-c,MBp3,MBp3,dopamine,0.5119875221882288,"acetylcholine; sNPF; acetylcholine, sNPF","Barnstedt et al. 2016 (immuno, RNAi); Johard et al. (immuno); Aso et al. 2019 (scRNA-seq)",right,,fw042219,FBbt_00100248,,isomorphic,,,
81630286270042826,720575940621944583,160387.0,43654.0,3594.0,161557.0,26339.0,4323.0,,intrinsic,central,Kenyon_Cell,KCg,14292.0,KCg-m,KCg-m,MBp4,MBp4,dopamine,0.7942108539682271,"acetylcholine; sNPF; acetylcholine, sNPF","Barnstedt et al. 2016 (immuno); Johard et al., 2008 (immuno); Aso et al. 2019 (scRNA-seq)",right,,fw042220,FBbt_00111061,,isomorphic,,,
81559917525862061,720575940622145277,159361.0,43853.0,3594.0,171248.0,30634.0,4457.0,,intrinsic,central,Kenyon_Cell,,17488.0,KCapbp-ap1,KCa'b'-ap1,MBp4,MBp4,dopamine,0.4918701801304778,acetylcholine; acetylcholine,"Barnstedt et al. 2016 (immuno, RNAi); Aso et al. 2019 (scRNA-seq)",right,,fw042221,FBbt:00049836,,isomorphic,,,
81489548781663025,720575940622637804,157862.0,43767.0,3594.0,158540.0,30111.0,4791.0,,intrinsic,central,Kenyon_Cell,KCab,11862.0,KCab,KCab-c,MBp3,MBp3,dopamine,0.531141776254464,"acetylcholine; sNPF; acetylcholine, sNPF","Barnstedt et al. 2016 (immuno, RNAi); Johard et al. (immuno); Aso et al. 2019 (scRNA-seq)",right,,fw042222,FBbt_00100248,,isomorphic,,,
81559848806385169,720575940638053865,159565.0,42783.0,3594.0,170687.0,29017.0,4239.0,,intrinsic,central,Kenyon_Cell,,17488.0,KCapbp-ap2,KCa'b'-ap2,MBp4,MBp4,dopamine,0.511537199786653,acetylcholine; acetylcholine,"Barnstedt et al. 2016 (immuno, RNAi); Aso et al. 2019 (scRNA-seq)",right,,fw042223,FBbt:00049837,,isomorphic,,,
81559917525864466,720575940627020933,158678.0,43957.0,3594.0,159044.0,33368.0,5058.0,,intrinsic,central,Kenyon_Cell,KCab,11862.0,KCab,KCab-s,MBp3,MBp3,dopamine,0.68468208156591,"acetylcholine; sNPF; acetylcholine, sNPF","Barnstedt et al. 2016 (immuno, RNAi); Johard et al. (immuno); Aso et al. 2019 (scRNA-seq)",right,,fw042224,FBbt_00100248,,isomorphic,,,
81489548781673566,720575940623691920,158285.0,43838.0,3594.0,157932.0,28578.0,4693.0,,intrinsic,central,Kenyon_Cell,KCab,11862.0,KCab,KCab-m,MBp3,MBp3,dopamine,0.5861783249905853,"acetylcholine; sNPF; acetylcholine, sNPF","Barnstedt et al. 2016 (immuno, RNAi); Johard et al. (immuno); Aso et al. 2019 (scRNA-seq)",right,,fw042225,FBbt_00100248,,isomorphic,,,
81489411342746197,720575940623413898,158551.0,41942.0,3594.0,157114.0,28884.0,4694.0,,intrinsic,central,Kenyon_Cell,KCg,14292.0,KCg-m,KCg-m,MBp3,MBp3,dopamine,0.8115765203999787,"acetylcholine; sNPF; acetylcholine, sNPF","Barnstedt et al. 2016 (immuno); Johard et al., 2008 (immuno); Aso et al. 2019 (scRNA-seq)",right,,fw042226,FBbt_00111061,,isomorphic,,,
81630148831118937,720575940610406776,160043.0,42435.0,3594.0,164057.0,31315.0,4760.0,,intrinsic,central,Kenyon_Cell,KCg,14292.0,KCg-m,KCg-m,MBp3,MBp3,dopamine,0.7731500730564036,"acetylcholine; sNPF; acetylcholine, sNPF","Barnstedt et al. 2016 (immuno); Johard et al., 2008 (immuno); Aso et al. 2019 (scRNA-seq)",right,,fw042227,FBbt_00111061,,isomorphic,,,
81559780086930977,720575940623890890,159206.0,42283.0,3594.0,155937.0,28036.0,4458.0,,intrinsic,central,Kenyon_Cell,KCg,14292.0,KCg-m,KCg-m,MBp3,MBp3,dopamine,0.8070952140217942,"acetylcholine; sNPF; acetylcholine, sNPF","Barnstedt et al. 2016 (immuno); Johard et al., 2008 (immuno); Aso et al. 2019 (scRNA-seq)",right,,fw042228,FBbt_00111061,,isomorphic,,,
81559848806382836,720575940626226690,159372.0,42721.0,3594.0,173553.0,31324.0,4344.0,,intrinsic,central,Kenyon_Cell,,17488.0,KCapbp-m,KCa'b'-m,MBp4,MBp4,dopamine,0.5215373436310988,acetylcholine; acetylcholine,"Barnstedt et al. 2016 (immuno, RNAi); Aso et al. 2019 (scRNA-seq)",right,,fw042229,FBbt:00100253,,isomorphic,,,
81630217550593135,720575940615193100,160178.0,42691.0,3594.0,164217.0,33569.0,4903.0,,intrinsic,central,Kenyon_Cell,KCg,14292.0,KCg-m,KCg-m,MBp3,MBp3,dopamine,0.7911663914024366,"acetylcholine; sNPF; acetylcholine, sNPF","Barnstedt et al. 2016 (immuno); Johard et al., 2008 (immuno); Aso et al. 2019 (scRNA-seq)",right,,fw042230,FBbt_00111061,,isomorphic,,,
81559917525868165,720575940630159939,158715.0,44383.0,3594.0,167960.0,27996.0,4231.0,,intrinsic,central,Kenyon_Cell,,17488.0,KCapbp-m,KCa'b'-m,MBp4,MBp4,dopamine,0.4870894672269679,acetylcholine; acetylcholine,"Barnstedt et al. 2016 (immuno, RNAi); Aso et al. 2019 (scRNA-seq)",right,,fw042231,FBbt:00100253,,isomorphic,,,
81419111318057978,720575940624125626,156993.0,43207.0,3594.0,161552.0,30542.0,4726.0,,intrinsic,central,Kenyon_Cell,KCab,11862.0,KCab,KCab-m,MBp3,MBp3,dopamine,0.6323799743019646,"acetylcholine; sNPF; acetylcholine, sNPF","Barnstedt et al. 2016 (immuno, RNAi); Johard et al. (immuno); Aso et al. 2019 (scRNA-seq)",right,,fw042232,FBbt_00100248,,isomorphic,,,
81559848806387350,720575940629164283,159461.0,42788.0,3594.0,169949.0,28341.0,4211.0,,intrinsic,central,Kenyon_Cell,,17488.0,KCapbp-ap2,KCa'b'-ap2,MBp4,MBp4,dopamine,0.4849818871521417,acetylcholine; acetylcholine,"Barnstedt et al. 2016 (immuno, RNAi); Aso et al. 2019 (scRNA-seq)",right,,fw042233,FBbt:00049837,,isomorphic,,,
81489480062222690,720575940624599939,157698.0,43150.0,3594.0,158766.0,28781.0,4460.0,,intrinsic,central,Kenyon_Cell,KCab,11862.0,KCab,KCab-m,MBp3,MBp3,dopamine,0.5359737010714012,"acetylcholine; sNPF; acetylcholine, sNPF","Barnstedt et al. 2016 (immuno, RNAi); Johard et al. (immuno); Aso et al. 2019 (scRNA-seq)",right,,fw042234,FBbt_00100248,,isomorphic,,,
81419111318044799,720575940625377688,157263.0,43304.0,3594.0,158617.0,30608.0,4806.0,,intrinsic,central,Kenyon_Cell,KCab,11862.0,KCab,KCab-m,MBp3,MBp3,dopamine,0.5413521830601333,"acetylcholine; sNPF; acetylcholine, sNPF","Barnstedt et al. 2016 (immuno, RNAi); Johard et al. (immuno); Aso et al. 2019 (scRNA-seq)",right,,fw042235,FBbt_00100248,,isomorphic,,,
81419180037484872,720575940624626563,157292.0,44236.0,3594.0,160289.0,36476.0,5049.0,,intrinsic,central,Kenyon_Cell,KCab,11862.0,KCab,KCab-m,MBp3,MBp3,dopamine,0.6151733679792643,"acetylcholine; sNPF; acetylcholine, sNPF","Barnstedt et al. 2016 (immuno, RNAi); Johard et al. (immuno); Aso et al. 2019 (scRNA-seq)",right,,fw042236,FBbt_00100248,,isomorphic,,,
81348673854424411,720575940624660313,156210.0,42404.0,3594.0,149375.0,26681.0,4297.0,,intrinsic,central,Kenyon_Cell,,17488.0,KCapbp-m,KCa'b'-m,MBp1,MBp1,dopamine,0.5057002347599289,acetylcholine; acetylcholine,"Barnstedt et al. 2016 (immuno, RNAi); Aso et al. 2019 (scRNA-seq)",right,,fw042237,FBbt:00100253,,isomorphic,,,
81348673854418256,720575940624663427,156485.0,42119.0,3594.0,148359.0,26701.0,4342.0,,intrinsic,central,Kenyon_Cell,,17488.0,KCapbp-m,KCa'b'-m,MBp1,MBp1,dopamine,0.5747675099506901,acetylcholine; acetylcholine,"Barnstedt et al. 2016 (immuno, RNAi); Aso et al. 2019 (scRNA-seq)",right,,fw042238,FBbt:00100253,,isomorphic,,,
81630217550626439,720575940626640158,160000.0,42890.0,3594.0,159242.0,27898.0,4577.0,,intrinsic,central,Kenyon_Cell,KCg,14292.0,KCg-m,KCg-m,MBp3,MBp3,dopamine,0.7906381695793535,"acetylcholine; sNPF; acetylcholine, sNPF","Barnstedt et al. 2016 (immuno); Johard et al., 2008 (immuno); Aso et al. 2019 (scRNA-seq)",right,,fw042239,FBbt_00111061,,isomorphic,,,
81419180037478408,720575940624852120,157183.0,44169.0,3594.0,159527.0,42190.0,5016.0,,intrinsic,central,Kenyon_Cell,KCab,11862.0,KCab,KCab-m,MBp2,MBp2,dopamine,0.5754803721243884,"acetylcholine; sNPF; acetylcholine, sNPF","Barnstedt et al. 2016 (immuno, RNAi); Johard et al. (immuno); Aso et al. 2019 (scRNA-seq)",right,,fw042240,FBbt_00100248,,isomorphic,,,
81348742573865888,720575940625058173,156492.0,43428.0,3594.0,152344.0,31116.0,4845.0,,intrinsic,central,Kenyon_Cell,KCab,11862.0,KCab,KCab-s,MBp3,MBp3,dopamine,0.6315213070969913,"acetylcholine; sNPF; acetylcholine, sNPF","Barnstedt et al. 2016 (immuno, RNAi); Johard et al. (immuno); Aso et al. 2019 (scRNA-seq)",right,,fw042241,FBbt_00100248,,isomorphic,,,
81419111318043719,720575940637526750,157143.0,43546.0,3594.0,155991.0,30413.0,4808.0,,intrinsic,central,Kenyon_Cell,KCab,11862.0,KCab,KCab-c,MBp3,MBp3,dopamine,0.5296508737103227,"acetylcholine; sNPF; acetylcholine, sNPF","Barnstedt et al. 2016 (immuno, RNAi); Johard et al. (immuno); Aso et al. 2019 (scRNA-seq)",right,,fw042242,FBbt_00100248,,isomorphic,,,
81559848806384267,720575940637999950,159557.0,43235.0,3594.0,169477.0,29555.0,4425.0,,intrinsic,central,Kenyon_Cell,,17488.0,KCapbp-ap2,KCa'b'-ap2,MBp4,MBp4,dopamine,0.5062197933826278,acetylcholine; acetylcholine,"Barnstedt et al. 2016 (immuno, RNAi); Aso et al. 2019 (scRNA-seq)",right,,fw042243,FBbt:00049837,,isomorphic,,,
81559848806384463,720575940625667365,159355.0,43560.0,3594.0,168624.0,29542.0,4472.0,,intrinsic,central,Kenyon_Cell,,17488.0,KCapbp-m,KCa'b'-m,MBp4,MBp4,dopamine,0.4743900180210705,acetylcholine; acetylcholine,"Barnstedt et al. 2016 (immuno, RNAi); Aso et al. 2019 (scRNA-seq)",right,,fw042244,FBbt:00100253,,isomorphic,,,
81630217550590034,720575940634146808,159813.0,43004.0,3594.0,163719.0,27635.0,4414.0,,intrinsic,central,Kenyon_Cell,,17488.0,KCapbp-ap2,KCa'b'-ap2,MBp4,MBp4,dopamine,0.5270093281902661,acetylcholine; acetylcholine,"Barnstedt et al. 2016 (immuno, RNAi); Aso et al. 2019 (scRNA-seq)",right,,fw042245,FBbt:00049837,,isomorphic,,,
81559848806386321,720575940609944526,159354.0,42889.0,3594.0,174059.0,31286.0,4301.0,,intrinsic,central,Kenyon_Cell,,17488.0,KCapbp-m,KCa'b'-m,MBp4,MBp4,dopamine,0.4430970695020442,acetylcholine; acetylcholine,"Barnstedt et al. 2016 (immuno, RNAi); Aso et al. 2019 (scRNA-seq)",right,,fw042246,FBbt:00100253,,isomorphic,,,
81559917525862338,720575940612372650,158790.0,44302.0,3594.0,172274.0,30497.0,4350.0,,intrinsic,central,Kenyon_Cell,,17488.0,KCapbp-ap1,KCa'b'-ap1,MBp4,MBp4,dopamine,0.504198977723367,acetylcholine; acetylcholine,"Barnstedt et al. 2016 (immuno, RNAi); Aso et al. 2019 (scRNA-seq)",right,,fw042247,FBbt:00049836,,isomorphic,,,
81559848806384222,720575940627573659,159403.0,43136.0,3594.0,166428.0,27879.0,4348.0,,intrinsic,central,Kenyon_Cell,,17488.0,KCapbp-m,KCa'b'-m,MBp4,MBp4,dopamine,0.5456360011690002,acetylcholine; acetylcholine,"Barnstedt et al. 2016 (immuno, RNAi); Aso et al. 2019 (scRNA-seq)",right,,fw042248,FBbt:00100253,,isomorphic,,,
81630217550597010,720575940625766984,160465.0,43018.0,3594.0,160665.0,34400.0,5006.0,,intrinsic,central,Kenyon_Cell,KCg,19102.0,KCg-d,KCg-d,MBp3,MBp3,dopamine,0.7266185608081731,"acetylcholine; sNPF; acetylcholine, sNPF","Barnstedt et al. 2016 (immuno); Johard et al., 2008 (immuno); Aso et al. 2019 (scRNA-seq)",right,,fw042249,FBbt_00110932,,isomorphic,,,
81419111318053152,720575940627292218,157202.0,43580.0,3594.0,157101.0,29684.0,4792.0,,intrinsic,central,Kenyon_Cell,KCab,11862.0,KCab,KCab-c,MBp3,MBp3,dopamine,0.6293002267507102,"acetylcholine; sNPF; acetylcholine, sNPF","Barnstedt et al. 2016 (immuno, RNAi); Johard et al. (immuno); Aso et al. 2019 (scRNA-seq)",right,,fw042250,FBbt_00100248,,isomorphic,,,
81559780086925484,720575940622078249,158682.0,41755.0,3594.0,157504.0,36664.0,5175.0,6753558.0,intrinsic,central,Kenyon_Cell,KCg,14292.0,KCg-m,KCg-m,MBp3,MBp3,dopamine,0.8151928294388182,"acetylcholine; sNPF; acetylcholine, sNPF","Barnstedt et al. 2016 (immuno); Johard et al., 2008 (immuno); Aso et al. 2019 (scRNA-seq)",right,,fw042251,FBbt_00111061,,isomorphic,,,
81489548781671361,720575940618258742,158170.0,44271.0,3594.0,161558.0,41918.0,4922.0,,intrinsic,central,Kenyon_Cell,KCab,11862.0,KCab,KCab-s,MBp2,MBp2,dopamine,0.6249006445492769,"acetylcholine; sNPF; acetylcholine, sNPF","Barnstedt et al. 2016 (immuno, RNAi); Johard et al. (immuno); Aso et al. 2019 (scRNA-seq)",right,,fw042252,FBbt_00100248,,isomorphic,,,
81559848806376659,720575940613478422,158914.0,43049.0,3594.0,172682.0,31881.0,4480.0,,intrinsic,central,Kenyon_Cell,KCab,11862.0,KCab,KCab-s,MBp4,MBp4,dopamine,0.6111855369585355,"acetylcholine; sNPF; acetylcholine, sNPF","Barnstedt et al. 2016 (immuno, RNAi); Johard et al. (immuno); Aso et al. 2019 (scRNA-seq)",right,,fw042253,FBbt_00100248,,isomorphic,,,
81419180037477151,720575940619652555,157134.0,43657.0,3594.0,157856.0,29499.0,4716.0,,intrinsic,central,Kenyon_Cell,KCab,11862.0,KCab,KCab-c,MBp3,MBp3,dopamine,0.599754554707119,"acetylcholine; sNPF; acetylcholine, sNPF","Barnstedt et al. 2016 (immuno, RNAi); Johard et al. (immuno); Aso et al. 2019 (scRNA-seq)",right,,fw042254,FBbt_00100248,,isomorphic,,,
81630217550593173,720575940631621689,159760.0,42706.0,3594.0,174339.0,31764.0,4344.0,,intrinsic,central,Kenyon_Cell,KCg,14292.0,KCg-m,KCg-m,MBp4,MBp4,dopamine,0.7185299970843246,"acetylcholine; sNPF; acetylcholine, sNPF","Barnstedt et al. 2016 (immuno); Johard et al., 2008 (immuno); Aso et al. 2019 (scRNA-seq)",right,,fw042255,FBbt_00111061,,isomorphic,,,
81419111318040943,720575940626253318,157453.0,43276.0,3594.0,163860.0,30557.0,4730.0,,intrinsic,central,Kenyon_Cell,KCab,11862.0,KCab,KCab-m,MBp4,MBp4,dopamine,0.5602384038701769,"acetylcholine; sNPF; acetylcholine, sNPF","Barnstedt et al. 2016 (immuno, RNAi); Johard et al. (immuno); Aso et al. 2019 (scRNA-seq)",right,,fw042256,FBbt_00100248,,isomorphic,,,
81559780086925781,720575940613774334,159241.0,42338.0,3594.0,157269.0,31272.0,4898.0,,intrinsic,central,Kenyon_Cell,KCg,14292.0,KCg-m,KCg-m,MBp3,MBp3,dopamine,0.7401136639649061,"acetylcholine; sNPF; acetylcholine, sNPF","Barnstedt et al. 2016 (immuno); Johard et al., 2008 (immuno); Aso et al. 2019 (scRNA-seq)",right,,fw042257,FBbt_00111061,,isomorphic,,,
81630148831117792,720575940621162416,160011.0,42530.0,3594.0,161568.0,33580.0,4960.0,,intrinsic,central,Kenyon_Cell,KCg,14292.0,KCg-m,KCg-m,MBp3,MBp3,dopamine,0.8153537483028558,"acetylcholine; sNPF; acetylcholine, sNPF","Barnstedt et al. 2016 (immuno); Johard et al., 2008 (immuno); Aso et al. 2019 (scRNA-seq)",right,,fw042258,FBbt_00111061,,isomorphic,,,
81559780086905123,720575940629260406,159279.0,42589.0,3594.0,170180.0,28950.0,4315.0,,intrinsic,central,Kenyon_Cell,,17488.0,KCapbp-ap1,KCa'b'-ap1,MBp4,MBp4,dopamine,0.5107769465409676,acetylcholine; acetylcholine,"Barnstedt et al. 2016 (immuno, RNAi); Aso et al. 2019 (scRNA-seq)",right,,fw042259,FBbt:00049836,,isomorphic,,,
81489411342706841,720575940621947486,157622.0,41992.0,3594.0,152047.0,30425.0,4811.0,,intrinsic,central,Kenyon_Cell,,17488.0,KCapbp-m,KCa'b'-m,MBp3,MBp3,dopamine,0.5156943987571908,acetylcholine; acetylcholine,"Barnstedt et al. 2016 (immuno, RNAi); Aso et al. 2019 (scRNA-seq)",right,,fw042260,FBbt:00100253,,isomorphic,,,
81559780086925667,720575940631342476,159091.0,42111.0,3594.0,155525.0,32574.0,5022.0,,intrinsic,central,Kenyon_Cell,KCg,14292.0,KCg-m,KCg-m,MBp3,MBp3,dopamine,0.7674631688991324,"acetylcholine; sNPF; acetylcholine, sNPF","Barnstedt et al. 2016 (immuno); Johard et al., 2008 (immuno); Aso et al. 2019 (scRNA-seq)",right,,fw042261,FBbt_00111061,,isomorphic,,,
81489342623307413,720575940623016644,157874.0,41525.0,3594.0,156376.0,36424.0,5180.0,6750192.0,intrinsic,central,Kenyon_Cell,KCg,14292.0,KCg-m,KCg-m,MBp3,MBp3,dopamine,0.829435158974345,"acetylcholine; sNPF; acetylcholine, sNPF","Barnstedt et al. 2016 (immuno); Johard et al., 2008 (immuno); Aso et al. 2019 (scRNA-seq)",right,,fw042262,FBbt_00111061,,isomorphic,,,
81559780086921913,720575940624302008,158814.0,41941.0,3594.0,154478.0,32569.0,5024.0,,intrinsic,central,Kenyon_Cell,KCg,14292.0,KCg-m,KCg-m,MBp3,MBp3,dopamine,0.763878862763266,"acetylcholine; sNPF; acetylcholine, sNPF","Barnstedt et al. 2016 (immuno); Johard et al., 2008 (immuno); Aso et al. 2019 (scRNA-seq)",right,,fw042263,FBbt_00111061,,isomorphic,,,
81489480062224238,720575940640905205,157762.0,43532.0,3594.0,157472.0,29672.0,4669.0,6696269.0,intrinsic,central,Kenyon_Cell,KCab,11862.0,KCab,KCab-c,MBp3,MBp3,dopamine,0.477527416527409,"acetylcholine; sNPF; acetylcholine, sNPF","Barnstedt et al. 2016 (immuno, RNAi); Johard et al. (immuno); Aso et al. 2019 (scRNA-seq)",right,,fw042264,FBbt_00100248,,isomorphic,,,
81489411342752828,720575940620410606,158521.0,42092.0,3594.0,158408.0,26657.0,4128.0,,intrinsic,central,Kenyon_Cell,,17488.0,KCapbp-ap2,KCa'b'-ap2,MBp3,MBp3,dopamine,0.5637033038944828,acetylcholine; acetylcholine,"Barnstedt et al. 2016 (immuno, RNAi); Aso et al. 2019 (scRNA-seq)",right,,fw042265,FBbt:00049837,,isomorphic,,,
81559780086926949,720575940636769343,158971.0,42123.0,3594.0,162728.0,29880.0,4697.0,6711969.0,intrinsic,central,Kenyon_Cell,KCg,14292.0,KCg-m,KCg-m,MBp3,MBp3,dopamine,0.786887607014775,"acetylcholine; sNPF; acetylcholine, sNPF","Barnstedt et al. 2016 (immuno); Johard et al., 2008 (immuno); Aso et al. 2019 (scRNA-seq)",right,,fw042266,FBbt_00111061,,isomorphic,,,
81559848806377810,720575940637211462,159205.0,43092.0,3594.0,164851.0,33326.0,4882.0,,intrinsic,central,Kenyon_Cell,KCab,11862.0,KCab,KCab-s,MBp4,MBp4,dopamine,0.6740729565361857,"acetylcholine; sNPF; acetylcholine, sNPF","Barnstedt et al. 2016 (immuno, RNAi); Johard et al. (immuno); Aso et al. 2019 (scRNA-seq)",right,,fw042267,FBbt_00100248,,isomorphic,,,
81489480062220286,720575940627987756,158343.0,43226.0,3594.0,163333.0,29085.0,4654.0,,intrinsic,central,Kenyon_Cell,KCab,11862.0,KCab,KCab-c,MBp4,MBp4,dopamine,0.5751924957457201,"acetylcholine; sNPF; acetylcholine, sNPF","Barnstedt et al. 2016 (immuno, RNAi); Johard et al. (immuno); Aso et al. 2019 (scRNA-seq)",right,,fw042268,FBbt_00100248,,isomorphic,,,
81489480062233764,720575940628188732,158455.0,42723.0,3594.0,173197.0,31767.0,4451.0,,intrinsic,central,Kenyon_Cell,KCab,11862.0,KCab,KCab-s,MBp4,MBp4,dopamine,0.6321196168983555,"acetylcholine; sNPF; acetylcholine, sNPF","Barnstedt et al. 2016 (immuno, RNAi); Johard et al. (immuno); Aso et al. 2019 (scRNA-seq)",right,,fw042269,FBbt_00100248,,isomorphic,,,
81489548781669897,720575940605541920,158181.0,43893.0,3594.0,163730.0,30298.0,4662.0,,intrinsic,central,Kenyon_Cell,KCab,11862.0,KCab,KCab-m,MBp4,MBp4,dopamine,0.5758815998152883,"acetylcholine; sNPF; acetylcholine, sNPF","Barnstedt et al. 2016 (immuno, RNAi); Johard et al. (immuno); Aso et al. 2019 (scRNA-seq)",right,,fw042270,FBbt_00100248,,isomorphic,,,
81419180037485739,720575940628359895,156824.0,43778.0,3594.0,158540.0,33583.0,4999.0,,intrinsic,central,Kenyon_Cell,KCab,11862.0,KCab,KCab-m,MBp3,MBp3,dopamine,0.5910399189303,"acetylcholine; sNPF; acetylcholine, sNPF","Barnstedt et al. 2016 (immuno, RNAi); Johard et al. (immuno); Aso et al. 2019 (scRNA-seq)",right,,fw042271,FBbt_00100248,,isomorphic,,,
81419111318049365,720575940628365783,156662.0,43325.0,3594.0,161297.0,29980.0,4667.0,,intrinsic,central,Kenyon_Cell,KCab,11862.0,KCab,KCab-s,MBp3,MBp3,dopamine,0.657506020032046,"acetylcholine; sNPF; acetylcholine, sNPF","Barnstedt et al. 2016 (immuno, RNAi); Johard et al. (immuno); Aso et al. 2019 (scRNA-seq)",right,,fw042272,FBbt_00100248,,isomorphic,,,
81489548781665168,720575940644554606,157945.0,43793.0,3594.0,159930.0,33379.0,4994.0,,intrinsic,central,Kenyon_Cell,KCab,11862.0,KCab,KCab-c,MBp3,MBp3,dopamine,0.5045558950133485,"acetylcholine; sNPF; acetylcholine, sNPF","Barnstedt et al. 2016 (immuno, RNAi); Johard et al. (immuno); Aso et al. 2019 (scRNA-seq)",right,,fw042273,FBbt_00100248,,isomorphic,,,
81630217550598291,720575940634839988,160373.0,43006.0,3594.0,162768.0,36064.0,5047.0,6749354.0,intrinsic,central,Kenyon_Cell,KCg,14292.0,KCg-m,KCg-m,MBp3,MBp3,dopamine,0.7756765684586405,"acetylcholine; sNPF; acetylcholine, sNPF","Barnstedt et al. 2016 (immuno); Johard et al., 2008 (immuno); Aso et al. 2019 (scRNA-seq)",right,,fw042274,FBbt_00111061,,isomorphic,,,
81630148831123814,720575940627558662,159770.0,42512.0,3594.0,162942.0,33655.0,4970.0,,intrinsic,central,Kenyon_Cell,KCg,14292.0,KCg-m,KCg-m,MBp3,MBp3,dopamine,0.7529006644688296,"acetylcholine; sNPF; acetylcholine, sNPF","Barnstedt et al. 2016 (immuno); Johard et al., 2008 (immuno); Aso et al. 2019 (scRNA-seq)",right,,fw042275,FBbt_00111061,,isomorphic,,,
81630217550596855,720575940622350472,159820.0,42849.0,3593.0,173394.0,30495.0,4199.0,,intrinsic,central,Kenyon_Cell,,17488.0,KCapbp-ap1,KCa'b'-ap1,MBp4,MBp4,dopamine,0.5275341590929901,acetylcholine; acetylcholine,"Barnstedt et al. 2016 (immuno, RNAi); Aso et al. 2019 (scRNA-seq)",right,,fw042276,FBbt:00049836,,isomorphic,,,
81559848806385314,720575940628694991,159517.0,42996.0,3594.0,165345.0,28096.0,4463.0,,intrinsic,central,Kenyon_Cell,,17488.0,KCapbp-ap2,KCa'b'-ap2,MBp4,MBp4,dopamine,0.5534302822305053,acetylcholine; acetylcholine,"Barnstedt et al. 2016 (immuno, RNAi); Aso et al. 2019 (scRNA-seq)",right,,fw042277,FBbt:00049837,,isomorphic,,,
81419180037485728,720575940628695414,156768.0,43727.0,3594.0,161195.0,32533.0,4910.0,,intrinsic,central,Kenyon_Cell,KCab,11862.0,KCab,KCab-m,MBp3,MBp3,dopamine,0.5673843387718557,"acetylcholine; sNPF; acetylcholine, sNPF","Barnstedt et al. 2016 (immuno, RNAi); Johard et al. (immuno); Aso et al. 2019 (scRNA-seq)",right,,fw042278,FBbt_00100248,,isomorphic,,,
81348673854424052,720575940634154140,156056.0,41961.0,3594.0,157669.0,46654.0,5112.0,,intrinsic,central,Kenyon_Cell,KCg,14292.0,KCg-m,KCg-m,MBp2,MBp2,dopamine,0.7061337762502011,"acetylcholine; sNPF; acetylcholine, sNPF","Barnstedt et al. 2016 (immuno); Johard et al., 2008 (immuno); Aso et al. 2019 (scRNA-seq)",right,,fw042279,FBbt_00111061,,isomorphic,,,
81419111318053080,720575940631408199,157361.0,43453.0,3594.0,156672.0,29472.0,4689.0,6695130.0,intrinsic,central,Kenyon_Cell,KCab,11862.0,KCab,KCab-c,MBp3,MBp3,dopamine,0.5555035315244627,"acetylcholine; sNPF; acetylcholine, sNPF","Barnstedt et al. 2016 (immuno, RNAi); Johard et al. (immuno); Aso et al. 2019 (scRNA-seq)",right,,fw042280,FBbt_00100248,,isomorphic,,,
81559848806377916,720575940629541187,159454.0,43223.0,3594.0,173567.0,33317.0,4521.0,,intrinsic,central,Kenyon_Cell,,17488.0,KCapbp-ap2,KCa'b'-ap2,MBp4,MBp4,dopamine,0.5103147223211741,acetylcholine; acetylcholine,"Barnstedt et al. 2016 (immuno, RNAi); Aso et al. 2019 (scRNA-seq)",right,,fw042281,FBbt:00049837,,isomorphic,,,
81489548781660876,720575940636553390,158314.0,43955.0,3594.0,160304.0,32179.0,4887.0,,intrinsic,central,Kenyon_Cell,KCab,11862.0,KCab,KCab-m,MBp3,MBp3,dopamine,0.5842214840131463,"acetylcholine; sNPF; acetylcholine, sNPF","Barnstedt et al. 2016 (immuno, RNAi); Johard et al. (immuno); Aso et al. 2019 (scRNA-seq)",right,,fw042282,FBbt_00100248,,isomorphic,,,
81559848806379075,720575940622116428,159606.0,43362.0,3594.0,171896.0,29824.0,4310.0,7067297.0,intrinsic,central,Kenyon_Cell,,17488.0,KCapbp-ap1,KCa'b'-ap1,MBp4,MBp4,dopamine,0.559064141534751,acetylcholine; acetylcholine,"Barnstedt et al. 2016 (immuno, RNAi); Aso et al. 2019 (scRNA-seq)",right,,fw042283,FBbt:00049836,,isomorphic,,,
81489411342754447,720575940619684688,157800.0,42293.0,3594.0,169251.0,31994.0,4627.0,,intrinsic,central,Kenyon_Cell,,11862.0,KCab-p,KCab-p,MBp4,MBp4,dopamine,0.617217597112483,acetylcholine; acetylcholine,Barnstedt et al. 2016 (immuno); Aso et al. 2019 (scRNA-seq),right,,fw042284,FBbt_00110931,,isomorphic,,,
81489480062224129,720575940630419364,158281.0,43322.0,3594.0,164721.0,29821.0,4538.0,,intrinsic,central,Kenyon_Cell,KCab,11862.0,KCab,KCab-c,MBp4,MBp4,dopamine,0.5487579470511175,"acetylcholine; sNPF; acetylcholine, sNPF","Barnstedt et al. 2016 (immuno, RNAi); Johard et al. (immuno); Aso et al. 2019 (scRNA-seq)",right,,fw042285,FBbt_00100248,,isomorphic,,,
81559848806387851,720575940605627057,158992.0,43573.0,3594.0,167133.0,28432.0,4395.0,,intrinsic,central,Kenyon_Cell,KCab,11862.0,KCab,KCab-s,MBp4,MBp4,dopamine,0.6399328226667691,"acetylcholine; sNPF; acetylcholine, sNPF","Barnstedt et al. 2016 (immuno, RNAi); Johard et al. (immuno); Aso et al. 2019 (scRNA-seq)",right,,fw042286,FBbt_00100248,,isomorphic,,,
81559848806384041,720575940639202532,159465.0,42948.0,3594.0,171833.0,33384.0,4594.0,,intrinsic,central,Kenyon_Cell,,17488.0,KCapbp-m,KCa'b'-m,MBp4,MBp4,dopamine,0.4890362928932903,acetylcholine; acetylcholine,"Barnstedt et al. 2016 (immuno, RNAi); Aso et al. 2019 (scRNA-seq)",right,,fw042287,FBbt:00100253,,isomorphic,,,
81489480062224263,720575940630969555,158500.0,43549.0,3594.0,166389.0,32354.0,4470.0,,intrinsic,central,Kenyon_Cell,KCab,11862.0,KCab,KCab-m,MBp4,MBp4,dopamine,0.5405895663098571,"acetylcholine; sNPF; acetylcholine, sNPF","Barnstedt et al. 2016 (immuno, RNAi); Johard et al. (immuno); Aso et al. 2019 (scRNA-seq)",right,,fw042288,FBbt_00100248,,isomorphic,,,
81489480062223463,720575940616350011,158556.0,42627.0,3594.0,169574.0,30034.0,4470.0,,intrinsic,central,Kenyon_Cell,KCab,11862.0,KCab,KCab-s,MBp4,MBp4,dopamine,0.6386229486244831,"acetylcholine; sNPF; acetylcholine, sNPF","Barnstedt et al. 2016 (immuno, RNAi); Johard et al. (immuno); Aso et al. 2019 (scRNA-seq)",right,,fw042289,FBbt_00100248,,isomorphic,,,
81489480062228265,720575940631624673,157641.0,43587.0,3594.0,158604.0,28893.0,4658.0,,intrinsic,central,Kenyon_Cell,KCab,11862.0,KCab,KCab-c,MBp3,MBp3,dopamine,0.5092940976059922,"acetylcholine; sNPF; acetylcholine, sNPF","Barnstedt et al. 2016 (immuno, RNAi); Johard et al. (immuno); Aso et al. 2019 (scRNA-seq)",right,,fw042290,FBbt_00100248,,isomorphic,,,
81559848806382169,720575940629388239,159291.0,43418.0,3594.0,168192.0,31108.0,4598.0,,intrinsic,central,Kenyon_Cell,,17488.0,KCapbp-m,KCa'b'-m,MBp4,MBp4,dopamine,0.5114916154860328,acetylcholine; acetylcholine,"Barnstedt et al. 2016 (immuno, RNAi); Aso et al. 2019 (scRNA-seq)",right,,fw042291,FBbt:00100253,,isomorphic,,,
81419042598590097,720575940612740466,157501.0,41602.0,3594.0,159263.0,27869.0,4587.0,,intrinsic,central,Kenyon_Cell,KCg,14292.0,KCg-m,KCg-m,MBp3,MBp3,dopamine,0.7984656889448422,"acetylcholine; sNPF; acetylcholine, sNPF","Barnstedt et al. 2016 (immuno); Johard et al., 2008 (immuno); Aso et al. 2019 (scRNA-seq)",right,,fw042292,FBbt_00111061,,isomorphic,,,
81630148831118751,720575940621023041,159874.0,42174.0,3594.0,161259.0,27718.0,4508.0,,intrinsic,central,Kenyon_Cell,KCg,14292.0,KCg-m,KCg-m,MBp3,MBp3,dopamine,0.7259914582628462,"acetylcholine; sNPF; acetylcholine, sNPF","Barnstedt et al. 2016 (immuno); Johard et al., 2008 (immuno); Aso et al. 2019 (scRNA-seq)",right,,fw042293,FBbt_00111061,,isomorphic,,,
81559917525866825,720575940632804543,158779.0,43965.0,3594.0,171701.0,29845.0,4361.0,,intrinsic,central,Kenyon_Cell,KCab,11862.0,KCab,KCab-s,MBp4,MBp4,dopamine,0.6569788946606544,"acetylcholine; sNPF; acetylcholine, sNPF","Barnstedt et al. 2016 (immuno, RNAi); Johard et al. (immuno); Aso et al. 2019 (scRNA-seq)",right,,fw042294,FBbt_00100248,,isomorphic,,,
81559848806384139,720575940632929178,158990.0,43065.0,3593.0,173401.0,32561.0,4485.0,,intrinsic,central,Kenyon_Cell,KCab,11862.0,KCab,KCab-s,MBp4,MBp4,dopamine,0.6418910749989725,"acetylcholine; sNPF; acetylcholine, sNPF","Barnstedt et al. 2016 (immuno, RNAi); Johard et al. (immuno); Aso et al. 2019 (scRNA-seq)",right,,fw042295,FBbt_00100248,,isomorphic,,,
81489480062215469,720575940632940442,158117.0,43162.0,3594.0,165244.0,29814.0,4641.0,,intrinsic,central,Kenyon_Cell,KCab,11862.0,KCab,KCab-c,MBp4,MBp4,dopamine,0.5134447987159889,"acetylcholine; sNPF; acetylcholine, sNPF","Barnstedt et al. 2016 (immuno, RNAi); Johard et al. (immuno); Aso et al. 2019 (scRNA-seq)",right,,fw042296,FBbt_00100248,,isomorphic,,,
81559848806384207,720575940636605530,159128.0,43136.0,3594.0,166330.0,30325.0,4640.0,,intrinsic,central,Kenyon_Cell,KCab,11862.0,KCab,KCab-s,MBp4,MBp4,dopamine,0.6157621016890299,"acetylcholine; sNPF; acetylcholine, sNPF","Barnstedt et al. 2016 (immuno, RNAi); Johard et al. (immuno); Aso et al. 2019 (scRNA-seq)",right,,fw042297,FBbt_00100248,,isomorphic,,,
81418973879157036,720575940622816234,157095.0,41562.0,3594.0,158054.0,28121.0,4421.0,,intrinsic,central,Kenyon_Cell,KCg,14292.0,KCg-m,KCg-m,MBp3,MBp3,dopamine,0.8213585114012784,"acetylcholine; sNPF; acetylcholine, sNPF","Barnstedt et al. 2016 (immuno); Johard et al., 2008 (immuno); Aso et al. 2019 (scRNA-seq)",right,,fw042298,FBbt_00111061,,isomorphic,,,
81419111318058030,720575940633074015,157455.0,43334.0,3594.0,158999.0,31161.0,4872.0,,intrinsic,central,Kenyon_Cell,KCab,11862.0,KCab,KCab-m,MBp3,MBp3,dopamine,0.5707973129985237,"acetylcholine; sNPF; acetylcholine, sNPF","Barnstedt et al. 2016 (immuno, RNAi); Johard et al. (immuno); Aso et al. 2019 (scRNA-seq)",right,,fw042299,FBbt_00100248,,isomorphic,,,
81418973879104349,720575940621146956,157258.0,41320.0,3594.0,155088.0,37336.0,5152.0,6353044.0,intrinsic,central,Kenyon_Cell,KCg,19102.0,KCg-d,KCg-d,MBp3,MBp3,dopamine,0.6183799967365441,"acetylcholine; sNPF; acetylcholine, sNPF","Barnstedt et al. 2016 (immuno); Johard et al., 2008 (immuno); Aso et al. 2019 (scRNA-seq)",right,,fw042300,FBbt_00110932,,isomorphic,,,
81489617501135176,720575940634342007,157683.0,45477.0,3594.0,147898.0,28868.0,3832.0,,intrinsic,central,Kenyon_Cell,KCg,19102.0,KCg-d,KCg-d,MBp1,MBp1,dopamine,0.7402447430481297,"acetylcholine; sNPF; acetylcholine, sNPF","Barnstedt et al. 2016 (immuno); Johard et al., 2008 (immuno); Aso et al. 2019 (scRNA-seq)",right,,fw042301,FBbt_00110932,,isomorphic,,,
81559848806385397,720575940619938998,159222.0,43152.0,3594.0,175991.0,33087.0,4389.0,,intrinsic,central,Kenyon_Cell,KCab,11862.0,KCab,KCab-s,MBp4,MBp4,dopamine,0.6374086843399541,"acetylcholine; sNPF; acetylcholine, sNPF","Barnstedt et al. 2016 (immuno, RNAi); Johard et al. (immuno); Aso et al. 2019 (scRNA-seq)",right,,fw042302,FBbt_00100248,,isomorphic,,,
81419180037482327,720575940634638734,157037.0,43772.0,3594.0,157855.0,29971.0,4800.0,,intrinsic,central,Kenyon_Cell,KCab,11862.0,KCab,KCab-c,MBp3,MBp3,dopamine,0.4563337484652083,"acetylcholine; sNPF; acetylcholine, sNPF","Barnstedt et al. 2016 (immuno, RNAi); Johard et al. (immuno); Aso et al. 2019 (scRNA-seq)",right,,fw042303,FBbt_00100248,,isomorphic,,,
81419111318054113,720575940634640014,157158.0,43035.0,3594.0,151107.0,25959.0,4206.0,,intrinsic,central,Kenyon_Cell,KCab,11862.0,KCab,KCab-s,MBp3,MBp3,dopamine,0.5863115942246356,"acetylcholine; sNPF; acetylcholine, sNPF","Barnstedt et al. 2016 (immuno, RNAi); Johard et al. (immuno); Aso et al. 2019 (scRNA-seq)",right,,fw042304,FBbt_00100248,,isomorphic,,,
81559848806369923,720575940627147578,159648.0,43178.0,3594.0,165922.0,29354.0,4211.0,,intrinsic,central,Kenyon_Cell,,17488.0,KCapbp-ap1,KCa'b'-ap1,MBp4,MBp4,dopamine,0.495613327143982,acetylcholine; acetylcholine,"Barnstedt et al. 2016 (immuno, RNAi); Aso et al. 2019 (scRNA-seq)",right,,fw042305,FBbt:00049836,,isomorphic,,,
81489411342733324,720575940620700769,158456.0,42465.0,3593.0,174028.0,30513.0,4161.0,,intrinsic,central,Kenyon_Cell,,11862.0,KCab-p,KCab-p,MBp4,MBp4,dopamine,0.6224589519941047,acetylcholine; acetylcholine,Barnstedt et al. 2016 (immuno); Aso et al. 2019 (scRNA-seq),right,,fw042306,FBbt_00110931,,isomorphic,,,
81348811293324014,720575940636136567,156037.0,44100.0,3594.0,149720.0,31400.0,4830.0,6314266.0,intrinsic,central,Kenyon_Cell,,17488.0,KCapbp-m,KCa'b'-m,MBp1,MBp1,dopamine,0.4881929281409913,acetylcholine; acetylcholine,"Barnstedt et al. 2016 (immuno, RNAi); Aso et al. 2019 (scRNA-seq)",right,,fw042307,FBbt:00100253,,isomorphic,,,
81559780086921944,720575940622820586,159197.0,42013.0,3594.0,151480.0,32984.0,4869.0,6316114.0,intrinsic,central,Kenyon_Cell,KCg,14292.0,KCg-m,KCg-m,MBp3,MBp3,dopamine,0.8545488989044868,"acetylcholine; sNPF; acetylcholine, sNPF","Barnstedt et al. 2016 (immuno); Johard et al., 2008 (immuno); Aso et al. 2019 (scRNA-seq)",right,,fw042308,FBbt_00111061,,isomorphic,,,
81348673854419204,720575940623358645,155889.0,41755.0,3594.0,143260.0,27136.0,3723.0,,intrinsic,central,Kenyon_Cell,KCg,14292.0,KCg-m,KCg-m,MBp1,MBp1,dopamine,0.7919441934249114,"acetylcholine; sNPF; acetylcholine, sNPF","Barnstedt et al. 2016 (immuno); Johard et al., 2008 (immuno); Aso et al. 2019 (scRNA-seq)",right,,fw042309,FBbt_00111061,,isomorphic,,,
81278442549172205,720575940615975227,155397.0,43842.0,3594.0,143648.0,27696.0,3914.0,5630310.0,intrinsic,central,Kenyon_Cell,,17488.0,KCapbp-m,KCa'b'-m,MBp1,MBp1,dopamine,0.6025376931034091,acetylcholine; acetylcholine,"Barnstedt et al. 2016 (immuno, RNAi); Aso et al. 2019 (scRNA-seq)",right,,fw042310,FBbt:00100253,,isomorphic,,,
81489548781669938,720575940636092393,158624.0,43953.0,3594.0,154681.0,27686.0,4466.0,,intrinsic,central,Kenyon_Cell,KCab,11862.0,KCab,KCab-s,MBp3,MBp3,dopamine,0.5883449210699715,"acetylcholine; sNPF; acetylcholine, sNPF","Barnstedt et al. 2016 (immuno, RNAi); Johard et al. (immuno); Aso et al. 2019 (scRNA-seq)",right,,fw042311,FBbt_00100248,,isomorphic,,,
81489548781669874,720575940636677190,158018.0,43856.0,3594.0,158703.0,32110.0,4921.0,,intrinsic,central,Kenyon_Cell,KCab,11862.0,KCab,KCab-m,MBp3,MBp3,dopamine,0.5835542805377771,"acetylcholine; sNPF; acetylcholine, sNPF","Barnstedt et al. 2016 (immuno, RNAi); Johard et al. (immuno); Aso et al. 2019 (scRNA-seq)",right,,fw042312,FBbt_00100248,,isomorphic,,,
81489342623301961,720575940632169007,158618.0,41527.0,3594.0,162326.0,31218.0,4810.0,,intrinsic,central,Kenyon_Cell,KCg,14292.0,KCg-m,KCg-m,MBp3,MBp3,dopamine,0.7364189902452093,"acetylcholine; sNPF; acetylcholine, sNPF","Barnstedt et al. 2016 (immuno); Johard et al., 2008 (immuno); Aso et al. 2019 (scRNA-seq)",right,,fw042313,FBbt_00111061,,isomorphic,,,
81559780086925565,720575940621857313,159081.0,41906.0,3594.0,162755.0,36743.0,5109.0,,intrinsic,central,Kenyon_Cell,KCg,14292.0,KCg-m,KCg-m,MBp3,MBp3,dopamine,0.7302146266875394,"acetylcholine; sNPF; acetylcholine, sNPF","Barnstedt et al. 2016 (immuno); Johard et al., 2008 (immuno); Aso et al. 2019 (scRNA-seq)",right,,fw042314,FBbt_00111061,,isomorphic,,,
81419180037483599,720575940625399077,156989.0,44101.0,3594.0,159617.0,30048.0,4732.0,,intrinsic,central,Kenyon_Cell,KCab,11862.0,KCab,KCab-m,MBp3,MBp3,dopamine,0.6234331967538925,"acetylcholine; sNPF; acetylcholine, sNPF","Barnstedt et al. 2016 (immuno, RNAi); Johard et al. (immuno); Aso et al. 2019 (scRNA-seq)",right,,fw042315,FBbt_00100248,,isomorphic,,,
81348673854428685,720575940637746520,155951.0,41759.0,3594.0,142173.0,25107.0,3546.0,,intrinsic,central,Kenyon_Cell,KCg,14292.0,KCg-m,KCg-m,MBp1,MBp1,dopamine,0.7295357150827085,"acetylcholine; sNPF; acetylcholine, sNPF","Barnstedt et al. 2016 (immuno); Johard et al., 2008 (immuno); Aso et al. 2019 (scRNA-seq)",right,,fw042316,FBbt_00111061,,isomorphic,,,
81630217550597033,720575940627493653,160407.0,43054.0,3594.0,164524.0,39072.0,5005.0,,intrinsic,central,Kenyon_Cell,KCg,14292.0,KCg-m,KCg-m,MBp3,MBp3,dopamine,0.8230775215970433,"acetylcholine; sNPF; acetylcholine, sNPF","Barnstedt et al. 2016 (immuno); Johard et al., 2008 (immuno); Aso et al. 2019 (scRNA-seq)",right,,fw042317,FBbt_00111061,,isomorphic,,,
81559780086929591,720575940626090340,159069.0,42196.0,3594.0,159381.0,27155.0,4478.0,,intrinsic,central,Kenyon_Cell,KCg,14292.0,KCg-m,KCg-m,MBp3,MBp3,dopamine,0.8263507131840061,"acetylcholine; sNPF; acetylcholine, sNPF","Barnstedt et al. 2016 (immuno); Johard et al., 2008 (immuno); Aso et al. 2019 (scRNA-seq)",right,,fw042318,FBbt_00111061,,isomorphic,,,
81489548781670014,720575940639727067,158322.0,44049.0,3594.0,160138.0,29084.0,4613.0,,intrinsic,central,Kenyon_Cell,KCab,11862.0,KCab,KCab-m,MBp3,MBp3,dopamine,0.585621687417528,"acetylcholine; sNPF; acetylcholine, sNPF","Barnstedt et al. 2016 (immuno, RNAi); Johard et al. (immuno); Aso et al. 2019 (scRNA-seq)",right,,fw042319,FBbt_00100248,,isomorphic,,,
81559780086925748,720575940615838662,159278.0,42307.0,3594.0,162269.0,28759.0,4606.0,,intrinsic,central,Kenyon_Cell,KCg,14292.0,KCg-m,KCg-m,MBp3,MBp3,dopamine,0.7928827633976645,"acetylcholine; sNPF; acetylcholine, sNPF","Barnstedt et al. 2016 (immuno); Johard et al., 2008 (immuno); Aso et al. 2019 (scRNA-seq)",right,,fw042320,FBbt_00111061,,isomorphic,,,
81419111318051782,720575940641889952,156843.0,43299.0,3594.0,160359.0,30525.0,4721.0,,intrinsic,central,Kenyon_Cell,KCab,11862.0,KCab,KCab-m,MBp3,MBp3,dopamine,0.5821843930086799,"acetylcholine; sNPF; acetylcholine, sNPF","Barnstedt et al. 2016 (immuno, RNAi); Johard et al. (immuno); Aso et al. 2019 (scRNA-seq)",right,,fw042321,FBbt_00100248,,isomorphic,,,
81489548781666388,720575940644479267,158245.0,43940.0,3594.0,159473.0,30552.0,4823.0,,intrinsic,central,Kenyon_Cell,KCab,11862.0,KCab,KCab-m,MBp3,MBp3,dopamine,0.6187820714764238,"acetylcholine; sNPF; acetylcholine, sNPF","Barnstedt et al. 2016 (immuno, RNAi); Johard et al. (immuno); Aso et al. 2019 (scRNA-seq)",right,,fw042322,FBbt_00100248,,isomorphic,,,
81419180037483643,720575940620904780,156926.0,44147.0,3594.0,160514.0,33081.0,4962.0,,intrinsic,central,Kenyon_Cell,KCab,11862.0,KCab,KCab-m,MBp3,MBp3,dopamine,0.621606736550838,"acetylcholine; sNPF; acetylcholine, sNPF","Barnstedt et al. 2016 (immuno, RNAi); Johard et al. (immuno); Aso et al. 2019 (scRNA-seq)",right,,fw042323,FBbt_00100248,,isomorphic,,,
81489342623336928,720575940637446622,157750.0,41539.0,3594.0,159727.0,26997.0,4425.0,,intrinsic,central,Kenyon_Cell,KCg,14292.0,KCg-m,KCg-m,MBp3,MBp3,dopamine,0.7612284502505451,"acetylcholine; sNPF; acetylcholine, sNPF","Barnstedt et al. 2016 (immuno); Johard et al., 2008 (immuno); Aso et al. 2019 (scRNA-seq)",right,,fw042324,FBbt_00111061,,isomorphic,,,
81489411342754504,720575940625126448,158240.0,42417.0,3593.0,169881.0,30990.0,4561.0,,intrinsic,central,Kenyon_Cell,,11862.0,KCab-p,KCab-p,MBp4,MBp4,dopamine,0.5946936065875819,acetylcholine; acetylcholine,Barnstedt et al. 2016 (immuno); Aso et al. 2019 (scRNA-seq),right,,fw042325,FBbt_00110931,,isomorphic,,,
81630148831107825,720575940623003917,160061.0,42590.0,3594.0,162306.0,29477.0,4634.0,,intrinsic,central,Kenyon_Cell,KCg,14292.0,KCg-m,KCg-m,MBp3,MBp3,dopamine,0.7551593556060812,"acetylcholine; sNPF; acetylcholine, sNPF","Barnstedt et al. 2016 (immuno); Johard et al., 2008 (immuno); Aso et al. 2019 (scRNA-seq)",right,,fw042326,FBbt_00111061,,isomorphic,,,
81489342623303136,720575940629730263,157784.0,41293.0,3594.0,153418.0,30836.0,4123.0,,intrinsic,central,Kenyon_Cell,KCg,14292.0,KCg-m,KCg-m,MBp1,MBp1,dopamine,0.8192080997011608,"acetylcholine; sNPF; acetylcholine, sNPF","Barnstedt et al. 2016 (immuno); Johard et al., 2008 (immuno); Aso et al. 2019 (scRNA-seq)",right,,fw042327,FBbt_00111061,,isomorphic,,,
81559848806381882,720575940618547280,159048.0,42894.0,3594.0,172976.0,33436.0,4573.0,,intrinsic,central,Kenyon_Cell,KCab,11862.0,KCab,KCab-s,MBp4,MBp4,dopamine,0.6051785605865906,"acetylcholine; sNPF; acetylcholine, sNPF","Barnstedt et al. 2016 (immuno, RNAi); Johard et al. (immuno); Aso et al. 2019 (scRNA-seq)",right,,fw042328,FBbt_00100248,,isomorphic,,,
81630217550596967,720575940612384665,160275.0,42980.0,3594.0,157608.0,37376.0,5210.0,6754577.0,intrinsic,central,Kenyon_Cell,KCg,14292.0,KCg-m,KCg-m,MBp3,MBp3,dopamine,0.8093995201291233,"acetylcholine; sNPF; acetylcholine, sNPF","Barnstedt et al. 2016 (immuno); Johard et al., 2008 (immuno); Aso et al. 2019 (scRNA-seq)",right,,fw043265,FBbt_00111061,,isomorphic,,,
81559780086929592,720575940628694007,159277.0,42158.0,3594.0,156928.0,34896.0,5144.0,6748286.0,intrinsic,central,Kenyon_Cell,KCg,14292.0,KCg-m,KCg-m,MBp3,MBp3,dopamine,0.8479742094744488,"acetylcholine; sNPF; acetylcholine, sNPF","Barnstedt et al. 2016 (immuno); Johard et al., 2008 (immuno); Aso et al. 2019 (scRNA-seq)",right,,fw043266,FBbt_00111061,,isomorphic,,,
81559780086916340,720575940626843773,159353.0,42318.0,3594.0,158632.0,33960.0,5057.0,6748441.0,intrinsic,central,Kenyon_Cell,KCg,14292.0,KCg-m,KCg-m,MBp3,MBp3,dopamine,0.7574441954672659,"acetylcholine; sNPF; acetylcholine, sNPF","Barnstedt et al. 2016 (immuno); Johard et al., 2008 (immuno); Aso et al. 2019 (scRNA-seq)",right,,fw043267,FBbt_00111061,,isomorphic,,,
