pre,post,weight
720575940621529435,720575940626742866,61
720575940619280705,720575940629978666,41
720575940607687260,720575940607351747,41
720575940639080765,720575940614283006,40
720575940638624189,720575940617093533,39
720575940607687260,720575940618184839,36
720575940621333696,720575940639688611,35
720575940634325087,720575940627908624,35
720575940630549370,720575940627043666,35
720575940638624189,720575940608774776,35
720575940607687260,720575940629236242,34
720575940633499548,720575940618436672,34
720575940621529435,720575940617436305,34
720575940621529435,720575940632930458,33
720575940630549370,720575940636447630,33
720575940639080765,720575940646034740,33
720575940637628762,720575940619863174,32
720575940621529435,720575940605627057,32
720575940607439964,720575940627568646,32
720575940630549370,720575940627263162,32
720575940621529435,720575940619055969,32
720575940607439964,720575940622451273,32
720575940637628762,720575940617911360,32
720575940629279544,720575940621845018,32
720575940638624189,720575940618894246,32
720575940621529435,720575940617873984,32
720575940619280705,720575940617845076,32
720575940631054634,720575940630436603,31
720575940621529435,720575940605488416,31
720575940630549370,720575940629236242,31
720575940617917760,720575940632582807,31
720575940609447179,720575940619630207,30
720575940621529435,720575940615927197,30
720575940621529435,720575940633056467,30
720575940619280705,720575940637118174,30
720575940638624189,720575940621882401,30
720575940637628762,720575940629502506,30
720575940638624189,720575940622335112,30
720575940609447179,720575940621763767,29
720575940637628762,720575940604766153,29
720575940638624189,720575940628291407,29
720575940637628762,720575940629236242,29
720575940639080765,720575940612590754,29
720575940619280705,720575940647714425,29
720575940626986885,720575940630471695,29
720575940613864401,720575940625329029,29
720575940606649865,720575940624516339,29
720575940637628762,720575940618876062,29
720575940638624189,720575940621391636,29
720575940630549370,720575940619977566,29
720575940642492576,720575940622637804,28
720575940609447179,720575940606893186,28
720575940637628762,720575940629834796,28
720575940637628762,720575940630612620,28
720575940606649865,720575940629855340,28
720575940621529435,720575940628269391,28
720575940637628762,720575940630547916,28
720575940638624189,720575940627687940,28
720575940607687260,720575940625156901,28
720575940634325087,720575940608345867,28
720575940619280705,720575940623358645,28
720575940607687260,720575940626510211,28
720575940621529435,720575940646229283,28
720575940630895055,720575940615356347,28
720575940629279544,720575940611450134,28
720575940637628762,720575940620955149,28
720575940606649865,720575940630733137,28
720575940630549370,720575940622637804,28
720575940607687260,720575940631801401,28
720575940637628762,720575940628695414,27
720575940637628762,720575940613941042,27
720575940629279544,720575940631868999,27
720575940639080765,720575940634878047,27
720575940609447179,720575940618258742,27
720575940621529435,720575940615346363,27
720575940638624189,720575940613248479,27
720575940638624189,720575940607337923,27
720575940630549370,720575940624754983,27
720575940631054634,720575940626220830,27
720575940626986885,720575940634836671,27
720575940639121571,720575940620474582,27
720575940621533985,720575940629834796,27
720575940609447179,720575940625741455,27
720575940609447179,720575940616588683,27
720575940621529435,720575940608801749,27
720575940629279544,720575940624494996,27
720575940621529435,720575940627550214,27
720575940630549370,720575940633516980,27
720575940607439964,720575940633710105,27
720575940637628762,720575940630906029,27
720575940630549370,720575940620811073,26
720575940621333696,720575940623010253,26
720575940606649865,720575940613156067,26
720575940630549370,720575940645759523,26
720575940621529435,720575940614772383,26
720575940634325087,720575940619038061,26
720575940626986885,720575940615344315,26
720575940607687260,720575940618422592,26
720575940609447179,720575940606331996,26
720575940626986885,720575940624584835,26
720575940609447179,720575940635656670,26
720575940637628762,720575940606452681,26
720575940629279544,720575940606893186,26
720575940621529435,720575940640646864,26
720575940638624189,720575940619693003,26
720575940632868563,720575940612421290,26
720575940639080765,720575940617612578,26
720575940630549370,720575940619435399,26
720575940631054634,720575940623105023,26
720575940626986885,720575940635309304,26
720575940632868563,720575940613941042,26
720575940621333696,720575940624112058,25
720575940619280705,720575940626513027,25
720575940637628762,720575940627768567,25
720575940629279544,720575940630613835,25
720575940639080765,720575940626621498,25
720575940621333696,720575940638903248,25
720575940626986885,720575940631801401,25
720575940621529435,720575940606399068,25
720575940619280705,720575940659297153,25
720575940617917760,720575940617649969,25
720575940629279544,720575940623011720,25
720575940616020795,720575940629335115,25
720575940637628762,720575940616723549,25
720575940607687260,720575940630351903,25
720575940638624189,720575940622861971,25
720575940638624189,720575940620393643,25
720575940606649865,720575940610029432,25
720575940621316033,720575940659765121,25
720575940607439964,720575940614606738,25
720575940633499548,720575940620282758,25
720575940642492576,720575940607981636,25
720575940638624189,720575940624584835,25
720575940621316033,720575940617166749,24
720575940609447179,720575940624626563,24
720575940616020795,720575940624704002,24
720575940621529435,720575940616964766,24
720575940621529435,720575940620276801,24
720575940606649865,720575940627834359,24
720575940619280705,720575940617926198,24
720575940630549370,720575940619028289,24
720575940638624189,720575940628209212,24
720575940621529435,720575940623136499,24
720575940619280705,720575940625969640,24
720575940637628762,720575940622005025,24
720575940621529435,720575940619834965,24
720575940617917760,720575940629733314,24
720575940629279544,720575940619938998,24
720575940639121571,720575940624302008,24
720575940629279544,720575940625741455,24
720575940630549370,720575940631453922,24
720575940621529435,720575940617034753,24
720575940637628762,720575940629211666,24
720575940639080765,720575940606341250,24
720575940606649865,720575940605551718,24
720575940633499548,720575940639057085,24
720575940621333696,720575940614899851,24
720575940621333696,720575940631875097,24
720575940626986885,720575940636430437,23
720575940613864401,720575940632353499,23
720575940626986885,720575940602564320,23
720575940621529435,720575940625690140,23
720575940621529435,720575940630039547,23
720575940607687260,720575940625765306,23
720575940637628762,720575940630026856,23
720575940606649865,720575940607763467,23
720575940621529435,720575940623369412,23
720575940619280705,720575940633908124,23
720575940609447179,720575940622294808,23
720575940638624189,720575940611586453,23
720575940619280705,720575940632676409,23
720575940631054634,720575940630443791,23
720575940621529435,720575940621983777,23
720575940617917760,720575940626081176,23
720575940617917760,720575940621163636,23
720575940607439964,720575940632364717,23
720575940619280705,720575940652342006,23
720575940629279544,720575940613987635,23
720575940619280705,720575940615964884,23
720575940630549370,720575940614148283,23
720575940630549370,720575940626975899,23
720575940626986885,720575940640688336,23
720575940638624189,720575940606864341,23
720575940621529435,720575940624157675,23
720575940606649865,720575940652799649,23
720575940621533985,720575940635386616,23
720575940630549370,720575940626702232,23
720575940621529435,720575940637733702,23
720575940623945404,720575940611611378,23
720575940637628762,720575940627986220,23
720575940609447179,720575940620754529,23
720575940607687260,720575940626646544,23
720575940619280705,720575940614772383,23
720575940616020795,720575940637949161,23
720575940613864401,720575940620344837,23
720575940617917760,720575940622803850,23
720575940639080765,720575940603674656,22
720575940621529435,720575940639686488,22
720575940630549370,720575940640276955,22
720575940626986885,720575940637526750,22
720575940639080765,720575940619154891,22
720575940621333696,720575940614199914,22
720575940607687260,720575940610101210,22
720575940623945404,720575940615456985,22
720575940609447179,720575940631686308,22
720575940606649865,720575940616781241,22
720575940621529435,720575940612587286,22
720575940637628762,720575940626474889,22
720575940609447179,720575940604766153,22
720575940630549370,720575940629500542,22
720575940619280705,720575940646598788,22
720575940631054634,720575940615101452,22
720575940626986885,720575940612765846,22
720575940621529435,720575940621334980,22
720575940609447179,720575940622891277,22
720575940630549370,720575940618894246,22
720575940621533985,720575940628773113,22
720575940621316033,720575940642328736,22
720575940621529435,720575940618667143,22
720575940638624189,720575940623691920,22
720575940630549370,720575940626668304,22
720575940609447179,720575940638903248,22
720575940639080765,720575940621973018,22
720575940629279544,720575940614768278,22
720575940621529435,720575940603673120,22
720575940639080765,720575940624032264,22
720575940630549370,720575940628152838,22
720575940621529435,720575940649649529,22
720575940606649865,720575940637404750,22
720575940621533985,720575940651816950,22
720575940619280705,720575940635213998,22
720575940638624189,720575940643266852,22
720575940606649865,720575940618148406,22
720575940621333696,720575940620223398,22
720575940606649865,720575940607010825,22
720575940621529435,720575940614524127,22
720575940619280705,720575940637846618,22
720575940637628762,720575940610336610,22
720575940630895055,720575940630265952,22
720575940621529435,720575940622558941,22
720575940616020795,720575940609950869,22
720575940619280705,720575940628697982,22
720575940630549370,720575940620603245,22
720575940621529435,720575940624609101,22
720575940621529435,720575940609226702,22
720575940630549370,720575940630935570,22
720575940616020795,720575940637434601,22
720575940621529435,720575940621892122,22
720575940631054634,720575940606954114,22
720575940621533985,720575940639749109,22
720575940623945404,720575940622637804,22
720575940606649865,720575940611210865,21
720575940639080765,720575940632169007,21
720575940639080765,720575940627292218,21
720575940606649865,720575940611111061,21
720575940639080765,720575940621730687,21
720575940639080765,720575940634914552,21
720575940637628762,720575940615696070,21
720575940606649865,720575940622451273,21
720575940621529435,720575940637169998,21
720575940631054634,720575940633989999,21
720575940621529435,720575940608393739,21
720575940621533985,720575940606968962,21
720575940621533985,720575940619597761,21
720575940607687260,720575940646606724,21
720575940630549370,720575940637907428,21
720575940639080765,720575940607010825,21
720575940606649865,720575940614811222,21
720575940630549370,720575940626794027,21
720575940607687260,720575940627170898,21
720575940623945404,720575940647714425,21
720575940637628762,720575940626669957,21
720575940609447179,720575940630452388,21
720575940638624189,720575940624107706,21
720575940609447179,720575940625532689,21
720575940630549370,720575940627336209,21
720575940630549370,720575940606452681,21
720575940637628762,720575940622671613,21
720575940621529435,720575940625476708,21
720575940637628762,720575940610175218,21
720575940617917760,720575940623947500,21
720575940617917760,720575940632068383,21
720575940639080765,720575940620407628,21
720575940629279544,720575940631024682,21
720575940621529435,720575940618517440,21
720575940621529435,720575940630219567,21
720575940637628762,720575940622102763,21
720575940623945404,720575940634954164,21
720575940638624189,720575940605180337,21
720575940631054634,720575940627150090,21
720575940616020795,720575940631625272,21
720575940619280705,720575940606621362,21
720575940621529435,720575940615876294,21
720575940621333696,720575940607351747,21
720575940630549370,720575940629240079,21
720575940639080765,720575940608456715,21
720575940621333696,720575940627097361,21
720575940613864401,720575940632940442,21
720575940630549370,720575940627244699,21
720575940621333696,720575940616781241,21
720575940621529435,720575940627292218,21
720575940607439964,720575940619828359,21
720575940607439964,720575940621389764,21
720575940639121571,720575940629545027,21
720575940630549370,720575940613773566,21
720575940621529435,720575940612421290,21
720575940617917760,720575940636224142,20
720575940630895055,720575940619028289,20
720575940621533985,720575940612435454,20
720575940609447179,720575940619414132,20
720575940639080765,720575940624516339,20
720575940626986885,720575940629277687,20
720575940639080765,720575940640756621,20
720575940607439964,720575940618015773,20
720575940607687260,720575940612770418,20
720575940630549370,720575940623586999,20
720575940606649865,720575940621225910,20
720575940607439964,720575940630733137,20
720575940621529435,720575940624158352,20
720575940619280705,720575940605196465,20
720575940609447179,720575940633073760,20
720575940631054634,720575940605627057,20
720575940638624189,720575940610690162,20
720575940621529435,720575940644843031,20
720575940637628762,720575940629545027,20
720575940621533985,720575940623191334,20
720575940638624189,720575940617734603,20
720575940619280705,720575940619954091,20
720575940634325087,720575940621924103,20
720575940630549370,720575940625807108,20
720575940607687260,720575940608823509,20
720575940638624189,720575940616052625,20
720575940613864401,720575940628209212,20
720575940609447179,720575940622886925,20
720575940629279544,720575940634914552,20
720575940619280705,720575940605507249,20
720575940621533985,720575940621415885,20
720575940616020795,720575940616569227,20
720575940629279544,720575940626582842,20
720575940619280705,720575940622133206,20
720575940637628762,720575940622641132,20
720575940607687260,720575940629406012,20
720575940607687260,720575940624859032,20
720575940623945404,720575940628787962,20
720575940630549370,720575940629824828,20
720575940637628762,720575940639726555,20
720575940642492576,720575940625762447,20
720575940621333696,720575940625454640,20
720575940613864401,720575940620354849,20
720575940609447179,720575940630026856,20
720575940606649865,720575940620811073,20
720575940638624189,720575940622542517,20
720575940639080765,720575940645248878,20
720575940616020795,720575940619156565,20
720575940621529435,720575940617473051,20
720575940634325087,720575940606621362,20
720575940637628762,720575940613774334,20
720575940621316033,720575940611343054,20
720575940639080765,720575940606483723,20
720575940637628762,720575940626676120,20
720575940617917760,720575940606891221,20
720575940607439964,720575940617473748,20
720575940621529435,720575940616350011,20
720575940606649865,720575940620303040,20
720575940621333696,720575940610375726,20
720575940607439964,720575940624577613,20
720575940621529435,720575940624584579,20
720575940607687260,720575940631425235,20
720575940619280705,720575940625486692,20
720575940629279544,720575940622894349,20
720575940613864401,720575940629022875,20
720575940621529435,720575940628807503,20
720575940639080765,720575940630868013,20
720575940621529435,720575940620655169,20
720575940630549370,720575940624852120,20
720575940623945404,720575940613383633,20
720575940637628762,720575940623441387,20
720575940609447179,720575940634231999,20
720575940616566133,720575940619078592,20
720575940639080765,720575940621010804,20
720575940621529435,720575940622972686,20
720575940621529435,720575940621044701,20
720575940621533985,720575940611686809,20
720575940637628762,720575940635803876,20
720575940607439964,720575940629782091,19
720575940607439964,720575940621922398,19
720575940607687260,720575940630687827,19
720575940637628762,720575940615896989,19
720575940630549370,720575940624265572,19
720575940637628762,720575940615974493,19
720575940616020795,720575940619744960,19
720575940617917760,720575940618266747,19
720575940621529435,720575940615193100,19
720575940619280705,720575940654491553,19
720575940607439964,720575940622013564,19
720575940632868563,720575940640688336,19
720575940642492576,720575940629855340,19
720575940630549370,720575940624516339,19
720575940616566133,720575940637190990,19
720575940630549370,720575940629201423,19
720575940621529435,720575940613867682,19
720575940638624189,720575940615409625,19
720575940632868563,720575940621056577,19
720575940617917760,720575940615409625,19
720575940617917760,720575940626510211,19
720575940630895055,720575940610907490,19
720575940637628762,720575940622637804,19
720575940638624189,720575940625508400,19
720575940621529435,720575940623016644,19
720575940638624189,720575940633570808,19
720575940613864401,720575940607715420,19
720575940638624189,720575940627741562,19
720575940623945404,720575940644136983,19
720575940638624189,720575940631875097,19
720575940639080765,720575940621560052,19
720575940631054634,720575940627750647,19
720575940637628762,720575940622820586,19
720575940607439964,720575940619781620,19
720575940623945404,720575940626535434,19
720575940621533985,720575940611045700,19
720575940631054634,720575940629633150,19
720575940607439964,720575940624487572,19
720575940607687260,720575940637704765,19
720575940637628762,720575940625329029,19
720575940642492576,720575940636553306,19
720575940609447179,720575940639118168,19
720575940617917760,720575940631667937,19
720575940613864401,720575940618779118,19
720575940607687260,720575940624125626,19
720575940621316033,720575940609684946,19
720575940639080765,720575940622773784,19
720575940626986885,720575940637754019,19
720575940633499548,720575940612008818,19
720575940630549370,720575940610101210,19
720575940639080765,720575940628295242,19
720575940621529435,720575940645377668,19
720575940630549370,720575940627987756,19
720575940621529435,720575940652799649,19
720575940626986885,720575940627687940,19
720575940630549370,720575940628519020,19
720575940639080765,720575940646697780,19
720575940626986885,720575940614186602,19
720575940630895055,720575940615323990,19
720575940638624189,720575940630269660,19
720575940621529435,720575940618266900,19
720575940638624189,720575940630419364,19
720575940630895055,720575940619652555,19
720575940607439964,720575940638964131,19
720575940639080765,720575940620500417,19
720575940630549370,720575940603050668,19
720575940639080765,720575940629624702,19
720575940621333696,720575940629507450,19
720575940606649865,720575940614186602,19
720575940639121571,720575940612384665,19
720575940617917760,720575940611129571,19
720575940621529435,720575940627861736,19
720575940619280705,720575940620608238,19
720575940619280705,720575940624852120,19
720575940639080765,720575940619519909,19
720575940629279544,720575940627568646,19
720575940639121571,720575940615243020,19
720575940621529435,720575940631868999,19
720575940619280705,720575940618894246,19
720575940621529435,720575940629942844,19
720575940637628762,720575940632718291,19
720575940606649865,720575940633212779,19
720575940619280705,720575940618182535,19
720575940629279544,720575940629942844,19
720575940606649865,720575940627263162,19
720575940613864401,720575940633908124,19
720575940609447179,720575940629162693,19
720575940630549370,720575940634362999,19
720575940639080765,720575940627426837,19
720575940621529435,720575940615270962,18
720575940639080765,720575940614207850,18
720575940619280705,720575940610963734,18
720575940621533985,720575940626510211,18
720575940616566133,720575940623890890,18
720575940637628762,720575940637725272,18
720575940639080765,720575940624648067,18
720575940616020795,720575940624682426,18
720575940638624189,720575940628689963,18
720575940607687260,720575940606347394,18
720575940630549370,720575940613681458,18
720575940639080765,720575940620828912,18
720575940621529435,720575940633123609,18
720575940621529435,720575940636769343,18
720575940609447179,720575940632377375,18
720575940629279544,720575940627165010,18
720575940616020795,720575940621987255,18
720575940632868563,720575940622288152,18
720575940630895055,720575940621017840,18
720575940638624189,720575940622222921,18
720575940621529435,720575940626803279,18
720575940609447179,720575940614199914,18
720575940621533985,720575940618846001,18
720575940616020795,720575940621888169,18
720575940633499548,720575940632552343,18
720575940621529435,720575940622228812,18
720575940633499548,720575940632617164,18
720575940617917760,720575940641936584,18
720575940621529435,720575940625329029,18
720575940633499548,720575940621561226,18
720575940642492576,720575940618359745,18
720575940626986885,720575940617492805,18
720575940634325087,720575940616087323,18
720575940630895055,720575940623023544,18
720575940616020795,720575940618190238,18
720575940613864401,720575940614027059,18
720575940630549370,720575940619970586,18
720575940621529435,720575940633886765,18
720575940617917760,720575940612563454,18
720575940642492576,720575940625158437,18
720575940642492576,720575940618544367,18
720575940621529435,720575940632010567,18
720575940626986885,720575940606963586,18
720575940617917760,720575940622944461,18
720575940607687260,720575940622820586,18
720575940631054634,720575940623542972,18
720575940616020795,720575940608286556,18
720575940630549370,720575940615456985,18
720575940617917760,720575940632951266,18
720575940630549370,720575940626253318,18
720575940621529435,720575940609970801,18
720575940621316033,720575940608806776,18
720575940630549370,720575940625900900,18
720575940619280705,720575940633580024,18
720575940619280705,720575940633075163,18
720575940621533985,720575940620465996,18
720575940639121571,720575940611748594,18
720575940631054634,720575940619090785,18
720575940609447179,720575940617079257,18
720575940607439964,720575940607352003,18
720575940609447179,720575940631048267,18
720575940621316033,720575940630228271,18
720575940621533985,720575940630067816,18
720575940633499548,720575940620210857,18
720575940607687260,720575940627687940,18
720575940630895055,720575940631603768,18
720575940609447179,720575940623370180,18
720575940632868563,720575940636242039,18
720575940639121571,720575940620407628,18
720575940638624189,720575940638619358,18
720575940633499548,720575940610210034,18
720575940639080765,720575940614778454,18
720575940630895055,720575940630906655,18
720575940629279544,720575940621763767,18
720575940623945404,720575940632735021,18
720575940621529435,720575940616189509,18
720575940631054634,720575940616095517,18
720575940638624189,720575940619731392,18
720575940619280705,720575940634951007,18
720575940609447179,720575940628408055,18
720575940626986885,720575940621359142,18
720575940639121571,720575940609226702,18
720575940630549370,720575940635465908,18
720575940607687260,720575940620273023,17
720575940634325087,720575940617924432,17
720575940630549370,720575940619147349,17
720575940621529435,720575940613540767,17
720575940629279544,720575940632929178,17
720575940607687260,720575940634362999,17
720575940621333696,720575940622697196,17
720575940634325087,720575940619155029,17
720575940639121571,720575940610944022,17
720575940638624189,720575940622249949,17
720575940619280705,720575940626225941,17
720575940607439964,720575940628533356,17
720575940623945404,720575940637169998,17
720575940631054634,720575940620109191,17
720575940621529435,720575940638531637,17
720575940638624189,720575940623008440,17
720575940638624189,720575940645828740,17
720575940623945404,720575940637695395,17
720575940630549370,720575940614811222,17
720575940621529435,720575940639749109,17
720575940609447179,720575940616245365,17
720575940621316033,720575940623171847,17
720575940621529435,720575940639116888,17
720575940617917760,720575940619658433,17
720575940623945404,720575940627282002,17
720575940638624189,720575940621786295,17
720575940621333696,720575940637704765,17
720575940639080765,720575940612009903,17
720575940607687260,720575940629127109,17
720575940616566133,720575940624852120,17
720575940616566133,720575940616887966,17
720575940607439964,720575940629824828,17
720575940613864401,720575940619041133,17
720575940607687260,720575940627244699,17
720575940621529435,720575940612151538,17
720575940607687260,720575940620172397,17
720575940629279544,720575940626548234,17
720575940619280705,720575940632929690,17
720575940630549370,720575940619672656,17
720575940631054634,720575940631453763,17
720575940642492576,720575940636135543,17
720575940621529435,720575940619156565,17
720575940621533985,720575940625058173,17
720575940607687260,720575940621648008,17
720575940633499548,720575940619412596,17
720575940638624189,720575940609405646,17
720575940616020795,720575940625780648,17
720575940638624189,720575940609153746,17
720575940630549370,720575940629949751,17
720575940606649865,720575940627585286,17
720575940621529435,720575940603084972,17
720575940607687260,720575940619668053,17
720575940621529435,720575940633551540,17
720575940634325087,720575940612717202,17
720575940639080765,720575940632940442,17
720575940621333696,720575940628269391,17
720575940621533985,720575940624834968,17
720575940616020795,720575940623914954,17
720575940619280705,720575940622217033,17
720575940626986885,720575940623356493,17
720575940637628762,720575940626646544,17
720575940617917760,720575940606483467,17
720575940619280705,720575940637810239,17
720575940630549370,720575940624125626,17
720575940617917760,720575940615768693,17
720575940621529435,720575940625901002,17
720575940639080765,720575940629921654,17
720575940617917760,720575940619414132,17
720575940639121571,720575940617873984,17
720575940621529435,720575940617529318,17
720575940639121571,720575940620682662,17
720575940621529435,720575940621538431,17
720575940639080765,720575940614981087,17
720575940633499548,720575940630598395,17
720575940621529435,720575940625678613,17
720575940606649865,720575940652822945,17
720575940613864401,720575940615896989,17
720575940639080765,720575940628868943,17
720575940621529435,720575940618841910,17
720575940623945404,720575940630250543,17
720575940642492576,720575940616308597,17
720575940637628762,720575940632930458,17
720575940630549370,720575940607310531,17
720575940616566133,720575940608662485,17
720575940621529435,720575940611111829,17
720575940642492576,720575940608517385,17
720575940621529435,720575940621017921,17
720575940638624189,720575940626526218,17
720575940629279544,720575940650260214,17
720575940639080765,720575940620176237,17
720575940621333696,720575940628414567,17
720575940633499548,720575940639100760,17
720575940639080765,720575940620356800,17
720575940609447179,720575940626353905,17
720575940621529435,720575940631661281,17
720575940631054634,720575940627543624,17
720575940630549370,720575940620211622,17
720575940621333696,720575940621322534,17
720575940639080765,720575940626430339,17
720575940621529435,720575940629625466,17
720575940630895055,720575940629162693,17
720575940606649865,720575940606331996,17
720575940634325087,720575940631453763,17
720575940631054634,720575940616913822,17
720575940638624189,720575940625768073,17
720575940621529435,720575940619978266,17
720575940617917760,720575940636146409,17
720575940633499548,720575940631342476,17
720575940637628762,720575940621228894,17
720575940621533985,720575940637970665,17
720575940613864401,720575940619695553,17
720575940621529435,720575940626792778,17
720575940621529435,720575940622641132,17
720575940607687260,720575940626513171,17
720575940638624189,720575940635150990,17
720575940630549370,720575940621924615,17
720575940639080765,720575940619382875,17
720575940630895055,720575940628359895,16
720575940634325087,720575940629271596,16
720575940639080765,720575940623546638,16
720575940621529435,720575940609979505,16
720575940621533985,720575940614888854,16
720575940630549370,720575940607337923,16
720575940617917760,720575940626326952,16
720575940607439964,720575940644609134,16
720575940634325087,720575940610963734,16
720575940607439964,720575940625318163,16
720575940607687260,720575940617878080,16
720575940607439964,720575940625570334,16
720575940616566133,720575940637657189,16
720575940621529435,720575940631777567,16
720575940616566133,720575940628735275,16
720575940639080765,720575940621922398,16
720575940613864401,720575940619430326,16
720575940609447179,720575940621491696,16
720575940630549370,720575940641936584,16
720575940639080765,720575940626657808,16
720575940633499548,720575940640276955,16
720575940621533985,720575940603719712,16
720575940616020795,720575940624647299,16
720575940606649865,720575940623582904,16
720575940621529435,720575940616911262,16
720575940633499548,720575940609935310,16
720575940616020795,720575940642948887,16
720575940639080765,720575940621023041,16
720575940634325087,720575940632197935,16
720575940617917760,720575940632718291,16
720575940637628762,720575940613421890,16
720575940630549370,720575940617941046,16
720575940623945404,720575940637754019,16
720575940642492576,720575940626622480,16
720575940629279544,720575940625158437,16
720575940626986885,720575940626782507,16
720575940621529435,720575940616589888,16
720575940630549370,720575940614744991,16
720575940613864401,720575940628506732,16
720575940621529435,720575940610505621,16
720575940609447179,720575940627165010,16
720575940639080765,720575940631458371,16
720575940629279544,720575940623105023,16
720575940607687260,720575940625290003,16
720575940630549370,720575940621786295,16
720575940637628762,720575940636447630,16
720575940630549370,720575940617893461,16
720575940621529435,720575940639057085,16
720575940621529435,720575940623981385,16
720575940637628762,720575940614925963,16
720575940621529435,720575940636352357,16
720575940606649865,720575940633300927,16
720575940634325087,720575940609941653,16
720575940621529435,720575940629536894,16
720575940616566133,720575940640756621,16
720575940606649865,720575940615764422,16
720575940630549370,720575940621044701,16
720575940609447179,720575940627854568,16
720575940621533985,720575940632233628,16
720575940621529435,720575940623011720,16
720575940607687260,720575940630219567,16
720575940630549370,720575940611450134,16
720575940621529435,720575940626194716,16
720575940621529435,720575940618765528,16
720575940617917760,720575940603642982,16
720575940633499548,720575940625807108,16
720575940637628762,720575940620831949,16
720575940632868563,720575940641362907,16
720575940621529435,720575940630759507,16
720575940630549370,720575940622816234,16
720575940638624189,720575940615481489,16
720575940621529435,720575940636242039,16
720575940638624189,720575940622462472,16
720575940621533985,720575940610347929,16
720575940613864401,720575940630351903,16
720575940619280705,720575940626277382,16
720575940626986885,720575940624060208,16
720575940621529435,720575940622276365,16
720575940616566133,720575940609950869,16
720575940607687260,720575940622654444,16
720575940621529435,720575940604806345,16
720575940631054634,720575940606341250,16
720575940609447179,720575940626496275,16
720575940639080765,720575940627568646,16
720575940621529435,720575940627587078,16
720575940638624189,720575940614495093,16
720575940630549370,720575940616878238,16
720575940616020795,720575940609405646,16
720575940623945404,720575940620272064,16
720575940642492576,720575940609999217,16
720575940621533985,720575940620537071,16
720575940621533985,720575940611946482,16
720575940629279544,720575940628217643,16
720575940617917760,720575940626688893,16
720575940621529435,720575940634468197,16
720575940634325087,720575940619041133,16
720575940621529435,720575940624851864,16
720575940621529435,720575940654606753,16
720575940607439964,720575940634942362,16
720575940621533985,720575940639726555,16
720575940621529435,720575940635213998,16
720575940626986885,720575940631425235,16
720575940607439964,720575940612587286,16
720575940639080765,720575940630902083,16
720575940634325087,720575940605488416,16
720575940617917760,720575940622276365,16
720575940621333696,720575940649228665,16
720575940626986885,720575940615456985,16
720575940621316033,720575940631425235,16
720575940606649865,720575940630935570,16
720575940607439964,720575940607280306,16
720575940621529435,720575940634012015,16
720575940639080765,720575940617473748,16
720575940631054634,720575940620211622,16
720575940633499548,720575940611686809,16
720575940606649865,720575940604008672,16
720575940621529435,720575940636224142,16
720575940634325087,720575940612668018,16
720575940621529435,720575940624302008,16
720575940607439964,720575940627621626,16
720575940621529435,720575940610691507,16
720575940617917760,720575940629202167,16
720575940631054634,720575940613782796,16
720575940637628762,720575940618586459,16
720575940621529435,720575940629166592,16
720575940617917760,720575940618765528,16
720575940623945404,720575940617176413,16
720575940632868563,720575940636519598,16
720575940609447179,720575940628201259,16
720575940631054634,720575940638975285,16
720575940621529435,720575940637954532,16
720575940621529435,720575940620603245,16
720575940631054634,720575940621809246,16
720575940621529435,720575940625537822,16
720575940630549370,720575940627112723,16
720575940638624189,720575940629804857,16
720575940621529435,720575940625584688,16
720575940631054634,720575940628394716,15
720575940634325087,720575940621892122,15
720575940631054634,720575940629294636,15
720575940630549370,720575940627709948,15
720575940638624189,720575940624114494,15
720575940623945404,720575940610375726,15
720575940634325087,720575940628060934,15
720575940634325087,720575940630039547,15
720575940639080765,720575940639588723,15
720575940630895055,720575940607971908,15
720575940639080765,720575940640292571,15
720575940623945404,720575940637788494,15
720575940613864401,720575940630969555,15
720575940632868563,720575940623016644,15
720575940634325087,720575940620507862,15
720575940630549370,720575940630612620,15
720575940630549370,720575940627908624,15
720575940626986885,720575940608633134,15
720575940631054634,720575940622023262,15
720575940621529435,720575940636488878,15
720575940621316033,720575940624852120,15
720575940639080765,720575940636488878,15
720575940642492576,720575940626742866,15
720575940607687260,720575940632111780,15
720575940621333696,720575940603673120,15
720575940632868563,720575940608532675,15
720575940621533985,720575940611733997,15
720575940634325087,720575940619382875,15
720575940630895055,720575940605197745,15
720575940637628762,720575940624232974,15
720575940638624189,720575940639057085,15
720575940630895055,720575940610946070,15
720575940637628762,720575940617708747,15
720575940630895055,720575940615876294,15
720575940621529435,720575940620451916,15
720575940621529435,720575940620059045,15
720575940607439964,720575940617893461,15
720575940621333696,720575940625942458,15
720575940617917760,720575940615255090,15
720575940606649865,720575940620007457,15
720575940621316033,720575940604860332,15
720575940639080765,720575940615651014,15
720575940613864401,720575940633551540,15
720575940621529435,720575940627964204,15
720575940621316033,720575940621897249,15
720575940626986885,720575940629782091,15
720575940639121571,720575940618194708,15
720575940639121571,720575940618396399,15
720575940621316033,720575940639588723,15
720575940616566133,720575940634012015,15
720575940621529435,720575940648276089,15
720575940621529435,720575940616547904,15
720575940613864401,720575940624830503,15
720575940630549370,720575940628830551,15
720575940637628762,720575940617529318,15
720575940609447179,720575940627021128,15
720575940609447179,720575940605197745,15
720575940630895055,720575940615897501,15
720575940621533985,720575940615896989,15
720575940621529435,720575940621892829,15
720575940626986885,720575940628209212,15
720575940609447179,720575940626075079,15
720575940638624189,720575940634154140,15
720575940638624189,720575940634117216,15
720575940621533985,720575940625691669,15
720575940637628762,720575940635541623,15
720575940638624189,720575940605451552,15
720575940619280705,720575940647739513,15
720575940606649865,720575940625901002,15
720575940639080765,720575940620276801,15
720575940617917760,720575940620682934,15
720575940639080765,720575940621023297,15
720575940629279544,720575940612421290,15
720575940637628762,720575940628060166,15
720575940630549370,720575940645390468,15
720575940607687260,720575940649012857,15
720575940633499548,720575940610906521,15
720575940616566133,720575940614902667,15
720575940606649865,720575940618526912,15
720575940639080765,720575940622981902,15
720575940621529435,720575940627243623,15
720575940626986885,720575940622305304,15
720575940639080765,720575940613383633,15
720575940621529435,720575940627480853,15
720575940621529435,720575940629997561,15
720575940630549370,720575940634468197,15
720575940621529435,720575940627332100,15
720575940621529435,720575940626782507,15
720575940606649865,720575940612151538,15
720575940637628762,720575940630853948,15
720575940633499548,720575940617474629,15
720575940639080765,720575940610946730,15
720575940630549370,720575940629804857,15
720575940616020795,720575940630561484,15
720575940621529435,720575940631177035,15
720575940637628762,720575940615894173,15
720575940613864401,720575940627987756,15
720575940623945404,720575940627069203,15
720575940626986885,720575940606729858,15
720575940616020795,720575940621872645,15
720575940632868563,720575940632932506,15
720575940619280705,720575940633243755,15
720575940621316033,720575940637695395,15
720575940630895055,720575940614199914,15
720575940607439964,720575940632135249,15
720575940639080765,720575940606864341,15
720575940617917760,720575940610137050,15
720575940621533985,720575940620303040,15
720575940630549370,720575940625223690,15
720575940630549370,720575940625158437,15
720575940621529435,720575940632835810,15
720575940621529435,720575940632951266,15
720575940619280705,720575940614037811,15
720575940639080765,720575940607993668,15
720575940621529435,720575940632929178,15
720575940639080765,720575940628394716,15
720575940642492576,720575940608633134,15
720575940638624189,720575940606549961,15
720575940617917760,720575940617452689,15
720575940617917760,720575940621403844,15
720575940619280705,720575940631630561,15
720575940607687260,720575940624158906,15
720575940607439964,720575940622768266,14
720575940637628762,720575940621351876,14
720575940637628762,720575940621382852,14
720575940639080765,720575940619652555,14
720575940639080765,720575940623008440,14
720575940639080765,720575940615125307,14
720575940617917760,720575940622861971,14
720575940633499548,720575940620457904,14
720575940621533985,720575940637315418,14
720575940639121571,720575940610943897,14
720575940607439964,720575940624158906,14
720575940637628762,720575940621162416,14
720575940621529435,720575940630414700,14
720575940621529435,720575940621658502,14
720575940642492576,720575940611111829,14
720575940621529435,720575940631458371,14
720575940609447179,720575940615465433,14
720575940613864401,720575940617708747,14
720575940621529435,720575940626547817,14
720575940606649865,720575940623191334,14
720575940637628762,720575940628297627,14
720575940619280705,720575940607352003,14
720575940630549370,720575940636375653,14
720575940621529435,720575940644136983,14
720575940617917760,720575940613774334,14
720575940633499548,720575940618266747,14
720575940616566133,720575940612576254,14
720575940638624189,720575940624884920,14
720575940630895055,720575940627493141,14
720575940621533985,720575940615072373,14
720575940621316033,720575940627043666,14
720575940621316033,720575940623438571,14
720575940616020795,720575940645210222,14
720575940639080765,720575940609940373,14
720575940639080765,720575940622816234,14
720575940613864401,720575940633908887,14
720575940633499548,720575940624563075,14
720575940621333696,720575940610960994,14
720575940617917760,720575940612754582,14
720575940621533985,720575940622928397,14
720575940621529435,720575940634442091,14
720575940619280705,720575940613284063,14
720575940613864401,720575940632932506,14
720575940619280705,720575940640566736,14
720575940609447179,720575940637055797,14
720575940607439964,720575940621005044,14
720575940609447179,720575940637849151,14
720575940606649865,720575940625667365,14
720575940616020795,720575940621567472,14
720575940631054634,720575940617529318,14
720575940637628762,720575940608772821,14
720575940606649865,720575940625486692,14
720575940630549370,720575940623822261,14
720575940639080765,720575940628887887,14
720575940630549370,720575940623776437,14
720575940638624189,720575940619701631,14
720575940621533985,720575940629211666,14
720575940626986885,720575940621700190,14
720575940616566133,720575940621888169,14
720575940637628762,720575940650270710,14
720575940639080765,720575940629563006,14
720575940638624189,720575940618182981,14
720575940616020795,720575940633075163,14
720575940617917760,720575940638468678,14
720575940613864401,720575940642948887,14
720575940617917760,720575940637846618,14
720575940617917760,720575940632932762,14
720575940630549370,720575940620904780,14
720575940626986885,720575940631625272,14
720575940638624189,720575940627020933,14
720575940621529435,720575940617893461,14
720575940637628762,720575940634117216,14
720575940633499548,720575940622263510,14
720575940638624189,720575940618359745,14
720575940626986885,720575940644423204,14
720575940616566133,720575940606452681,14
720575940607687260,720575940630679895,14
720575940629279544,720575940627016859,14
720575940631054634,720575940630598395,14
720575940621529435,720575940633186771,14
720575940621333696,720575940608823509,14
720575940639080765,720575940617238457,14
720575940621529435,720575940605184102,14
720575940621333696,720575940639726555,14
720575940621533985,720575940608662574,14
720575940630549370,720575940630415268,14
720575940606649865,720575940632583831,14
720575940634325087,720575940612572670,14
720575940637628762,720575940625584688,14
720575940642492576,720575940630146135,14
720575940638624189,720575940620904780,14
720575940621316033,720575940631408199,14
720575940626986885,720575940626277382,14
720575940630895055,720575940603642982,14
720575940616566133,720575940632927405,14
720575940619280705,720575940628295242,14
720575940623945404,720575940611532949,14
720575940639080765,720575940639158480,14
720575940621529435,720575940619090529,14
720575940613864401,720575940623129087,14
720575940630549370,720575940621121206,14
720575940630549370,720575940619695553,14
720575940607439964,720575940630879533,14
720575940617917760,720575940618994880,14
720575940633499548,720575940626792209,14
720575940634325087,720575940606902741,14
720575940617917760,720575940630063676,14
720575940633499548,720575940629921398,14
720575940629279544,720575940627264082,14
720575940642492576,720575940618526912,14
720575940638624189,720575940616878238,14
720575940617917760,720575940627552680,14
720575940639080765,720575940631967575,14
720575940634325087,720575940609950869,14
720575940630895055,720575940621944583,14
720575940638624189,720575940605362610,14
720575940637628762,720575940625994728,14
720575940631054634,720575940617937181,14
720575940621529435,720575940632353499,14
720575940639080765,720575940616095517,14
720575940639080765,720575940627077032,14
720575940630549370,720575940614899851,14
720575940607687260,720575940620274497,14
720575940637628762,720575940619713200,14
720575940609447179,720575940631827527,14
720575940629279544,720575940611802330,14
720575940638624189,720575940624054675,14
720575940621529435,720575940615974493,14
720575940630895055,720575940606968450,14
720575940607687260,720575940614036019,14
720575940621333696,720575940630471695,14
720575940621333696,720575940629271596,14
720575940639080765,720575940637907428,14
720575940639080765,720575940621897249,14
720575940613864401,720575940630415268,14
720575940607687260,720575940626474889,14
720575940607439964,720575940646667828,14
720575940621529435,720575940629202167,14
720575940638624189,720575940621885191,14
720575940639080765,720575940609104579,14
720575940630549370,720575940617734603,14
720575940638624189,720575940616547648,14
720575940634325087,720575940617390036,14
720575940642492576,720575940633004383,14
720575940621533985,720575940610690162,14
720575940621529435,720575940613188319,14
720575940606649865,720575940630296913,14
720575940637628762,720575940604860332,14
720575940638624189,720575940615401433,14
720575940616020795,720575940634954164,14
720575940631054634,720575940659314817,14
720575940616020795,720575940607828233,14
720575940607439964,720575940608433476,14
720575940621533985,720575940612008818,14
720575940629279544,720575940632433828,14
720575940629279544,720575940632532255,14
720575940606649865,720575940624060208,14
720575940616020795,720575940618846001,13
720575940630549370,720575940624396524,13
720575940638624189,720575940629240079,13
720575940609447179,720575940621892829,13
720575940613864401,720575940629140071,13
720575940642492576,720575940614115515,13
720575940607687260,720575940628060983,13
720575940630895055,720575940621087408,13
720575940621533985,720575940609684946,13
720575940630549370,720575940607930716,13
720575940616020795,720575940629166592,13
720575940621529435,720575940619587009,13
720575940621316033,720575940608145877,13
720575940626986885,720575940615134918,13
720575940630549370,720575940630219567,13
720575940616566133,720575940625740169,13
720575940621316033,720575940626702232,13
720575940619280705,720575940614811222,13
720575940621529435,720575940632558675,13
720575940606649865,720575940633996911,13
720575940619280705,720575940610946070,13
720575940631054634,720575940619834965,13
720575940632868563,720575940614811222,13
720575940639080765,720575940620272064,13
720575940637628762,720575940625642340,13
720575940639121571,720575940615974493,13
720575940639121571,720575940646263331,13
720575940626986885,720575940633493660,13
720575940621533985,720575940629500542,13
720575940630549370,720575940630269660,13
720575940638624189,720575940627782148,13
720575940630895055,720575940632980378,13
720575940609447179,720575940630067816,13
720575940642492576,720575940640756621,13
720575940632868563,720575940631256168,13
720575940621533985,720575940627165010,13
720575940616566133,720575940638925877,13
720575940606649865,720575940625715733,13
720575940621529435,720575940608524483,13
720575940613864401,720575940626277382,13
720575940621333696,720575940611946482,13
720575940621529435,720575940623386506,13
720575940616566133,720575940618396399,13
720575940631054634,720575940619054027,13
720575940621529435,720575940631088402,13
720575940621316033,720575940614115515,13
720575940621529435,720575940659765121,13
720575940621533985,720575940625939801,13
720575940629279544,720575940634294367,13
720575940638624189,720575940651816950,13
720575940629279544,720575940615346363,13
720575940633499548,720575940635288943,13
720575940616020795,720575940617834560,13
720575940638624189,720575940611988008,13
720575940621529435,720575940629300043,13
720575940616566133,720575940608806776,13
720575940621529435,720575940641362907,13
720575940616020795,720575940630109756,13
720575940616020795,720575940611532949,13
720575940616566133,720575940618258742,13
720575940616566133,720575940644583534,13
720575940606649865,720575940615651014,13
720575940621533985,720575940618337300,13
720575940621529435,720575940634858676,13
720575940607687260,720575940623023544,13
720575940626986885,720575940607930716,13
720575940613864401,720575940640276955,13
720575940638624189,720575940614803286,13
720575940621529435,720575940603751782,13
720575940639080765,720575940621471732,13
720575940642492576,720575940622302488,13
720575940626986885,720575940621017840,13
720575940639121571,720575940620862273,13
720575940613864401,720575940619078592,13
720575940617917760,720575940623691920,13
720575940630895055,720575940645819268,13
720575940617917760,720575940620460108,13
720575940630549370,720575940629140071,13
720575940639080765,720575940628415079,13
720575940607687260,720575940639071029,13
720575940613864401,720575940622812808,13
720575940607439964,720575940626305679,13
720575940637628762,720575940610676403,13
720575940616566133,720575940635614942,13
720575940630549370,720575940627245701,13
720575940619280705,720575940646646148,13
720575940607687260,720575940628538679,13
720575940629279544,720575940628056375,13
720575940621529435,720575940617855133,13
720575940609447179,720575940633911959,13
720575940629279544,720575940621228894,13
720575940630549370,720575940632718291,13
720575940638624189,720575940641889952,13
720575940621529435,720575940617857053,13
720575940626986885,720575940611985448,13
720575940637628762,720575940612765846,13
720575940613864401,720575940634800282,13
720575940639121571,720575940636364133,13
720575940630549370,720575940620464204,13
720575940621333696,720575940621845018,13
720575940617917760,720575940630067816,13
720575940621316033,720575940619147349,13
720575940637628762,720575940618894246,13
720575940621529435,720575940625995251,13
720575940638624189,720575940630415268,13
720575940621529435,720575940621885191,13
720575940616020795,720575940636364133,13
720575940616566133,720575940610943897,13
720575940637628762,720575940615134918,13
720575940638624189,720575940627194426,13
720575940621529435,720575940630475513,13
720575940629279544,720575940613799436,13
720575940638624189,720575940608145877,13
720575940642492576,720575940658795137,13
720575940630549370,720575940621056577,13
720575940607687260,720575940627741562,13
720575940631054634,720575940626316802,13
720575940639080765,720575940622748868,13
720575940638624189,720575940606947714,13
720575940638624189,720575940639118168,13
720575940613864401,720575940622727572,13
720575940621316033,720575940618224709,13
720575940629279544,720575940605541920,13
720575940633499548,720575940632536780,13
720575940607687260,720575940630906029,13
720575940616566133,720575940614115515,13
720575940619280705,720575940623009549,13
720575940616566133,720575940607981636,13
720575940621533985,720575940618545903,13
720575940619280705,720575940623586999,13
720575940638624189,720575940618544623,13
720575940616020795,720575940624158906,13
720575940621529435,720575940633312482,13
720575940621316033,720575940630219055,13
720575940621529435,720575940626090340,13
720575940621316033,720575940630047080,13
720575940607687260,720575940624609101,13
720575940632868563,720575940622641132,12
720575940630549370,720575940613684906,12
720575940607439964,720575940618201620,12
720575940616020795,720575940637804260,12
720575940621529435,720575940630671890,12
720575940607439964,720575940622462472,12
720575940630549370,720575940620434671,12
720575940626986885,720575940620973848,12
720575940616020795,720575940617492805,12
720575940623945404,720575940632964269,12
720575940633499548,720575940621857313,12
720575940626986885,720575940621288225,12
720575940616020795,720575940622803850,12
720575940638624189,720575940627630154,12
720575940630549370,720575940624593132,12
720575940638624189,720575940620036385,12
720575940616020795,720575940621892122,12
720575940623945404,720575940625692816,12
720575940631054634,720575940626792209,12
720575940637628762,720575940622669508,12
720575940609447179,720575940610943897,12
720575940621529435,720575940619036911,12
720575940621333696,720575940626513171,12
720575940633499548,720575940615019231,12
720575940634325087,720575940636168414,12
720575940621316033,720575940626948485,12
720575940621529435,720575940646682932,12
720575940609447179,720575940621892122,12
720575940617917760,720575940659765121,12
720575940638624189,720575940625702949,12
720575940621333696,720575940615931293,12
720575940607687260,720575940626362696,12
720575940607687260,720575940624593132,12
720575940619280705,720575940622773784,12
720575940606649865,720575940629788012,12
720575940621529435,720575940626663440,12
720575940637628762,720575940617473051,12
720575940638624189,720575940621056577,12
720575940616566133,720575940621087408,12
720575940632868563,720575940612740466,12
720575940639080765,720575940627986220,12
720575940613864401,720575940630537676,12
720575940642492576,720575940635016048,12
720575940639080765,720575940612091601,12
720575940639080765,720575940627851008,12
720575940634325087,720575940614036019,12
720575940630895055,720575940619701631,12
720575940638624189,720575940620831949,12
720575940638624189,720575940611987240,12
720575940639080765,720575940613987730,12
720575940639121571,720575940627264488,12
720575940642492576,720575940620442817,12
720575940637628762,720575940628711631,12
720575940639080765,720575940630432932,12
720575940633499548,720575940617814429,12
720575940637628762,720575940621174192,12
720575940616566133,720575940625290003,12
720575940616566133,720575940607310531,12
720575940619280705,720575940630179159,12
720575940639080765,720575940618779118,12
720575940642492576,720575940627621626,12
720575940633499548,720575940629921654,12
720575940631054634,720575940624577613,12
720575940607687260,720575940608383243,12
720575940621529435,720575940624494373,12
720575940638624189,720575940605197745,12
720575940637628762,720575940636677190,12
720575940632868563,720575940616878238,12
720575940607687260,720575940622228812,12
720575940639121571,720575940628374121,12
720575940639080765,720575940618334145,12
720575940630895055,720575940627834359,12
720575940623945404,720575940636356836,12
720575940621533985,720575940614811222,12
720575940607687260,720575940624288520,12
720575940607439964,720575940639506749,12
720575940634325087,720575940620425310,12
720575940637628762,720575940620442817,12
720575940623945404,720575940637465054,12
720575940619280705,720575940608662574,12
720575940606649865,720575940622263510,12
720575940619280705,720575940616910310,12
720575940609447179,720575940614010419,12
720575940626986885,720575940610191795,12
720575940629279544,720575940619412596,12
720575940621533985,720575940605606274,12
720575940621529435,720575940620058236,12
720575940621316033,720575940621786807,12
720575940621529435,720575940632481363,12
720575940619280705,720575940622222921,12
720575940634325087,720575940622102763,12
720575940621533985,720575940621924615,12
720575940630549370,720575940621389764,12
720575940621529435,720575940612778646,12
720575940619280705,720575940617605154,12
720575940638624189,720575940632203823,12
720575940613864401,720575940622162505,12
720575940609447179,720575940628152838,12
720575940629279544,720575940628060166,12
720575940630549370,720575940629997561,12
720575940626986885,720575940617321243,12
720575940619280705,720575940627045636,12
720575940632868563,720575940608820600,12
720575940638624189,720575940621321412,12
720575940631054634,720575940629921398,12
720575940639080765,720575940630450852,12
720575940638624189,720575940622402311,12
720575940613864401,720575940621948810,12
720575940639080765,720575940604997152,12
720575940617917760,720575940628306075,12
720575940639121571,720575940611696042,12
720575940623945404,720575940631024911,12
720575940621316033,720575940626694479,12
720575940621316033,720575940639726555,12
720575940630549370,720575940639515965,12
720575940638624189,720575940644843031,12
720575940634325087,720575940628309186,12
720575940637628762,720575940606892162,12
720575940637628762,720575940622723683,12
720575940621529435,720575940620600700,12
720575940642492576,720575940629792620,12
720575940621529435,720575940616095517,12
720575940617917760,720575940636430437,12
720575940630895055,720575940624426533,12
720575940609447179,720575940612576254,12
720575940621529435,720575940628533356,12
720575940607439964,720575940644747572,12
720575940621529435,720575940627264488,12
720575940621333696,720575940630430495,12
720575940642492576,720575940630687827,12
720575940621316033,720575940622671613,12
720575940621529435,720575940620507862,12
720575940621316033,720575940607352003,12
720575940639121571,720575940609149394,12
720575940630895055,720575940632434340,12
720575940621533985,720575940623810487,12
720575940634325087,720575940626930947,12
720575940613864401,720575940624375088,12
720575940621529435,720575940610945558,12
720575940606649865,720575940609935310,12
720575940639080765,720575940617456798,12
720575940619280705,720575940625691669,12
720575940637628762,720575940622821325,12
720575940639121571,720575940618497216,12
720575940621316033,720575940622748868,12
720575940642492576,720575940628761039,12
720575940639080765,720575940622387677,12
720575940630549370,720575940626353905,12
720575940621529435,720575940620682934,12
720575940609447179,720575940612339810,12
720575940634325087,720575940625292606,12
720575940617917760,720575940624396524,12
720575940621333696,720575940607715420,11
720575940619280705,720575940634468197,11
720575940642492576,720575940615539385,11
720575940637628762,720575940626663440,11
720575940616020795,720575940633040223,11
720575940623945404,720575940617855133,11
720575940638624189,720575940617924432,11
720575940637628762,720575940626560857,11
720575940621529435,720575940611210865,11
720575940626986885,720575940607984651,11
720575940638624189,720575940618992749,11
720575940606649865,720575940619672656,11
720575940642492576,720575940615401433,11
720575940626986885,720575940605597216,11
720575940639121571,720575940639056061,11
720575940617917760,720575940628491792,11
720575940630549370,720575940618210251,11
720575940637628762,720575940627621626,11
720575940630549370,720575940625156901,11
720575940609447179,720575940620424641,11
720575940642492576,720575940614199914,11
720575940619280705,720575940628711631,11
720575940619280705,720575940629240079,11
720575940631054634,720575940631801631,11
720575940621529435,720575940625292606,11
720575940606649865,720575940619876702,11
720575940638624189,720575940622932809,11
720575940616566133,720575940635498871,11
720575940621316033,720575940621019457,11
720575940637628762,720575940623403773,11
720575940634325087,720575940627021128,11
720575940616020795,720575940635541623,11
720575940621529435,720575940623400189,11
720575940607687260,720575940625768073,11
720575940637628762,720575940610137050,11
720575940634325087,720575940634235744,11
720575940630895055,720575940627778564,11
720575940638624189,720575940625024125,11
720575940607439964,720575940613353538,11
720575940617917760,720575940611988008,11
720575940632868563,720575940624480148,11
720575940621529435,720575940625023869,11
720575940616566133,720575940630219055,11
720575940634325087,720575940610470130,11
720575940638624189,720575940621581802,11
720575940621316033,720575940631088402,11
720575940637628762,720575940628012332,11
720575940607439964,720575940620931750,11
720575940621529435,720575940611664281,11
720575940621529435,720575940636375653,11
720575940621529435,720575940636356836,11
720575940621529435,720575940611611378,11
720575940639121571,720575940632111780,11
720575940637628762,720575940635016048,11
720575940637628762,720575940633521588,11
720575940642492576,720575940607792139,11
720575940623945404,720575940615270962,11
720575940642492576,720575940607971908,11
720575940621333696,720575940644583534,11
720575940617917760,720575940631089935,11
720575940621333696,720575940636605530,11
720575940623945404,720575940629162693,11
720575940609447179,720575940625499153,11
720575940609447179,720575940625331006,11
720575940630549370,720575940628291407,11
720575940637628762,720575940659297153,11
720575940621529435,720575940642383520,11
720575940633499548,720575940644837655,11
720575940621333696,720575940615651014,11
720575940621529435,720575940633552820,11
720575940621529435,720575940628076038,11
720575940638624189,720575940612714671,11
720575940639121571,720575940617395412,11
720575940626986885,720575940637508698,11
720575940616566133,720575940606454108,11
720575940621529435,720575940627112723,11
720575940629279544,720575940617034753,11
720575940609447179,720575940621873246,11
720575940613864401,720575940633493660,11
720575940619280705,720575940614447922,11
720575940630549370,720575940610167987,11
720575940621529435,720575940632233628,11
720575940621529435,720575940632115247,11
720575940621529435,720575940631089935,11
720575940629279544,720575940628295242,11
720575940621529435,720575940628711631,11
720575940606649865,720575940627986220,11
720575940629279544,720575940626294090,11
720575940634325087,720575940637594995,11
720575940634325087,720575940639733211,11
720575940639080765,720575940613764364,11
720575940606649865,720575940614148283,11
720575940639080765,720575940615344315,11
720575940630549370,720575940635541623,11
720575940626986885,720575940624593132,11
720575940617917760,720575940644554606,11
720575940630549370,720575940632964269,11
720575940621333696,720575940628694007,11
720575940621529435,720575940610147826,11
720575940637628762,720575940613727399,11
720575940630549370,720575940616647990,11
720575940607439964,720575940622938637,11
720575940613864401,720575940649012857,11
720575940616566133,720575940627170898,11
720575940639080765,720575940620109191,11
720575940639080765,720575940619723088,11
720575940609447179,720575940631024911,11
720575940639080765,720575940626700889,11
720575940630549370,720575940606477660,11
720575940630549370,720575940605184102,11
720575940639080765,720575940639057085,11
720575940621333696,720575940621044701,11
720575940621316033,720575940622926472,11
720575940623945404,720575940629632894,11
720575940630549370,720575940607351747,11
720575940633499548,720575940619090785,11
720575940630895055,720575940615019231,11
720575940637628762,720575940621809246,11
720575940639080765,720575940638531637,11
720575940639080765,720575940637211462,11
720575940639080765,720575940627367189,11
720575940609447179,720575940628060983,11
720575940630549370,720575940632617164,11
720575940607687260,720575940620354849,11
720575940639080765,720575940628533356,11
720575940607439964,720575940626560857,11
720575940639080765,720575940631764281,11
720575940639080765,720575940633402082,11
720575940621333696,720575940622812808,11
720575940639080765,720575940635288943,11
720575940630549370,720575940632510048,11
720575940621529435,720575940619938998,11
720575940630895055,720575940622005025,11
720575940621529435,720575940618337300,11
720575940621529435,720575940617878080,11
720575940630549370,720575940613764364,11
720575940621529435,720575940617811540,11
720575940621529435,720575940617079257,11
720575940638624189,720575940630067816,11
720575940621533985,720575940629855340,11
720575940621533985,720575940620363691,11
720575940637628762,720575940606483723,11
720575940621529435,720575940620413355,11
720575940637628762,720575940621590250,11
720575940631054634,720575940617090082,11
720575940621533985,720575940617079257,11
720575940621529435,720575940621162416,11
720575940623945404,720575940619744960,11
720575940621529435,720575940620883917,11
720575940642492576,720575940624638396,11
720575940637628762,720575940620276801,11
720575940621529435,720575940620457904,11
720575940631054634,720575940626655321,11
720575940621533985,720575940631088402,11
720575940637628762,720575940616440098,11
720575940616566133,720575940632078929,11
720575940616566133,720575940621885191,11
720575940616020795,720575940618292939,11
720575940607439964,720575940631975379,11
720575940607687260,720575940630269660,11
720575940626986885,720575940622821325,11
720575940607439964,720575940631624673,11
720575940616020795,720575940620434671,11
720575940626986885,720575940629671235,11
720575940606649865,720575940605541920,11
720575940621533985,720575940632849069,11
720575940637628762,720575940617649969,11
720575940621529435,720575940616672822,11
720575940621529435,720575940616569227,11
720575940642492576,720575940628491792,11
720575940621529435,720575940615897501,11
720575940629279544,720575940624693287,10
720575940621333696,720575940633580024,10
720575940626986885,720575940615785228,10
720575940633499548,720575940614744991,10
720575940633499548,720575940625663674,10
720575940621529435,720575940628188732,10
720575940607439964,720575940617814429,10
720575940621529435,720575940622402311,10
720575940616566133,720575940629500542,10
720575940617917760,720575940623441387,10
720575940623945404,720575940625377688,10
720575940626986885,720575940624711655,10
720575940638624189,720575940626622480,10
720575940639080765,720575940609149394,10
720575940621533985,720575940626535434,10
720575940631054634,720575940624054675,10
720575940642492576,720575940630547916,10
720575940638624189,720575940619060321,10
720575940607439964,720575940622820586,10
720575940619280705,720575940615465433,10
720575940621316033,720575940622930957,10
720575940630895055,720575940623171847,10
720575940634325087,720575940634839487,10
720575940606649865,720575940628121287,10
720575940637628762,720575940626911262,10
720575940621529435,720575940614327202,10
720575940632868563,720575940631573039,10
720575940630895055,720575940619404982,10
720575940632868563,720575940631868999,10
720575940607439964,720575940627778564,10
720575940621333696,720575940620551901,10
720575940621333696,720575940627861736,10
720575940621316033,720575940612664482,10
720575940639080765,720575940618306112,10
720575940616566133,720575940626284157,10
720575940613864401,720575940617908820,10
720575940621529435,720575940627016859,10
720575940629279544,720575940617176413,10
720575940616566133,720575940622542517,10
720575940629279544,720575940618131505,10
720575940632868563,720575940628408055,10
720575940621529435,720575940612706706,10
720575940607439964,720575940624426533,10
720575940639121571,720575940626733693,10
720575940621529435,720575940628291407,10
720575940607439964,720575940630269404,10
720575940621529435,720575940631998023,10
720575940616566133,720575940637707069,10
720575940634325087,720575940608644654,10
720575940616566133,720575940624754983,10
720575940639080765,720575940605000550,10
720575940607439964,720575940624125626,10
720575940637628762,720575940622938637,10
720575940621333696,720575940625807108,10
720575940638624189,720575940629201423,10
720575940613864401,720575940636224142,10
720575940621533985,720575940631035154,10
720575940613864401,720575940626464901,10
720575940616020795,720575940604999526,10
720575940621333696,720575940615401433,10
720575940613864401,720575940611985448,10
720575940621533985,720575940634836671,10
720575940621529435,720575940623582904,10
720575940613864401,720575940636069751,10
720575940637628762,720575940632804543,10
720575940616020795,720575940621174192,10
720575940630549370,720575940609970801,10
720575940613864401,720575940625780648,10
720575940630549370,720575940636551086,10
720575940630549370,720575940645248878,10
720575940617917760,720575940630935570,10
720575940621529435,720575940619404214,10
720575940609447179,720575940612266213,10
720575940617917760,720575940621504269,10
720575940621529435,720575940630537676,10
720575940616020795,720575940626694479,10
720575940630549370,720575940604630496,10
720575940607687260,720575940618765528,10
720575940621529435,720575940622133206,10
720575940613864401,720575940638903248,10
720575940634325087,720575940629895484,10
720575940630895055,720575940630496118,10
720575940642492576,720575940628365783,10
720575940623945404,720575940627220327,10
720575940621533985,720575940626536714,10
720575940606649865,720575940621700190,10
720575940630549370,720575940610175218,10
720575940616020795,720575940642010056,10
720575940607687260,720575940634878047,10
720575940621316033,720575940636677190,10
720575940621529435,720575940630222895,10
720575940616566133,720575940618548975,10
720575940630895055,720575940631782447,10
720575940637628762,720575940643547296,10
720575940621533985,720575940626220830,10
720575940632868563,720575940623369668,10
720575940630549370,720575940632848045,10
720575940617917760,720575940627543624,10
720575940623945404,720575940631388231,10
720575940621316033,720575940622673703,10
720575940621316033,720575940610963734,10
720575940616566133,720575940621504269,10
720575940621529435,720575940636364133,10
720575940638624189,720575940617249629,10
720575940606649865,720575940617077405,10
720575940639080765,720575940606968450,10
720575940616020795,720575940614148283,10
720575940621529435,720575940616781241,10
720575940621533985,720575940625741455,10
720575940638624189,720575940629909804,10
720575940621529435,720575940613563187,10
720575940607439964,720575940613987730,10
720575940613864401,720575940621174704,10
720575940621316033,720575940631054540,10
720575940621529435,720575940636092393,10
720575940639121571,720575940634072756,10
720575940639080765,720575940613042403,10
720575940619280705,720575940634442091,10
720575940630895055,720575940615816754,10
720575940621529435,720575940636246446,10
720575940629279544,720575940641079029,10
720575940609447179,720575940630038156,10
720575940621316033,720575940633908124,10
720575940609447179,720575940613383633,10
720575940621529435,720575940605452064,10
720575940616566133,720575940621658502,10
720575940630549370,720575940624426533,10
720575940621316033,720575940619060321,10
720575940621533985,720575940626089980,10
720575940631054634,720575940611733997,10
720575940637628762,720575940612008818,10
720575940621529435,720575940605664446,10
720575940607687260,720575940627931466,10
720575940617917760,720575940614036019,10
720575940621529435,720575940620862273,10
720575940617917760,720575940622249949,10
720575940639121571,720575940637746520,10
720575940639121571,720575940621885191,10
720575940623945404,720575940625235033,10
720575940638624189,720575940612490723,10
720575940609447179,720575940618182535,10
720575940634325087,720575940620079856,10
720575940633499548,720575940623914954,10
720575940621333696,720575940623400189,10
720575940631054634,720575940609941653,10
720575940639080765,720575940624834968,10
720575940637628762,720575940624114494,10
720575940642492576,720575940624480148,10
720575940630895055,720575940645210222,10
720575940642492576,720575940624754983,10
720575940616566133,720575940629417728,10
720575940621529435,720575940626622480,10
720575940607687260,720575940622222921,10
720575940621529435,720575940614132667,10
720575940630549370,720575940619404214,10
720575940639121571,720575940612019570,10
720575940626986885,720575940625994728,10
720575940639121571,720575940631731620,10
720575940607439964,720575940625497488,10
720575940637628762,720575940621178206,10
720575940613864401,720575940631177035,10
720575940639121571,720575940632473440,10
720575940613864401,720575940627854568,10
720575940629279544,720575940654606753,10
720575940639080765,720575940622972365,10
720575940633499548,720575940618245569,10
720575940621316033,720575940631447363,10
720575940637628762,720575940629240079,10
720575940630549370,720575940632929690,10
720575940621333696,720575940627558662,10
720575940639121571,720575940621334980,10
720575940639121571,720575940621017921,10
720575940639121571,720575940620904780,10
720575940639080765,720575940614495138,10
720575940638624189,720575940617727435,10
720575940616566133,720575940626082404,10
720575940639121571,720575940630296913,10
720575940637628762,720575940634464869,10
720575940621529435,720575940621872645,10
720575940623945404,720575940634967962,10
720575940621529435,720575940617077405,10
720575940631054634,720575940627282002,10
720575940621533985,720575940630296913,10
720575940634325087,720575940616702262,10
720575940630895055,720575940618015773,10
720575940633499548,720575940622768266,10
720575940632868563,720575940608286556,10
720575940616020795,720575940634640014,10
720575940621316033,720575940631216682,10
720575940630895055,720575940618226245,10
720575940637628762,720575940603721248,10
720575940630549370,720575940618015773,10
720575940621316033,720575940615066335,10
720575940623945404,720575940621688926,10
720575940621533985,720575940627775938,10
720575940623945404,720575940614490018,10
720575940638624189,720575940625163139,9
720575940621529435,720575940610710130,9
720575940616566133,720575940634858676,9
720575940609447179,720575940614282238,9
720575940638624189,720575940621178206,9
720575940613864401,720575940629318394,9
720575940639121571,720575940633551028,9
720575940613864401,720575940617166749,9
720575940621316033,720575940637846618,9
720575940630895055,720575940636375653,9
720575940638624189,720575940628895831,9
720575940616566133,720575940643063200,9
720575940617917760,720575940632115247,9
720575940621529435,720575940621174704,9
720575940638624189,720575940614744991,9
720575940613864401,720575940611686629,9
720575940638624189,720575940627097361,9
720575940621529435,720575940604008672,9
720575940621333696,720575940626305679,9
720575940621316033,720575940621225910,9
720575940637628762,720575940630917293,9
720575940607687260,720575940624647299,9
720575940616020795,720575940612575230,9
720575940621529435,720575940649020025,9
720575940621529435,720575940621203376,9
720575940607687260,720575940631447363,9
720575940630549370,720575940619336942,9
720575940616566133,720575940631408610,9
720575940630549370,720575940621010804,9
720575940606649865,720575940620143525,9
720575940637628762,720575940625331006,9
720575940639080765,720575940627220327,9
720575940621529435,720575940635659486,9
720575940621333696,720575940629022875,9
720575940639121571,720575940651816950,9
720575940621529435,720575940607993668,9
720575940633499548,720575940620741485,9
720575940630549370,720575940637849151,9
720575940633499548,720575940625323326,9
720575940638624189,720575940619974689,9
720575940634325087,720575940633580024,9
720575940613864401,720575940610029432,9
720575940637628762,720575940630452388,9
720575940621529435,720575940628359895,9
720575940619280705,720575940623067942,9
720575940629279544,720575940626991771,9
720575940639121571,720575940621518218,9
720575940629279544,720575940621987255,9
720575940630895055,720575940617034753,9
720575940606649865,720575940635628766,9
720575940637628762,720575940621415885,9
720575940631054634,720575940605597216,9
720575940619280705,720575940628895831,9
720575940623945404,720575940623426633,9
720575940639080765,720575940636553646,9
720575940621529435,720575940615401433,9
720575940621529435,720575940615465433,9
720575940639080765,720575940625781541,9
720575940633499548,720575940608281180,9
720575940639080765,720575940623542972,9
720575940626986885,720575940620880333,9
720575940633499548,720575940628365783,9
720575940630549370,720575940630228271,9
720575940631054634,720575940618371777,9
720575940637628762,720575940628830551,9
720575940639121571,720575940610793395,9
720575940639080765,720575940622771082,9
720575940631054634,720575940626251778,9
720575940631054634,720575940628687259,9
720575940639080765,720575940612728466,9
720575940621533985,720575940613383633,9
720575940637628762,720575940626343665,9
720575940633499548,720575940628374121,9
720575940642492576,720575940624158650,9
720575940621529435,720575940629917482,9
720575940633499548,720575940617386708,9
720575940613864401,720575940629788012,9
720575940616566133,720575940623009416,9
720575940639121571,720575940640688592,9
720575940621529435,720575940622335112,9
720575940621529435,720575940617238457,9
720575940638624189,720575940628574715,9
720575940637628762,720575940621086134,9
720575940638624189,720575940626496275,9
720575940621529435,720575940609190866,9
720575940621533985,720575940640646864,9
720575940637628762,720575940630947395,9
720575940639080765,720575940620124028,9
720575940642492576,720575940614224490,9
720575940638624189,720575940631880217,9
720575940623945404,720575940621175472,9
720575940616566133,720575940647739513,9
720575940630895055,720575940629789292,9
720575940607439964,720575940639090997,9
720575940617917760,720575940620831949,9
720575940634325087,720575940621321001,9
720575940621533985,720575940626044924,9
720575940630895055,720575940623914954,9
720575940642492576,720575940636553390,9
720575940609447179,720575940621460645,9
720575940630895055,720575940607828233,9
720575940638624189,720575940611686629,9
720575940621529435,720575940617941046,9
720575940637628762,720575940620058236,9
720575940637628762,720575940626694479,9
720575940616566133,720575940619731392,9
720575940638624189,720575940623067942,9
720575940631054634,720575940617873984,9
720575940616566133,720575940630592460,9
720575940607687260,720575940626284157,9
720575940637628762,720575940611129571,9
720575940621533985,720575940623971819,9
720575940642492576,720575940630917293,9
720575940632868563,720575940616913822,9
720575940623945404,720575940613563187,9
720575940616020795,720575940604997152,9
720575940623945404,720575940618422592,9
720575940630549370,720575940619938998,9
720575940626986885,720575940605664446,9
720575940623945404,720575940611988008,9
720575940642492576,720575940630759507,9
720575940630895055,720575940626782507,9
720575940617917760,720575940639286606,9
720575940621529435,720575940614902667,9
720575940629279544,720575940617370909,9
720575940629279544,720575940604997152,9
720575940621529435,720575940621391636,9
720575940609447179,720575940625702949,9
720575940621529435,720575940622768266,9
720575940626986885,720575940630560505,9
720575940634325087,720575940623358645,9
720575940621529435,720575940626251778,9
720575940621529435,720575940634296951,9
720575940626986885,720575940632964269,9
720575940621316033,720575940615975227,9
720575940616020795,720575940617021441,9
720575940638624189,720575940603674656,9
720575940623945404,720575940612740466,9
720575940630549370,720575940630265952,9
720575940638624189,720575940640688592,9
720575940621529435,720575940612846962,9
720575940613864401,720575940624054675,9
720575940630549370,720575940624492802,9
720575940621529435,720575940626560857,9
720575940623945404,720575940637826623,9
720575940609447179,720575940615571601,9
720575940637628762,720575940625800741,9
720575940642492576,720575940621475085,9
720575940621533985,720575940620403649,9
720575940621529435,720575940627920071,9
720575940642492576,720575940619434887,9
720575940638624189,720575940628868943,9
720575940639080765,720575940645858948,9
720575940613864401,720575940625665564,9
720575940616020795,720575940626226690,9
720575940631054634,720575940617756450,9
720575940609447179,720575940622748868,9
720575940642492576,720575940629222759,9
720575940621529435,720575940637707069,9
720575940623945404,720575940634939034,9
720575940634325087,720575940619808756,9
720575940639121571,720575940624834968,9
720575940621529435,720575940624054675,9
720575940621529435,720575940615125307,9
720575940617917760,720575940617924432,9
720575940630549370,720575940629951292,9
720575940607439964,720575940621376196,9
720575940639080765,720575940632552343,9
720575940621529435,720575940636605530,9
720575940621533985,720575940611579541,9
720575940621529435,720575940620684156,9
720575940616566133,720575940612896106,9
720575940637628762,720575940618182535,9
720575940621333696,720575940637849151,9
720575940621316033,720575940615964884,9
720575940623945404,720575940637277117,9
720575940613864401,720575940609871253,9
720575940639121571,720575940626274822,9
720575940638624189,720575940641866912,9
720575940606649865,720575940612725906,8
720575940638624189,720575940620039589,8
720575940613864401,720575940619090529,8
720575940606649865,720575940624711655,8
720575940606649865,720575940636159039,8
720575940632868563,720575940617370909,8
720575940616566133,720575940610690162,8
720575940616020795,720575940615019231,8
720575940606649865,720575940619808756,8
720575940621529435,720575940625261834,8
720575940616020795,720575940618182981,8
720575940621529435,720575940633004383,8
720575940639080765,720575940628071409,8
720575940621529435,720575940633570808,8
720575940609447179,720575940618657950,8
720575940637628762,720575940616208965,8
720575940616566133,720575940631256168,8
720575940616020795,720575940652809377,8
720575940632868563,720575940622558941,8
720575940621316033,720575940624800188,8
720575940637628762,720575940636059226,8
720575940607687260,720575940628491792,8
720575940621316033,720575940625646876,8
720575940626986885,720575940617456798,8
720575940631054634,720575940629909804,8
720575940630895055,720575940614348394,8
720575940637628762,720575940636092393,8
720575940621533985,720575940610375726,8
720575940621316033,720575940630620747,8
720575940621316033,720575940629222759,8
720575940631054634,720575940626362696,8
720575940621316033,720575940616723549,8
720575940606649865,720575940620273023,8
720575940616020795,720575940611943976,8
720575940617917760,720575940605362610,8
720575940626986885,720575940630360377,8
720575940637628762,720575940634468197,8
720575940626986885,720575940628685059,8
720575940632868563,720575940613353538,8
720575940637628762,720575940624851864,8
720575940616566133,720575940620831949,8
720575940631054634,720575940606483467,8
720575940621529435,720575940630176047,8
720575940616566133,720575940624453868,8
720575940631054634,720575940620273023,8
720575940609447179,720575940619516144,8
720575940623945404,720575940630456996,8
720575940617917760,720575940633075163,8
720575940631054634,720575940626582842,8
720575940616566133,720575940624158650,8
720575940621333696,720575940629909804,8
720575940617917760,720575940636553646,8
720575940630549370,720575940614115515,8
720575940637628762,720575940614121147,8
720575940616566133,720575940619154891,8
720575940609447179,720575940620393643,8
720575940616566133,720575940625665564,8
720575940621533985,720575940637186638,8
720575940607439964,720575940623438665,8
720575940629279544,720575940628054839,8
720575940637628762,720575940612690338,8
720575940617917760,720575940613156067,8
720575940629279544,720575940605000550,8
720575940642492576,720575940631835673,8
720575940617917760,720575940627263162,8
720575940621533985,720575940621920452,8
720575940639080765,720575940625663674,8
720575940607687260,720575940619630207,8
720575940637628762,720575940626464901,8
720575940639080765,720575940609184210,8
720575940626986885,720575940623400445,8
720575940621529435,720575940625692816,8
720575940626986885,720575940644747572,8
720575940631054634,720575940631975379,8
720575940639080765,720575940627479829,8
720575940621316033,720575940624302008,8
720575940632868563,720575940626657808,8
720575940632868563,720575940625939801,8
720575940637628762,720575940612435454,8
720575940616020795,720575940633802009,8
720575940607687260,720575940623586999,8
720575940616020795,720575940620746093,8
720575940613864401,720575940627834359,8
720575940616566133,720575940645248878,8
720575940639080765,720575940626828574,8
720575940613864401,720575940620354241,8
720575940606649865,720575940631759161,8
720575940642492576,720575940624293048,8
720575940613864401,720575940632849069,8
720575940630549370,720575940610676403,8
720575940613864401,720575940618210251,8
720575940621316033,720575940618849841,8
720575940638624189,720575940619665023,8
720575940631054634,720575940629522474,8
720575940639121571,720575940630571980,8
720575940639121571,720575940631035154,8
720575940621333696,720575940618306112,8
720575940621529435,720575940626651288,8
720575940629279544,720575940623353013,8
720575940639121571,720575940631880217,8
720575940621529435,720575940622637548,8
720575940609447179,720575940630063671,8
720575940617917760,720575940611686629,8
720575940634325087,720575940639846488,8
720575940639121571,720575940626212625,8
720575940621316033,720575940613272799,8
720575940638624189,720575940635659486,8
720575940639121571,720575940627782148,8
720575940639121571,720575940628447491,8
720575940639080765,720575940618547280,8
720575940623945404,720575940629730263,8
720575940606649865,720575940626294090,8
720575940621529435,720575940606483723,8
720575940609447179,720575940609133102,8
720575940621333696,720575940629108094,8
720575940621529435,720575940628414567,8
720575940639080765,720575940615447764,8
720575940638624189,720575940616547904,8
720575940642492576,720575940630414700,8
720575940642492576,720575940625399077,8
720575940621529435,720575940612770418,8
720575940621316033,720575940636136567,8
720575940639121571,720575940616964766,8
720575940630549370,720575940608328713,8
720575940634325087,720575940649012857,8
720575940621529435,720575940612490723,8
720575940630549370,720575940626274822,8
720575940621333696,720575940626651288,8
720575940623945404,720575940627307855,8
720575940613864401,720575940617982800,8
720575940621316033,720575940646308148,8
720575940630549370,720575940621567472,8
720575940621529435,720575940615961684,8
720575940621529435,720575940637695395,8
720575940609447179,720575940626274822,8
720575940621529435,720575940637737021,8
720575940607439964,720575940628887887,8
720575940634325087,720575940625837060,8
720575940634325087,720575940625942590,8
720575940639080765,720575940604999526,8
720575940642492576,720575940627097361,8
720575940621533985,720575940631017932,8
720575940639080765,720575940632585043,8
720575940616566133,720575940630537676,8
720575940621529435,720575940649536377,8
720575940607687260,720575940622938637,8
720575940621529435,720575940636553646,8
720575940623945404,720575940637526750,8
720575940630895055,720575940646290979,8
720575940642492576,720575940622462472,8
720575940607439964,720575940624480148,8
720575940639080765,720575940633552820,8
720575940631054634,720575940625678613,8
720575940638624189,720575940639543715,8
720575940621533985,720575940620036385,8
720575940642492576,720575940605036418,8
720575940613864401,720575940631630561,8
720575940616566133,720575940627615400,8
720575940607439964,720575940605997513,8
720575940621529435,720575940647153796,8
720575940638624189,720575940608456715,8
720575940621529435,720575940619054027,8
720575940638624189,720575940625377688,8
720575940633499548,720575940639118168,8
720575940607687260,720575940634890175,8
720575940621316033,720575940619435399,8
720575940621529435,720575940616097163,8
720575940630895055,720575940631336930,8
720575940616020795,720575940604008672,8
720575940621529435,720575940623370180,8
720575940633499548,720575940646290979,8
720575940621316033,720575940628640079,8
720575940621529435,720575940618182535,8
720575940621316033,720575940630026856,8
720575940623945404,720575940620457904,8
720575940638624189,720575940624663427,8
720575940637628762,720575940618226085,8
720575940638624189,720575940640487669,8
720575940623945404,720575940612725906,7
720575940621529435,720575940653339041,7
720575940639121571,720575940632135249,7
720575940634325087,720575940644837655,7
720575940616566133,720575940623943572,7
720575940606649865,720575940618545903,7
720575940639080765,720575940616350011,7
720575940616566133,720575940620741485,7
720575940621529435,720575940622005025,7
720575940607439964,720575940649012857,7
720575940642492576,720575940620685436,7
720575940616566133,720575940629201423,7
720575940617917760,720575940625377688,7
720575940623945404,720575940623978789,7
720575940621529435,720575940634989560,7
720575940626986885,720575940617514726,7
720575940629279544,720575940614861974,7
720575940637628762,720575940613684906,7
720575940616566133,720575940615696070,7
720575940621333696,720575940627561854,7
720575940621316033,720575940602605536,7
720575940623945404,720575940631088402,7
720575940632868563,720575940632473440,7
720575940613864401,720575940632932762,7
720575940629279544,720575940630114108,7
720575940621529435,720575940629854764,7
720575940613864401,720575940631801631,7
720575940621333696,720575940624096039,7
720575940632868563,720575940631621689,7
720575940638624189,720575940610347929,7
720575940619280705,720575940626843773,7
720575940621529435,720575940614229159,7
720575940639121571,720575940631342476,7
720575940639080765,720575940625570334,7
720575940621529435,720575940622671613,7
720575940637628762,720575940629140071,7
720575940639080765,720575940618905766,7
720575940634325087,720575940641084405,7
720575940626986885,720575940617386708,7
720575940631054634,720575940614121147,7
720575940629279544,720575940639116888,7
720575940616020795,720575940627045636,7
720575940607439964,720575940646682932,7
720575940621533985,720575940632353499,7
720575940616020795,720575940637869028,7
720575940633499548,720575940611855729,7
720575940617917760,720575940637737021,7
720575940630549370,720575940625376841,7
720575940630549370,720575940629854764,7
720575940630895055,720575940615569723,7
720575940623945404,720575940637580659,7
720575940630549370,720575940614803286,7
720575940616566133,720575940616087323,7
720575940630549370,720575940619994759,7
720575940607687260,720575940609950869,7
720575940621533985,720575940620880333,7
720575940638624189,720575940623776437,7
720575940639121571,720575940623503111,7
720575940642492576,720575940642338464,7
720575940630549370,720575940620012321,7
720575940621316033,720575940626655321,7
720575940642492576,720575940627164242,7
720575940607687260,720575940618586459,7
720575940637628762,720575940623985189,7
720575940621533985,720575940634638734,7
720575940632868563,720575940654752417,7
720575940626986885,720575940618544623,7
720575940633499548,720575940626430339,7
720575940639121571,720575940635659486,7
720575940607687260,720575940612766102,7
720575940630895055,720575940624682426,7
720575940623945404,720575940614186602,7
720575940642492576,720575940620973848,7
720575940630549370,720575940646290979,7
720575940642492576,720575940606729858,7
720575940637628762,720575940628060983,7
720575940630895055,720575940604770249,7
720575940642492576,720575940621730687,7
720575940613864401,720575940626794027,7
720575940637628762,720575940625995251,7
720575940630549370,720575940630881989,7
720575940637628762,720575940625942458,7
720575940639121571,720575940617249108,7
720575940631054634,720575940605997257,7
720575940606649865,720575940621351876,7
720575940630549370,720575940616964766,7
720575940642492576,720575940617989076,7
720575940639080765,720575940615907997,7
720575940642492576,720575940631991879,7
720575940617917760,720575940656078241,7
720575940616566133,720575940622398728,7
720575940638624189,720575940628711631,7
720575940630549370,720575940626911262,7
720575940613864401,720575940615101452,7
720575940621533985,720575940634951007,7
720575940633499548,720575940644843031,7
720575940634325087,720575940630411259,7
720575940630549370,720575940632532255,7
720575940616020795,720575940631531055,7
720575940632868563,720575940625323326,7
720575940634325087,720575940630114108,7
720575940621529435,720575940625343640,7
720575940621533985,720575940626911262,7
720575940621316033,720575940645390468,7
720575940621316033,720575940632473440,7
720575940638624189,720575940630456996,7
720575940609447179,720575940636136567,7
720575940637628762,720575940644479267,7
720575940633499548,720575940626906142,7
720575940621316033,720575940620931750,7
720575940621533985,720575940624375088,7
720575940621533985,720575940620936870,7
720575940630895055,720575940637849151,7
720575940639080765,720575940628724284,7
720575940616566133,720575940624429036,7
720575940633499548,720575940615894173,7
720575940630895055,720575940619713200,7
720575940621529435,720575940639506749,7
720575940638624189,720575940619778645,7
720575940638624189,720575940607930716,7
720575940619280705,720575940656078241,7
720575940638624189,720575940652837793,7
720575940638624189,720575940607030281,7
720575940639080765,720575940636769343,7
720575940623945404,720575940633140887,7
720575940607687260,720575940627185767,7
720575940621529435,720575940630573260,7
720575940621333696,720575940617834560,7
720575940630895055,720575940606968962,7
720575940634325087,720575940631447363,7
720575940606649865,720575940622890509,7
720575940638624189,720575940618544367,7
720575940619280705,720575940624711655,7
720575940606649865,720575940621553535,7
720575940632868563,720575940628590595,7
720575940639121571,720575940626694479,7
720575940621529435,720575940623030015,7
720575940632868563,720575940628225852,7
720575940637628762,720575940622023262,7
720575940621529435,720575940618226245,7
720575940606649865,720575940631630561,7
720575940630549370,720575940604770249,7
720575940630549370,720575940618148406,7
720575940630549370,720575940610990821,7
720575940623945404,720575940617756450,7
720575940617917760,720575940632495052,7
720575940637628762,720575940608774776,7
720575940617917760,720575940628297627,7
720575940631054634,720575940639881600,7
720575940630549370,720575940650270710,7
720575940621529435,720575940628365783,7
720575940642492576,720575940617176413,7
720575940621316033,720575940619954091,7
720575940630895055,720575940626090340,7
720575940621316033,720575940627775938,7
720575940617917760,720575940637277117,7
720575940630895055,720575940628741881,7
720575940630895055,720575940618627207,7
720575940621529435,720575940642010056,7
720575940642492576,720575940628239671,7
720575940633499548,720575940644609134,7
720575940609447179,720575940627018383,7
720575940631054634,720575940616041913,7
720575940606649865,720575940616345403,7
720575940639121571,720575940613764364,7
720575940616020795,720575940619994759,7
720575940639080765,720575940609220291,7
720575940621316033,720575940629733314,7
720575940639080765,720575940604483040,7
720575940621529435,720575940629259638,6
720575940616020795,720575940631453763,6
720575940613864401,720575940620572125,6
720575940639121571,720575940611111061,6
720575940621529435,720575940628175363,6
720575940621529435,720575940628201259,6
720575940631054634,720575940659536257,6
720575940621529435,720575940628374121,6
720575940621529435,720575940628687259,6
720575940621529435,720575940628714358,6
720575940621529435,720575940630300613,6
720575940616566133,720575940609190866,6
720575940637628762,720575940605627057,6
720575940633499548,720575940610505621,6
720575940621529435,720575940632172591,6
720575940621529435,720575940631017932,6
720575940607439964,720575940627220327,6
720575940638624189,720575940611611378,6
720575940621529435,720575940630879533,6
720575940639080765,720575940625482084,6
720575940621529435,720575940631351619,6
720575940638624189,720575940610140378,6
720575940639080765,720575940626294090,6
720575940639080765,720575940620607982,6
720575940639121571,720575940631998023,6
720575940639121571,720575940630219055,6
720575940623945404,720575940625171289,6
720575940639121571,720575940637222470,6
720575940638624189,720575940614890902,6
720575940637628762,720575940627332100,6
720575940621529435,720575940608820600,6
720575940623945404,720575940612572670,6
720575940621529435,720575940626906142,6
720575940630549370,720575940639071029,6
720575940639121571,720575940625300254,6
720575940621333696,720575940628306075,6
720575940639121571,720575940628533356,6
720575940639080765,720575940617811540,6
720575940639121571,720575940628365783,6
720575940639121571,720575940627220327,6
720575940630549370,720575940639258613,6
720575940621529435,720575940627220327,6
720575940637628762,720575940629792620,6
720575940629279544,720575940620020769,6
720575940638624189,720575940609634571,6
720575940633499548,720575940654647457,6
720575940633499548,720575940636665262,6
720575940623945404,720575940630038156,6
720575940631054634,720575940615975227,6
720575940630895055,720575940614606738,6
720575940638624189,720575940630879533,6
720575940630895055,720575940614240766,6
720575940630895055,720575940620058236,6
720575940630895055,720575940619305808,6
720575940642492576,720575940625715733,6
720575940633499548,720575940628269391,6
720575940607687260,720575940609944526,6
720575940621529435,720575940617650722,6
720575940630549370,720575940632668973,6
720575940621529435,720575940608328713,6
720575940630549370,720575940609941653,6
720575940621529435,720575940608774776,6
720575940630549370,720575940632203823,6
720575940642492576,720575940631399978,6
720575940621333696,720575940622723683,6
720575940617917760,720575940631035154,6
720575940613864401,720575940618989421,6
720575940639080765,720575940606680706,6
720575940637628762,720575940611987240,6
720575940621333696,720575940614327202,6
720575940606649865,720575940625264659,6
720575940606649865,720575940629942844,6
720575940642492576,720575940628640079,6
720575940613864401,720575940632433828,6
720575940616566133,720575940630881989,6
720575940630895055,720575940608148693,6
720575940630895055,720575940628056375,6
720575940634325087,720575940634800759,6
720575940616566133,720575940631835673,6
720575940634325087,720575940630038156,6
720575940634325087,720575940629792620,6
720575940642492576,720575940629211666,6
720575940638624189,720575940621832542,6
720575940621533985,720575940611453107,6
720575940638624189,720575940621296639,6
720575940638624189,720575940623542972,6
720575940634325087,720575940621529980,6
720575940630895055,720575940644607854,6
720575940613864401,720575940627081994,6
720575940630895055,720575940627851008,6
720575940634325087,720575940635883748,6
720575940623945404,720575940642010056,6
720575940630549370,720575940621225910,6
720575940621529435,720575940620351838,6
720575940621533985,720575940632584787,6
720575940621529435,720575940609405646,6
720575940621316033,720575940629201423,6
720575940638624189,720575940631406547,6
720575940630895055,720575940612728466,6
720575940630549370,720575940621680133,6
720575940621316033,720575940612435454,6
720575940638624189,720575940636092393,6
720575940621533985,720575940645828740,6
720575940621533985,720575940654752417,6
720575940631054634,720575940619154891,6
720575940613864401,720575940624770574,6
720575940630549370,720575940620230497,6
720575940621533985,720575940636898281,6
720575940607439964,720575940628714358,6
720575940623945404,720575940619658433,6
720575940634325087,720575940614224490,6
720575940616020795,720575940632364717,6
720575940613864401,720575940630675730,6
720575940632868563,720575940631647043,6
720575940642492576,720575940629733314,6
720575940613864401,720575940623543303,6
720575940613864401,720575940622694182,6
720575940621529435,720575940626313546,6
720575940617917760,720575940617071321,6
720575940621316033,720575940633466524,6
720575940642492576,720575940629997561,6
720575940609447179,720575940620042375,6
720575940623945404,720575940617516760,6
720575940642492576,720575940614861974,6
720575940626986885,720575940625300254,6
720575940609447179,720575940610690162,6
720575940623945404,720575940634890175,6
720575940621529435,720575940624596355,6
720575940621316033,720575940624663427,6
720575940616566133,720575940630228271,6
720575940616020795,720575940617079257,6
720575940621333696,720575940604630240,6
720575940632868563,720575940625718696,6
720575940632868563,720575940626294090,6
720575940613864401,720575940611111829,6
720575940621529435,720575940625564816,6
720575940619280705,720575940639727861,6
720575940630549370,720575940624107706,6
720575940616020795,720575940619802539,6
720575940621529435,720575940625724072,6
720575940617917760,720575940612725906,6
720575940616566133,720575940621786807,6
720575940623945404,720575940618326292,6
720575940621529435,720575940615243020,6
720575940631054634,720575940631630561,6
720575940639080765,720575940637580659,5
720575940607687260,720575940625354904,5
720575940630549370,720575940621403844,5
720575940642492576,720575940632173103,5
720575940642492576,720575940632078929,5
720575940621529435,720575940620039589,5
720575940613864401,720575940624597228,5
720575940630549370,720575940605597216,5
720575940621316033,720575940613987635,5
720575940633499548,720575940622078249,5
720575940639121571,720575940624421148,5
720575940629279544,720575940621174192,5
720575940638624189,720575940627775938,5
720575940617917760,720575940637970665,5
720575940621529435,720575940642338464,5
720575940630549370,720575940613987635,5
720575940630549370,720575940621802751,5
720575940642492576,720575940628983963,5
720575940607439964,720575940648276089,5
720575940639080765,720575940617756450,5
720575940613864401,720575940627094917,5
720575940621529435,720575940636675817,5
720575940630895055,720575940620457904,5
720575940630549370,720575940630675730,5
720575940637628762,720575940623991333,5
720575940621529435,720575940623971819,5
720575940621333696,720575940622886925,5
720575940621533985,720575940622820586,5
720575940638624189,720575940624125114,5
720575940621529435,720575940637773117,5
720575940617917760,720575940630620747,5
720575940617917760,720575940611837809,5
720575940637628762,720575940617021441,5
720575940642492576,720575940622654444,5
720575940607439964,720575940625625136,5
720575940630895055,720575940623986469,5
720575940621529435,720575940629406012,5
720575940621529435,720575940626343665,5
720575940638624189,720575940615901597,5
720575940621529435,720575940628506732,5
720575940619280705,720575940626655321,5
720575940637628762,720575940630109756,5
720575940621529435,720575940622888205,5
720575940639121571,720575940612729714,5
720575940621316033,720575940623776437,5
720575940621529435,720575940628297627,5
720575940621316033,720575940634347360,5
720575940637628762,720575940621832542,5
720575940616566133,720575940643547296,5
720575940623945404,720575940603174368,5
720575940637628762,720575940621475085,5
720575940621529435,720575940629545027,5
720575940639121571,720575940611110468,5
720575940616566133,720575940638561102,5
720575940617917760,720575940617118016,5
720575940617917760,720575940627615400,5
720575940621529435,720575940629347791,5
720575940642492576,720575940630039547,5
720575940630549370,720575940611943976,5
720575940639080765,720575940613977041,5
720575940621529435,720575940619495664,5
720575940609447179,720575940652822945,5
720575940621529435,720575940626657808,5
720575940621529435,720575940626655321,5
720575940621533985,720575940622228812,5
720575940638624189,720575940625376841,5
720575940634325087,720575940637580659,5
720575940606649865,720575940620274497,5
720575940621316033,720575940635541623,5
720575940623945404,720575940613258975,5
720575940639121571,720575940628725455,5
720575940638624189,720575940613434178,5
720575940616566133,720575940614318482,5
720575940638624189,720575940625354904,5
720575940639121571,720575940629406012,5
720575940607687260,720575940622061803,5
720575940621529435,720575940646290979,5
720575940630549370,720575940647739513,5
720575940621333696,720575940627543695,5
720575940621529435,720575940612686358,5
720575940637628762,720575940613540767,5
720575940621529435,720575940627741562,5
720575940637628762,720575940628269628,5
720575940639121571,720575940636356836,5
720575940639080765,720575940621554815,5
720575940616566133,720575940614890902,5
720575940639121571,720575940636920542,5
720575940637628762,720575940622673703,5
720575940613864401,720575940646229283,5
720575940630549370,720575940628741881,5
720575940621529435,720575940632003409,5
720575940613864401,720575940620273023,5
720575940632868563,720575940629624702,5
720575940616566133,720575940623171847,5
720575940621529435,720575940631967575,5
720575940638624189,720575940609873358,5
720575940623945404,720575940605000550,5
720575940623945404,720575940626991771,5
720575940630549370,720575940611586453,5
720575940642492576,720575940629725711,5
720575940616020795,720575940642162573,5
720575940629279544,720575940630651223,5
720575940637628762,720575940626194716,5
720575940616020795,720575940630139599,5
720575940626986885,720575940630414700,5
720575940621529435,720575940621518218,5
720575940613864401,720575940639554675,5
720575940637628762,720575940632203823,5
720575940621529435,720575940621351876,5
720575940606649865,720575940629671491,5
720575940621529435,720575940625781541,5
720575940616566133,720575940609143672,5
720575940638624189,720575940610137050,5
720575940616566133,720575940613738415,5
720575940621529435,720575940630179159,5
720575940642492576,720575940624032264,5
720575940621529435,720575940630296913,5
720575940621529435,720575940609941653,5
720575940630549370,720575940617605154,5
720575940607687260,720575940614551954,5
720575940616566133,720575940616746123,5
720575940613864401,720575940617941046,5
720575940639080765,720575940624271716,5
720575940617917760,720575940613017059,5
720575940621529435,720575940626226690,5
720575940630549370,720575940613563187,5
720575940616566133,720575940631088402,5
720575940632868563,720575940634018415,5
720575940616020795,720575940621023809,5
720575940623945404,720575940631453763,5
720575940623945404,720575940639409315,5
720575940621333696,720575940619967879,5
720575940621529435,720575940630651223,5
720575940630895055,720575940626362696,5
720575940621316033,720575940631408610,5
720575940607439964,720575940627097733,5
720575940630549370,720575940631880217,5
720575940621529435,720575940620892877,5
720575940632868563,720575940614318482,5
720575940616566133,720575940610386661,5
720575940626986885,720575940618337985,5
720575940637628762,720575940611837809,5
720575940634325087,720575940613737647,5
720575940607687260,720575940637222470,5
720575940638624189,720575940633093483,5
720575940616566133,720575940632932762,5
720575940642492576,720575940629166587,5
720575940621533985,720575940611660714,5
720575940639080765,720575940632144813,5
720575940607439964,720575940624149256,5
720575940631054634,720575940625354904,5
720575940621333696,720575940618015773,5
720575940616566133,720575940631625272,5
720575940630549370,720575940609104579,5
720575940621529435,720575940620685436,5
720575940630549370,720575940631054540,5
720575940609447179,720575940636560730,5
720575940623945404,720575940632473440,5
720575940632868563,720575940622302488,5
720575940617917760,720575940629563006,5
720575940621533985,720575940630109756,5
720575940634325087,720575940604999526,5
720575940639080765,720575940628188732,5
720575940621529435,720575940625015070,5
720575940630549370,720575940613421890,5
720575940606649865,720575940608550409,5
720575940621529435,720575940625058173,5
720575940617917760,720575940618758178,5
720575940631054634,720575940621944583,5
720575940616566133,720575940631754527,5
720575940630895055,720575940625155877,5
720575940630549370,720575940629671491,5
720575940621533985,720575940608505795,5
720575940616566133,720575940628685059,5
720575940607687260,720575940614772383,5
720575940638624189,720575940620109191,5
720575940626986885,720575940652822945,5
720575940621333696,720575940631237433,5
720575940619280705,720575940623756215,4
720575940639121571,720575940620460108,4
720575940613864401,720575940621351876,4
720575940639121571,720575940621947486,4
720575940639121571,720575940631237433,4
720575940639121571,720575940615901597,4
720575940639121571,720575940614983274,4
720575940638624189,720575940611110468,4
720575940638624189,720575940611453107,4
720575940616566133,720575940613188319,4
720575940638624189,720575940611579541,4
720575940606649865,720575940627687940,4
720575940639121571,720575940605997513,4
720575940616566133,720575940618873723,4
720575940638624189,720575940620403649,4
720575940619280705,720575940635883748,4
720575940619280705,720575940636059226,4
720575940638624189,720575940618526912,4
720575940621533985,720575940605000550,4
720575940639080765,720575940621023809,4
720575940621333696,720575940630420985,4
720575940639080765,720575940629541187,4
720575940607687260,720575940644837655,4
720575940617917760,720575940635153294,4
720575940630549370,720575940634347360,4
720575940630549370,720575940634464869,4
720575940630549370,720575940634800282,4
720575940639080765,720575940633551028,4
720575940633499548,720575940627367189,4
720575940607439964,720575940610669786,4
720575940633499548,720575940630759507,4
720575940633499548,720575940630917293,4
720575940633499548,720575940636605530,4
720575940619280705,720575940609097058,4
720575940619280705,720575940610470130,4
720575940607687260,720575940628331625,4
720575940639080765,720575940636045175,4
720575940633499548,720575940616913822,4
720575940607687260,720575940605029250,4
720575940626986885,720575940625564816,4
720575940607439964,720575940614890902,4
720575940616566133,720575940626353905,4
720575940621529435,720575940606483467,4
720575940616566133,720575940620442817,4
720575940616566133,720575940621174704,4
720575940621529435,720575940605451552,4
720575940626986885,720575940621913897,4
720575940616020795,720575940619041133,4
720575940642492576,720575940605597216,4
720575940631054634,720575940613738415,4
720575940616020795,720575940644609134,4
720575940642492576,720575940642162573,4
720575940642492576,720575940642347936,4
720575940642492576,720575940626253318,4
720575940626986885,720575940628687259,4
720575940642492576,720575940620578269,4
720575940642492576,720575940622565887,4
720575940642492576,720575940624577613,4
720575940638624189,720575940625724072,4
720575940613864401,720575940624859032,4
720575940621533985,720575940616616075,4
720575940638624189,720575940626562665,4
720575940626986885,720575940612606673,4
720575940638624189,720575940628120655,4
720575940621533985,720575940614714518,4
720575940634325087,720575940620020769,4
720575940634325087,720575940622768397,4
720575940638624189,720575940624158352,4
720575940623945404,720575940619254448,4
720575940616566133,720575940619665023,4
720575940638624189,720575940634890175,4
720575940638624189,720575940634951007,4
720575940638624189,720575940637315418,4
720575940638624189,720575940637704765,4
720575940638624189,720575940645236078,4
720575940616020795,720575940605167025,4
720575940626986885,720575940615447764,4
720575940638624189,720575940630228271,4
720575940621533985,720575940629485354,4
720575940637628762,720575940619060321,4
720575940630895055,720575940616589888,4
720575940621316033,720575940628433511,4
720575940621529435,720575940618547280,4
720575940630895055,720575940622768266,4
720575940621529435,720575940619876702,4
720575940630549370,720575940621561226,4
720575940630549370,720575940620451916,4
720575940630549370,720575940620685436,4
720575940630549370,720575940620741485,4
720575940630549370,720575940621094527,4
720575940630549370,720575940621288225,4
720575940613864401,720575940613386050,4
720575940621316033,720575940630179159,4
720575940630895055,720575940646697780,4
720575940637628762,720575940624754983,4
720575940621529435,720575940621163636,4
720575940621529435,720575940621594723,4
720575940637628762,720575940621913897,4
720575940621529435,720575940623059080,4
720575940637628762,720575940622191177,4
720575940637628762,720575940622249949,4
720575940630895055,720575940628471392,4
720575940630895055,720575940607030281,4
720575940621316033,720575940620608238,4
720575940637628762,720575940609944526,4
720575940637628762,720575940610191795,4
720575940616566133,720575940632164269,4
720575940617917760,720575940610773714,4
720575940637628762,720575940609133102,4
720575940621529435,720575940609999217,4
720575940613864401,720575940605552742,4
720575940631054634,720575940620465996,4
720575940631054634,720575940622050186,4
720575940637628762,720575940614490018,4
720575940621529435,720575940613987730,4
720575940637628762,720575940615072373,4
720575940621529435,720575940614240766,4
720575940621529435,720575940615263903,4
720575940621529435,720575940615507641,4
720575940607439964,720575940633813785,4
720575940621316033,720575940626403400,4
720575940621529435,720575940612435454,4
720575940613864401,720575940638228643,4
720575940637628762,720575940633043295,4
720575940637628762,720575940633243755,4
720575940637628762,720575940633466524,4
720575940621529435,720575940634890175,4
720575940637628762,720575940634839487,4
720575940621529435,720575940637184078,4
720575940621529435,720575940637211462,4
720575940621529435,720575940637315418,4
720575940621529435,720575940631801631,4
720575940621529435,720575940632377375,4
720575940621316033,720575940637320381,4
720575940630549370,720575940605036418,4
720575940621333696,720575940620827713,4
720575940621333696,720575940617727435,4
720575940637628762,720575940643497632,4
720575940621529435,720575940639286606,4
720575940621529435,720575940639534451,4
720575940621316033,720575940638472006,4
720575940637628762,720575940644423204,4
720575940617917760,720575940631678689,4
720575940630549370,720575940624014077,4
720575940632868563,720575940630300613,4
720575940637628762,720575940626733693,4
720575940621529435,720575940626086244,4
720575940632868563,720575940637733702,4
720575940632868563,720575940637907428,4
720575940632868563,720575940625002526,4
720575940607687260,720575940616222438,4
720575940609447179,720575940621837601,4
720575940623945404,720575940607993668,4
720575940632868563,720575940659536257,4
720575940630549370,720575940624584579,4
720575940607687260,720575940610990821,4
720575940637628762,720575940627097361,4
720575940617917760,720575940628269628,4
720575940630895055,720575940614224490,3
720575940626986885,720575940615066335,3
720575940638624189,720575940630385403,3
720575940637628762,720575940618873723,3
720575940630549370,720575940621951453,3
720575940621316033,720575940628138246,3
720575940638624189,720575940630180935,3
720575940638624189,720575940630159939,3
720575940613864401,720575940604935340,3
720575940642492576,720575940636685894,3
720575940638624189,720575940643830126,3
720575940623945404,720575940621321001,3
720575940642492576,720575940617492805,3
720575940616020795,720575940611453107,3
720575940642492576,720575940623165737,3
720575940617917760,720575940611987240,3
720575940638624189,720575940633773849,3
720575940638624189,720575940632725459,3
720575940638624189,720575940634967962,3
720575940607687260,720575940623203012,3
720575940638624189,720575940624660313,3
720575940634325087,720575940634072756,3
720575940630895055,720575940629671235,3
720575940634325087,720575940637055797,3
720575940637628762,720575940622067113,3
720575940621533985,720575940615101452,3
720575940631054634,720575940637826623,3
720575940634325087,720575940628138246,3
720575940623945404,720575940627573659,3
720575940607687260,720575940636551086,3
720575940621533985,720575940624195559,3
720575940613864401,720575940626326952,3
720575940638624189,720575940627924935,3
720575940621533985,720575940617077405,3
720575940621529435,720575940622061803,3
720575940630549370,720575940613042403,3
720575940638624189,720575940626640158,3
720575940617917760,720575940621590250,3
720575940607687260,720575940613213151,3
720575940637628762,720575940620451916,3
720575940617917760,720575940635953343,3
720575940630549370,720575940631998023,3
720575940639080765,720575940629485354,3
720575940630549370,720575940605792434,3
720575940609447179,720575940637050933,3
720575940617917760,720575940648205945,3
720575940621529435,720575940613478422,3
720575940621333696,720575940625718696,3
720575940639080765,720575940624644739,3
720575940621333696,720575940625002526,3
720575940617917760,720575940633466524,3
720575940613864401,720575940617973021,3
720575940621316033,720575940623756215,3
720575940630549370,720575940606892162,3
720575940639080765,720575940603688224,3
720575940621529435,720575940612763542,3
720575940607687260,720575940617650481,3
720575940630549370,720575940629563006,3
720575940631054634,720575940623353013,3
720575940621333696,720575940620754529,3
720575940616566133,720575940633802009,3
720575940631054634,720575940625564816,3
720575940621529435,720575940610960994,3
720575940637628762,720575940615780353,3
720575940621316033,720575940624157675,3
720575940609447179,720575940610669786,3
720575940626986885,720575940619336942,3
720575940616566133,720575940620932684,3
720575940607439964,720575940634442091,3
720575940606649865,720575940638053865,3
720575940630895055,720575940602553568,3
720575940631054634,720575940611532949,3
720575940642492576,720575940624663427,3
720575940639080765,720575940622864920,3
720575940623945404,720575940623203012,3
720575940630549370,720575940646667828,3
720575940639080765,720575940618739621,3
720575940616566133,720575940624601236,3
720575940637628762,720575940614902667,3
720575940630549370,720575940644609134,3
720575940621533985,720575940631048267,3
720575940621529435,720575940630385403,3
720575940642492576,720575940658101121,3
720575940616020795,720575940626834762,3
720575940642492576,720575940630675730,3
720575940642492576,720575940630436603,3
720575940621529435,720575940631620921,3
720575940626986885,720575940627157008,3
720575940616566133,720575940611943976,3
720575940637628762,720575940632725459,3
720575940616566133,720575940611985448,3
720575940621316033,720575940615465433,3
720575940613864401,720575940605452064,3
720575940621529435,720575940612372650,3
720575940619280705,720575940614869387,3
720575940621529435,720575940612019570,3
720575940613864401,720575940637055797,3
720575940607687260,720575940631019468,3
720575940616566133,720575940606341250,3
720575940629279544,720575940621658502,3
720575940639121571,720575940613593503,3
720575940623945404,720575940616041913,3
720575940630549370,720575940626828574,3
720575940621529435,720575940628983963,3
720575940621529435,720575940627931466,3
720575940621529435,720575940628054839,3
720575940621529435,720575940627230986,3
720575940630549370,720575940628300529,3
720575940633499548,720575940637907428,3
720575940633499548,720575940649650041,3
720575940621333696,720575940612607953,3
720575940609447179,720575940623991333,3
720575940621333696,720575940613353538,3
720575940637628762,720575940633301183,3
720575940626986885,720575940643501472,3
720575940626986885,720575940633802009,3
720575940619280705,720575940611686629,3
720575940623945404,720575940614229758,3
720575940637628762,720575940638995005,3
720575940619280705,720575940612668834,3
720575940621529435,720575940624644739,3
720575940630549370,720575940617982800,3
720575940621529435,720575940624729528,3
720575940630549370,720575940612747158,3
720575940631054634,720575940612575230,3
720575940632868563,720575940620274497,3
720575940632868563,720575940620600700,3
720575940632868563,720575940604630240,3
720575940621316033,720575940630425119,3
720575940630549370,720575940622930957,3
720575940638624189,720575940620998424,3
720575940638624189,720575940621475085,3
720575940621316033,720575940633813785,3
720575940613864401,720575940622222921,3
720575940621529435,720575940626353905,3
720575940607439964,720575940603688224,3
720575940626986885,720575940603111392,3
720575940621529435,720575940626794027,3
720575940637628762,720575940629318394,3
720575940629279544,720575940610137050,3
720575940609447179,720575940621413926,3
720575940630549370,720575940626513171,3
720575940631054634,720575940607930716,3
720575940621529435,720575940625476964,3
720575940619280705,720575940638995005,3
720575940621529435,720575940625834900,3
720575940632868563,720575940635499888,3
720575940616566133,720575940617427713,3
720575940630549370,720575940624629948,3
720575940619280705,720575940632465945,3
720575940632868563,720575940645759523,3
720575940632868563,720575940642347936,3
720575940616566133,720575940611110468,2
720575940638624189,720575940605000550,2
720575940638624189,720575940604770249,2
720575940616566133,720575940613681458,2
720575940638624189,720575940612668834,2
720575940616566133,720575940612747158,2
720575940638624189,720575940610167987,2
720575940609447179,720575940603111392,2
720575940617917760,720575940634072756,2
720575940621333696,720575940621973018,2
720575940617917760,720575940633034336,2
720575940621333696,720575940615764422,2
720575940621333696,720575940630868525,2
720575940617917760,720575940643504288,2
720575940621333696,720575940625834900,2
720575940638624189,720575940631019468,2
720575940621529435,720575940603688224,2
720575940638624189,720575940629388239,2
720575940613864401,720575940626403400,2
720575940638624189,720575940628724284,2
720575940638624189,720575940625937797,2
720575940638624189,720575940624989214,2
720575940616566133,720575940620883917,2
720575940616566133,720575940619682625,2
720575940638624189,720575940639986048,2
720575940638624189,720575940624642492,2
720575940638624189,720575940624629948,2
720575940616566133,720575940618758178,2
720575940616566133,720575940618419776,2
720575940616566133,720575940617118016,2
720575940638624189,720575940616781241,2
720575940638624189,720575940620355009,2
720575940638624189,720575940624294072,2
720575940613864401,720575940624294072,2
720575940630895055,720575940611660714,2
720575940617917760,720575940616109398,2
720575940617917760,720575940620051580,2
720575940630895055,720575940617940048,2
720575940626986885,720575940626403400,2
720575940617917760,720575940611769059,2
720575940621333696,720575940614037811,2
720575940629279544,720575940646609028,2
720575940613864401,720575940616781241,2
720575940630895055,720575940630853948,2
720575940617917760,720575940623032970,2
720575940607439964,720575940624721084,2
720575940617917760,720575940627245701,2
720575940616566133,720575940605664446,2
720575940613864401,720575940614490018,2
720575940617917760,720575940625506704,2
720575940617917760,720575940625329029,2
720575940632868563,720575940629332606,2
720575940632868563,720575940627700484,2
720575940632868563,720575940626901278,2
720575940621529435,720575940627043666,2
720575940621529435,720575940626919409,2
720575940639080765,720575940622133206,2
720575940639080765,720575940621413158,2
720575940639080765,720575940619896581,2
720575940621529435,720575940637277117,2
720575940639080765,720575940604008672,2
720575940621529435,720575940659940225,2
720575940621529435,720575940643497632,2
720575940616566133,720575940633034336,2
720575940631054634,720575940624711655,2
720575940631054634,720575940624693287,2
720575940613864401,720575940630269404,2
720575940616566133,720575940624940814,2
720575940616566133,720575940622204157,2
720575940621529435,720575940608662485,2
720575940616566133,720575940631054540,2
720575940621529435,720575940624032264,2
720575940621529435,720575940619404982,2
720575940621529435,720575940624421148,2
720575940632868563,720575940619967879,2
720575940632868563,720575940618627207,2
720575940609447179,720575940614544034,2
720575940621529435,720575940618334145,2
720575940607439964,720575940631017932,2
720575940621529435,720575940612754582,2
720575940621529435,720575940617940304,2
720575940607439964,720575940637756349,2
720575940621529435,720575940615252786,2
720575940609447179,720575940612668834,2
720575940607439964,720575940633466524,2
720575940621529435,720575940615344315,2
720575940634325087,720575940624663427,2
720575940621533985,720575940612019570,2
720575940621533985,720575940614551954,2
720575940621533985,720575940619535563,2
720575940621533985,720575940610773714,2
720575940634325087,720575940614861974,2
720575940616020795,720575940631432403,2
720575940616020795,720575940627687940,2
720575940616020795,720575940609208530,2
720575940621533985,720575940625564816,2
720575940621533985,720575940622821325,2
720575940616020795,720575940608550409,2
720575940633499548,720575940628404188,2
720575940633499548,720575940628398295,2
720575940619280705,720575940605029250,2
720575940609447179,720575940637999950,2
720575940633499548,720575940605997257,2
720575940639121571,720575940630592460,2
720575940639121571,720575940643501472,2
720575940619280705,720575940618359745,2
720575940639121571,720575940621163636,2
720575940639121571,720575940626251778,2
720575940637628762,720575940621845018,2
720575940630549370,720575940621174192,2
720575940630549370,720575940620607982,2
720575940630549370,720575940620354241,2
720575940630549370,720575940619808756,2
720575940637628762,720575940626825853,2
720575940630549370,720575940623244180,2
720575940630549370,720575940622948872,2
720575940630549370,720575940607352003,2
720575940630549370,720575940606331996,2
720575940637628762,720575940608655918,2
720575940630549370,720575940617516760,2
720575940626986885,720575940607330499,2
720575940630549370,720575940632963245,2
720575940626986885,720575940618517440,2
720575940606649865,720575940620073606,2
720575940607439964,720575940619358257,2
720575940637628762,720575940631399978,2
720575940637628762,720575940630620747,2
720575940630549370,720575940626694479,2
720575940630549370,720575940631624673,2
720575940637628762,720575940638561102,2
720575940607687260,720575940614909579,2
720575940607439964,720575940602553568,2
720575940607687260,720575940609220291,2
720575940623945404,720575940618873723,2
720575940607687260,720575940619509744,2
720575940642492576,720575940623244180,2
720575940642492576,720575940620682662,2
720575940642492576,720575940636136567,2
720575940616020795,720575940641360091,2
720575940621316033,720575940622864920,2
720575940621316033,720575940624294072,2
720575940621316033,720575940639733211,2
720575940621316033,720575940637949161,2
720575940621316033,720575940629693239,2
720575940621316033,720575940629335115,2
720575940621316033,720575940629133056,2
720575940621316033,720575940628152838,2
720575940621316033,720575940628121287,2
720575940607687260,720575940634117216,2
720575940623945404,720575940624660313,2
720575940607687260,720575940627700484,2
720575940606649865,720575940626694479,1
720575940606649865,720575940630139599,1
720575940606649865,720575940620434671,1
720575940606649865,720575940646609028,1
720575940606649865,720575940620109191,1
720575940642492576,720575940634117216,1
720575940642492576,720575940629515306,1
720575940642492576,720575940626364401,1
720575940642492576,720575940626676120,1
720575940642492576,720575940627426837,1
720575940642492576,720575940628531308,1
720575940642492576,720575940636551086,1
720575940606649865,720575940619781620,1
720575940642492576,720575940638626613,1
720575940606649865,720575940606954114,1
720575940606649865,720575940608383243,1
720575940607687260,720575940626226690,1
720575940607687260,720575940628640079,1
720575940607687260,720575940631177035,1
720575940607687260,720575940617926198,1
720575940607687260,720575940619430326,1
720575940607687260,720575940621516179,1
720575940607687260,720575940622886925,1
720575940607687260,720575940624601731,1
720575940607687260,720575940631573039,1
720575940609447179,720575940613071587,1
720575940607687260,720575940634231999,1
720575940607687260,720575940638925877,1
720575940607687260,720575940641936584,1
720575940607687260,720575940646667828,1
720575940607687260,720575940650260214,1
720575940607439964,720575940628404188,1
720575940607439964,720575940617436305,1
720575940607439964,720575940620465996,1
720575940607439964,720575940620521754,1
720575940607439964,720575940623067942,1
720575940607439964,720575940628885591,1
720575940607687260,720575940607792139,1
720575940607687260,720575940607981636,1
720575940607687260,720575940611985448,1
720575940607439964,720575940639157968,1
720575940639080765,720575940626560857,1
720575940639080765,720575940626640158,1
720575940639080765,720575940626906142,1
720575940639080765,720575940628612112,1
720575940639080765,720575940628640079,1
720575940639080765,720575940625323795,1
720575940639080765,720575940623964820,1
720575940639080765,720575940624638396,1
720575940639080765,720575940632835810,1
720575940639080765,720575940633210475,1
720575940639080765,720575940635628766,1
720575940639080765,720575940629328591,1
720575940639080765,720575940629397079,1
720575940638624189,720575940641084405,1
720575940639080765,720575940608447241,1
720575940639080765,720575940608527150,1
720575940639080765,720575940609179331,1
720575940638624189,720575940631998023,1
720575940638624189,720575940632357284,1
720575940638624189,720575940634858676,1
720575940638624189,720575940634920543,1
720575940639080765,720575940610960994,1
720575940639080765,720575940620936870,1
720575940639080765,720575940621869918,1
720575940639080765,720575940616345403,1
720575940639080765,720575940617370909,1
720575940642492576,720575940603174368,1
720575940642492576,720575940608657621,1
720575940642492576,720575940611697066,1
720575940642492576,720575940622669508,1
720575940642492576,720575940620936870,1
720575940642492576,720575940621857313,1
720575940642492576,720575940622222921,1
720575940642492576,720575940622861971,1
720575940642492576,720575940622930957,1
720575940642492576,720575940623542972,1
720575940642492576,720575940624644739,1
720575940642492576,720575940614283006,1
720575940642492576,720575940614822742,1
720575940642492576,720575940617118016,1
720575940642492576,720575940617866048,1
720575940642492576,720575940619842580,1
720575940639121571,720575940617727435,1
720575940639121571,720575940618371777,1
720575940639121571,720575940621290017,1
720575940639121571,720575940622387677,1
720575940639121571,720575940610347929,1
720575940639121571,720575940624572052,1
720575940639121571,720575940626919409,1
720575940619280705,720575940616547648,1
720575940619280705,720575940618201620,1
720575940619280705,720575940622116428,1
720575940619280705,720575940620211622,1
720575940621316033,720575940611686629,1
720575940621316033,720575940604962918,1
720575940621316033,720575940605407846,1
720575940621316033,720575940605792434,1
720575940621316033,720575940606549961,1
720575940621316033,720575940606864341,1
720575940621316033,720575940608662574,1
720575940621316033,720575940609097058,1
720575940621316033,720575940612725906,1
720575940621316033,720575940615346363,1
720575940619280705,720575940633073760,1
720575940617917760,720575940624601236,1
720575940617917760,720575940624609101,1
720575940617917760,720575940624989214,1
720575940617917760,720575940627924935,1
720575940617917760,720575940625054589,1
720575940617917760,720575940627164242,1
720575940617917760,720575940622222921,1
720575940617917760,720575940619509744,1
720575940619280705,720575940614036019,1
720575940619280705,720575940613213151,1
720575940617917760,720575940628331625,1
720575940617917760,720575940628685059,1
720575940617917760,720575940633802009,1
720575940617917760,720575940634638734,1
720575940617917760,720575940635016048,1
720575940617917760,720575940635288943,1
720575940621333696,720575940619487414,1
720575940621333696,720575940618266747,1
720575940621333696,720575940636665262,1
720575940621333696,720575940639588723,1
720575940621333696,720575940644843031,1
720575940621333696,720575940654491553,1
720575940621316033,720575940644607854,1
720575940621316033,720575940621837601,1
720575940621316033,720575940621878021,1
720575940621316033,720575940621920452,1
720575940621316033,720575940622803850,1
720575940621316033,720575940623165737,1
720575940621316033,720575940626904561,1
720575940621316033,720575940624647299,1
720575940621316033,720575940625937797,1
720575940621316033,720575940621688926,1
720575940621316033,720575940621090659,1
720575940621316033,720575940617238457,1
720575940621316033,720575940619028289,1
720575940621316033,720575940619115845,1
720575940621316033,720575940619682625,1
720575940621316033,720575940619808756,1
720575940621316033,720575940620507862,1
720575940621316033,720575940620932684,1
720575940621316033,720575940626792778,1
720575940621316033,720575940626911262,1
720575940621316033,720575940632371737,1
720575940621316033,720575940632929690,1
720575940621316033,720575940642010056,1
720575940621316033,720575940630879533,1
720575940621316033,720575940627205386,1
720575940621316033,720575940627307855,1
720575940621316033,720575940628359895,1
720575940621316033,720575940629162693,1
720575940621316033,720575940629515306,1
720575940621316033,720575940629967756,1
720575940621316033,720575940630415268,1
720575940613864401,720575940620713129,1
720575940613864401,720575940609143672,1
720575940613864401,720575940612647282,1
720575940613864401,720575940614772383,1
720575940613864401,720575940630561484,1
720575940613864401,720575940634072756,1
720575940613864401,720575940623488270,1
720575940613864401,720575940626124743,1
720575940613864401,720575940626655321,1
720575940609447179,720575940620686761,1
720575940609447179,720575940624396524,1
720575940609447179,720575940615263903,1
720575940609447179,720575940619369198,1
720575940609447179,720575940633243755,1
720575940609447179,720575940633710105,1
720575940609447179,720575940634442091,1
720575940609447179,720575940626326952,1
720575940613864401,720575940636059226,1
720575940616566133,720575940625667365,1
720575940616566133,720575940618184839,1
720575940616566133,720575940619259477,1
720575940616566133,720575940620273023,1
720575940617917760,720575940606341250,1
720575940617917760,720575940611204323,1
720575940616566133,720575940633301183,1
720575940616566133,720575940635213998,1
720575940616566133,720575940612372650,1
720575940616020795,720575940618419776,1
720575940616020795,720575940603719712,1
720575940616020795,720575940634235744,1
720575940616020795,720575940634858676,1
720575940616020795,720575940639588723,1
720575940616020795,720575940622768397,1
720575940616020795,720575940626663440,1
720575940626986885,720575940630651223,1
720575940626986885,720575940633301183,1
720575940626986885,720575940633312482,1
720575940626986885,720575940634638990,1
720575940629279544,720575940620407628,1
720575940629279544,720575940615243020,1
720575940630549370,720575940620039956,1
720575940630549370,720575940620892877,1
720575940630549370,720575940620936870,1
720575940630549370,720575940621413158,1
720575940630549370,720575940621913897,1
720575940630549370,720575940618183559,1
720575940630549370,720575940611704813,1
720575940630549370,720575940612606673,1
720575940630549370,720575940612896106,1
720575940630549370,720575940617427713,1
720575940630549370,720575940627155589,1
720575940630549370,720575940627700484,1
720575940630549370,720575940623008440,1
720575940630549370,720575940628694991,1
720575940630549370,720575940628917980,1
720575940630549370,720575940624294072,1
720575940630549370,720575940624601731,1
720575940630549370,720575940624989214,1
720575940630549370,720575940611204323,1
720575940621529435,720575940634146808,1
720575940621529435,720575940631975379,1
720575940621529435,720575940632932506,1
720575940621529435,720575940634000495,1
720575940621529435,720575940634018415,1
720575940621529435,720575940635033701,1
720575940621529435,720575940637407209,1
720575940621529435,720575940637810239,1
720575940621529435,720575940631731620,1
720575940621529435,720575940628128079,1
720575940621529435,720575940627082261,1
720575940621529435,720575940627150090,1
720575940621529435,720575940628295242,1
720575940621529435,720575940628447491,1
720575940621529435,720575940629022875,1
720575940621529435,720575940629638211,1
720575940621529435,720575940630868525,1
720575940621533985,720575940614348394,1
720575940621533985,720575940616702262,1
720575940621533985,720575940617293201,1
720575940621533985,720575940618592390,1
720575940621529435,720575940640292571,1
720575940621529435,720575940641866912,1
720575940621529435,720575940645858948,1
720575940621529435,720575940627021128,1
720575940621529435,720575940612729714,1
720575940621529435,720575940613119459,1
720575940621529435,720575940614131131,1
720575940621529435,720575940615780353,1
720575940621529435,720575940605997257,1
720575940621529435,720575940608621614,1
720575940621529435,720575940610029432,1
720575940621529435,720575940610906521,1
720575940621529435,720575940624800188,1
720575940621529435,720575940626253318,1
720575940621529435,720575940626550504,1
720575940621529435,720575940622815684,1
720575940621529435,720575940620124028,1
720575940621529435,720575940620172397,1
720575940621529435,720575940620210857,1
720575940621529435,720575940620936870,1
720575940621529435,720575940621802751,1
720575940621529435,720575940621829813,1
720575940621529435,720575940622075274,1
720575940621533985,720575940620425310,1
720575940623945404,720575940627483413,1
720575940623945404,720575940637726180,1
720575940623945404,720575940631502509,1
720575940623945404,720575940622698825,1
720575940626986885,720575940620684156,1
720575940626986885,720575940621829813,1
720575940626986885,720575940612747158,1
720575940621533985,720575940627553691,1
720575940621533985,720575940627778564,1
720575940621533985,720575940630413087,1
720575940621533985,720575940620746093,1
720575940621533985,720575940625560189,1
720575940621533985,720575940625715733,1
720575940621533985,720575940625837060,1
720575940621533985,720575940632919265,1
720575940623945404,720575940614283006,1
720575940623945404,720575940615571601,1
720575940623945404,720575940615876294,1
720575940621533985,720575940634078200,1
720575940623945404,720575940605451552,1
720575940623945404,720575940607804939,1
720575940630549370,720575940629388239,1
720575940634325087,720575940625646876,1
720575940634325087,720575940617857053,1
720575940634325087,720575940623203767,1
720575940637628762,720575940611769059,1
720575940637628762,720575940613681458,1
720575940637628762,720575940613764364,1
720575940637628762,720575940616041913,1
720575940637628762,720575940617650481,1
720575940637628762,720575940619509744,1
720575940637628762,720575940602605536,1
720575940637628762,720575940605552742,1
720575940633499548,720575940613017059,1
720575940633499548,720575940622191177,1
720575940634325087,720575940607715420,1
720575940634325087,720575940613776543,1
720575940634325087,720575940614207850,1
720575940633499548,720575940644592494,1
720575940633499548,720575940631694137,1
720575940633499548,720575940631782447,1
720575940633499548,720575940639071029,1
720575940637628762,720575940619516144,1
720575940637628762,720575940619665023,1
720575940638624189,720575940619713200,1
720575940638624189,720575940623009416,1
720575940638624189,720575940622637804,1
720575940638624189,720575940616964766,1
720575940638624189,720575940610406776,1
720575940638624189,720575940610773714,1
720575940638624189,720575940613735948,1
720575940638624189,720575940614282238,1
720575940638624189,720575940614862230,1
720575940638624189,720575940616105302,1
720575940638624189,720575940627553691,1
720575940638624189,720575940627854568,1
720575940638624189,720575940628175363,1
720575940638624189,720575940628269628,1
720575940638624189,720575940628787962,1
720575940638624189,720575940628917980,1
720575940638624189,720575940629010331,1
720575940638624189,720575940629625466,1
720575940638624189,720575940629997561,1
720575940638624189,720575940630026600,1
720575940638624189,720575940626676120,1
720575940638624189,720575940623986469,1
720575940638624189,720575940625054589,1
720575940638624189,720575940626403400,1
720575940638624189,720575940626474889,1
720575940638624189,720575940626513027,1
720575940638624189,720575940609066030,1
720575940637628762,720575940624327196,1
720575940637628762,720575940627150090,1
720575940637628762,720575940627245701,1
720575940637628762,720575940623203767,1
720575940637628762,720575940620310625,1
720575940637628762,720575940621090659,1
720575940637628762,720575940621413158,1
720575940637628762,720575940621924615,1
720575940637628762,720575940622727572,1
720575940637628762,720575940629010331,1
720575940637628762,720575940638468678,1
720575940637628762,720575940639071029,1
720575940637628762,720575940639417459,1
720575940637628762,720575940641866912,1
720575940637628762,720575940652837793,1
720575940638624189,720575940606967730,1
720575940637628762,720575940635800431,1
720575940637628762,720575940630265952,1
720575940637628762,720575940631630561,1
720575940637628762,720575940631875097,1
720575940637628762,720575940634362999,1
720575940630895055,720575940628188732,1
720575940630895055,720575940622669508,1
720575940630895055,720575940623946988,1
720575940631054634,720575940614744991,1
720575940630895055,720575940642010056,1
720575940630549370,720575940635800431,1
720575940630549370,720575940636553306,1
720575940630549370,720575940636685894,1
720575940630549370,720575940637773117,1
720575940630549370,720575940639534451,1
720575940630549370,720575940629545027,1
720575940630549370,720575940629765647,1
720575940630549370,720575940630159939,1
720575940630549370,720575940630432932,1
720575940630549370,720575940630917293,1
720575940630549370,720575940632364717,1
720575940630549370,720575940632805037,1
720575940630549370,720575940652875169,1
720575940630895055,720575940610406776,1
720575940632868563,720575940618691742,1
720575940632868563,720575940620282758,1
720575940632868563,720575940642383520,1
720575940632868563,720575940632481363,1
720575940632868563,720575940627595848,1
720575940632868563,720575940630906655,1
720575940632868563,720575940632111780,1
720575940631054634,720575940627295802,1
720575940631054634,720575940618905766,1
720575940631054634,720575940622864920,1
720575940631054634,720575940622886925,1
720575940631054634,720575940634235744,1
720575940631054634,720575940632437331,1
720575940631054634,720575940634006355,1
720575940631054634,720575940634839487,1
720575940631054634,720575940634914552,1
720575940631054634,720575940631842956,1
720575940631054634,720575940628697982,1
720575940631054634,720575940629824828,1
720575940631054634,720575940631458371,1
