time_ms,KC1_rate,KC2_rate,MBON_rate,DAN_rate,DA,cAMP,Ca,kappa,W_KC1,W_KC2,eligibility_KC1,eligibility_KC2
0.0,0.0,0.0,0.0,0.0,19.98,0.03491556738946862,0.10000241194447881,-0.46509565018882554,0.0,0.031064249974822128,0.028295421521741596,0.011318168608696468
1.0,0.0,0.0,0.0,0.0,19.78109670659077,0.035819004104630306,0.10000239991185465,-0.4641921358301172,0.0,0.031031817593027228,0.028267138829764685,0.011306855531905703
2.0,0.0,0.0,0.0,0.0,19.5841735192941,0.03668110870409496,0.10000238793925842,-0.46332995506960195,0.0,0.030999436802494236,0.02823888440775593,0.011295553763102201
3.0,0.0,0.0,0.0,0.0,19.38921072591645,0.03750235727243755,0.10000237602639064,-0.46250863179360974,0.0,0.030967106606307356,0.028210658227458087,0.011284263290983063
4.0,0.0,0.0,0.0,0.0,19.196188810501518,0.038283221025633536,0.10000236417295336,-0.461727694757576,0.0,0.030934826021074415,0.028182460260642146,0.011272984104256686
5.0,0.0,0.0,0.0,0.0,19.005088451376686,0.03902416635978434,0.1000023523786501,-0.4609866775373083,0.0,0.030902594076769725,0.02815429047910732,0.011261716191642757
6.0,0.0,0.0,0.0,0.0,18.8158905192189,0.03972565489935722,0.10000234064318586,-0.4602851184807376,0.0,0.030870409816578806,0.028126148854681003,0.011250459541872232
7.0,0.0,0.0,0.0,0.0,18.628576075139815,0.040388143544944494,0.10000232896626705,-0.45962256066015167,0.0,0.030838272296744754,0.02809803535921876,0.011239214143687335
8.0,0.0,0.0,0.0,0.0,18.443126368789976,0.04101208452054672,0.10000231734760168,-0.4589985518249046,0.0,0.030806180586416345,0.028069949964604275,0.011227979985841541
9.0,0.0,0.0,0.0,0.0,18.259522836481917,0.04159792542038467,0.1000023057868991,-0.4584126443545962,0.0,0.030774133767497856,0.028041892642749342,0.011216757057099569
10.0,0.0,0.0,0.0,0.0,18.077747099331905,0.04214610925524486,0.10000229428387017,-0.4578643952127194,0.0,0.030742130934500515,0.02801386336559384,0.011205545346237371
11.0,0.0,0.0,0.0,0.0,17.897780961420178,0.04265707449836299,0.10000228283822712,-0.4573533659007694,0.0,0.030710171194395616,0.027985862105105685,0.01119434484204211
12.0,0.0,0.0,0.0,0.0,17.71960640796955,0.0431312551308503,0.10000227144968368,-0.45687912241280987,0.0,0.03067825366646929,0.02795788883328081,0.01118315553331216
13.0,0.0,0.0,0.0,0.0,17.543205603542106,0.04356908068666714,0.10000226011795504,-0.45644123519049257,0.0,0.030646377482178865,0.027929943522143147,0.011171977408857094
14.0,0.0,0.0,0.0,0.0,17.368560890253825,0.043970976297148245,0.10000224884275774,-0.45603927907852443,0.0,0.030614541785010867,0.027902026143744582,0.011160810457497667
15.0,0.0,0.0,0.0,0.0,17.195654786007065,0.044337362735084346,0.10000223762380973,-0.4556728332805791,0.0,0.030582745730340522,0.02787413667016494,0.01114965466806581
16.0,0.0,0.0,0.0,0.0,17.024469982740545,0.04466865645836436,0.10000222646083043,-0.45534148131564817,0.0,0.030550988485292918,0.027846275073511964,0.01113851002940462
17.0,0.0,0.0,0.0,0.0,16.85498934469682,0.044965269653182656,0.1000022153535406,-0.455044810974827,0.0,0.030519269228605664,0.02781844132592127,0.01112737653036834
18.0,0.0,0.0,0.0,0.0,16.687195906706943,0.04522761027681567,0.10000220430166243,-0.4547824142785313,0.0,0.030487587150493062,0.02779063539955632,0.011116254159822357
19.0,0.0,0.0,0.0,0.0,16.521072872492283,0.04545608209997217,0.10000219330491945,-0.45455388743414016,0.0,0.030455941452511855,0.0277628572666084,0.011105142906643191
20.0,0.0,0.0,0.0,0.0,16.356603612983143,0.04565108474872144,0.10000218236303667,-0.4543588307940625,0.0,0.030424331347428404,0.0277351068992966,0.011094042759718472
21.0,0.0,0.0,0.0,0.0,16.19377166465423,0.04581301374600352,0.10000217147574034,-0.4541968488142187,0.0,0.03039275605908737,0.02770738426986778,0.011082953707946942
22.0,0.0,0.0,0.0,0.0,16.03256072787661,0.04594226055272574,0.10000216064275817,-0.4540675500129395,0.0,0.030361214822281882,0.02767968935059653,0.011071875740238442
23.0,0.0,0.0,0.0,0.0,15.872954665286112,0.046039212608449634,0.10000214986381925,-0.453970546930272,0.0,0.030329706882625124,0.027652022113785164,0.011060808845513892
24.0,0.0,0.0,0.0,0.0,15.714937500167952,0.0461042533716723,0.1000021391386539,-0.4539054560876922,0.0,0.030298231496423366,0.027624382531763667,0.011049753012705292
25.0,0.0,0.0,0.0,0.0,15.558493414857463,0.04613776235970628,0.10000212846699388,-0.4538718979482196,0.0,0.030266787930550418,0.027596770576889695,0.011038708230755702
26.0,0.0,0.0,0.0,0.0,15.403606749156712,0.046140115188161884,0.10000211784857228,-0.45386949687692874,0.0,0.030235375462323463,0.02756918622154853,0.011027674488619237
27.0,0.0,0.0,0.0,0.0,15.250261998766923,0.04611168361003606,0.10000210728312348,-0.45389788110185464,0.0,0.030203993379380296,0.027541629438153064,0.011016651775261049
28.0,0.0,0.0,0.0,0.0,15.098443813736472,0.04605283555441152,0.10000209677038323,-0.4539566826752881,0.0,0.03017264097955792,0.027514100199143743,0.011005640079657321
29.0,0.0,0.0,0.0,0.0,14.948136996924339,0.04596628702837342,0.10000208631008857,-0.4540431855227858,0.0,0.0301413175804097,0.02748659847698857,0.010994639390795253
30.0,0.0,0.0,0.0,0.0,14.79932650247886,0.04587443714952113,0.10000207590197785,-0.45413499005202,0.0,0.030110022801587595,0.02745912424418309,0.010983649697673056
31.0,0.0,0.0,0.0,0.0,14.651997434331632,0.04578277080518491,0.10000206554579075,-0.45422661125967356,0.0,0.03007875660328926,0.027431677473250295,0.010972670989299941
32.0,0.0,0.0,0.0,0.0,14.506135044706399,0.0456912876286259,0.10000205524126823,-0.4543180495115159,0.0,0.030047518964289078,0.027404258136740682,0.010961703254696097
33.0,0.0,0.0,0.0,0.0,14.361724732642777,0.04559998725383809,0.10000204498815256,-0.45440930517258776,0.0,0.030016309863362206,0.027376866207232165,0.010950746482892692
34.0,0.0,0.0,0.0,0.0,14.218752042534696,0.0455088693155468,0.10000203478618726,-0.45450037860720266,0.0,0.029985129279284605,0.02734950165733007,0.010939800662931857
35.0,0.0,0.0,0.0,0.0,14.077202662683375,0.045417933449207255,0.10000202463511715,-0.45459127017894835,0.0,0.029953977190833127,0.027322164459667123,0.010928865783866676
36.0,0.0,0.0,0.0,0.0,13.93706242386471,0.04532717929100309,0.10000201453468835,-0.4546819802506885,0.0,0.029922853576785553,0.027294854586903377,0.010917941834761179
37.0,0.0,0.0,0.0,0.0,13.798317297910918,0.04523660647784494,0.10000200448464822,-0.45477250918456386,0.0,0.029891758415920656,0.027267572011726228,0.010907028804690319
38.0,0.0,0.0,0.0,0.0,13.660953396306313,0.045146214647368954,0.1000019944847454,-0.4548628573419937,0.0,0.029860691687018267,0.027240316706850374,0.010896126682739975
39.0,0.0,0.0,0.0,0.0,13.524956968797037,0.04505600343793537,0.10000198453472972,-0.45495302508367713,0.0,0.029829653368859326,0.02721308864501778,0.010885235458006933
40.0,0.0,0.0,0.0,0.0,13.39031440201466,0.044965972488627076,0.10000197463435234,-0.45504301276959497,0.0,0.02979864344022592,0.02718588779899765,0.010874355119598883
41.0,0.0,0.0,0.0,0.0,13.257012218113468,0.04487612143924807,0.10000196478336562,-0.4551328207590108,0.0,0.02976766187990136,0.027158714141586427,0.010863485656634394
42.0,0.0,0.0,0.0,0.0,13.125037073421316,0.04478644993032217,0.10000195498152314,-0.4552224494104725,0.0,0.029736708666670237,0.027131567645607726,0.010852627058242916
43.0,0.0,0.0,0.0,0.0,12.994375757103914,0.044696957603091454,0.10000194522857979,-0.4553118990818139,0.0,0.02970578377931844,0.02710444828391234,0.010841779313564762
44.0,0.0,0.0,0.0,0.0,12.865015189842397,0.04460764409951489,0.10000193552429154,-0.45540117013015535,0.0,0.02967488719663328,0.02707735602937819,0.0108309424117511
45.0,0.0,0.0,0.0,0.0,12.736942422524109,0.044518509062266884,0.10000192586841572,-0.45549026291190653,0.0,0.029644018897403486,0.02705029085491031,0.010820116341963948
46.0,0.0,0.0,0.0,0.0,12.610144634946343,0.04442955213473585,0.10000191626071078,-0.45557917778276646,0.0,0.029613178860419274,0.02702325273344082,0.010809301093376153
47.0,0.0,0.0,0.0,0.0,12.484609134533049,0.044340772961022776,0.10000190670093645,-0.4556679150977262,0.0,0.02958236706447242,0.02699624163792889,0.01079849665517138
48.0,0.0,0.0,0.0,0.0,12.360323355064299,0.04425217118593982,0.10000189718885358,-0.4557564752110688,0.0,0.02955158348835628,0.02696925754136072,0.010787703016544109
49.0,0.0,0.0,0.0,0.0,12.237274855418384,0.04416374645500887,0.10000188772422426,-0.4558448584763722,0.0,0.029520828110865885,0.026942300416749512,0.010776920166699627
50.0,0.0,0.0,0.0,0.0,12.115451318326457,0.044075498414460096,0.10000187830681176,-0.4559330652465096,0.0,0.029490100910797967,0.026915370237135437,0.010766148094853998
51.0,0.0,0.0,0.0,0.0,11.994840549139552,0.04398742671123064,0.1000018689363805,-0.45602109587365114,0.0,0.029459401866951018,0.026888466975585633,0.010755386790234071
52.0,0.0,0.0,0.0,0.0,11.875430474607898,0.04389953099296311,0.10000185961269613,-0.4561089507092656,0.0,0.029428730958125347,0.026861590605194132,0.010744636242077471
53.0,0.0,0.0,0.0,0.0,11.75720914167237,0.04381181090800416,0.10000185033552542,-0.45619663010412126,0.0,0.029398088163123125,0.026834741099081887,0.010733896439632573
54.0,0.0,0.0,0.0,0.0,11.640164716267979,0.04372426610540316,0.10000184110463635,-0.45628413440828813,0.0,0.029367473460748448,0.026807918430396694,0.010723167372158495
55.0,0.0,0.0,0.0,0.0,11.524285482139266,0.04363689623491074,0.10000183191979801,-0.456371463971138,0.0,0.02933688682980739,0.026781122572313205,0.010712449028925099
56.0,0.0,0.0,0.0,0.0,11.40955983966751,0.04354970094697738,0.10000182278078067,-0.45645861914134706,0.0,0.02930632824910804,0.026754353498032877,0.010701741399212969
57.0,0.0,0.0,0.0,0.0,11.295976304709576,0.04346267989275206,0.10000181368735574,-0.4565456002668969,0.0,0.029275797697460578,0.02672761118078396,0.0106910444723134
58.0,0.0,0.0,0.0,0.0,11.183523507448347,0.043375832724080784,0.10000180463929574,-0.4566324076950757,0.0,0.0292452951536773,0.026700895593821453,0.010680358237528399
59.0,0.0,0.0,0.0,0.0,11.072190191254604,0.04328915909350529,0.1000017956363744,-0.45671904177247985,0.0,0.029214820596572696,0.026674206710427105,0.01066968268417066
60.0,0.0,0.0,0.0,0.0,10.961965211560212,0.04320265865426158,0.10000178667836654,-0.4568055028450151,0.0,0.029184374004963484,0.026647544503909354,0.010659017801563555
61.0,0.0,0.0,0.0,0.0,10.852837534742557,0.04311633106027859,0.10000177776504808,-0.45689179125789825,0.0,0.029153955357668668,0.026620908947603324,0.010648363579041144
62.0,0.0,0.0,0.0,0.0,10.744796237020056,0.043030175966176726,0.10000176889619605,-0.4569779073556577,0.0,0.029123564633509583,0.026594300014870793,0.010637720005948132
63.0,0.0,0.0,0.0,0.0,10.637830503358677,0.0429441930272666,0.10000176007158866,-0.45706385148213624,0.0,0.029093201811309963,0.02656771767910017,0.010627087071639885
64.0,0.0,0.0,0.0,0.0,10.531929626389346,0.04285838189954752,0.10000175129100515,-0.4571496239804911,0.0,0.029062866869895967,0.02654116191370646,0.010616464765482399
65.0,0.0,0.0,0.0,0.0,10.42708300533614,0.042772742239706195,0.10000174255422589,-0.45723522519319587,0.0,0.029032559788096254,0.026514632692131234,0.010605853076852306
66.0,0.0,0.0,0.0,0.0,10.32328014495512,0.042687273705115346,0.10000173386103242,-0.4573206554620422,0.0,0.029002280544742014,0.026488129987842616,0.01059525199513686
67.0,0.0,0.0,0.0,0.0,10.220510654483762,0.04260197595383233,0.10000172521120719,-0.45740591512814,0.0,0.028972029118667024,0.026461653774335254,0.010584661509733912
68.0,0.0,0.0,0.0,0.0,10.118764246600833,0.04251684864459779,0.10000171660453393,-0.45749100453192026,0.0,0.02894180548870771,0.026435204025130277,0.010574081610051921
69.0,0.0,0.0,0.0,0.0,10.018030736396607,0.04243189143683426,0.10000170804079732,-0.4575759240131355,0.0,0.028911609633703178,0.02640878071377529,0.010563512285509925
70.0,0.0,0.0,0.0,0.0,9.918300040353351,0.04234710399064482,0.1000016995197832,-0.4576606739108612,0.0,0.028881441532495278,0.026382383813844335,0.010552953525537541
71.0,0.0,0.0,0.0,0.0,9.819562175335975,0.042262485966811716,0.10000169104127841,-0.45774525456349735,0.0,0.028851301163928644,0.026356013298937876,0.010542405319574958
72.0,0.0,0.0,0.0,0.0,9.72180725759268,0.04217803702679504,0.10000168260507089,-0.45782966630876953,0.0,0.028821188506850746,0.02632966914268276,0.010531867657072909
73.0,0.0,0.0,0.0,0.0,9.625025501765608,0.04209375683273135,0.10000167421094963,-0.4579139094837308,0.0,0.028791103540111947,0.026303351318732182,0.01052134052749268
74.0,0.0,0.0,0.0,0.0,9.529207219911303,0.04200964504743232,0.10000166585870465,-0.4579979844247621,0.0,0.02876104624256554,0.0262770598007657,0.010510823920306087
75.0,0.0,0.0,0.0,0.0,9.434342820530953,0.041925701334383406,0.10000165754812708,-0.4580818914675747,0.0,0.0287310165930678,0.02625079456248915,0.010500317824995466
76.0,0.0,0.0,0.0,0.0,9.340422807610267,0.04184192535774244,0.10000164927900902,-0.4581656309472107,0.0,0.028701014570478037,0.02622455557763467,0.010489822231053674
77.0,0.0,0.0,0.0,0.0,9.247437779668907,0.04175831678233842,0.10000164105114363,-0.4582492031980446,0.0,0.028671040153658636,0.026198342819960647,0.010479337127984068
78.0,0.0,0.0,0.0,0.0,9.155378428819404,0.04167487527366998,0.10000163286432513,-0.45833260855378477,0.0,0.02864109332147512,0.0261721562632517,0.01046886250530049
79.0,0.0,0.0,0.0,0.0,9.06423553983542,0.04159160049790426,0.10000162471834878,-0.45841584734747476,0.0,0.028611174052796166,0.02614599588131866,0.010458398352527274
80.0,0.0,0.0,0.0,0.0,8.973999989229302,0.041508492121875386,0.10000161661301077,-0.4584989199114942,0.0,0.028581282326493707,0.026119861647998514,0.010447944659199217
81.0,0.0,0.0,0.0,0.0,8.884662744338808,0.04142554981308324,0.10000160854810838,-0.45858182657756075,0.0,0.02855141812144293,0.026093753537154422,0.01043750141486158
82.0,0.0,0.0,0.0,0.0,8.796214862422927,0.04134277323969213,0.10000160052343991,-0.458664567676731,0.0,0.028521581416522328,0.026067671522675657,0.010427068609070073
83.0,0.0,0.0,0.0,0.0,8.708647489766713,0.041260162070529405,0.10000159253880461,-0.4587471435394018,0.0,0.028491772190613773,0.026041615578477596,0.010416646231390849
84.0,0.0,0.0,0.0,0.0,8.62195186079501,0.04117771597508417,0.10000158459400278,-0.4588295544953118,0.0,0.028461990422602557,0.02601558567850168,0.010406234271400484
85.0,0.0,0.0,0.0,0.0,8.53611929719501,0.041095434623505976,0.10000157668883569,-0.45891180087354283,0.0,0.028432236091377416,0.02598958179671541,0.010395832718685976
86.0,0.0,0.0,0.0,0.0,8.451141207047554,0.04101331768660347,0.10000156882310565,-0.4589938830025205,0.0,0.028402509175830596,0.025963603907112297,0.010385441562844731
87.0,0.0,0.0,0.0,0.0,8.367009083967064,0.04093136483584309,0.10000156099661588,-0.4590758012100164,0.0,0.028372809654857892,0.025937651983711858,0.010375060793484554
88.0,0.0,0.0,0.0,0.0,8.283714506250044,0.040849575743347744,0.10000155320917063,-0.4591575558231488,0.0,0.0283431375073587,0.025911726000559566,0.010364690400223638
89.0,0.0,0.0,0.0,0.0,8.20124913603208,0.04076795008189552,0.10000154546057509,-0.45923914716838415,0.0,0.028313492712236057,0.025885825931726846,0.01035433037269055
90.0,0.0,0.0,0.0,0.0,8.119604718453182,0.04068648752491833,0.10000153775063549,-0.45932057557153855,0.0,0.028283875248396692,0.025859951751311033,0.010343980700524225
91.0,0.0,0.0,0.0,0.0,8.038773080831483,0.04060518774650068,0.10000153007915893,-0.4594018413577788,0.0,0.02825428509475106,0.025834103433435358,0.010333641373373953
92.0,0.0,0.0,0.0,0.0,7.958746131845152,0.04052405042137827,0.10000152244595363,-0.4594829448516239,0.0,0.02822472223021341,0.02580828095224892,0.01032331238089938
93.0,0.0,0.0,0.0,0.0,7.87951586072243,0.04044307522493679,0.10000151485082856,-0.45956388637694584,0.0,0.028195186633701814,0.02578248428192665,0.010312993712770474
94.0,0.0,0.0,0.0,0.0,7.80107433643975,0.04036226183321055,0.10000150729359378,-0.4596446662569713,0.0,0.028165678284138206,0.025756713396669288,0.010302685358667532
95.0,0.0,0.0,0.0,0.0,7.723413706927834,0.04028160992288122,0.10000149977406025,-0.4597252848142834,0.0,0.028136197160448434,0.025730968270703387,0.010292387308281171
96.0,0.0,0.0,0.0,0.0,7.646526198285694,0.0402011191712765,0.10000149229203992,-0.4598057423708217,0.0,0.028106743241562315,0.025705248878281236,0.010282099551312308
97.0,0.0,0.0,0.0,0.0,7.5704041140024625,0.04012078925636888,0.10000148484734563,-0.4598860392478849,0.0,0.02807731650641366,0.02567955519368086,0.010271822077472157
98.0,0.0,0.0,0.0,0.0,7.495039834186953,0.04004061985677433,0.10000147743979117,-0.4599661757661311,0.0,0.02804791693394033,0.025653887191206006,0.010261554876482218
99.0,0.0,0.0,0.0,0.0,7.420425814804913,0.03996061065175098,0.10000147006919129,-0.4600461522455796,0.0,0.028018544503084285,0.025628244845186103,0.01025129793807426
100.0,0.0,0.0,0.0,0.0,7.346554586923853,0.039880761321197895,0.10000146273536158,-0.46012596900561165,0.0,0.02798919919279162,0.025602628129976244,0.010241051251990317
101.0,0.0,0.0,0.0,0.0,7.273418755965402,0.03980107154565374,0.10000145543811861,-0.4602056263649724,0.0,0.027959880982012606,0.025577037019957147,0.010230814807982679
102.0,0.0,0.0,0.0,0.0,7.201011000965101,0.03972154100629556,0.10000144817727988,-0.46028512464177174,0.0,0.027930589849701738,0.02555147148953514,0.010220588595813877
103.0,0.0,0.0,0.0,0.0,7.129324073839572,0.03964216938493745,0.10000144095266378,-0.46036446415348564,0.0,0.027901325774817784,0.025525931513142138,0.010210372605256672
104.0,0.0,0.0,0.0,0.0,7.058350798660974,0.039562956364029296,0.1000014337640896,-0.4604436452169575,0.0,0.027872088736323804,0.025500417065235596,0.01020016682609406
105.0,0.0,0.0,0.0,0.0,6.988084070938685,0.03948390162665554,0.10000142661137752,-0.46052266814839915,0.0,0.02784287871318723,0.025474928120298522,0.01018997124811923
106.0,0.0,0.0,0.0,0.0,6.918516856908139,0.039405004856533886,0.10000141949434861,-0.46060153326339215,0.0,0.027813695684379882,0.02544946465283942,0.01017978586113559
107.0,0.0,0.0,0.0,0.0,6.8496421928267415,0.039326265738013996,0.10000141241282491,-0.46068024087688964,0.0,0.027784539628878023,0.025424026637392266,0.01016961065495673
108.0,0.0,0.0,0.0,0.0,6.781453184276789,0.0392476839560763,0.10000140536662926,-0.46075879130321684,0.0,0.02775541052566239,0.025398614048516514,0.010159445619406429
109.0,0.0,0.0,0.0,0.0,6.71394300547533,0.03916925919633068,0.10000139835558543,-0.46083718485607267,0.0,0.027726308353718237,0.02537322686079702,0.01014929074431863
110.0,0.0,0.0,0.0,0.0,6.6471048985909,0.039090991145015234,0.10000139137951802,-0.4609154218485307,0.0,0.0276972330920354,0.02534786504884405,0.010139146019537441
111.0,0.0,0.0,0.0,0.0,6.5809321730670565,0.03901287948899504,0.10000138443825261,-0.460993502593041,0.0,0.02766818471960831,0.025322528587293266,0.010129011434917127
112.0,0.0,0.0,0.0,0.0,6.515418204952652,0.03893492391576087,0.10000137753161552,-0.46107142740143026,0.0,0.027639163215436045,0.02529721745080566,0.010118886980322084
113.0,0.0,0.0,0.0,0.0,6.450556436238761,0.03885712411342795,0.10000137065943401,-0.4611491965849046,0.0,0.027610168558522385,0.025271931614067572,0.01010877264562685
114.0,0.0,0.0,0.0,0.0,6.3863403742022244,0.03877947977073471,0.10000136382153621,-0.4612268104540495,0.0,0.027581200727875833,0.025246671051790633,0.010098668420716076
115.0,0.0,0.0,0.0,0.0,6.32276359075572,0.03870199057704155,0.10000135701775108,-0.46130426931883173,0.0,0.027552259702509664,0.02522143573871174,0.010088574295484522
116.0,0.0,0.0,0.0,0.0,6.259819721804304,0.038624656222329606,0.10000135024790843,-0.4613815734885997,0.0,0.027523345461441973,0.025196225649593066,0.010078490259837054
117.0,0.0,0.0,0.0,0.0,6.197502466608362,0.038547476397199465,0.10000134351183892,-0.4614587232720861,0.0,0.027494457983695708,0.025171040759221993,0.010068416303688625
118.0,0.0,0.0,0.0,0.0,6.1358055871528965,0.038470450792869954,0.10000133680937412,-0.46153571897740814,0.0,0.027465597248298702,0.025145881042411115,0.010058352416964275
119.0,0.0,0.0,0.0,0.0,6.074722907523093,0.03839357910117693,0.1000013301403463,-0.46161256091206854,0.0,0.027436763234283734,0.02512074647399819,0.010048298589599105
120.0,0.0,0.0,0.0,0.0,6.014248313286114,0.03831686101457203,0.10000132350458872,-0.4616892493829578,0.0,0.027407955920688554,0.025095637028846148,0.010038254811538286
121.0,0.0,0.0,0.0,0.0,5.95437575087903,0.0382402962261214,0.10000131690193535,-0.4617657846963542,0.0,0.027379175286555944,0.02507055268184302,0.010028221072737034
122.0,0.0,0.0,0.0,0.0,5.895099227002858,0.038163884429504524,0.10000131033222108,-0.4618421671579264,0.0,0.027350421310933723,0.02504549340790194,0.010018197363160602
123.0,0.0,0.0,0.0,0.0,5.836412808022624,0.038087625319012976,0.10000130379528159,-0.46191839707273313,0.0,0.027321693972874813,0.025020459181961132,0.010008183672784284
124.0,0.0,0.0,0.0,0.0,5.778310619373399,0.0380115185895492,0.10000129729095335,-0.46199447474522565,0.0,0.027292993251437282,0.02499544997898387,0.009998179991593381
125.0,0.0,0.0,0.0,0.0,5.720786844972253,0.037935563936625276,0.10000129081907366,-0.46207040047924797,0.0,0.02726431912568435,0.024970465773958443,0.009988186309583215
126.0,0.0,0.0,0.0,0.0,5.663835726636059,0.03785976105636171,0.10000128437948066,-0.4621461745780392,0.0,0.02723567157468447,0.02494550654189815,0.009978202616759097
127.0,0.0,0.0,0.0,0.0,5.607451563505089,0.03778410964548624,0.10000127797201326,-0.46222179734423335,0.0,0.027207050577511355,0.02492057225784126,0.009968228903136341
128.0,0.0,0.0,0.0,0.0,5.551628711472361,0.03770860940133257,0.10000127159651123,-0.46229726907986196,0.0,0.027178456113243998,0.024895662896850992,0.009958265158740234
129.0,0.0,0.0,0.0,0.0,5.496361582618651,0.03763326002183923,0.10000126525281505,-0.46237259008635423,0.0,0.02714988816096673,0.024870778434015483,0.009948311373606033
130.0,0.0,0.0,0.0,0.0,5.441644644653144,0.0375580612055483,0.1000012589407661,-0.46244776066453874,0.0,0.027121346699769244,0.024845918844447794,0.009938367537778955
131.0,0.0,0.0,0.0,0.0,5.387472420359639,0.037483012651604246,0.10000125266020649,-0.46252278111464445,0.0,0.027092831708746646,0.024821084103285835,0.009928433641314172
132.0,0.0,0.0,0.0,0.0,5.333839487048281,0.0374081140597527,0.10000124641097911,-0.4625976517363022,0.0,0.0270643431669995,0.024796274185692392,0.009918509674276797
133.0,0.0,0.0,0.0,0.0,5.28074047601274,0.03733336513033929,0.10000124019292767,-0.462672372828545,0.0,0.027035881053633838,0.02477148906685505,0.00990859562674186
134.0,0.0,0.0,0.0,0.0,5.228170071992801,0.037258765564308356,0.10000123400589661,-0.4627469446898106,0.0,0.027007445347761228,0.024746728721986216,0.009898691488794329
135.0,0.0,0.0,0.0,0.0,5.176123012642304,0.03718431506320185,0.1000012278497312,-0.46282136761794157,0.0,0.026979036028498805,0.02472199312632307,0.009888797250529071
136.0,0.0,0.0,0.0,0.0,5.12459408800237,0.03711001332915811,0.10000122172427744,-0.4628956419101869,0.0,0.026950653074969293,0.024697282255127535,0.009878912902050854
137.0,0.0,0.0,0.0,0.0,5.0735781399798885,0.03703586006491062,0.10000121562938215,-0.4629697678632032,0.0,0.02692229646630105,0.02467259608368627,0.009869038433474345
138.0,0.0,0.0,0.0,0.0,5.023070061831185,0.036961854973786935,0.10000120956489285,-0.46304374577305574,0.0,0.02689396618162812,0.024647934587310627,0.009859173834924089
139.0,0.0,0.0,0.0,0.0,4.973064797650828,0.036887997759707344,0.10000120353065785,-0.46311757593521974,0.0,0.02686566220009025,0.024623297741336647,0.009849319096534496
140.0,0.0,0.0,0.0,0.0,4.923557341865529,0.03681428812718381,0.10000119752652623,-0.4631912586445815,0.0,0.026837384500832923,0.024598685521125017,0.009839474208449843
141.0,0.0,0.0,0.0,0.0,4.874542738733085,0.03674072578131872,0.10000119155234784,-0.4632647941954398,0.0,0.026809133063007435,0.02457409790206105,0.009829639160824258
142.0,0.0,0.0,0.0,0.0,4.826016081846294,0.036667310427803745,0.10000118560797319,-0.46333818288150613,0.0,0.026780907865770892,0.02454953485955467,0.009819813943821703
143.0,0.0,0.0,0.0,0.0,4.777972513641832,0.03659404177291861,0.10000117969325363,-0.4634114249959075,0.0,0.02675270888828625,0.024524996369040368,0.009809998547615984
144.0,0.0,0.0,0.0,0.0,4.730407224913996,0.03652091952352998,0.10000117380804124,-0.4634845208311861,0.0,0.026724536109722367,0.024500482405977204,0.00980019296239072
145.0,0.0,0.0,0.0,0.0,4.683315454333305,0.03644794338709025,0.1000011679521888,-0.46355747067930114,0.0,0.02669638950925404,0.024475992945848766,0.009790397178339346
146.0,0.0,0.0,0.0,0.0,4.636692487969878,0.03637511307163639,0.10000116212554983,-0.46363027483162994,0.0,0.026668269066062025,0.02445152796416314,0.009780611185665094
147.0,0.0,0.0,0.0,0.0,4.5905336588215775,0.03630242828578876,0.10000115632797858,-0.4637029335789689,0.0,0.02664017475933308,0.02442708743645289,0.009770834974580995
148.0,0.0,0.0,0.0,0.0,4.544834346346827,0.03622988873874996,0.10000115055933005,-0.4637754472115352,0.0,0.02661210656826001,0.024402671338275048,0.009761068535309858
149.0,0.0,0.0,0.0,0.0,4.499589976002093,0.03615749414030368,0.10000114481945994,-0.4638478160189669,0.0,0.026584064472041685,0.024378279645211064,0.009751311858084264
150.0,0.0,0.0,0.0,0.0,4.454796018783975,0.036085244200813466,0.10000113910822468,-0.4639200402903253,0.0,0.02655604844988309,0.024353912332866816,0.009741564933146561
151.0,0.0,0.0,0.0,0.0,4.410447990775845,0.036013138631221686,0.10000113342548143,-0.46399212031409554,0.0,0.026528058480995355,0.024329569376872535,0.00973182775074885
152.0,0.0,0.0,0.0,0.0,4.366541452698995,0.035941177143048265,0.10000112777108806,-0.46406405637818743,0.0,0.026500094544595787,0.024305250752882847,0.009722100301152975
153.0,0.0,0.0,0.0,0.0,4.3230720094682775,0.03586935944838957,0.10000112214490313,-0.46413584876993724,0.0,0.026472156619907927,0.024280956436576684,0.00971238257463051
154.0,0.0,0.0,0.0,0.0,4.280035309752136,0.035797685259917264,0.10000111654678591,-0.464207497776108,0.0,0.026444244686161553,0.024256686403657298,0.009702674561462756
155.0,0.0,0.0,0.0,0.0,4.2374270455370455,0.03572615429087714,0.10000111097659639,-0.4642790036828919,0.0,0.02641635872259272,0.024232440629852227,0.00969297625194073
156.0,0.0,0.0,0.0,0.0,4.195242951696271,0.035654766255088,0.10000110543419524,-0.4643503667759097,0.0,0.026388498708443814,0.02420821909091327,0.009683287636365152
157.0,0.0,0.0,0.0,0.0,4.153478805562924,0.035583520866940485,0.10000109991944382,-0.46442158734021377,0.0,0.02636066462296358,0.024184021762616473,0.009673608705046431
158.0,0.0,0.0,0.0,0.0,4.112130426507273,0.03551241784139593,0.10000109443220422,-0.4644926656602878,0.0,0.026332856445407147,0.02415984862076208,0.009663939448304676
159.0,0.0,0.0,0.0,0.0,4.071193675518254,0.03544145689398527,0.10000108897233914,-0.4645636020200482,0.0,0.026305074155036055,0.02413569964117452,0.009654279856469657
160.0,0.0,0.0,0.0,0.0,4.030664454789155,0.03537063774080782,0.1000010835397121,-0.46463439670284623,0.0,0.026277317731118327,0.024111574799702405,0.00964462991988081
161.0,0.0,0.0,0.0,0.0,3.9905387073074183,0.0352999600985302,0.10000107813418713,-0.46470504999146756,0.0,0.02624958715292845,0.02408747407221848,0.009634989628887241
162.0,0.0,0.0,0.0,0.0,3.950812416448536,0.03522942368438522,0.10000107275562903,-0.46477556216813426,0.0,0.02622188239974745,0.0240633974346196,0.009625358973847692
163.0,0.0,0.0,0.0,0.0,3.911481605573977,0.03515902821617066,0.1000010674039033,-0.4648459335145062,0.0,0.026194203450862905,0.024039344862826724,0.009615737945130542
164.0,0.0,0.0,0.0,0.0,3.872542337633121,0.035088773412248246,0.10000106207887607,-0.4649161643116818,0.0,0.026166550285568996,0.024015316332784874,0.009606126533113801
165.0,0.0,0.0,0.0,0.0,3.8339907147691616,0.035018658991542446,0.10000105678041417,-0.4649862548401988,0.0,0.026138922883166507,0.023991311820463105,0.009596524728185094
166.0,0.0,0.0,0.0,0.0,3.795822877928922,0.03494868467353939,0.10000105150838504,-0.46505620538003595,0.0,0.026111321222962898,0.023967331301854505,0.009586932520741658
167.0,0.0,0.0,0.0,0.0,3.758035006476561,0.03487885017828572,0.10000104626265682,-0.46512601621061384,0.0,0.026083745284272316,0.023943374752976157,0.009577349901190317
168.0,0.0,0.0,0.0,0.0,3.720623317811127,0.03480915522638749,0.10000104104309832,-0.46519568761079594,0.0,0.026056195046415626,0.023919442149869116,0.009567776859947502
169.0,0.0,0.0,0.0,0.0,3.683584066987913,0.03473959953900903,0.10000103584957896,-0.4652652198588902,0.0,0.026028670488720443,0.023895533468598382,0.009558213387439209
170.0,0.0,0.0,0.0,0.0,3.6469135463435864,0.034670182837871835,0.10000103068196885,-0.4653346132326493,0.0,0.02600117159052119,0.023871648685252884,0.00954865947410101
171.0,0.0,0.0,0.0,0.0,3.610608085125043,0.03460090484525347,0.10000102554013875,-0.4654038680092727,0.0,0.025973698331159097,0.023847787775945446,0.009539115110378032
172.0,0.0,0.0,0.0,0.0,3.5746640491219717,0.03453176528398644,0.10000102042396002,-0.46547298446540686,0.0,0.025946250689982252,0.023823950716812765,0.00952958028672496
173.0,0.0,0.0,0.0,0.0,3.5390778403030563,0.03446276387745709,0.1000010153333047,-0.46554196287714705,0.0,0.025918828646345628,0.0238001374840154,0.009520054993606015
174.0,0.0,0.0,0.0,0.0,3.5038458964558137,0.034393900349604475,0.10000101026804546,-0.46561080352003803,0.0,0.0258914321796111,0.02377634805373774,0.009510539221494951
175.0,0.0,0.0,0.0,0.0,3.4689646908300142,0.034325174424919315,0.1000010052280556,-0.4656795066690752,0.0,0.025864061269147514,0.023752582402187965,0.009501032960875042
176.0,0.0,0.0,0.0,0.0,3.434430731784648,0.0342565858284428,0.10000100021320907,-0.46574807259870604,0.0,0.025836715894330693,0.02372884050559804,0.009491536202239076
177.0,0.0,0.0,0.0,0.0,3.400240562438409,0.03418813428576559,0.10000099522338043,-0.4658165015828307,0.0,0.025809396034543457,0.02370512234022371,0.009482048936089343
178.0,0.0,0.0,0.0,0.0,3.366390760323662,0.03411981952302664,0.10000099025844489,-0.46588479389480364,0.0,0.02578210166917567,0.023681427882344418,0.009472571152937629
179.0,0.0,0.0,0.0,0.0,3.3328779370438424,0.03405164126691215,0.10000098531827821,-0.46595294980743346,0.0,0.0257548327776243,0.023657757108263344,0.009463102843305201
180.0,0.0,0.0,0.0,0.0,3.2996987379342833,0.03398359924465446,0.1000009804027569,-0.4660209695929861,0.0,0.025727589339293377,0.023634109994307345,0.009453643997722801
181.0,0.0,0.0,0.0,0.0,3.2668498417264042,0.033915693184030954,0.10000097551175796,-0.46608885352318397,0.0,0.025700371333594103,0.023610486516826935,0.009444194606730637
182.0,0.0,0.0,0.0,0.0,3.234327960215253,0.033847922813362956,0.10000097064515905,-0.46615660186920804,0.0,0.025673178739944832,0.02358688665219628,0.009434754660878373
183.0,0.0,0.0,0.0,0.0,3.20212983793035,0.033780287861514664,0.10000096580283847,-0.46622421490169863,0.0,0.02564601153777112,0.023563310376813147,0.009425324150725122
184.0,0.0,0.0,0.0,0.0,3.1702522518098135,0.03371278805789205,0.1000009609846751,-0.46629169289075667,0.0,0.02561886970650574,0.023539757667098902,0.009415903066839424
185.0,0.0,0.0,0.0,0.0,3.138692010877731,0.03364542313244183,0.10000095619054843,-0.4663590361059443,0.0,0.02559175322558874,0.02351622849949847,0.009406491399799254
186.0,0.0,0.0,0.0,0.0,3.1074459559247374,0.03357819281565027,0.1000009514203385,-0.4664262448162864,0.0,0.025564662074467445,0.023492722850480343,0.009397089140192003
187.0,0.0,0.0,0.0,0.0,3.076510959191773,0.033511096838542254,0.10000094667392603,-0.46649331929027177,0.0,0.025537596232596507,0.023469240696536508,0.009387696278614471
188.0,0.0,0.0,0.0,0.0,3.0458839240569957,0.03344413493268008,0.1000009419511923,-0.46656025979585364,0.0,0.025510555679437927,0.02344578201418247,0.009378312805672855
189.0,0.0,0.0,0.0,0.0,3.015561784725806,0.03337730683016246,0.10000093725201918,-0.46662706660045117,0.0,0.02548354039446107,0.023422346779957193,0.00936893871198274
190.0,0.0,0.0,0.0,0.0,2.985541505923955,0.03331061226362343,0.10000093257628911,-0.46669373997095037,0.0,0.025456550357142737,0.023398934970423092,0.0093595739881691
191.0,0.0,0.0,0.0,0.0,2.9558200825937146,0.03324405096623125,0.10000092792388517,-0.46676028017370524,0.0,0.025429585546967132,0.02337554656216603,0.009350218624866272
192.0,0.0,0.0,0.0,0.0,2.9263945395930624,0.03317762267168741,0.10000092329469099,-0.46682668747453876,0.0,0.025402645943425957,0.023352181531795246,0.009340872612717955
193.0,0.0,0.0,0.0,0.0,2.897261931397875,0.03311132711422547,0.10000091868859078,-0.4668929621387439,0.0,0.0253757315260184,0.023328839855943365,0.009331535942377204
194.0,0.0,0.0,0.0,0.0,2.8684193418070736,0.033045164028610075,0.1000009141054693,-0.4669591044310847,0.0,0.025348842274251177,0.023305521511266386,0.00932220860450641
195.0,0.0,0.0,0.0,0.0,2.8398638836507097,0.032979133150135856,0.10000090954521194,-0.4670251146157974,0.0,0.025321978167638547,0.02328222647444363,0.009312890589777308
196.0,0.0,0.0,0.0,0.0,2.811592698500957,0.032913234214626365,0.10000090500770464,-0.46709099295659134,0.0,0.02529513918570237,0.023258954722177722,0.009303581888870947
197.0,0.0,0.0,0.0,0.0,2.7836029563859834,0.03284746695843305,0.10000090049283387,-0.4671567397166503,0.0,0.025268325307972107,0.02323570623119459,0.009294282492477692
198.0,0.0,0.0,0.0,0.0,2.755891855506662,0.03278183111843417,0.10000089600048674,-0.46722235515863314,0.0,0.02524153651398486,0.023212480978243404,0.009284992391297216
199.0,0.0,0.0,0.0,0.0,2.728456621956114,0.03271632643203376,0.10000089153055088,-0.46728783954467534,0.0,0.025214772783285412,0.023189278940096588,0.00927571157603849
200.0,0.0,0.0,0.0,0.0,2.701294509442035,0.032650952637160585,0.10000088708291446,-0.46735319313638946,0.0,0.02518803409542624,0.023166100093549795,0.00926644003741977
201.0,0.0,0.0,0.0,0.0,2.67440279901179,0.03258570947226706,0.10000088265746629,-0.4674184161948667,0.0,0.025161320429967535,0.02314294441542184,0.009257177766168587
202.0,0.0,0.0,0.0,0.0,2.6477787987802426,0.03252059667632824,0.10000087825409561,-0.4674835089806776,0.0,0.025134631766477258,0.023119811882554738,0.009247924753021747
203.0,0.0,0.0,0.0,0.0,2.6214198436602962,0.032455613988840754,0.10000087387269231,-0.46754847175387293,0.0,0.025107968084531133,0.023096702471813637,0.009238680988725307
204.0,0.0,0.0,0.0,0.0,2.5953232950961143,0.03239076114982178,0.10000086951314681,-0.46761330477398566,0.0,0.025081329363712733,0.023073616160086817,0.009229446464034577
205.0,0.0,0.0,0.0,0.0,2.5694865407990015,0.032326037899807945,0.10000086517535005,-0.46767800830003076,0.0,0.025054715583613423,0.023050552924285657,0.00922022116971411
206.0,0.0,0.0,0.0,0.0,2.543906994485908,0.03226144397985441,0.10000086085919356,-0.4677425825905069,0.0,0.025028126723832454,0.023027512741344607,0.009211005096537687
207.0,0.0,0.0,0.0,0.0,2.5185820956205407,0.03219697913153372,0.10000085656456938,-0.4678070279033974,0.0,0.025001562763976977,0.023004495588221176,0.009201798235288315
208.0,0.0,0.0,0.0,0.0,2.4935093091570546,0.03213264309693481,0.10000085229137003,-0.4678713444961712,0.0,0.024975023683662053,0.02298150144189591,0.00919260057675821
209.0,0.0,0.0,0.0,0.0,2.468686125286288,0.032068435618661975,0.1000008480394887,-0.46793553262578397,0.0,0.024948509462510683,0.02295853027937236,0.009183412111748791
210.0,0.0,0.0,0.0,0.0,2.44411005918453,0.03200435643983385,0.10000084380881898,-0.4679995925486789,0.0,0.024922020080153862,0.022935582077677076,0.009174232831070675
211.0,0.0,0.0,0.0,0.0,2.4197786507647883,0.03194040530408234,0.10000083959925508,-0.46806352452078803,0.0,0.02489555551623057,0.02291265681385955,0.009165062725543661
212.0,0.0,0.0,0.0,0.0,2.395689464430531,0.03187658195555166,0.10000083541069173,-0.4681273287975331,0.0,0.02486911575038783,0.022889754464992224,0.009155901785996729
213.0,0.0,0.0,0.0,0.0,2.371840088831881,0.03181288613889726,0.10000083124302411,-0.46819100563382643,0.0,0.02484270076228071,0.022866875008170452,0.009146750003268016
214.0,0.0,0.0,0.0,0.0,2.3482281366242383,0.03174931759928482,0.10000082709614802,-0.46825455528407234,0.0,0.02481631053157236,0.022844018420512497,0.00913760736820483
215.0,0.0,0.0,0.0,0.0,2.3248512442293046,0.03168587608238926,0.10000082296995973,-0.4683179780021677,0.0,0.024789945037934035,0.022821184679159466,0.009128473871663621
216.0,0.0,0.0,0.0,0.0,2.3017070715984866,0.03162256133439364,0.10000081886435601,-0.4683812740415032,0.0,0.02476360426104513,0.022798373761275352,0.009119349504509974
217.0,0.0,0.0,0.0,0.0,2.2787933019786544,0.03155937310198822,0.10000081477923417,-0.4684444436549642,0.0,0.0247372881805932,0.02277558564404694,0.00911023425761861
218.0,0.0,0.0,0.0,0.0,2.256107641680233,0.03149631113236943,0.10000081071449206,-0.468507487094932,0.0,0.02471099677627398,0.022752820304683837,0.00910112812187337
219.0,0.0,0.0,0.0,0.0,2.233647819847604,0.031433375173238846,0.10000080667002799,-0.4685704046132847,0.0,0.024684730027791424,0.022730077720418428,0.00909203108816721
220.0,0.0,0.0,0.0,0.0,2.211411588231786,0.03137056497280221,0.10000080264574078,-0.46863319646139806,0.0,0.02465848791485772,0.022707357868505848,0.009082943147402179
221.0,0.0,0.0,0.0,0.0,2.1893967209653877,0.03130788027976835,0.10000079864152982,-0.46869586289014675,0.0,0.02463227041719333,0.022684660726223983,0.009073864290489432
222.0,0.0,0.0,0.0,0.0,2.167601014339793,0.031245320843348273,0.1000007946572949,-0.46875840414990483,0.0,0.024606077514526994,0.022661986270873406,0.0090647945083492
223.0,0.0,0.0,0.0,0.0,2.1460222865845697,0.031182886413254084,0.10000079069293642,-0.4688208204905478,0.0,0.024579909186595764,0.022639334479777392,0.009055733791910795
224.0,0.0,0.0,0.0,0.0,2.12465837764907,0.03112057673969803,0.10000078674835518,-0.46888311216145223,0.0,0.024553765413145037,0.022616705330281883,0.009046682132112597
225.0,0.0,0.0,0.0,0.0,2.1035071489862114,0.031058391573391467,0.10000078282345252,-0.46894527941149794,0.0,0.02452764617392859,0.022594098799755474,0.00903763951990203
226.0,0.0,0.0,0.0,0.0,2.082566483338402,0.030996330665543893,0.1000007789181303,-0.46900732248906835,0.0,0.024501551448708563,0.022571514865589358,0.009028605946235585
227.0,0.0,0.0,0.0,0.0,2.061834284525605,0.030934393767861938,0.10000077503229081,-0.46906924164205144,0.0,0.02447548121725553,0.02254895350519735,0.009019581402078782
228.0,0.0,0.0,0.0,0.0,2.0413084772355043,0.030872580632548375,0.10000077116583687,-0.4691310371178412,0.0,0.024449435459348502,0.02252641469601583,0.009010565878406172
229.0,0.0,0.0,0.0,0.0,2.0209870068157683,0.030810891012301105,0.10000076731867176,-0.469192709163338,0.0,0.024423414154774947,0.02250389841550373,0.009001559366201332
230.0,0.0,0.0,0.0,0.0,2.0008678390683747,0.030749324660312216,0.10000076349069922,-0.46925425802495,0.0,0.024397417283330836,0.022481404641142524,0.008992561856456848
231.0,0.0,0.0,0.0,0.0,1.9809489600459869,0.030687881330266956,0.10000075968182355,-0.46931568394859424,0.0,0.024371444824820638,0.022458933350436177,0.008983573340174305
232.0,0.0,0.0,0.0,0.0,1.9612283758503544,0.030626560776342765,0.10000075589194947,-0.4693769871796972,0.0,0.024345496759057374,0.022436484520911154,0.008974593808364293
233.0,0.0,0.0,0.0,0.0,1.9417041124327232,0.03056536275320827,0.10000075212098215,-0.46943816796319593,0.0,0.02431957306586262,0.022414058130116373,0.00896562325204638
234.0,0.0,0.0,0.0,0.0,1.9223742153962309,0.030504287016022327,0.10000074836882733,-0.4694992265435393,0.0,0.024293673725066554,0.0223916541556232,0.008956661662249111
235.0,0.0,0.0,0.0,0.0,1.9032367498002698,0.030443333320433037,0.10000074463539113,-0.46956016316468846,0.0,0.024267798716507936,0.022369272575025415,0.008947709030009996
236.0,0.0,0.0,0.0,0.0,1.884289799966799,0.030382501422576775,0.10000074092058016,-0.4696209780701182,0.0,0.024241948020034182,0.022346913365939206,0.008938765346375513
237.0,0.0,0.0,0.0,0.0,1.8655314692885794,0.030321791079077186,0.10000073722430151,-0.4696816715028179,0.0,0.024216121615501355,0.022324576506003124,0.008929830602401077
238.0,0.0,0.0,0.0,0.0,1.8469598800393272,0.030261202047044244,0.10000073354646273,-0.4697422437052922,0.0,0.02419031948277421,0.02230226197287807,0.008920904789151052
239.0,0.0,0.0,0.0,0.0,1.8285731731857469,0.030200734084073252,0.10000072988697183,-0.46980269491956234,0.0,0.024164541601726208,0.02227996974424728,0.008911987897698734
240.0,0.0,0.0,0.0,0.0,1.810369508201442,0.030140386948243898,0.10000072624573725,-0.4698630253871669,0.0,0.024138787952239532,0.022257699797816288,0.008903079919126337
241.0,0.0,0.0,0.0,0.0,1.7923470628826776,0.03008016039811927,0.10000072262266796,-0.46992323534916286,0.0,0.024113058514205123,0.022235452111312923,0.008894180844524991
242.0,0.0,0.0,0.0,0.0,1.7745040331659745,0.030020054192744894,0.1000007190176733,-0.4699833250461264,0.0,0.024087353267522687,0.022213226662487276,0.008885290664994732
243.0,0.0,0.0,0.0,0.0,1.7568386329475225,0.02996006809164779,0.10000071543066309,-0.4700432947181538,0.0,0.024061672192100737,0.02219102342911167,0.00887640937164449
244.0,0.0,0.0,0.0,0.0,1.7393490939043876,0.02990020185483546,0.10000071186154767,-0.4701031446048632,0.0,0.024036015267856602,0.022168842388980644,0.008867536955592078
245.0,0.0,0.0,0.0,0.0,1.7220336653175035,0.029840455242794977,0.10000070831023772,-0.4701628749453941,0.0,0.024010382474716468,0.022146683519910938,0.008858673407964198
246.0,0.0,0.0,0.0,0.0,1.7048906138964215,0.02978082801649201,0.10000070477664438,-0.47022248597840954,0.0,0.023984773792615377,0.022124546799741473,0.008849818719896414
247.0,0.0,0.0,0.0,0.0,1.687918223605807,0.029721319937369865,0.10000070126067934,-0.47028197794209664,0.0,0.02395918920149726,0.022102432206333306,0.00884097288253315
248.0,0.0,0.0,0.0,0.0,1.6711147954936623,0.029661930767348525,0.1000006977622546,-0.4703413510741676,0.0,0.023933628681314968,0.022080339717569637,0.008832135887027682
249.0,0.0,0.0,0.0,0.0,1.6544786475212605,0.029602660268823716,0.1000006942812827,-0.47040060561186037,0.0,0.023908092212030285,0.022058269311355762,0.008823307724542132
250.0,0.0,0.0,0.0,0.0,1.6380081143947725,0.02954350820466594,0.10000069081767654,-0.4704597417919398,0.0,0.023882579773613934,0.022036220965619073,0.008814488386247455
251.0,0.0,0.0,0.0,0.0,1.6217015473985679,0.029484474338219536,0.10000068737134947,-0.47051875985069863,0.0,0.02385709134604565,0.022014194658309005,0.008805677863323425
252.0,0.0,0.0,0.0,0.0,1.6055573142301784,0.02942555843330172,0.10000068394221534,-0.4705776600239587,0.0,0.023831626909314143,0.021992190367397052,0.008796876146958642
253.0,0.0,0.0,0.0,0.0,1.5895737988369019,0.029366760254201645,0.10000068053018837,-0.47063644254707127,0.0,0.02380618644341715,0.021970208070876726,0.008788083228350509
254.0,0.0,0.0,0.0,0.0,1.5737494012540343,0.02930807956567948,0.10000067713518321,-0.47069510765491823,0.0,0.023780769928361464,0.021948247746763516,0.008779299098705225
255.0,0.0,0.0,0.0,0.0,1.5580825374447138,0.02924951613296543,0.10000067375711491,-0.470753655581913,0.0,0.023755377344162942,0.02192630937309491,0.00877052374923778
256.0,0.0,0.0,0.0,0.0,1.5425716391413524,0.02919106972175883,0.10000067039589902,-0.47081208656200196,0.0,0.023730008670846518,0.021904392927930335,0.00876175717117195
257.0,0.0,0.0,0.0,0.0,1.5272151536886553,0.02913274009822719,0.10000066705145143,-0.47087040082866427,0.0,0.023704663888446244,0.021882498389351163,0.008752999355740278
258.0,0.0,0.0,0.0,0.0,1.5120115438881971,0.02907452702900527,0.1000006637236885,-0.47092859861491404,0.0,0.02367934297700531,0.021860625735460645,0.008744250294184071
259.0,0.0,0.0,0.0,0.0,1.4969592878445466,0.029016430281194133,0.100000660412527,-0.47098668015330036,0.0,0.023654045916576043,0.021838774944383948,0.008735509977753395
260.0,0.0,0.0,0.0,0.0,1.4820568788129242,0.028958449622360223,0.10000065711788411,-0.47104464567590887,0.0,0.023628772687219954,0.021816945994268096,0.008726778397707052
261.0,0.0,0.0,0.0,0.0,1.467302825048375,0.028900584820534436,0.10000065383967742,-0.4711024954143621,0.0,0.023603523269007755,0.02179513886328195,0.008718055545312594
262.0,0.0,0.0,0.0,0.0,1.4526956496564438,0.02884283564421119,0.10000065057782494,-0.4711602295998206,0.0,0.02357829764201936,0.02177335352961619,0.008709341411846292
263.0,0.0,0.0,0.0,0.0,1.4382338904453362,0.028785201862347495,0.10000064733224506,-0.4712178484629843,0.0,0.02355309578634392,0.021751589971483312,0.008700635988593143
264.0,0.0,0.0,0.0,0.0,1.423916099779553,0.02872768324436203,0.10000064410285661,-0.47127535223409256,0.0,0.02352791768207986,0.02172984816711758,0.008691939266846851
265.0,0.0,0.0,0.0,0.0,1.4097408444349795,0.028670279560134217,0.10000064088957884,-0.471332741142926,0.0,0.02350276330933487,0.02170812809477501,0.008683251237909823
266.0,0.0,0.0,0.0,0.0,1.3957067054554189,0.028612990580003318,0.10000063769233135,-0.47139001541880665,0.0,0.02347763264822593,0.021686429732733353,0.008674571893093163
267.0,0.0,0.0,0.0,0.0,1.3818122780105522,0.028555816074767496,0.10000063451103416,-0.47144717529059943,0.0,0.023452525678879364,0.021664753059292084,0.008665901223716653
268.0,0.0,0.0,0.0,0.0,1.3680561712553163,0.028498755815682907,0.10000063134560774,-0.47150422098671263,0.0,0.023427442381430817,0.021643098052772355,0.00865723922110876
269.0,0.0,0.0,0.0,0.0,1.3544370081906763,0.028441809574462778,0.10000062819597288,-0.47156115273509924,0.0,0.023402382736025292,0.02162146469151699,0.008648585876606616
270.0,0.0,0.0,0.0,0.0,1.3409534255257876,0.0283849771232765,0.10000062506205079,-0.47161797076325734,0.0,0.02337734672281718,0.021599852953890455,0.008639941181556003
271.0,0.0,0.0,0.0,0.0,1.32760407354153,0.02832825823474872,0.10000062194376313,-0.47167467529823165,0.0,0.023352334321970276,0.02157826281827887,0.008631305127311365
272.0,0.0,0.0,0.0,0.0,1.3143876159553975,0.028271652681958435,0.10000061884103184,-0.4717312665666136,0.0,0.023327345513657786,0.021556694263089916,0.008622677705235785
273.0,0.0,0.0,0.0,0.0,1.301302729787738,0.028215160238438057,0.10000061575377939,-0.47178774479454333,0.0,0.023302380278062355,0.02153514726675289,0.008614058906700976
274.0,0.0,0.0,0.0,0.0,1.2883481052293193,0.028158780678172533,0.10000061268192852,-0.4718441102077095,0.0,0.023277438595376104,0.02151362180771864,0.008605448723087277
275.0,0.0,0.0,0.0,0.0,1.2755224455102174,0.028102513775598435,0.10000060962540236,-0.4719003630313507,0.0,0.023252520445800593,0.021492117864459554,0.008596847145783643
276.0,0.0,0.0,0.0,0.0,1.2628244667700086,0.02804635930560306,0.10000060658412449,-0.4719565034902563,0.0,0.02322762580954693,0.021470635415469532,0.008588254166187635
277.0,0.0,0.0,0.0,0.0,1.250252897929252,0.027990317043523522,0.10000060355801885,-0.4720125318087676,0.0,0.02320275466683571,0.021449174439263977,0.008579669775705411
278.0,0.0,0.0,0.0,0.0,1.2378064805622566,0.027934386765145848,0.10000060054700975,-0.4720684482107784,0.0,0.02317790699789708,0.021427734914379763,0.008571093965751723
279.0,0.0,0.0,0.0,0.0,1.2254839687711092,0.027878568246704104,0.10000059755102186,-0.4721242529197358,0.0,0.023153082782970732,0.021406316819375222,0.008562526727749908
280.0,0.0,0.0,0.0,0.0,1.2132841290609595,0.02782286126487948,0.10000059456998024,-0.47217994615864095,0.0,0.023128282002305933,0.02138492013283011,0.00855396805313186
281.0,0.0,0.0,0.0,0.0,1.2012057402165464,0.027767265596799397,0.10000059160381035,-0.47223552815005104,0.0,0.023103504636161554,0.021363544833345596,0.008545417933338054
282.0,0.0,0.0,0.0,0.0,1.1892475931799527,0.02771178102003663,0.10000058865243797,-0.4722909991160785,0.0,0.023078750664806073,0.02134219089954425,0.008536876359817515
283.0,0.0,0.0,0.0,0.0,1.1774084909295777,0.027656407312608395,0.1000005857157893,-0.4723463592783937,0.0,0.023054020068517603,0.02132085831006999,0.008528343324027812
284.0,0.0,0.0,0.0,0.0,1.1656872483603142,0.027601144252975482,0.1000005827937909,-0.472401608858224,0.0,0.023029312827583904,0.0212995470435881,0.008519818817435059
285.0,0.0,0.0,0.0,0.0,1.1540826921649183,0.027545991620041357,0.10000057988636962,-0.47245674807635596,0.0,0.023004628922302425,0.021278257078785185,0.008511302831513893
286.0,0.0,0.0,0.0,0.0,1.1425936607165608,0.027490949193151294,0.10000057699345281,-0.4725117771531358,0.0,0.02297996833298027,0.021256988394369142,0.008502795357747478
287.0,0.0,0.0,0.0,0.0,1.1312190039525452,0.027436016752091463,0.10000057411496807,-0.47256669630847004,0.0,0.022955331039934256,0.021235740969069158,0.008494296387627482
288.0,0.0,0.0,0.0,0.0,1.1199575832591886,0.027381194077088073,0.10000057125084341,-0.4726215057618269,0.0,0.02293071702349095,0.02121451478163568,0.008485805912654094
289.0,0.0,0.0,0.0,0.0,1.1088082713578427,0.027326480948806485,0.10000056840100721,-0.47267620573223657,0.0,0.022906126263986647,0.0211933098108404,0.008477323924335983
290.0,0.0,0.0,0.0,0.0,1.0977699521920532,0.027271877148350342,0.10000056556538814,-0.4727307964382924,0.0,0.022881558741767394,0.02117212603547623,0.008468850414190314
291.0,0.0,0.0,0.0,0.0,1.0868415208158422,0.02721738245726067,0.10000056274391532,-0.4727852780981522,0.0,0.022857014437189037,0.021150963434357257,0.008460385373742725
292.0,0.0,0.0,0.0,0.0,1.076021883283101,0.027162996657515023,0.1000005599365182,-0.4728396509295382,0.0,0.0228324933306172,0.02112982198631877,0.008451928794527332
293.0,0.0,0.0,0.0,0.0,1.0653099565380857,0.027108719531526618,0.1000005571431265,-0.47289391514973833,0.0,0.022807995402427332,0.02110870167021721,0.008443480668086709
294.0,0.0,0.0,0.0,0.0,1.0547046683070012,0.02705455086214345,0.10000055436367038,-0.4729480709756072,0.0,0.02278352063300471,0.02108760246493014,0.008435040985971885
295.0,0.0,0.0,0.0,0.0,1.0442049569906675,0.027000490432647437,0.1000005515980803,-0.47300211862356717,0.0,0.022759069002744464,0.02106652434935625,0.008426609739742331
296.0,0.0,0.0,0.0,0.0,1.0338097715582508,0.02694653802675352,0.10000054884628709,-0.47305605830960845,0.0,0.022734640492051587,0.021045467302415306,0.008418186920965954
297.0,0.0,0.0,0.0,0.0,1.0235180714420553,0.02689269342860883,0.10000054610822195,-0.473109890249291,0.0,0.022710235081340964,0.021024431303048166,0.008409772521219095
298.0,0.0,0.0,0.0,0.0,1.0133288264333622,0.026838956422791833,0.10000054338381638,-0.4731636146577443,0.0,0.02268585275103738,0.021003416330216716,0.008401366532086514
299.0,0.0,0.0,0.0,0.0,1.0032410165793029,0.02678532679431143,0.10000054067300222,-0.47321723174966906,0.0,0.022661493481575538,0.020982422362903874,0.008392968945161379
300.0,0.0,0.0,0.0,0.0,0.993253632080762,0.026731804328606123,0.10000053797571168,-0.47327074173933764,0.0,0.02263715725340008,0.02096144938011359,0.008384579752045263
301.0,0.0,0.0,0.0,0.0,0.9833656731912953,0.026678388811543146,0.10000053529187729,-0.473324144840595,0.0,0.022612844046965605,0.020940497360870763,0.00837619894434813
302.0,0.0,0.0,0.0,0.0,0.9735761501170543,0.026625080029417623,0.10000053262143192,-0.4733774412668595,0.0,0.022588553842736673,0.020919566284221286,0.008367826513688338
303.0,0.0,0.0,0.0,0.0,0.9638840829177068,0.026571877768951715,0.10000052996430878,-0.47343063123112383,0.0,0.022564286621187837,0.02089865612923198,0.008359462451692617
304.0,0.0,0.0,0.0,0.0,0.9542885014083441,0.026518781817293724,0.10000052732044139,-0.47348371494595587,0.0,0.02254004236280365,0.020877766874990607,0.00835110674999607
305.0,0.0,0.0,0.0,0.0,0.9447884450623641,0.026465791962017288,0.10000052468976364,-0.4735366926234996,0.0,0.022515821048078706,0.020856898500605812,0.008342759400242155
306.0,0.0,0.0,0.0,0.0,0.9353829629153227,0.02641290799112052,0.10000052207220975,-0.47358956447547573,0.0,0.02249162265751761,0.020836050985207136,0.008334420394082687
307.0,0.0,0.0,0.0,0.0,0.9260711134697399,0.02636012969302514,0.10000051946771417,-0.47364233071318246,0.0,0.022467447171635038,0.020815224307944982,0.008326089723177827
308.0,0.0,0.0,0.0,0.0,0.9168519646008567,0.026307456856575664,0.10000051687621181,-0.47369499154749695,0.0,0.022443294570955723,0.020794418447990588,0.008317767379196069
309.0,0.0,0.0,0.0,0.0,0.9077245934633276,0.026254889271038535,0.10000051429763786,-0.4737475471888754,0.0,0.022419164836014503,0.020773633384536,0.008309453353814234
310.0,0.0,0.0,0.0,0.0,0.8986880863988425,0.02620242672610127,0.10000051173192781,-0.4737999978473543,0.0,0.022395057947356307,0.020752869096794087,0.008301147638717468
311.0,0.0,0.0,0.0,0.0,0.88974153884467,0.02615006901187165,0.10000050917901748,-0.4738523437325513,0.0,0.022370973885536195,0.020732125563998477,0.00829285022559922
312.0,0.0,0.0,0.0,0.0,0.8808840552431084,0.026097815918876846,0.10000050663884302,-0.4739045850536656,0.0,0.022346912631119344,0.020711402765403564,0.008284561106161254
313.0,0.0,0.0,0.0,0.0,0.8721147489518405,0.026045667238062606,0.10000050411134091,-0.4739567220194796,0.0,0.022322874164681084,0.020690700680284477,0.008276280272113619
314.0,0.0,0.0,0.0,0.0,0.8634327421551795,0.025993622760792413,0.10000050159644791,-0.4740087548383587,0.0,0.022298858466806938,0.02067001928793705,0.00826800771517465
315.0,0.0,0.0,0.0,0.0,0.8548371657761992,0.025941682278846648,0.10000049909410111,-0.47406068371825283,0.0,0.022274865518092584,0.02064935856767782,0.008259743427070958
316.0,0.0,0.0,0.0,0.0,0.8463271593897379,0.025889845584421756,0.10000049660423792,-0.4741125088666974,0.0,0.022250895299143918,0.020628718498844012,0.008251487399537436
317.0,0.0,0.0,0.0,0.0,0.8379018711362696,0.025838112470129408,0.10000049412679608,-0.4741642304908137,0.0,0.02222694779057703,0.02060809906079348,0.008243239624317222
318.0,0.0,0.0,0.0,0.0,0.829560457636632,0.025786482728995686,0.10000049166171361,-0.4742158487973095,0.0,0.022203022973018256,0.02058750023290473,0.00823500009316172
319.0,0.0,0.0,0.0,0.0,0.8213020839076033,0.025734956154460243,0.10000048920892887,-0.4742673639924807,0.0,0.02217912082710417,0.02056692199457686,0.008226768797830575
320.0,0.0,0.0,0.0,0.0,0.8131259232783197,0.025683532540375486,0.10000048676838053,-0.4743187762822117,0.0,0.022155241333481613,0.02054636432522958,0.008218545730091665
321.0,0.0,0.0,0.0,0.0,0.805031157307525,0.025632211681005743,0.10000048434000748,-0.47437008587197566,0.0,0.022131384472807696,0.020525827204303165,0.008210330881721099
322.0,0.0,0.0,0.0,0.0,0.7970169757016435,0.025580993371026445,0.10000048192374898,-0.47442129296683616,0.0,0.022107550225749825,0.02050531061125844,0.008202124244503206
323.0,0.0,0.0,0.0,0.0,0.7890825762336696,0.025529877405523302,0.10000047951954466,-0.47447239777144806,0.0,0.022083738572985706,0.020484814525576746,0.008193925810230531
324.0,0.0,0.0,0.0,0.0,0.7812271646628628,0.025478863579991476,0.10000047712733436,-0.4745234004900577,0.0,0.02205994949520337,0.02046433892675996,0.008185735570703817
325.0,0.0,0.0,0.0,0.0,0.7734499546552452,0.025427951690334787,0.10000047474705821,-0.4745743013265036,0.0,0.022036182973101184,0.020443883794330424,0.008177553517732004
326.0,0.0,0.0,0.0,0.0,0.7657501677048874,0.025377141532864866,0.10000047237865671,-0.47462510048421835,0.0,0.022012438987387858,0.020423449107830966,0.008169379643132222
327.0,0.0,0.0,0.0,0.0,0.75812703305598,0.025326432904300363,0.10000047002207059,-0.4746757981662282,0.0,0.021988717518782484,0.02040303484682485,0.008161213938729775
328.0,0.0,0.0,0.0,0.0,0.7505797876256793,0.02527582560176612,0.10000046767724093,-0.47472639457515464,0.0,0.02196501854801452,0.02038264099089577,0.008153056396358141
329.0,0.0,0.0,0.0,0.0,0.7431076759277239,0.025225319422792363,0.10000046534410909,-0.47477688991321504,0.0,0.021941342055823813,0.02036226751964783,0.008144907007858967
330.0,0.0,0.0,0.0,0.0,0.7357099499968076,0.02517491416531391,0.10000046302261668,-0.4748272843822231,0.0,0.021917688022960635,0.02034191441270552,0.008136765765082042
331.0,0.0,0.0,0.0,0.0,0.7283858693137093,0.025124609627669322,0.10000046071270566,-0.4748775781835901,0.0,0.02189405643018568,0.020321581649713694,0.008128632659885315
332.0,0.0,0.0,0.0,0.0,0.7211347007311647,0.02507440560860013,0.10000045841431822,-0.47492777151832544,0.0,0.021870447258270077,0.020301269210337564,0.008120507684134859
333.0,0.0,0.0,0.0,0.0,0.7139557184004786,0.025024301907250024,0.10000045612739694,-0.4749778645870378,0.0,0.0218468604879954,0.02028097707426264,0.00811239082970489
334.0,0.0,0.0,0.0,0.0,0.7068482036988665,0.024974298323164033,0.10000045385188455,-0.47502785758993504,0.0,0.02182329610015369,0.02026070522119477,0.008104282088477743
335.0,0.0,0.0,0.0,0.0,0.69981144515752,0.024924394656287752,0.10000045158772417,-0.4750777507268264,0.0,0.021799754075547472,0.020240453630860064,0.008096181452343863
336.0,0.0,0.0,0.0,0.0,0.6928447383903876,0.024874590706966515,0.10000044933485915,-0.4751275441971221,0.0,0.021776234394989765,0.020220222283004904,0.008088088913201803
337.0,0.0,0.0,0.0,0.0,0.6859473860236656,0.0248248862759446,0.10000044709323315,-0.4751772381998345,0.0,0.021752737039304092,0.02020001115739593,0.008080004462958213
338.0,0.0,0.0,0.0,0.0,0.67911869762599,0.02477528116436446,0.1000004448627901,-0.475226832933579,0.0,0.021729261989324504,0.020179820233819975,0.008071928093527832
339.0,0.0,0.0,0.0,0.0,0.6723579896393235,0.024725775173765875,0.10000044264347419,-0.47527632859657476,0.0,0.021705809225895586,0.020159649492084104,0.008063859796833486
340.0,0.0,0.0,0.0,0.0,0.6656645853105311,0.024676368106085218,0.1000004404352299,-0.47532572538664564,0.0,0.02168237872987246,0.020139498912015556,0.00805579956480607
341.0,0.0,0.0,0.0,0.0,0.6590378146236364,0.02462705976365461,0.10000043823800205,-0.47537502350122096,0.0,0.02165897048212083,0.020119368473461734,0.008047747389384541
342.0,0.0,0.0,0.0,0.0,0.6524770142327524,0.02457784994920117,0.10000043605173563,-0.47542422313733573,0.0,0.021635584463516957,0.020099258156290184,0.008039703262515923
343.0,0.0,0.0,0.0,0.0,0.6459815273956796,0.024528738465846196,0.100000433876376,-0.4754733244916322,0.0,0.0216122206549477,0.02007916794038858,0.00803166717615528
344.0,0.0,0.0,0.0,0.0,0.6395507039081657,0.02447972511710439,0.10000043171186872,-0.47552232776036046,0.0,0.02158887903731053,0.020059097805664693,0.008023639122265724
345.0,0.0,0.0,0.0,0.0,0.63318390003882,0.024430809706883078,0.10000042955815967,-0.4755712331393787,0.0,0.021565559591513527,0.020039047732046372,0.008015619092818393
346.0,0.0,0.0,0.0,0.0,0.6268804784646747,0.024381992039481416,0.10000042741519496,-0.4756200408241545,0.0,0.021542262298475386,0.02001901769948154,0.00800760707979246
347.0,0.0,0.0,0.0,0.0,0.6206398082073885,0.024333271919589596,0.100000425282921,-0.47566875100976574,0.0,0.02151898713912546,0.019999007687938157,0.00799960307517511
348.0,0.0,0.0,0.0,0.0,0.6144612645700851,0.024284649152288108,0.10000042316128446,-0.4757173638909009,0.0,0.021495734094403748,0.01997901767740421,0.007991607070961535
349.0,0.0,0.0,0.0,0.0,0.6083442290748202,0.0242361235430469,0.10000042105023227,-0.47576587966185996,0.0,0.02147250314526092,0.019959047647887695,0.00798361905915493
350.0,0.0,0.0,0.0,0.0,0.6022880894006721,0.024187694897724647,0.10000041894971164,-0.4758142985165555,0.0,0.02144929427265833,0.01993909757941658,0.007975639031766485
351.0,0.0,0.0,0.0,0.0,0.5962922393224466,0.024139363022567948,0.10000041685966998,-0.4758626206485129,0.0,0.02142610745756803,0.019919167452038804,0.007967666980815377
352.0,0.0,0.0,0.0,0.0,0.5903560786499943,0.024091127724210577,0.10000041478005506,-0.4759108462508719,0.0,0.02140294268097276,0.019899257245822238,0.007959702898328752
353.0,0.0,0.0,0.0,0.0,0.5844790131681303,0.02404298880967267,0.10000041271081483,-0.4759589755163865,0.0,0.021379799923865996,0.01987936694085469,0.007951746776341731
354.0,0.0,0.0,0.0,0.0,0.5786604545771534,0.02399494608635999,0.10000041065189759,-0.47600700863742645,0.0,0.021356679167251934,0.01985949651724385,0.007943798606897395
355.0,0.0,0.0,0.0,0.0,0.5728998204339564,0.02394699936206314,0.1000004086032518,-0.47605494580597774,0.0,0.02133358039214552,0.019839645955117315,0.00793585838204678
356.0,0.0,0.0,0.0,0.0,0.5671965340937224,0.023899148444956792,0.10000040656482619,-0.4761027872136428,0.0,0.021310503579572454,0.019819815234622538,0.007927926093848865
357.0,0.0,0.0,0.0,0.0,0.5615500246522038,0.023851393143598923,0.10000040453656982,-0.4761505330516425,0.0,0.021287448710569198,0.019800004335926814,0.007920001734370572
358.0,0.0,0.0,0.0,0.0,0.5559597268885723,0.023803733266930055,0.10000040251843194,-0.4761981835108157,0.0,0.021264415766183004,0.019780213239217255,0.00791208529568675
359.0,0.0,0.0,0.0,0.0,0.550425081208841,0.023756168624272486,0.1000004005103621,-0.476245738781621,0.0,0.02124140472747191,0.019760441924700792,0.007904176769880164
360.0,0.0,0.0,0.0,0.0,0.544945533589848,0.02370869902532952,0.10000039851231,-0.4762931990541363,0.0,0.021218415575504763,0.019740690372604116,0.007896276149041495
361.0,0.0,0.0,0.0,0.0,0.5395205355237984,0.02366132428018472,0.10000039652422574,-0.47634056451806095,0.0,0.021195448291361225,0.019720958563173716,0.007888383425269334
362.0,0.0,0.0,0.0,0.0,0.5341495439633583,0.023614044199301135,0.10000039454605954,-0.4763878353627157,0.0,0.021172502856131772,0.019701246476675795,0.007880498590670167
363.0,0.0,0.0,0.0,0.0,0.5288320212672948,0.02356685859352054,0.10000039257776198,-0.47643501177704334,0.0,0.021149579250917757,0.019681554093396298,0.007872621637358366
364.0,0.0,0.0,0.0,0.0,0.523567435146658,0.0235197672740627,0.10000039061928379,-0.4764820939496098,0.0,0.02112667745683134,0.019661881393640866,0.007864752557456195
365.0,0.0,0.0,0.0,0.0,0.5183552586114982,0.02347277005252459,0.100000388670576,-0.47652908206860484,0.0,0.021103797454995573,0.019642228357734836,0.007856891343093786
366.0,0.0,0.0,0.0,0.0,0.5131949699181138,0.023425866740879656,0.10000038673158983,-0.47657597632184256,0.0,0.02108093922654437,0.019622594966023203,0.007849037986409133
367.0,0.0,0.0,0.0,0.0,0.5080860525168243,0.02337905715147707,0.10000038480227681,-0.4766227768967627,0.0,0.021058102752622536,0.019602981198870613,0.0078411924795481
368.0,0.0,0.0,0.0,0.0,0.5030279950002631,0.02333234109704094,0.10000038288258868,-0.47666948398043085,0.0,0.02103528801438578,0.019583387036661338,0.007833354814664389
369.0,0.0,0.0,0.0,0.0,0.4980202910521852,0.02328571839066963,0.10000038097247743,-0.4767160977595393,0.0,0.0210124949930007,0.019563812459799247,0.007825524983919552
370.0,0.0,0.0,0.0,0.0,0.4930624393967846,0.023239188845834924,0.10000037907189527,-0.47676261842040774,0.0,0.020989723669644838,0.019544257448707813,0.007817702979482977
371.0,0.0,0.0,0.0,0.0,0.4881539437485158,0.023192752276381363,0.10000037718079467,-0.4768090461489846,0.0,0.020966974025506662,0.019524721983830054,0.007809888793531873
372.0,0.0,0.0,0.0,0.0,0.4832943127624156,0.023146408496525446,0.10000037529912834,-0.4768553811308469,0.0,0.020944246041785568,0.019505206045628557,0.007802082418251274
373.0,0.0,0.0,0.0,0.0,0.47848305998491836,0.023100157320854908,0.10000037342684918,-0.47690162355120136,0.0,0.02092153969969192,0.01948570961458543,0.007794283845834024
374.0,0.0,0.0,0.0,0.0,0.47371970380516226,0.023053998564327983,0.10000037156391041,-0.47694777359488544,0.0,0.02089885498044704,0.019466232671202295,0.00778649306848077
375.0,0.0,0.0,0.0,0.0,0.46900376740677935,0.023007932042272645,0.10000036971026538,-0.47699383144636764,0.0,0.020876191865283233,0.01944677519600026,0.007778710078399956
376.0,0.0,0.0,0.0,0.0,0.46433477872016543,0.022961957570385893,0.10000036786586776,-0.4770397972897484,0.0,0.020853550335443782,0.019427337169519887,0.007770934867807808
377.0,0.0,0.0,0.0,0.0,0.45971227037522605,0.02291607496473298,0.1000003660306714,-0.47708567130876095,0.0,0.02083093037218298,0.019407918572321214,0.007763167428928343
378.0,0.0,0.0,0.0,0.0,0.455135779654592,0.022870284041746715,0.10000036420463042,-0.47713145368677184,0.0,0.020808331956766114,0.019388519384983708,0.0077554077539933415
379.0,0.0,0.0,0.0,0.0,0.4506048484473008,0.022824584618226708,0.1000003623876991,-0.47717714460678173,0.0,0.02078575507046949,0.01936913958810623,0.007747655835242351
380.0,0.0,0.0,0.0,0.0,0.4461190232029397,0.02277897651133863,0.10000036057983203,-0.4772227442514262,0.0,0.02076319969458044,0.01934977916230705,0.007739911664922678
381.0,0.0,0.0,0.0,0.0,0.4416778548862443,0.022733459538613505,0.10000035878098398,-0.4772682528029765,0.0,0.02074066581039736,0.0193304380882238,0.007732175235289377
382.0,0.0,0.0,0.0,0.0,0.43728089893215033,0.022688033517946966,0.10000035699111,-0.4773136704433403,0.0,0.02071815339922967,0.019311116346513477,0.007724446538605246
383.0,0.0,0.0,0.0,0.0,0.43292771520129186,0.022642698267598516,0.10000035521016526,-0.47735899735406184,0.0,0.020695662442397858,0.019291813917852396,0.007716725567140811
384.0,0.0,0.0,0.0,0.0,0.428617867935943,0.022597453606190823,0.10000035343810522,-0.47740423371632335,0.0,0.020673192921233485,0.019272530782936195,0.0077090123131743305
385.0,0.0,0.0,0.0,0.0,0.4243509257163983,0.022552299352708964,0.10000035167488557,-0.4774493797109459,0.0,0.020650744817079184,0.019253266922479816,0.007701306768991777
386.0,0.0,0.0,0.0,0.0,0.4201264614177873,0.022507235326499755,0.10000034992046221,-0.47749443551838944,0.0,0.02062831811128869,0.019234022317217464,0.007693608926886837
387.0,0.0,0.0,0.0,0.0,0.4159440521673186,0.022462261347270963,0.10000034817479125,-0.47753940131875366,0.0,0.02060591278522684,0.019214796947902613,0.0076859187791608954
388.0,0.0,0.0,0.0,0.0,0.41180327930195026,0.02241737723509062,0.10000034643782904,-0.4775842772917795,0.0,0.02058352882026956,0.019195590795307967,0.007678236318123036
389.0,0.0,0.0,0.0,0.0,0.4077037283264807,0.022372582810386305,0.10000034470953212,-0.47762906361684876,0.0,0.020561166197803928,0.01917640384022545,0.007670561536090029
390.0,0.0,0.0,0.0,0.0,0.40364498887205835,0.022327877893944425,0.10000034298985727,-0.47767376047298543,0.0,0.02053882489922813,0.019157236063466185,0.007662894425386325
391.0,0.0,0.0,0.0,0.0,0.3996266546551021,0.02228326230690949,0.10000034127876149,-0.47771836803885637,0.0,0.0205165049059515,0.01913808744586048,0.007655234978344044
392.0,0.0,0.0,0.0,0.0,0.395648323436633,0.022238735870783382,0.10000033957620197,-0.47776288649277177,0.0,0.020494206199394526,0.019118957968257796,0.007647583187302973
393.0,0.0,0.0,0.0,0.0,0.39170959698200897,0.022194298407424665,0.10000033788213611,-0.4778073160126863,0.0,0.020471928760988838,0.01909984761152675,0.007639939044610555
394.0,0.0,0.0,0.0,0.0,0.3878100810210619,0.022149949739047877,0.10000033619652153,-0.47785165677619923,0.0,0.020449672572177256,0.019080756356555068,0.007632302542621881
395.0,0.0,0.0,0.0,0.0,0.3839493852086301,0.022105689688222803,0.10000033451931609,-0.4778959089605556,0.0,0.020427437614413776,0.01906168418424958,0.007624673673699687
396.0,0.0,0.0,0.0,0.0,0.38012712308548463,0.022061518077873758,0.10000033285047782,-0.477940072742647,0.0,0.020405223869163564,0.019042631075536214,0.007617052430214341
397.0,0.0,0.0,0.0,0.0,0.37634291203964493,0.0220174347312789,0.10000033118996501,-0.47798414829901176,0.0,0.020383031317903002,0.019023597011359947,0.007609438804543834
398.0,0.0,0.0,0.0,0.0,0.3725963732680781,0.021973439472069516,0.1000003295377361,-0.478028135805836,0.0,0.020360859942119672,0.01900458197268481,0.007601832789073781
399.0,0.0,0.0,0.0,0.0,0.36888713173878096,0.02192953212422931,0.10000032789374978,-0.4780720354389544,0.0,0.020338709723312365,0.018985585940493866,0.007594234376197403
400.0,0.0,0.0,0.0,0.0,0.36521481615323903,0.02188571251209369,0.10000032625796491,-0.4781158473738506,0.0,0.02031658064299111,0.01896660889578917,0.007586643558315526
401.0,0.0,0.0,0.0,0.0,0.36157905890925873,0.02184198046034909,0.1000003246303406,-0.4781595717856583,0.0,0.020294472682677155,0.01894765081959179,0.007579060327836573
402.0,0.0,0.0,0.0,0.0,0.3579794960641706,0.02179833579403225,0.10000032301083611,-0.47820320884916157,0.0,0.02027238582390301,0.018928711692941743,0.007571484677176555
403.0,0.0,0.0,0.0,0.0,0.35441576729839785,0.021754778338529533,0.10000032139941097,-0.4782467587387958,0.0,0.020250320048212422,0.018909791496898018,0.007563916598759063
404.0,0.0,0.0,0.0,0.0,0.3508875158793883,0.021711307919576203,0.10000031979602485,-0.4782902216286483,0.0,0.0202282753371604,0.018890890212538515,0.007556356085015262
405.0,0.0,0.0,0.0,0.0,0.3473943886259051,0.021667924363255747,0.10000031820063764,-0.4783335976924589,0.0,0.020206251672313234,0.018872007820960063,0.007548803128383882
406.0,0.0,0.0,0.0,0.0,0.3439360358726729,0.021624627495999162,0.10000031661320942,-0.47837688710362075,0.0,0.02018424903524848,0.018853144303278377,0.007541257721311207
407.0,0.0,0.0,0.0,0.0,0.340512111435376,0.021581417144584277,0.10000031503370052,-0.4784200900351812,0.0,0.020162267407554977,0.018834299640628053,0.007533719856251077
408.0,0.0,0.0,0.0,0.0,0.33712227257600536,0.021538293136135058,0.10000031346207143,-0.4784632066598423,0.0,0.02014030677083288,0.018815473814162546,0.007526189525664874
409.0,0.0,0.0,0.0,0.0,0.33376617996854935,0.021495255298120908,0.10000031189828282,-0.47850623714996093,0.0,0.02011836710669363,0.018796666805054138,0.00751866672202151
410.0,0.0,0.0,0.0,0.0,0.33044349766502773,0.021452303458355974,0.1000003103422956,-0.478549181677551,0.0,0.02009644839675999,0.01877787859449394,0.007511151437797432
411.0,0.0,0.0,0.0,0.0,0.32715389306186266,0.021409437444998475,0.10000030879407082,-0.4785920404142821,0.0,0.020074550622666037,0.018759109163691865,0.007503643665476601
412.0,0.0,0.0,0.0,0.0,0.3238970368665846,0.02136665708655001,0.10000030725356977,-0.4786348135314822,0.0,0.020052673766057193,0.018740358493876598,0.007496143397550494
413.0,0.0,0.0,0.0,0.0,0.3206726030648701,0.021323962211854855,0.10000030572075393,-0.4786775012001367,0.0,0.020030817808590194,0.018721626566295592,0.007488650626518093
414.0,0.0,0.0,0.0,0.0,0.3174802688879075,0.02128135265009928,0.10000030419558492,-0.4787201035908902,0.0,0.02000898273193314,0.018702913362215048,0.007481165344885876
415.0,0.0,0.0,0.0,0.0,0.3143197147800871,0.0212388282308109,0.10000030267802464,-0.4787626208740465,0.0,0.01998716851776548,0.018684218862919884,0.0074736875451678125
416.0,0.0,0.0,0.0,0.0,0.3111906243670135,0.021196388783857947,0.10000030116803509,-0.4788050532195699,0.0,0.019965375147778023,0.018665543049713733,0.0074662172198853545
417.0,0.0,0.0,0.0,0.0,0.3080926844238367,0.021154034139448632,0.10000029966557854,-0.47884740079708527,0.0,0.01994360260367295,0.018646885903918917,0.007458754361567429
418.0,0.0,0.0,0.0,0.0,0.3050255848438972,0.02111176412813042,0.1000002981706174,-0.4788896637758791,0.0,0.019921850867163825,0.018628247406876425,0.007451298962750432
419.0,0.0,0.0,0.0,0.0,0.30198901860768457,0.02106957858078939,0.10000029668311425,-0.4789318423248999,0.0,0.019900119919975593,0.018609627539945883,0.007443851015978215
420.0,0.0,0.0,0.0,0.0,0.29898268175210446,0.021027477328649544,0.10000029520303191,-0.4789739366127594,0.0,0.019878409743844593,0.018591026284505565,0.007436410513802088
421.0,0.0,0.0,0.0,0.0,0.2960062733400516,0.02098546020327212,0.10000029373033337,-0.47901594680773246,0.0,0.01985672032051856,0.01857244362195235,0.007428977448780803
422.0,0.0,0.0,0.0,0.0,0.29305949543028537,0.02094352703655495,0.10000029226498178,-0.47905787307775843,0.0,0.019835051631756653,0.018553879533701727,0.007421551813480553
423.0,0.0,0.0,0.0,0.0,0.29014205304760615,0.020901677660731754,0.10000029080694045,-0.4790997155904411,0.0,0.01981340365932944,0.01853533400118774,0.007414133600474957
424.0,0.0,0.0,0.0,0.0,0.2872536541533276,0.020859911908371487,0.10000028935617297,-0.4791414745130505,0.0,0.019791776385018913,0.018516807005863,0.007406722802345062
425.0,0.0,0.0,0.0,0.0,0.28439400961604366,0.02081822961237767,0.10000028791264305,-0.47918315001252243,0.0,0.019770169790618495,0.018498298529198667,0.007399319411679327
426.0,0.0,0.0,0.0,0.0,0.28156283318268593,0.02077663060598771,0.10000028647631454,-0.4792247422554593,0.0,0.019748583857933058,0.0184798085526844,0.00739192342107362
427.0,0.0,0.0,0.0,0.0,0.2787598414498696,0.02073511472277223,0.10000028504715154,-0.4792662514081315,0.0,0.019727018568778915,0.018461337057828375,0.0073845348231312115
428.0,0.0,0.0,0.0,0.0,0.2759847538355245,0.020693681796634444,0.10000028362511827,-0.47930767763647736,0.0,0.01970547390498383,0.018442884026157246,0.007377153610462762
429.0,0.0,0.0,0.0,0.0,0.27323729255080886,0.020652331661809423,0.1000002822101792,-0.4793490211061044,0.0,0.01968394984838704,0.01842444943921614,0.00736977977568632
430.0,0.0,0.0,0.0,0.0,0.2705171825723015,0.02061106415286349,0.10000028080229896,-0.4793902819822892,0.0,0.019662446380839242,0.01840603327856863,0.007362413311427314
431.0,0.0,0.0,0.0,0.0,0.2678241516144728,0.020569879104693545,0.10000027940144227,-0.4794314604299788,0.0,0.019640963484202606,0.018387635525796697,0.00735505421031854
432.0,0.0,0.0,0.0,0.0,0.2651579301024282,0.020528776352526375,0.10000027800757412,-0.47947255661379107,0.0,0.019619501140350784,0.018369256162500756,0.007347702465000164
433.0,0.0,0.0,0.0,0.0,0.26251825114492333,0.020487755731918026,0.10000027662065968,-0.47951357069801526,0.0,0.019598059331168937,0.018350895170299607,0.007340358068119703
434.0,0.0,0.0,0.0,0.0,0.2599048505076481,0.02044681707875315,0.1000002752406642,-0.47955450284661266,0.0,0.019576638038553713,0.018332552530830413,0.007333021012332025
435.0,0.0,0.0,0.0,0.0,0.25731746658677696,0.020405960229244305,0.1000002738675532,-0.47959535322321767,0.0,0.01955523724441325,0.0183142282257487,0.00732569129029934
436.0,0.0,0.0,0.0,0.0,0.2547558403827814,0.02036518501993136,0.10000027250129236,-0.47963612199113803,0.0,0.01953385693066722,0.01829592223672833,0.007318368894691191
437.0,0.0,0.0,0.0,0.0,0.25221971547450456,0.020324491287680792,0.10000027114184744,-0.47967680931335527,0.0,0.0195124970792468,0.018277634545461482,0.007311053818184452
438.0,0.0,0.0,0.0,0.0,0.24970883799349264,0.020283878869685065,0.10000026978918448,-0.47971741535252593,0.0,0.0194911576720947,0.018259365133658632,0.007303746053463313
439.0,0.0,0.0,0.0,0.0,0.24722295659858282,0.020243347603461945,0.10000026844326963,-0.479757940270982,0.0,0.019469838691165156,0.01824111398304854,0.007296445593219278
440.0,0.0,0.0,0.0,0.0,0.2447618224507437,0.02020289732685389,0.10000026710406926,-0.47979838423073146,0.0,0.019448540118423938,0.018222881075378235,0.007289152430151156
441.0,0.0,0.0,0.0,0.0,0.24232518918816623,0.020162527878027376,0.10000026577154983,-0.4798387473934589,0.0,0.019427261935848372,0.01820466639241298,0.007281866556965053
442.0,0.0,0.0,0.0,0.0,0.23991281290160263,0.020122239095472248,0.10000026444567803,-0.4798790299205263,0.0,0.019406004125427322,0.018186469915936268,0.007274587966374367
443.0,0.0,0.0,0.0,0.0,0.23752445210995088,0.020082030818001084,0.10000026312642069,-0.47991923197297337,0.0,0.019384766669161228,0.018168291627749796,0.007267316651099779
444.0,0.0,0.0,0.0,0.0,0.23515986773608238,0.02004190288474855,0.10000026181374481,-0.47995935371151904,0.0,0.019363549549062078,0.01815013150967346,0.007260052603869246
445.0,0.0,0.0,0.0,0.0,0.2328188230829099,0.020001855135170755,0.10000026050761757,-0.47999939529656077,0.0,0.019342352747153433,0.01813198954354533,0.007252795817417993
446.0,0.0,0.0,0.0,0.0,0.23050108380969414,0.019961887409044598,0.10000025920800629,-0.48003935688817645,0.0,0.019321176245470435,0.018113865711221623,0.007245546284488509
447.0,0.0,0.0,0.0,0.0,0.22820641790858576,0.019921999546467138,0.10000025791487846,-0.48007923864612423,0.0,0.019300020026059808,0.01809575999457669,0.007238303997830536
448.0,0.0,0.0,0.0,0.0,0.2259345956814015,0.019882191387854957,0.10000025662820174,-0.48011904072984346,0.0,0.019278884070979867,0.018077672375502996,0.0072310689502010595
449.0,0.0,0.0,0.0,0.0,0.22368538971663104,0.019842462773943522,0.10000025534794398,-0.4801587632984556,0.0,0.019257768362300524,0.018059602835911116,0.00722384113436431
450.0,0.0,0.0,0.0,0.0,0.2214585748666729,0.019802813545786523,0.1000002540740731,-0.480198406510764,0.0,0.019236672882103286,0.018041551357729706,0.007216620543091748
451.0,0.0,0.0,0.0,0.0,0.21925392822529677,0.019763243544755282,0.10000025280655726,-0.48023797052525546,0.0,0.019215597612481268,0.01802351792290548,0.007209407169162056
452.0,0.0,0.0,0.0,0.0,0.2170712291053307,0.019723752612538076,0.10000025154536477,-0.4802774555001003,0.0,0.0191945425355392,0.018005502513403198,0.007202201005361142
453.0,0.0,0.0,0.0,0.0,0.2149102590165699,0.01968434059113953,0.10000025029046408,-0.48031686159315334,0.0,0.019173507633393434,0.017987505111205643,0.007195002044482121
454.0,0.0,0.0,0.0,0.0,0.2127708016439059,0.019645007322879958,0.10000024904182377,-0.48035618896195437,0.0,0.019152492888171946,0.017969525698313615,0.00718781027932531
455.0,0.0,0.0,0.0,0.0,0.2106526428256729,0.01960575265039477,0.10000024779941265,-0.4803954377637285,0.0,0.019131498282014343,0.017951564256745906,0.007180625702698224
456.0,0.0,0.0,0.0,0.0,0.2085555705322102,0.01956657641663382,0.10000024656319961,-0.48043460815538735,0.0,0.01911052379707187,0.017933620768539264,0.007173448307415568
457.0,0.0,0.0,0.0,0.0,0.20647937484463774,0.01952747846486076,0.10000024533315377,-0.4804737002935293,0.0,0.0190895694155074,0.01791569521574841,0.007166278086299228
458.0,0.0,0.0,0.0,0.0,0.20442384793384308,0.019488458638652454,0.10000024410924432,-0.48051271433444,0.0,0.01906863511949548,0.017897787580446002,0.007159115032178263
459.0,0.0,0.0,0.0,0.0,0.20238878403967744,0.019449516781898324,0.10000024289144067,-0.48055165043409354,0.0,0.019047720891222295,0.017879897844722603,0.007151959137888905
460.0,0.0,0.0,0.0,0.0,0.2003739794503591,0.01941065273879973,0.10000024167971236,-0.48059050874815235,0.0,0.019026826712885688,0.0178620259906867,0.007144810396274543
461.0,0.0,0.0,0.0,0.0,0.1983792324820813,0.01937186635386935,0.10000024047402908,-0.4806292894319685,0.0,0.019005952566695176,0.017844172000464637,0.00713766880018572
462.0,0.0,0.0,0.0,0.0,0.196404343458824,0.01933315747193056,0.10000023927436068,-0.4806679926405839,0.0,0.018985098434871936,0.017826335856200647,0.007130534342480123
463.0,0.0,0.0,0.0,0.0,0.19444911469236562,0.01929452593811681,0.10000023808067712,-0.4807066185287307,0.0,0.018964264299648825,0.017808517540056794,0.0071234070160225834
464.0,0.0,0.0,0.0,0.0,0.19251335046249468,0.019255971597871003,0.10000023689294858,-0.48074516725083294,0.0,0.018943450143270382,0.017790717034212984,0.007116286813685059
465.0,0.0,0.0,0.0,0.0,0.19059685699741782,0.01921749429694487,0.10000023571114534,-0.4807836389610059,0.0,0.018922655947992834,0.017772934320866927,0.007109173728346635
466.0,0.0,0.0,0.0,0.0,0.18869944245436304,0.01917909388139838,0.10000023453523782,-0.4808220338130572,0.0,0.018901881696084078,0.017755169382234124,0.007102067752893513
467.0,0.0,0.0,0.0,0.0,0.1868209169003761,0.01914077019759908,0.10000023336519664,-0.4808603519604881,0.0,0.01888112736982374,0.01773742220054787,0.007094968880219009
468.0,0.0,0.0,0.0,0.0,0.18496109229330823,0.01910252309222153,0.10000023220099252,-0.48089859355649284,0.0,0.018860392951503123,0.017719692758059194,0.0070878771032235385
469.0,0.0,0.0,0.0,0.0,0.18311978246299251,0.019064352412246643,0.10000023104259634,-0.4809367587539602,0.0,0.01883967842342524,0.017701981037036883,0.007080792414814614
470.0,0.0,0.0,0.0,0.0,0.1812968030926086,0.01902625800496112,0.10000022988997911,-0.48097484770547383,0.0,0.018818983767904824,0.017684287019767445,0.0070737148079068396
471.0,0.0,0.0,0.0,0.0,0.179491971700232,0.01898823971795679,0.10000022874311204,-0.48101286056331294,0.0,0.01879830896726833,0.017666610688555094,0.0070666442754219
472.0,0.0,0.0,0.0,0.0,0.1777051076205678,0.018950297399130036,0.10000022760196643,-0.4810507974794526,0.0,0.018777654003853915,0.01764895202572173,0.0070595808102885535
473.0,0.0,0.0,0.0,0.0,0.17593603198686544,0.01891243089668117,0.10000022646651371,-0.48108865860556443,0.0,0.01875701886001147,0.017631311013606918,0.0070525244054426275
474.0,0.0,0.0,0.0,0.0,0.1741845677130146,0.01887464005911384,0.1000002253367255,-0.4811264440930178,0.0,0.018736403518102615,0.01761368763456788,0.007045475053827012
475.0,0.0,0.0,0.0,0.0,0.1724505394758183,0.018836924735234403,0.10000022421257354,-0.4811641540928795,0.0,0.018715807960500718,0.017596081870979476,0.007038432748391649
476.0,0.0,0.0,0.0,0.0,0.17073377369744297,0.018799284774151336,0.10000022309402974,-0.4812017887559154,0.0,0.01869523216959087,0.017578493705234174,0.00703139748209353
477.0,0.0,0.0,0.0,0.0,0.16903409852804316,0.01876172002527463,0.10000022198106605,-0.4812393482325894,0.0,0.01867467612776992,0.017560923119742056,0.007024369247896683
478.0,0.0,0.0,0.0,0.0,0.1673513438285593,0.018724230338315176,0.10000022087365468,-0.48127683267306637,0.0,0.018654139817446458,0.017543370096930775,0.007017348038772172
479.0,0.0,0.0,0.0,0.0,0.1656853411536864,0.018686815563284186,0.10000021977176797,-0.4813142422272107,0.0,0.018633623221040826,0.01752583461924555,0.007010333847698082
480.0,0.0,0.0,0.0,0.0,0.1640359237350127,0.018649475550492567,0.10000021867537828,-0.4813515770445876,0.0,0.01861312632098514,0.01750831666914915,0.007003326667659524
481.0,0.0,0.0,0.0,0.0,0.162402926464326,0.018612210150550344,0.1000002175844582,-0.481388837274464,0.0,0.018592649099723257,0.01749081622912187,0.006996326491648612
482.0,0.0,0.0,0.0,0.0,0.16078618587708618,0.018575019214366037,0.10000021649898047,-0.481426023065809,0.0,0.018572191539710816,0.017473333281661518,0.006989333312664473
483.0,0.0,0.0,0.0,0.0,0.15918554013606212,0.018537902593146117,0.10000021541891793,-0.48146313456729434,0.0,0.018551753623415223,0.017455867809283394,0.006982347123713226
484.0,0.0,0.0,0.0,0.0,0.15760082901513173,0.01850086013839433,0.10000021434424357,-0.4815001719272947,0.0,0.018531335333315652,0.017438419794520293,0.006975367917807985
485.0,0.0,0.0,0.0,0.0,0.1560318938832431,0.018463891701911178,0.10000021327493051,-0.4815371352938892,0.0,0.018510936651903072,0.017420989219922432,0.006968395687968841
486.0,0.0,0.0,0.0,0.0,0.1544785776885355,0.01842699713579329,0.10000021221095201,-0.4815740248148607,0.0,0.018490557561680224,0.017403576068057505,0.006961430427222871
487.0,0.0,0.0,0.0,0.0,0.15294072494261843,0.018390176292432822,0.10000021115228147,-0.48161084063769766,0.0,0.01847019804516164,0.017386180321510614,0.006954472128604114
488.0,0.0,0.0,0.0,0.0,0.15141818170500668,0.01835342902451689,0.10000021009889234,-0.4816475829095937,0.0,0.018449858084873653,0.01736880196288427,0.006947520785153576
489.0,0.0,0.0,0.0,0.0,0.1499107955677112,0.018316755185026977,0.10000020905075835,-0.48168425177744917,0.0,0.018429537663354385,0.017351440974798377,0.0069405763899192206
490.0,0.0,0.0,0.0,0.0,0.1484184156399827,0.018280154627238324,0.10000020800785325,-0.48172084738787074,0.0,0.018409236763153747,0.017334097339890213,0.006933638935955954
491.0,0.0,0.0,0.0,0.0,0.14694089253320733,0.01824362720471937,0.10000020697015095,-0.4817573698871726,0.0,0.018388955366833475,0.017316771040814395,0.006926708416325629
492.0,0.0,0.0,0.0,0.0,0.1454780783459528,0.01820717277133114,0.10000020593762549,-0.481793819421377,0.0,0.018368693456967112,0.017299462060242903,0.006919784824097033
493.0,0.0,0.0,0.0,0.0,0.1440298266491632,0.018170791181226692,0.10000020491025106,-0.4818301961362148,0.0,0.018348451016139983,0.01728217038086501,0.006912868152345877
494.0,0.0,0.0,0.0,0.0,0.14259599247150156,0.018134482288850503,0.10000020388800197,-0.48186650017712573,0.0,0.018328228026949264,0.017264895985387323,0.0069059583941548
495.0,0.0,0.0,0.0,0.0,0.14117643228483792,0.018098245948937913,0.10000020287085266,-0.48190273168925946,0.0,0.01830802447200394,0.017247638856533704,0.006899055542613354
496.0,0.0,0.0,0.0,0.0,0.139771003989882,0.01806208201651451,0.10000020185877767,-0.4819388908174759,0.0,0.0182878403339248,0.017230398977045307,0.006892159590817992
497.0,0.0,0.0,0.0,0.0,0.13837956690195896,0.01802599034689558,0.10000020085175167,-0.48197497770634534,0.0,0.018267675595344483,0.01721317632968051,0.006885270531872074
498.0,0.0,0.0,0.0,0.0,0.13700198173692682,0.017989970795685522,0.10000019984974948,-0.4820109925001502,0.0,0.01824753023890745,0.017195970897214957,0.0068783883588858525
499.0,0.0,0.0,0.0,0.0,0.1356381105972338,0.01795402321877725,0.10000019885274604,-0.4820469353428847,0.0,0.018227404247270006,0.01717878266244149,0.006871513064976465
500.0,0.5,0.2,1.820930739737491e-05,0.0,0.13428781695811487,0.017918147472351657,0.10000019795176296,-0.48208280681717436,0.0,0.018207297544544726,0.017162111608170154,0.0068648446432679295
501.0,5.233087287064178,2.093234914825671,0.0011424328744749355,0.0,0.13295096565392545,0.017882343412877005,0.10000022191124959,-0.4821187264604392,0.0,0.018187193956600234,0.01717637132183009,0.006870548528731906
502.0,9.513606588937071,3.805442635574829,0.0038025426923548656,0.0,0.13162742286461096,0.017846610897108352,0.1000003450168044,-0.482155052613107,0.0,0.01816704361844957,0.017235400484914093,0.006894160193965508
503.0,13.384831517280116,5.353932606912049,0.0077678446770484575,0.0,0.13031705610231165,0.017810949782087,0.10000063694682068,-0.482192121505738,0.0,0.01814679691203433,0.017334872223385867,0.006933948889354217
504.0,16.88589795080081,6.754359180320327,0.012833923691244892,0.0,0.12901973419810017,0.017775359925139903,0.10000115625678806,-0.4822302158299946,0.0,0.018126409005780823,0.017470873436017588,0.006988349374406906
505.0,20.052199676691934,8.020879870676774,0.018819899336012802,0.0,0.12773532728885167,0.017739841183879116,0.10000195166921838,-0.482269570939193,0.0,0.018105839397039348,0.017639865230246493,0.007055946092098469
506.0,22.915746201657303,9.166298480662924,0.02556595974535396,0.0,0.12646370680424415,0.017704393416201197,0.10000306322799023,-0.48231038039781526,0.0,0.01808505149818561,0.01783864714107278,0.007135458856428983
507.0,25.505486349789738,10.202194539915896,0.03293114525247153,0.0,0.1252047454538886,0.017669016480286667,0.10000452333087215,-0.4823528009459967,0.0,0.01806401226223562,0.018064324771272285,0.007225729908508784
508.0,27.847600918691356,11.139040367476545,0.040791356708902354,0.0,0.12395831721458717,0.017633710234599434,0.10000635765259401,-0.48239695693833445,0.0,0.018042691844215936,0.018314280525784953,0.007325712210313848
509.0,29.96576735242295,11.986306940969184,0.04903756583325732,0.0,0.12272429731771795,0.017598474537886218,0.10000858596958896,-0.4824429443103866,0.0,0.018021063294885557,0.01858614714442037,0.007434458857768015
510.0,31.881399106975135,12.752559642790056,0.05757420728243274,0.0,0.12150256223674559,0.01756330924917599,0.1000112228964081,-0.48249083412086163,0.0,0.01799910228372744,0.018877783765311157,0.007551113506124331
511.0,33.6138621281098,13.44554485124392,0.06631773420718541,0.0,0.1202929896748563,0.017528214227779407,0.10001427854280595,-0.48254067571267867,0.0,0.017976786848419326,0.019187254277129286,0.00767490171085158
512.0,35.18067063003958,14.072268252015835,0.07519532090415638,0.0,0.11909545855271558,0.01749318933328826,0.10001775909959094,-0.48259249953175115,0.0,0.01795409716825808,0.01951280774121862,0.007805123096487314
513.0,36.59766415415628,14.639065661662514,0.08414369783248424,0.0,0.11790984899634835,0.017458234425574894,0.10002166736052337,-0.4826463196384479,0.0,0.017931015359251498,0.019852860685722565,0.007941144274288896
514.0,37.87916769777097,15.151667079108392,0.09310810574671564,0.0,0.1167360423251392,0.017423349364791663,0.1000260031868143,-0.48270213594319517,0.0,0.01790752528880868,0.02020598109271053,0.008082392437084081
515.0,39.03813653167635,15.615254612670551,0.10204135702781068,0.0,0.11557392103995257,0.01738853401137037,0.10003076392012088,-0.4827599361945205,0.0,0.01788361240815698,0.020570873916422174,0.00822834956656874
516.0,40.08628717055424,16.03451486822171,0.11090299348738364,0.0,0.11442336881137073,0.0173537882260217,0.10003594474934455,-0.48281969774502137,0.0,0.017859263600791635,0.020946367986227146,0.008378547194490731
517.0,41.034215820264436,16.413686328105783,0.1196585309916739,0.0,0.11328427046804936,0.017319111869734657,0.10004153903600578,-0.48288138911817874,0.0,0.017834467045425722,0.02133140416189668,0.008532561664758546
518.0,41.891505499449636,16.756602199779866,0.1282787822141422,0.0,0.11215651198518864,0.01728450480377603,0.10004753860249076,-0.4829449713966466,0.0,0.017809212092054005,0.021725024621443573,0.008690009848577302
519.0,42.66682291839478,17.06672916735793,0.136739249690574,0.0,0.11103998047311929,0.017249966889689806,0.1000539339870349,-0.4830103994505788,0.0,0.01778348914987664,0.022126363173236737,0.008850545269294569
520.0,43.36800609453087,17.34720243781236,0.14501958212837487,0.0,0.10993456416600217,0.017215497989296655,0.10006071466891957,-0.48307762302269414,0.0,0.01775728958594838,0.022534636494451293,0.009013854597780395
521.0,44.00214359032609,17.60085743613045,0.15310308762145416,0.0,0.10884015241064049,0.017181097964693345,0.10006786926700927,-0.48314658768510016,0.0,0.01773060563352723,0.02294913620727995,0.00917965448291186
522.0,44.57564617461425,17.830258469845713,0.16097629805178348,0.0,0.10775663565540329,0.017146766678252212,0.10007538571444154,-0.48321723568139135,0.0,0.01770343030919445,0.023369221712800627,0.00934768868512013
523.0,45.094311631815685,18.037724652726286,0.1686285795255956,0.0,0.10668390543925922,0.01711250399262059,0.10008325141199882,-0.4832895066661712,0.0,0.017675757337906706,0.023794313710054835,0.009517725484021812
524.0,45.563383374234924,18.22535334969398,0.17605178420266582,0.0,0.10562185438091952,0.017078309770720283,0.10009145336243513,-0.48336333835292294,0.0,0.01764758108522116,0.024223888334818405,0.00968955533392724
525.0,45.98760344997203,18.395041379988818,0.18323993933693022,0.0,0.10457037616808895,0.01704418387574699,0.10009997828780157,-0.48343866708005206,0.0,0.017618896496007067,0.02465747185881083,0.00986298874352421
526.0,46.37126048232754,18.548504192931016,0.1901889697609601,0.0,0.10352936554682392,0.017010126171169784,0.10010881273160634,-0.4835154283039253,0.0,0.01758969903902298,0.025094635895755224,0.010037854358301967
527.0,46.718233025340936,18.687293210136374,0.19689645042011963,0.0,0.10249871831099654,0.01697613652073055,0.10011794314745907,-0.4835935570268353,0.0,0.017559984656798148,0.025534993065824976,0.010213997226329867
528.0,47.03202877376247,18.81281150950499,0.20336138589868452,0.0,0.10147833129186329,0.016942214788443433,0.10012735597568033,-0.4836729881670125,0.0,0.017529749720310364,0.025978193074647042,0.010391277229858694
529.0,47.31582002384888,18.926328009539546,0.2095840141834773,0.0,0.10046810234773793,0.01690836083859433,0.10013703770920647,-0.4837536568770804,0.0,0.017498990988001104,0.02642391916722283,0.01056956766688901
530.0,47.572475743471365,19.02899029738854,0.2155656321839797,0.0,0.0994679303537669,0.016874574535740303,0.10014697494998286,-0.48383549881669025,0.0,0.017467705568712782,0.02687188492091789,0.010748753968367036
531.0,47.804590575746424,19.12183623029857,0.221308440774379,0.0,0.0984777151918067,0.016840855744709064,0.10015715445691636,-0.48391845038448705,0.0,0.017435890888172607,0.027321831345099308,0.010928732538039602
532.0,48.01451106939966,19.205804427759865,0.22681540734525704,0.0,0.09749735774040195,0.016807204330598423,0.10016756318634652,-0.48400244891402205,0.0,0.017403544658683618,0.027773524258099785,0.011109409703239793
533.0,48.20435940103665,19.281743760414667,0.23209014405303105,0.0,0.0965267598648632,0.016773620158775752,0.10017818832589613,-0.4840874328377518,0.0,0.01737066485171575,0.028226751914991043,0.011290700765996297
534.0,48.37605482913947,19.3504219316558,0.23713680013595678,0.0,0.0955658244074436,0.01674010309487745,0.10018901732247165,-0.4841733418228319,0.0,0.017337249673119434,0.028681322862184628,0.01147252914487373
535.0,48.531333096676626,19.412533238670655,0.24195996682844645,0.0,0.09461445517761335,0.016706653004808385,0.10020003790510347,-0.4842601168820252,0.0,0.017303297540710572,0.029137063997171395,0.011654825598868438
536.0,48.67176397847566,19.468705591390265,0.2465645935523781,0.0,0.09367255694243079,0.016673269754741402,0.10021123810324353,-0.4843477004626976,0.0,0.017268807063999983,0.02959381881378473,0.01183752752551377
537.0,48.798767150752376,19.51950686030095,0.25095591419655167,0.0,0.09274003541700972,0.016639953211116738,0.1002226062610722,-0.48443603651655687,0.0,0.017233777025861905,0.030051445815248077,0.01202057832609911
538.0,48.913626543228695,19.56545061729148,0.2551393824148958,0.0,0.0918167972550812,0.01660670324064152,0.10023413104830778,-0.48452507055251065,0.0,0.017198206365956124,0.030509817078963632,0.012203926831585332
539.0,49.017503318930686,19.607001327572267,0.2591206149817207,0.0,0.09090275003964961,0.016573519710289215,0.10024580146795946,-0.4846147496747676,0.0,0.017162094165735678,0.030968816958533027,0.01238752678341309
540.0,49.111447612885264,19.644579045154096,0.2629053423394002,0.0,0.08999780227374157,0.016540402487299103,0.10025760686141641,-0.48470502260806975,0.0,0.01712543963488851,0.03142834090988811,0.012571336363955118
541.0,49.196409148387154,19.67856365935485,0.26649936556138604,0.0,0.08910186337124708,0.016507351439175755,0.1002695369112237,-0.4847958397117487,0.0,0.017088242099075744,0.031888294429664704,0.012755317771865763
542.0,49.27324683816029,19.709298735264106,0.26990851903233704,0.0,0.08821484364785166,0.016474366433688478,0.10028158164185691,-0.4848871529841065,0.0,0.017050500988842494,0.032348592095086996,0.012939436838034685
543.0,49.34273746747619,19.737094986990463,0.2731386382182446,0.0,0.08733665431205898,0.01644144733887082,0.10029373141877357,-0.4849789160584616,0.0,0.017012215829589006,0.032809156695656115,0.013123662678262333
544.0,49.405583547010586,19.762233418804215,0.2761955319634965,0.0,0.08646720745630262,0.016408594023020025,0.10030597694598771,-0.48507108419204736,0.0,0.016973386232500668,0.03326991844786494,0.013307967379145866
545.0,49.462420414826056,19.784968165930408,0.2790849588095439,0.0,0.08560641604814657,0.01637580635469649,0.10031830926238694,-0.48516361424882065,0.0,0.016934011886345014,0.033730814285000334,0.01349232571400002
546.0,49.51382265927803,19.805529063711194,0.2818126068818323,0.0,0.08475419392157313,0.01634308420272327,0.10033071973698632,-0.4852564646771175,0.0,0.01689409255005293,0.03419178721485296,0.013676714885941068
547.0,49.560309927775606,19.82412397111023,0.28438407693849316,0.0,0.08391045576835764,0.016310427436185517,0.10034320006329074,-0.48534959548298423,0.0,0.01685362804600884,0.034652785738841736,0.013861114295536575
548.0,49.60235218012093,19.84094087204836,0.28680486821646656,0.0,0.08307511712952903,0.016277835924430002,0.10035574225291827,-0.4854429681999174,0.0,0.016812618253982187,0.035113763326680286,0.014045505330671993
549.0,49.640374439535044,19.856149775814004,0.289080366748696,0.0,0.08224809438691538,0.016245309537064552,0.100368338628618,-0.4855365458556619,0.0,0.016771063105638723,0.03557467794127488,0.014229871176509833
550.0,49.6747610894005,19.869904435760187,0.29121583586021577,0.0,0.08142930475477371,0.01621284814395755,0.10038098181680115,-0.4856302929366341,0.0,0.016728962579576193,0.03603549160905064,0.014414196643620134
551.0,49.70585975915842,19.882343903663358,0.2932164085817097,0.0,0.08061866627150303,0.016180451615237405,0.10039366473968878,-0.4857241753504748,0.0,0.016686316696834257,0.036496170031362234,0.01459846801254477
552.0,49.733984838644105,19.893593935457634,0.29508708174679427,0.0,0.07981609779143989,0.016148119821292037,0.10040638060716753,-0.48581816038716963,0.0,0.01664312551683323,0.03695668223306085,0.014782672893224214
553.0,49.75942065638917,19.90376826255565,0.2968327115641672,0.0,0.07902151897673565,0.01611585263276836,0.10041912290843258,-0.4859122166791213,0.0,0.016599389133700678,0.0374170002446644,0.01496680009786564
554.0,49.782424354020975,19.91296974160838,0.29845801047814435,0.0,0.07823485028931462,0.016083649920571756,0.10043188540348771,-0.48600631416051177,0.0,0.016555107672948682,0.03787709881491809,0.015150839525967115
555.0,49.80322848581811,19.921291394327234,0.29996754515122864,0.0,0.07745601298291206,0.01605151155586557,0.10044466211456264,-0.48610042402624404,0.0,0.016510281288468376,0.038336955150839264,0.015334782060335589
556.0,49.822043369701554,19.928817347880617,0.3013657354204272,0.0,0.07668492909519187,0.01601943741007058,0.10045744731749957,-0.4861945186907164,0.0,0.016464910159811216,0.03879654868261883,0.015518619473047413
557.0,49.83905921342911,19.935623685371645,0.30265685409527937,0.0,0.07592152143994225,0.015987427354864494,0.10047023553315458,-0.4862885717466485,0.0,0.01641899448972972,0.0392558608510022,0.01570234434040076
558.0,49.854448037487465,19.941779214994984,0.3038450274801345,0.0,0.07516571359934947,0.015955481262181444,0.10048302151885193,-0.4863825579241454,0.0,0.016372534501952845,0.03971487491500062,0.015885949966000127
559.0,49.868365414121314,19.947346165648522,0.3049342365163105,0.0,0.07441742991634817,0.01592359900421145,0.10049580025992466,-0.4864764530501596,0.0,0.016325530439173456,0.040173575777988656,0.016069430311195343
560.0,49.8809520400801,19.952380816032036,0.30592831845150653,0.0,0.07367659548704823,0.01589178045339993,0.1005085669613691,-0.4865702340084862,0.0,0.01627798256122774,0.04063194983043002,0.01625277993217189
561.0,49.892335158982085,19.956934063592826,0.30683096895437206,0.0,0.07294313615323675,0.015860025482447176,0.10052131703963696,-0.48666387870040684,0.0,0.016229891143448128,0.04108998480764159,0.01643599392305652
562.0,49.90262984767472,19.961051939069886,0.3076457446015766,0.0,0.07221697849495463,0.015828333964307852,0.1005340461145841,-0.4867573660060729,0.0,0.016181256475173215,0.04154766966115788,0.016619067864463037
563.0,49.91194017959612,19.964776071838454,0.30837606567318043,0.0,0.07149804982314735,0.01579670577219049,0.10054675000159263,-0.48685067574671165,0.0,0.01613207885839957,0.042004994442395326,0.01680199777695802
564.0,49.92036027689824,19.968144110759294,0.3090252191996738,0.0,0.07078627817238853,0.01576514077955697,0.10055942470387857,-0.4869437886477138,0.0,0.01608235860656198,0.04246195019744041,0.016984780078976056
565.0,49.927975261968115,19.971190104787237,0.3095963622108338,0.0,0.0700815922936763,0.01573363886012202,0.1005720664049958,-0.4870366863026548,0.0,0.01603209604342977,0.04291852887189801,0.017167411548759094
566.0,49.93486211796676,19.973944847186687,0.31009252514260177,0.0,0.06938392164730117,0.01570219988785271,0.10058467146154393,-0.4871293511382881,0.0,0.015981291502108204,0.04337472322483798,0.01734988928993508
567.0,49.941090467085104,19.97643618683402,0.31051661536359826,0.0,0.06869319639578483,0.015670823736967966,0.10059723639608599,-0.4872217663805382,0.0,0.015929945324134828,0.04383052675096998,0.017532210700387883
568.0,49.946723274384624,19.978689309753836,0.31087142078773067,0.0,0.06800934739688952,0.01563951028193803,0.10060975789027983,-0.4873139160215158,0.0,0.015878057858661726,0.04428593361025993,0.017714373444103863
569.0,49.95181748433828,19.980726993735303,0.3111596135436569,0.0,0.06733230619669664,0.015608259397483988,0.10062223277822571,-0.4874057847875629,0.0,0.01582562946171552,0.0447409385642763,0.01789637542571041
570.0,49.95642459650672,19.982569838602668,0.31138375367571763,0.0,0.06666200502275463,0.01557707095857725,0.10063465804003105,-0.48749735810833805,0.0,0.015772660495527675,0.045195536918623005,0.018078214767449086
571.0,49.960591186169395,19.984236474467743,0.31154629285437246,0.0,0.06599837677729477,0.015545944840439068,0.10064703079559231,-0.487588622086939,0.0,0.01571915132792832,0.04564972447087669,0.018259889788350556
572.0,49.96435937517424,19.985743750069684,0.31164957807722177,0.0,0.0653413550305146,0.015514880918540017,0.1006593482985929,-0.4876795634710593,0.0,0.015665102331797652,0.04610349746350229,0.0184413989854008
573.0,49.967767257765466,19.987106903106174,0.3116958553444054,0.0,0.06469087401392846,0.015483879068599514,0.10067160793071471,-0.487770169625167,0.0,0.015610513884569322,0.046556852541270656,0.018622741016508147
574.0,49.9708492856947,19.988339714277867,0.3116872732945715,0.0,0.06404686861378373,0.015452939166585316,0.10068380719606126,-0.4878604285036969,0.0,0.01555538636778091,0.04700978671274789,0.01880391468509905
575.0,49.97363661650857,19.989454646603424,0.3116258867897398,0.0,0.06340927436454297,0.015422061088713015,0.10069594371578838,-0.48795032862523696,0.0,0.015499720166666972,0.04746229731546709,0.018984918926186724
576.0,49.97615742853376,19.990462971413503,0.3115136604392709,0.0,0.062778027442431,0.015391244711445554,0.10070801522293905,-0.4880398590476928,0.0,0.015443515669790573,0.04791438198443023,0.01916575279377198
577.0,49.978437205743816,19.99137488229752,0.31135247205481925,0.0,0.06215306465904587,0.015360489911492721,0.10072001955747792,-0.48812900934440967,0.0,0.015386773268709707,0.04836603862362199,0.019346415449448685
578.0,49.9804989953876,19.992199598155036,0.31114411602962,0.0,0.061534323455033804,0.015329796565810665,0.1007319546615208,-0.48821776958122814,0.0,0.015329493357675208,0.04881726538024731,0.01952690615209882
579.0,49.98236364098389,19.99294545639355,0.3108903066367521,0.0,0.06092174189382683,0.015299164551601407,0.10074381857475445,-0.4883061302944538,0.0,0.015271676333357203,0.04926806062143246,0.019707224248572883
580.0,49.98404999303742,19.99361999721496,0.31059268124216327,0.0,0.06031525865544299,0.01526859374631234,0.10075560943004144,-0.48839408246971294,0.0,0.015213322594597347,0.0497184229131538,0.019887369165261425
581.0,49.985575099606784,19.9942300398427,0.31025280342923667,0.0,0.05971481303034803,0.01523808402763574,0.10076732544920478,-0.4884816175216729,0.0,0.015154432542184426,0.0501683510011815,0.020067340400472502
582.0,49.98695437865057,19.99478175146022,0.30987216603255385,0.0,0.05912034491337843,0.015207635273508277,0.10077896493898685,-0.48856872727459627,0.0,0.015095006578651095,0.05061784379384533,0.02024713751753804
583.0,49.98820177389423,19.99528070955768,0.3094521940792698,0.0,0.05853179479772473,0.015177247362110529,0.10079052628717748,-0.4886554039437095,0.0,0.015035045108089699,0.0510669003464485,0.020426760138579306
584.0,49.989329895793055,19.995731958317208,0.30899424763717565,0.0,0.05794910376897494,0.0151469201718665,0.10080200795890552,-0.4887416401173537,0.0,0.014974548535985429,0.051515519847171704,0.02060620793886859
585.0,49.99035014901676,19.996140059606688,0.30849962456909996,0.0,0.05737221349921707,0.01511665358144312,0.10081340849308826,-0.48882742873989593,0.0,0.014913517269065122,0.0519637016043252,0.02078548064172999
586.0,49.991272847744256,19.99650913909769,0.30796956319379015,0.0,0.05680106624120046,0.01508644746974977,0.10082472649903357,-0.48891276309537224,0.0,0.014851951715160225,0.052411445034819766,0.02096457801392781
587.0,49.99210731993403,19.996842927973603,0.30740524485384146,0.0,0.05623560482255528,0.015056301715937793,0.10083596065318905,-0.4889976367918368,0.0,0.014789852283082607,0.05285874965374007,0.021143499861495933
588.0,49.99286200162456,19.997144800649817,0.30680779639160133,0.0,0.05567577264006948,0.015026216199400014,0.10084710969603314,-0.4890820437463936,0.0,0.014727219382511937,0.053305615064915116,0.021322246025965948
589.0,49.99354452221781,19.99741780888712,0.3061782925342814,0.0,0.055121513654022763,0.014996190799770253,0.1008581724291026,-0.4891659781708835,0.0,0.014664053423893628,0.053752040952390306,0.021500816380956033
590.0,49.99416178160816,19.997664712643267,0.3055177581897682,0.0,0.05457277238257697,0.014966225396922848,0.10086914771215136,-0.48924943455820114,0.0,0.014600354818346255,0.054198027072715066,0.02167921082908593
591.0,49.99472001993644,19.997888007974574,0.30482717065483633,0.0,0.054029493896222275,0.01493631987097217,0.10088003446043582,-0.4893324076692214,0.0,0.01453612397757758,0.05464357324796777,0.021857429299187013
592.0,49.99522488067411,19.99808995226964,0.3041074617376431,0.0,0.053491623812278705,0.014906474102272147,0.10089083164212134,-0.4894148925203069,0.0,0.014471361313808412,0.05508867935944789,0.02203547174377906
593.0,49.99568146767564,19.998272587070254,0.3033595197965256,0.0,0.05295910828945239,0.01487668797141578,0.10090153827580522,-0.48949688437137584,0.0,0.014406067239703503,0.05553334534197113,0.022213338136788354
594.0,49.996094396775504,19.9984377587102,0.30258419169723405,0.0,0.05243189402244598,0.014846961359234674,0.10091215342815166,-0.48957837871450893,0.0,0.014340242168308839,0.055977571178710196,0.022391028471483977
595.0,49.996467842451665,19.998587136980667,0.3017822846908197,0.0,0.05190992823662275,0.014817294146798556,0.10092267621163391,-0.4896593712630707,0.0,0.014273886512994731,0.056421356896528885,0.02256854275861145
596.0,49.99680558002718,19.998722232010874,0.3009545682144618,0.0,0.0513931586827238,0.014787686215414795,0.10093310578237906,-0.4897398579413244,0.0,0.014207000687404162,0.05686470256176238,0.022745881024704845
597.0,49.997111023836524,19.99884440953462,0.3001017756175588,0.0,0.05088153363163787,0.014758137446627944,0.10094344133811169,-0.48981983487452363,0.0,0.014139585105405852,0.05730760827640106,0.022923043310560314
598.0,49.99738726174263,19.998954904697058,0.2992246058154381,0.0,0.050375001869223196,0.014728647722219239,0.10095368211619161,-0.4898992983794551,0.0,0.014071640181051672,0.05775007417463921,0.02310002966985557
599.0,49.99763708635334,19.999054834541347,0.2983237248730494,0.0,0.04987351269118093,0.014699216924206147,0.10096382739174216,-0.4899782449554175,0.0,0.014003166328537936,0.058192100419753874,0.023276840167901432
600.0,49.99786302325317,19.99914520930128,0.2973997675210046,0.0,0.049377015897979576,0.014669844934841888,0.10097387647586473,-0.49005667127561536,0.0,0.013934163962170218,0.05863368720128205,0.02345347488051271
601.0,49.99806735653545,19.999226942614193,0.29645333860631573,0.0,0.048885461789830026,0.014640531636614962,0.10098382871393637,-0.4901345741789529,0.0,0.013864633496331416,0.059074834732468,0.023629933892987093
602.0,49.998252151893276,19.99930086075733,0.29548501448016107,0.0,0.0483988011617105,0.014611276912248687,0.10099368348398619,-0.49021195066220574,0.0,0.01379457534545267,0.05951554324795455,0.023806217299181708
603.0,49.998419277502435,19.999367711000993,0.2944953443249793,0.0,0.04791698529844109,0.014582080644700714,0.1010034401951476,-0.49028879787255947,0.0,0.013723989923986948,0.05995581300169521,0.02398232520067797
604.0,49.99857042290764,19.99942816916307,0.29348485142315445,0.0,0.047439965969807374,0.014552942717162572,0.1010130982861829,-0.4903651131004952,0.0,0.013652877646385017,0.060395644265066044,0.024158257706026306
605.0,49.99870711610283,19.999482846441143,0.292454034369514,0.0,0.04696769542573247,0.0145238630130592,0.1010226572240768,-0.4904408937730067,0.0,0.01358123892707357,0.06083503732515806,0.024334014930063114
606.0,49.99883073897833,19.999532295591344,0.29140336822981405,0.0,0.04650012639149723,0.014494841416048475,0.10103211650269604,-0.49051613744713707,0.0,0.013509074180435322,0.061273992483232946,0.02450959699329307
607.0,49.998942541290994,19.999577016516405,0.29033330564733667,0.0,0.04603721206300803,0.01446587781002075,0.10104147564151217,-0.4905908418038178,0.0,0.013436383820790893,0.061712510053326466,0.024685004021330486
608.0,49.99904365329852,19.99961746131941,0.28924427789966917,0.0,0.04557890610211156,0.014436972079098383,0.10105073418438437,-0.49066500464199836,0.0,0.013363168262382314,0.06215059036098552,0.0248602361443941
609.0,49.999135097185686,19.999654038874276,0.2881366959076816,0.0,0.045125162631956386,0.014408124107635284,0.10105989169839978,-0.49073862387305167,0.0,0.01328942791935799,0.06258823374212585,0.02503529349685023
610.0,49.99921779739811,19.99968711895925,0.28701095119865966,0.0,0.04467593623240066,0.014379333780216448,0.1010689477727687,-0.4908116975154444,0.0,0.013215163205759002,0.06302544054199928,0.025210176216799593
611.0,49.99929258998783,19.999717035995133,0.2858674168254926,0.0,0.04423118193546546,0.014350600981657488,0.10107790201777217,-0.4908842236896596,0.0,0.013140374535506632,0.06346221111425938,0.025384884445703634
612.0,49.99936023106532,19.999744092426127,0.28470644824375524,0.0,0.043790855220833466,0.014321925597004183,0.1010867540637595,-0.4909562006133592,0.0,0.013065062322390962,0.06389854582011692,0.02555941832804665
613.0,49.999421404443325,19.99976856177733,0.28352838414846454,0.0,0.043354912011392494,0.014293307511532011,0.10109550356019328,-0.4910276265967762,0.0,0.012989226980060513,0.06433444502757574,0.02573377801103018
614.0,49.999476728549865,19.999790691419946,0.2823335472722311,0.0,0.042923308668823254,0.014264746610745694,0.10110415017474009,-0.49109850003832595,0.0,0.012912868922012755,0.06476990911074204,0.025907963644296685
615.0,49.99952676268013,19.999810705072054,0.28112224514646633,0.0,0.04249600198923116,0.014236242780378737,0.10111269359240434,-0.49116881942042656,0.0,0.012835988561585465,0.06520493844919945,0.026081975379679653
616.0,49.99957201265068,19.999828805060275,0.279894770827247,0.0,0.04207294919882159,0.014207795906392975,0.10112113351470349,-0.49123858330551723,0.0,0.012758586311948827,0.06563953342744422,0.02625581337097756
617.0,49.99961293591295,19.999845174365184,0.2786514035873808,0.0,0.04165410794961814,0.014179405874978108,0.10112946965888273,-0.4913077903322678,0.0,0.012680662586098226,0.06607369443437423,0.02642947777374956
618.0,49.99964994617779,19.99985997847112,0.2773924095761587,0.0,0.04123943631522361,0.01415107257255126,0.101137701757167,-0.4913764392119679,0.0,0.012602217796847658,0.0665074218628269,0.026602968745130632
619.0,49.99968341759791,19.999873367039168,0.2761180424482252,0.0,0.04082889278662309,0.01412279588575651,0.10114582955604919,-0.4914445287250899,0.0,0.012523252356823713,0.06694071610916154,0.02677628644366449
620.0,49.99971368855029,19.99988547542012,0.2748285439629386,0.0,0.04042243626802892,0.01409457570146445,0.10115385281561196,-0.4915120577180154,0.0,0.012443766678460057,0.06737357757288143,0.026949431029152444
621.0,49.99974106505701,19.99989642602281,0.2735241445555449,0.0,0.040020026072766876,0.014066411906771726,0.10116177130888251,-0.49157902509991874,0.0,0.012363761173992413,0.06780600665629213,0.027122402662516722
622.0,49.99976582387896,19.999906329551596,0.2722050638814311,0.0,0.03962162191920349,0.014038304389000585,0.10116958482121799,-0.4916454298397992,0.0,0.012283236255453949,0.06823800376419267,0.02729520150567695
623.0,49.99978821531375,19.999915286125507,0.27087151133467635,0.0,0.03922718392671375,0.014010253035698427,0.10117729314972064,-0.49171127096365697,0.0,0.01220219233467107,0.06866956930359613,0.027467827721438336
624.0,49.999808465725984,19.9999233862904,0.26952368654206743,0.0,0.03883667261168908,0.013982257734637356,0.10118489610268086,-0.49177654755180233,0.0,0.012120629823259553,0.06910070368347704,0.027640281473390694
625.0,49.99982677983583,19.99993071193434,0.268161779833697,0.0,0.03845004888358493,0.01395431837381373,0.1011923934990472,-0.49184125873629647,0.0,0.012038549132621024,0.06953140731454294,0.02781256292581704
626.0,49.99984334278849,19.9999373371154,0.2667859726912182,0.0,0.038067274041007806,0.013926434841447718,0.10119978516792184,-0.49190540369851343,0.0,0.01195595067393972,0.06996168060902785,0.027984672243610998
627.0,49.999858322025986,19.999943328810403,0.265396438174781,0.0,0.03768830976784124,0.013898607025982838,0.10120707094808021,-0.4919689816668196,0.0,0.01187283485817954,0.07039152398050559,0.02815660959220209
628.0,49.999871868979874,19.999948747591965,0.2639933413296342,0.0,0.037313118129410267,0.013870834816085526,0.10121425068751387,-0.49203199191436553,0.0,0.011789202096081317,0.07082093784372089,0.02832837513748821
629.0,49.999884120602154,19.999953648240876,0.2625768395733338,0.0,0.03694166156868416,0.013843118100644682,0.10122132424299556,-0.49209443375698336,0.0,0.01170505279816035,0.07124992261443679,0.028499969045774565
630.0,49.99989520074973,19.999958080299898,0.2611470830644575,0.0,0.03657390290251696,0.01381545676877123,0.10122829147966478,-0.49215630655118503,0.0,0.011620387374704123,0.07167847870929651,0.028671391483718455
631.0,49.99990522143658,19.999962088574634,0.2597042150536873,0.0,0.03620980531792537,0.013787850709797675,0.1012351522706339,-0.4922176096922581,0.0,0.011535206235770212,0.07210660654569877,0.02884264261827935
632.0,49.99991428396614,19.999965713586462,0.2582483722180815,0.0,0.03584933236840372,0.013760299813277655,0.1012419064966128,-0.49227834261245185,0.0,0.01144950979118439,0.07253430654168487,0.02901372261667379
633.0,49.999922479955444,19.999968991982183,0.25677968497932463,0.0,0.03549244797027572,0.013732803968985496,0.10124855404555201,-0.49233850477925195,0.0,0.011363298450538874,0.07296157911583682,0.029184631646334582
634.0,49.99992989226126,19.999971956904503,0.25529827780670533,0.0,0.03513911639908234,0.01370536306691579,0.10125509481230283,-0.49239809569373816,0.0,0.011276572623190716,0.07338842468718519,0.029355369874873923
635.0,49.999936595817765,19.999974638327107,0.25380426950554164,0.0,0.03478930228600589,0.013677976997282935,0.1012615286982938,-0.4924571148890192,0.0,0.01118933271826034,0.0738148436751255,0.029525937470050057
636.0,49.999942658394104,19.999977063357644,0.2522977734917381,0.0,0.034442970614329424,0.0136506456505207,0.10126785561122319,-0.49251556192874685,0.0,0.011101579144630202,0.07424083649934325,0.029696334599737143
637.0,49.999948141279475,19.999979256511796,0.2507788980531308,0.0,0.03410008671593165,0.013623368917281794,0.10127407546476583,-0.4925734364056977,0.0,0.01101331231094356,0.07466640357974555,0.02986656143189806
638.0,49.99995309990271,19.999981239961098,0.24924774659824406,0.0,0.033760616267816575,0.013596146688437423,0.10128018817829447,-0.49263073794042594,0.0,0.01092453262560335,0.07509154533639974,0.030036618134559732
639.0,49.999957584392696,19.999983033757086,0.24770441789305692,0.0,0.03342452528867774,0.013568978855076854,0.1012861936766145,-0.49268746617998044,0.0,0.010835240496771153,0.07551626218947775,0.030206504875790928
640.0,49.999961640085054,19.999984656034023,0.2461490062863469,0.0,0.03309178013549665,0.013541865308506979,0.10129209188971142,-0.49274362079668316,0.0,0.010745436332366269,0.0759405545592058,0.030376221823682156
641.0,49.99996530798052,19.99998612319221,0.2445816019241557,0.0,0.032762347500175114,0.013514805940251881,0.10129788275251062,-0.4927992014869674,0.0,0.010655120540064856,0.07636442286581908,0.030545769146327468
642.0,49.99996862515943,19.99998745006378,0.24300229095389414,0.0,0.03243619440620102,0.013487800642052399,0.10130356620464864,-0.49285420797027063,0.0,0.010564293527299144,0.0767878675295207,0.0307151470118081
643.0,49.99997162515659,19.99998865006264,0.24141115571858046,0.0,0.032113288205347396,0.01346084930586569,0.10130914219025565,-0.49290863998798273,0.0,0.010472955701256732,0.07721088897044448,0.030884355588177616
644.0,49.99997433830024,19.9999897353201,0.23980827494168358,0.0,0.03179359657440429,0.013433951823864816,0.10131461065774829,-0.49296249730244324,0.0,0.01038110746887994,0.07763348760862174,0.03105339504344852
645.0,49.99997679201872,19.99999071680749,0.2381937239030201,0.0,0.031477087511943155,0.013407108088438287,0.10131997155963263,-0.4930157796959882,0.0,0.010288749236865225,0.07805566386395082,0.031222265545580156
646.0,49.999979011117745,19.999991604447093,0.23656757460613384,0.0,0.031163729335113518,0.013380317992189649,0.10132522485231656,-0.4930684869700416,0.0,0.010195881411662645,0.07847741815616992,0.031390967262467796
647.0,49.999981018031114,19.999992407212446,0.23492989593756552,0.0,0.03085349067647148,0.013353581427937047,0.10133037049593127,-0.4931206189442518,0.0,0.010102504399475383,0.0788987509048324,0.03155950036193278
648.0,49.99998283304759,19.999993133219032,0.2332807538184028,0.0,0.03054634048083979,0.01332689828871279,0.10133540845416145,-0.49317217545566944,0.0,0.010008618606259312,0.07931966252928445,0.03172786501171361
649.0,49.999984474515955,19.999993789806382,0.23162021134847982,0.0,0.03024224800219921,0.013300268467762937,0.1013403386940835,-0.49322315635796415,0.0,0.009914224437722616,0.07974015344864518,0.031896061379457906
650.0,49.99998595903052,19.999994383612208,0.22994832894358141,0.0,0.029941182800610814,0.013273691858546864,0.10134516118601178,-0.49327356152068,0.0,0.009819322299325426,0.08016022408178834,0.03206408963271517
651.0,49.999987301598885,19.99999492063955,0.22826516446598757,0.0,0.029643114739168912,0.01324716835473683,0.10134987590335208,-0.49332339082852644,0.0,0.009723912596279529,0.080579874847326,0.03223194993893023
652.0,49.99998851579365,19.999995406317463,0.22657077334867906,0.0,0.029348013980984307,0.013220697850217565,0.10135448282246225,-0.4933726441807028,0.0,0.00962799573354808,0.08099910616359376,0.03239964246543733
653.0,49.99998961388964,19.99999584555586,0.22486520871350976,0.0,0.02905585098619762,0.013194280239085832,0.10135898192251959,-0.4934213214902563,0.0,0.009531572115845361,0.08141791844863755,0.03256716737945485
654.0,49.99999060698796,19.999996242795188,0.22314852148363712,0.0,0.028766596509022316,0.013167915415650013,0.10136337318539458,-0.49346942268347044,0.0,0.009434642147636575,0.08183631212020161,0.03273452484808046
655.0,49.99999150512828,19.99999660205131,0.2214207604904876,0.0,0.028480221594817157,0.013141603274429684,0.10136765659553074,-0.4935169476992827,0.0,0.009337206233137656,0.08225428759571755,0.03290171503828684
656.0,49.99999231739028,19.99999692695612,0.21968197257552083,0.0,0.028196697577187835,0.013115343710155193,0.10137183213983016,-0.4935638964887304,0.0,0.009239264776315113,0.08267184529229486,0.03306873811691777
657.0,49.99999305198548,19.999997220794203,0.2179322026870448,0.0,0.027915996075117428,0.013089136617767234,0.10137589980754477,-0.4936102690144234,0.0,0.00914081818088591,0.08308898562671195,0.033235594250684605
658.0,49.999993716340214,19.999997486536095,0.21617149397232047,0.0,0.027638088990125435,0.013062981892416437,0.10137985959017269,-0.49365606525004196,0.0,0.009041866850317335,0.08350570901540835,0.033402283606163166
659.0,49.99999431717072,19.999997726868298,0.2143998878651844,0.0,0.027362948503455095,0.013036879429462935,0.10138371148135952,-0.4937012851798582,0.0,0.008942411187826923,0.0839220158744776,0.03356880634979087
660.0,49.999994860551055,19.99999794422044,0.21261742416940638,0.0,0.02709054707328871,0.013010829124475955,0.10138745547680447,-0.49374592879828116,0.0,0.008842451596382389,0.08433790661966088,0.033735162647864185
661.0,49.9999953519745,19.99999814078982,0.2108241411379883,0.0,0.026820857431990665,0.012984830873233403,0.1013910915741711,-0.4937899961094242,0.0,0.008741988478701574,0.0847533816663413,0.03390135266653634
662.0,49.99999579640905,19.99999831856364,0.20902007554860172,0.0,0.026553852583377936,0.012958884571721434,0.10139461977300213,-0.49383348712669145,0.0,0.008641022237252409,0.08516844142953874,0.03406737657181533
663.0,49.99999619834769,19.999998479339098,0.20720526277535045,0.0,0.026289505800017727,0.012932990116134043,0.10139804007463846,-0.4938764018723856,0.0,0.008539553274252909,0.08558308632390522,0.034233234529561916
664.0,49.99999656185379,19.999998624741544,0.20537973685703748,0.0,0.02602779062055203,0.012907147402872658,0.10140135248214212,-0.493918740377334,0.0,0.008437581991671156,0.0859973167637209,0.034398926705488185
665.0,49.9999968906022,19.9999987562409,0.20354353056210522,0.0,0.02576868084704884,0.012881356328545713,0.10140455700022281,-0.49396050268053215,0.0,0.00833510879122532,0.08641113316289015,0.03456445326515589
666.0,49.99999718791635,19.99999887516656,0.20169667545041092,0.0,0.0255121505423797,0.012855616789968239,0.10140765363516813,-0.49400168882880513,0.0,0.00823213407438369,0.08682453593493854,0.034729814373975244
667.0,49.99999745680195,19.999998982720804,0.19983920193199034,0.0,0.025258174027623377,0.012829928684161449,0.1014106423947768,-0.49404229887648415,0.0,0.008128658242364702,0.08723752549300967,0.034895010197203695
668.0,49.999997699977264,19.999999079990932,0.19797113932295743,0.0,0.02500672587949536,0.012804291908352337,0.1014135232882956,-0.49408233288509973,0.0,0.008024681696136994,0.08765010224986265,0.035060040899944876
669.0,49.99999791990066,19.999999167960286,0.19609251589867777,0.0,0.024757780927802994,0.012778706359973248,0.1014162963263588,-0.4941217909230883,0.0,0.007920204836419465,0.08806226661786969,0.03522490664714768
670.0,49.99999811879544,19.999999247518197,0.19420335894434917,0.0,0.024511314252925905,0.012753171936661482,0.10141896152093088,-0.49416067306551353,0.0,0.007815228063681342,0.08847401900901411,0.03538960760360546
671.0,49.99999829867232,19.999999319468948,0.19230369480311518,0.0,0.024267301183321516,0.012727688536258885,0.10142151888525175,-0.4941989793938009,0.0,0.007709751778142263,0.08888535983488849,0.03555414393395521
672.0,49.99999846134975,19.999999384539915,0.1903935489218319,0.0,0.024025717293055436,0.012702256056811427,0.10142396843378465,-0.49423670999548436,0.0,0.007603776379772368,0.08929628950669295,0.035718515802677
673.0,49.99999860847229,19.999999443388926,0.18847294589460165,0.0,0.023786538399356343,0.012676874396568807,0.10142631018216659,-0.4942738649639654,0.0,0.007497302268292392,0.08970680843523392,0.035882723374093387
674.0,49.99999874152728,19.999999496610926,0.1865419095041831,0.0,0.023549740560195327,0.01265154345398404,0.10142854414716106,-0.49431044439828375,0.0,0.007390329843173766,0.09011691703092266,0.036046766812368874
675.0,49.99999886185983,19.999999544743947,0.18460046276138065,0.0,0.023315300071889235,0.01262626312771306,0.10143067034661297,-0.4943464484028983,0.0,0.00728285950363874,0.09052661570377431,0.036210646281509516
676.0,49.99999897068643,19.999999588274584,0.18264862794251133,0.0,0.023083193466727905,0.012601033316614293,0.10143268879940599,-0.4943818770874791,0.0,0.007174891648660487,0.09093590486340691,0.03637436194536255
677.0,49.999999069107254,19.999999627642914,0.18068642662504356,0.0,0.022853397510625068,0.012575853919748277,0.10143459952542146,-0.4944167305667085,0.0,0.007066426676963239,0.0913447849190406,0.03653791396761604
678.0,49.999999158117284,19.999999663246925,0.17871387972149605,0.0,0.022625889200792552,0.012550724836377241,0.10143640254549956,-0.49445100896009214,0.0,0.006957464987022413,0.09175325627949686,0.03670130251179854
679.0,49.99999923861637,19.999999695446558,0.17673100751168228,0.0,0.022400645763437702,0.012525645965964713,0.10143809788140233,-0.4944847123917784,0.0,0.006848006977064748,0.09216131935319796,0.036864527741278984
680.0,49.999999311418286,19.999999724567324,0.17473782967338075,0.0,0.022177644651483683,0.012500617208175111,0.10143968555577829,-0.494517840990387,0.0,0.006738053045068443,0.09256897454816647,0.037027589819266384
681.0,49.999999377259044,19.999999750903623,0.1727343653115079,0.0,0.02195686354231253,0.012475638462873343,0.10144116559212883,-0.4945503948888455,0.0,0.006627603588763304,0.09297622227202475,0.037190488908809716
682.0,49.99999943680424,19.9999997747217,0.1707206329858671,0.0,0.02173828033553059,0.012450709630124408,0.10144253801477607,-0.4945823742242319,0.0,0.0065166590056309,0.09338306293199475,0.037353225172797724
683.0,49.99999949065585,19.999999796262344,0.16869665073754203,0.0,0.021521873150756314,0.012425830610192994,0.10144380284883239,-0.4946137791376279,0.0,0.006405219692904709,0.09378949693489769,0.0375157987739589
684.0,49.999999539358285,19.999999815743315,0.16666243611400197,0.0,0.021307620325429932,0.012401001303543081,0.10144496012017125,-0.49464460977397495,0.0,0.00629328604757028,0.0941955246871538,0.03767820987486135
685.0,49.99999958340389,19.999999833361553,0.1646180061929808,0.0,0.021095500412645074,0.012376221610837545,0.10144600985539942,-0.49467486628194074,0.0,0.006180858466365393,0.09460114659478225,0.03784045863791274
686.0,49.99999962323794,19.999999849295175,0.1625633776051901,0.0,0.02088549217900189,0.012351491432937756,0.10144695208183056,-0.49470454881378906,0.0,0.00606793734578023,0.09500636306340102,0.03800254522536024
687.0,49.999999659263146,19.999999863705256,0.1604985665559226,0.0,0.020677574602481565,0.012326810670903177,0.10144778682745996,-0.4947336575252574,0.0,0.0059545230820575315,0.09541117449822689,0.038164469799290585
688.0,49.999999691843705,19.999999876737476,0.15842358884560123,0.0,0.020471726870341996,0.012302179225990983,0.10144851412094047,-0.49476219257543946,0.0,0.005840616071192776,0.09581558130407536,0.03832623252162997
689.0,49.99999972130897,19.999999888523586,0.15633845988932385,0.0,0.020267928377034426,0.012277596999655648,0.10144913399155964,-0.4947901541266738,0.0,0.005726216708934353,0.0962195838853608,0.03848783355414414
690.0,49.99999974795683,19.99999989918273,0.15424319473545384,0.0,0.020066158722140806,0.012253063893548567,0.10144964646921774,-0.4948175423444362,0.0,0.005611325390783731,0.09662318264609643,0.038649273058438405
691.0,49.99999977205667,19.99999990882267,0.15213780808330243,0.0,0.019866397708331693,0.012228579809517656,0.10145005158440698,-0.4948443573972388,0.0,0.005495942511995647,0.09702637798989448,0.03881055119595763
692.0,49.99999979385214,19.999999917540855,0.15002231429994747,0.0,0.019668625339344464,0.01220414464960695,0.10145034936819154,-0.49487059945653195,0.0,0.005380068467578275,0.09742917031996631,0.038971668127986345
693.0,49.99999981356356,19.999999925425428,0.14789672743623045,0.0,0.019472821817981708,0.012179758316056225,0.10145053985218865,-0.4948962686966123,0.0,0.005263703652293416,0.0978315600391225,0.03913262401564881
694.0,49.99999983139022,19.999999932556097,0.1457610612419723,0.0,0.01927896754412947,0.012155420711300607,0.1014506230685504,-0.4949213652945339,0.0,0.005146848460656674,0.0982335475497731,0.03929341901990907
695.0,49.999999847512335,19.99999993900494,0.14361532918044573,0.0,0.01908704311279529,0.012131131737970167,0.10145059904994658,-0.494945889430024,0.0,0.005029503286937644,0.09863513325392792,0.03945405330157099
696.0,49.999999862092885,19.999999944837164,0.14145954444214087,0.0,0.018897029312165713,0.012106891298889545,0.10145046782954804,-0.4949698412854019,0.0,0.004911668525160101,0.0990363175531965,0.03961452702127843
697.0,49.99999987527928,19.999999950111718,0.13929371995785814,0.0,0.01870890712168321,0.012082699297077554,0.10145022944101106,-0.49499322104550264,0.0,0.0047933445691021835,0.0994371008487886,0.03977484033951526
698.0,49.999999887204815,19.999999954881932,0.13711786841116166,0.0,0.01852265771014216,0.012058555635746801,0.10144988391846223,-0.49501602889760277,0.0,0.004674531812296579,0.09983748354151424,0.03993499341660551
699.0,49.99999989799005,19.99999995919603,0.13493200225022434,0.0,0.018338262433803862,0.012034460218303287,0.10144943129648407,-0.49503826503134996,0.0,0.00455523064803072,0.10023746603178417,0.04009498641271347
700.0,49.99999990774403,19.999999963097615,0.1327361336990941,0.0,0.018155702834530274,0.012010412948346035,0.10144887161010152,-0.49505992963869705,0.0,0.004435441469346968,0.10063704871961,0.0402548194878438
701.0,49.99999991656535,19.99999996662614,0.13053027476840995,0.0,0.017974960637936313,0.01198641372966669,0.1014482048947686,-0.49508102291383604,0.0,0.004315164669042805,0.10103623200460456,0.040414492801841624
702.0,49.999999924543204,19.99999996981728,0.1283144372655944,0.0,0.017796017751560592,0.011962462466249137,0.10144743118635612,-0.49510154505313875,0.0,0.004194400639671031,0.10143501628598217,0.04057400651439268
703.0,49.999999931758225,19.99999997270329,0.12608863280454802,0.0,0.017618856263054355,0.011938559062269132,0.10144655052113952,-0.4951214962550966,0.0,0.004073149773539942,0.10183340196255898,0.04073336078502341
704.0,49.99999993828336,19.999999975313344,0.12385287281487006,0.0,0.01744345843838842,0.0119147034220939,0.10144556293578767,-0.4951408767202656,0.0,0.003951412462713535,0.10223138943275326,0.04089255577310112
705.0,49.99999994418459,19.99999997767383,0.12160716855062935,0.0,0.01726980672007799,0.011890895450281758,0.10144446846735175,-0.4951596866512118,0.0,0.003829189099011697,0.1026289790945857,0.041051591637834096
706.0,49.999999949521545,19.999999979808614,0.11935153109870587,0.0,0.017097883725425124,0.01186713505158174,0.10144326715325498,-0.49517792625246126,0.0,0.003706480074010393,0.10302617134567976,0.04121046853827172
707.0,49.99999995434819,19.999999981739276,0.11708597138672532,0.0,0.01692767224477872,0.011843422130933205,0.1014419590312826,-0.49519559573044986,0.0,0.0035832857790418613,0.10342296658326211,0.041369186633304654
708.0,49.999999958713325,19.999999983485324,0.11481050019060592,0.0,0.01675915523981183,0.011819756593465465,0.10144054413957221,-0.49521269529347667,0.0,0.0034596066051948058,0.1038193652041628,0.04152774608166492
709.0,49.99999996266107,19.999999985064424,0.11252512814173658,0.0,0.016592315841816082,0.011796138344497411,0.1014390225166048,-0.4952292251516594,0.0,0.0033354429433145897,0.10421536760481569,0.04168614704192607
710.0,49.999999966231336,19.999999986492533,0.11022986573380428,0.0,0.01642713735001311,0.011772567289537109,0.101437394201196,-0.4952451855168912,0.0,0.0032107951840034247,0.10461097418125884,0.04184438967250333
711.0,49.99999996946023,19.99999998778409,0.10792472332928806,0.0,0.016263603229882805,0.011749043334281445,0.10143565923248757,-0.49526057660279876,0.0,0.0030856637176205665,0.1050061853291348,0.042002474131653735
712.0,49.99999997238037,19.99999998895215,0.10560971116563565,0.0,0.0161016971115082,0.011725566384615747,0.1014338176499396,-0.4952753986247042,0.0,0.0029600489342825045,0.10540100144369106,0.04216040057747625
713.0,49.9999999750213,19.999999990008526,0.10328483936113854,0.0,0.015941402787936782,0.011702136346613405,0.10143186949332268,-0.49528965179958584,0.0,0.0028339512238631545,0.10579542291978027,0.04231816916791195
714.0,49.9999999774097,19.99999999096389,0.1009501179205199,0.0,0.015782704213558214,0.01167875312653548,0.10142981480271067,-0.4953033363460426,0.0,0.002707370975994049,0.10618945015186072,0.042475780060744144
715.0,49.99999997956973,19.999999991827902,0.09860555674024964,0.0,0.01562558550249813,0.011655416630830357,0.10142765361847361,-0.4953164524842595,0.0,0.0025803085800645293,0.10658308353399669,0.04263323341359852
716.0,49.99999998152323,19.999999992609297,0.09625116561359978,0.0,0.01547003092702794,0.011632126766133344,0.10142538598127103,-0.4953290004359736,0.0,0.002452764425221935,0.10697632345985875,0.04279052938394334
717.0,49.99999998328994,19.99999999331598,0.09388695423545292,0.0,0.015316024915990475,0.011608883439266322,0.1014230119320454,-0.49534098042444263,0.0,0.002324738900371792,0.10736917032272421,0.04294766812908952
718.0,49.999999984887715,19.999999993955093,0.09151293220687587,0.0,0.015163552053241313,0.011585686557237351,0.10142053151201606,-0.495352392674414,0.0,0.0021962323941780056,0.10776162451547747,0.043104649806190824
719.0,49.999999986332725,19.99999999453309,0.0891291090394699,0.0,0.015012597076105576,0.01156253602724031,0.10141794476267318,-0.49536323741209515,0.0,0.0020672452950630444,0.10815368643061041,0.043261474572243996
720.0,49.999999987639555,19.999999995055827,0.08673549415950829,0.0,0.014863144873850162,0.01153943175665453,0.10141525172577212,-0.49537351486512565,0.0,0.0019377779912081341,0.1085453564602227,0.043418142584088916
721.0,49.999999988821436,19.999999995528576,0.08433209691187232,0.0,0.014715180486171117,0.011516373653044403,0.10141245244332793,-0.49538322526255,0.0,0.00180783087055344,0.10893663499602227,0.04357465399840874
722.0,49.999999989890306,19.99999999595612,0.08191892656379444,0.0,0.014568689101696109,0.01149336162415904,0.1014095469576101,-0.49539236883479104,0.0,0.001677404320798255,0.10932752242932563,0.04373100897173008
723.0,49.999999990856985,19.999999996342787,0.07949599230841903,0.0,0.014423656056501788,0.011470395577931876,0.10140653531113752,-0.495400945813625,0.0,0.0015464987294011854,0.10971801915105824,0.043887207660423116
724.0,49.99999999173123,19.999999996692484,0.07706330326818911,0.0,0.01428006683264592,0.011447475422480325,0.10140341754667363,-0.4954089564321576,0.0,0.001415114483580338,0.11010812555175493,0.044043250220701796
725.0,49.99999999252188,19.999999997008747,0.07462086849806777,0.0,0.014137907056714128,0.011424601066105395,0.10140019370722175,-0.4954164009248006,0.0,0.0012832519703135,0.11049784202156028,0.04419913680862394
726.0,49.999999993236926,19.999999997294765,0.07216869698860223,0.0,0.013997162498381096,0.011401772417291322,0.10139686383602069,-0.49542327952724957,0.0,0.0011509115763383261,0.11088716895022896,0.044354867580091405
727.0,49.9999999938836,19.99999999755343,0.06970679766883825,0.0,0.013857819068986092,0.011378989384705218,0.10139342797654027,-0.4954295924764621,0.0,0.0010180936881525194,0.11127610672712612,0.044510442690850284
728.0,49.99999999446843,19.999999997787363,0.06723517940909235,0.0,0.013719862820122698,0.01135625187719669,0.10138988617247734,-0.4954353400106371,0.0,0.0008847986920140136,0.11166465574122787,0.04466586229649096
729.0,49.999999994997346,19.999999997998934,0.0647538510235886,0.0,0.013583279942242555,0.011333559803797489,0.10138623846775167,-0.49544052236919506,0.0,0.0007510269739411535,0.11205281638112147,0.04482112655244839
730.0,49.9999999954757,19.999999998190265,0.06226282127296677,0.0,0.013448056763273007,0.01131091307372113,0.10138248490650222,-0.49544513979275817,0.0,0.0006167789197128746,0.1124405890350059,0.044976235614002165
731.0,49.9999999959083,19.999999998363307,0.05976209886666786,0.0,0.013314179747248515,0.011288311596362543,0.10137862553308336,-0.4954491925231327,0.0,0.0004820549148688818,0.11282797409069216,0.04513118963627666
732.0,49.99999999629955,19.9999999985198,0.057251692465203466,0.0,0.013181635492955712,0.011265755281297704,0.10137466039206132,-0.4954526808032903,0.0,0.00034685534470982825,0.11321497193560363,0.04528598877424124
733.0,49.999999996653386,19.999999998661334,0.05473161068231413,0.0,0.0130504107325919,0.011243244038283274,0.10137058952821074,-0.49545560487735046,0.0,0.00021118059429749088,0.11360158295677647,0.045440633182710376
734.0,49.99999999697338,19.999999998789335,0.05220186208702243,0.0,0.012920492330436958,0.011220777777256238,0.10136641298651142,-0.4954579649905648,0.0,7.50310484549471e-05,0.11398780754086003,0.04559512301634382
735.0,49.99999999726278,19.999999998905093,0.04967336547881704,0.0,0.01279186728153843,0.01119835640833355,0.1013621309145599,-0.4954597618899053,0.0,0.0,0.11437364607411729,0.04574945842964673
736.0,49.99999999752451,19.999999999009788,0.04724484112123164,0.0,0.012664522710409711,0.011175979841811758,0.10135774646580475,-0.4954610110158908,0.0,0.0,0.11475909894242507,0.04590363957696984
737.0,49.999999997761215,19.999999999104467,0.04493504700264928,0.0,0.012538445869741219,0.011153647988166662,0.10135326602133712,-0.49546174359015555,0.0,0.0,0.11514416653127457,0.046057666612509644
738.0,49.99999999797527,19.999999999190095,0.042738178417175345,0.0,0.012413624139124356,0.011131360758052952,0.10134869582264232,-0.49546199015761155,0.0,0.0,0.11552884922577168,0.046211539690308494
739.0,49.999999998168875,19.99999999926754,0.04064871445022907,0.0,0.012290045023788207,0.011109118062303844,0.10134404179833623,-0.49546177973919336,0.0,0.0,0.11591314741063737,0.04636525896425477
740.0,49.99999999834397,19.999999999337575,0.03866140410402327,0.0,0.012167696153348806,0.011086919811930725,0.1013393095795001,-0.4954611399064571,0.0,0.0,0.11629706147020809,0.046518824588083076
741.0,49.999999998502304,19.999999999400913,0.0367712531013675,0.0,0.012046565280570834,0.011064765918122808,0.10133450451426529,-0.4954600968525334,0.0,0.0,0.11668059178843616,0.04667223671537431
742.0,49.99999999864552,19.999999999458197,0.03497351133463157,0.0,0.011926640280141664,0.011042656292246758,0.1013296316816848,-0.49545867545961586,0.0,0.0,0.11706373874889013,0.04682549549955591
743.0,49.99999999877503,19.999999999510003,0.033263660928327575,0.0,0.011807909147457614,0.011020590845846352,0.10132469590492643,-0.4954568993631522,0.0,0.0,0.11744650273475517,0.04697860109390192
744.0,49.999999998892164,19.99999999955686,0.031637404885310846,0.0,0.011690359997422262,0.010998569490642117,0.10131970176382074,-0.49545479101289847,0.0,0.0,0.11782888412883342,0.04713155365153323
745.0,49.9999999989981,19.99999999959923,0.030090656288066446,0.0,0.011573981063256755,0.010976592138530984,0.10131465360679535,-0.4954523717309933,0.0,0.0,0.11821088331354447,0.04728435332541766
746.0,49.999999999093895,19.999999999637552,0.028619528027943583,0.0,0.011458760695321925,0.01095465870158593,0.10130955556222562,-0.4954496617671927,0.0,0.0,0.11859250067092562,0.04743700026837012
747.0,49.99999999918054,19.999999999672205,0.027220323036526238,0.0,0.011344687359952166,0.010932769092055627,0.10130441154923017,-0.4954466803514077,0.0,0.0,0.11897373658263231,0.04758949463305279
748.0,49.9999999992589,19.999999999703544,0.025889524994590928,0.0,0.011231749638300887,0.010910923222364097,0.10129922528793847,-0.4954434457436757,0.0,0.0,0.11935459142993854,0.047741836571975275
749.0,49.99999999932976,19.999999999731894,0.02462378949530224,0.0,0.011119936225197484,0.010889121005110346,0.10129400030925609,-0.49543997528168865,0.0,0.0,0.11973506559373719,0.04789402623749474
750.0,49.99999999939384,19.999999999757527,0.02341993563943862,0.0,0.011009235928015684,0.010867362353068037,0.10128873996415269,-0.49543628542600215,0.0,0.0,0.12011515945454045,0.04804606378181602
751.0,49.999999999451795,19.999999999780712,0.02227493804152644,0.0,0.010899637665553142,0.010845647179185118,0.10128344743249541,-0.4954323918030331,0.0,0.0,0.12049487339248015,0.04819794935699189
752.0,49.99999999950422,19.99999999980168,0.021185919226793196,0.0,0.01079113046692222,0.010823975396583495,0.10127812573145037,-0.49542830924595876,0.0,0.0,0.12087420778730817,0.0483496831149231
753.0,49.999999999551626,19.999999999820645,0.020150142399832583,0.0,0.010683703470451776,0.01080234691855866,0.10127277772347319,-0.4954240518336156,0.0,0.0,0.12125316301839681,0.048501265207358556
754.0,49.999999999594486,19.999999999837797,0.019165004566808655,0.0,0.010577345922599901,0.010780761658579373,0.10126740612390868,-0.4954196329274992,0.0,0.0,0.1216317394647392,0.04865269578589552
755.0,49.99999999963326,19.99999999985331,0.01822802999391449,0.0,0.010472047176877488,0.010759219530287288,0.10126201350821888,-0.495415065206956,0.0,0.0,0.12200993750494962,0.048803975001979694
756.0,49.99999999966833,19.99999999986734,0.017336863985646014,0.0,0.010367796692782507,0.010737720447496631,0.10125660231885746,-0.49541036070265493,0.0,0.0,0.12238775751726395,0.04895510300690543
757.0,49.99999999970004,19.99999999988003,0.016489266967255122,0.0,0.01026458403474488,0.010716264324193836,0.10125117487180778,-0.4954055308284242,0.0,0.0,0.12276519987953997,0.04910607995181584
758.0,49.99999999972872,19.9999999998915,0.015683108856510964,0.0,0.010162398871081888,0.01069485107453722,0.10124573336280138,-0.4954005864115322,0.0,0.0,0.1231422649692578,0.04925690598770297
759.0,49.99999999975466,19.99999999990187,0.014916363710625047,0.0,0.010061230972963948,0.010673480612856617,0.10124027987323196,-0.49539553772148864,0.0,0.0,0.12351895316352021,0.049407581265407945
760.0,49.99999999977811,19.99999999991125,0.014187104634887492,0.0,0.009961070213390702,0.010652152853653049,0.10123481637578037,-0.49539039449743866,0.0,0.0,0.12389526483905312,0.0495581059356211
761.0,49.99999999979932,19.999999999919737,0.0134934989402194,0.0,0.00986190656617729,0.01063086771159839,0.10122934473976407,-0.4953851659742181,0.0,0.0,0.12427120037220582,0.04970848014888217
762.0,49.99999999981851,19.99999999992741,0.012833803537471827,0.0,0.009763730104950725,0.010609625101535012,0.10122386673622523,-0.49537986090713526,0.0,0.0,0.12464676013895143,0.04985870405558042
763.0,49.99999999983586,19.999999999934346,0.012206360556896915,0.0,0.009666531002156253,0.010588424938475447,0.1012183840427697,-0.4953744875955419,0.0,0.0,0.12502194451488735,0.05000877780595478
764.0,49.999999999851546,19.999999999940627,0.011609593181782478,0.0,0.009570299528073607,0.010567267137602058,0.1012128982481692,-0.4953690539052526,0.0,0.0,0.12539675387523544,0.05015870155009401
765.0,49.99999999986576,19.999999999946304,0.011042001685779668,0.0,0.009475026049843042,0.010546151614266676,0.10120741085673854,-0.49536356728986713,0.0,0.0,0.12577118859484257,0.05030847543793685
766.0,49.99999999987859,19.999999999951438,0.010502159663965175,0.0,0.0093807010305011,0.010525078283990286,0.10120192329249841,-0.4953580348110527,0.0,0.0,0.12614524904818092,0.050458099619272195
767.0,49.99999999989019,19.99999999995608,0.009988710448166283,0.0,0.009287315028025924,0.01050404706246268,0.1011964369031347,-0.4953524631578328,0.0,0.0,0.1265189356093484,0.05060757424373917
768.0,49.999999999900695,19.99999999996028,0.00950036369754025,0.0,0.009194858694392122,0.01048305786554211,0.10119095296376397,-0.495346858664935,0.0,0.0,0.1268922486520689,0.05075689946082738
769.0,49.999999999910195,19.999999999964075,0.009035892155839791,0.0,0.00910332277463501,0.010462110609254973,0.10118547268051467,-0.4953412273302404,0.0,0.0,0.12726518854969288,0.050906075419876975
770.0,49.99999999991878,19.999999999967503,0.00859412856721543,0.0,0.009012698105924189,0.010441205209795447,0.10117999719393318,-0.495335574831382,0.0,0.0,0.12763775567519756,0.05105510227007884
771.0,49.999999999926544,19.999999999970612,0.008173962742803883,0.0,0.008922975616646338,0.010420341583525184,0.10117452758222308,-0.4953299065415298,0.0,0.0,0.12800995040118732,0.051203980160474734
772.0,49.99999999993354,19.999999999973422,0.007774338770730558,0.0,0.008834146325497125,0.010399519646972956,0.10116906486432584,-0.49532422754440475,0.0,0.0,0.12838177309989413,0.051352709239957446
773.0,49.9999999999399,19.999999999975962,0.007394252362514651,0.0,0.008746201340582188,0.01037873931683433,0.10116361000285094,-0.4953185426485599,0.0,0.0,0.1287532241431779,0.05150128965727095
774.0,49.99999999994565,19.99999999997826,0.007032748329208151,0.0,0.00865913185852703,0.010358000509971325,0.10115816390686232,-0.4953128564009612,0.0,0.0,0.12912430390252688,0.051649721561010525
775.0,49.999999999950845,19.99999999998034,0.006688918180926104,0.0,0.008572929163595804,0.0103373031434121,0.10115272743452865,-0.4953071730999066,0.0,0.0,0.12949501274905786,0.051798005099622936
776.0,49.999999999955534,19.999999999982222,0.006361897843735501,0.0,0.008487584626818867,0.010316647134350595,0.10114730139564372,-0.49530149680731195,0.0,0.0,0.12986535105351688,0.05194614042140655
777.0,49.99999999995979,19.999999999983928,0.006050865488165185,0.0,0.008403089705128985,0.010296032400146218,0.10114188655402356,-0.49529583136039645,0.0,0.0,0.13023531918627929,0.05209412767451153
778.0,49.999999999963634,19.999999999985462,0.005755039463879625,0.0,0.008319435940506194,0.010275458858323514,0.1011364836297861,-0.49529018038279665,0.0,0.0,0.1306049175173503,0.05224196700693992
779.0,49.999999999967116,19.999999999986855,0.005473676335326216,0.0,0.00823661495913113,0.010254926426571822,0.10113109330151925,-0.49528454729513766,0.0,0.0,0.13097414641636515,0.05238965856654586
780.0,49.99999999997026,19.999999999988113,0.005206069013419524,0.0,0.0081546184705468,0.010234435022744966,0.1011257162083429,-0.49527893532508616,0.0,0.0,0.13134300625258968,0.05253720250103568
781.0,49.9999999999731,19.99999999998925,0.004951544978567255,0.0,0.008073438266828704,0.010213984564860897,0.10112035295186993,-0.49527334751691277,0.0,0.0,0.13171149739492072,0.0526845989579681
782.0,49.99999999997567,19.999999999990276,0.0047094645905722396,0.0,0.007993066221763224,0.010193574971101396,0.10111500409807103,-0.49526778674058597,0.0,0.0,0.1320796202118863,0.05283184808475432
783.0,49.999999999978,19.999999999991207,0.004479219481163095,0.0,0.007913494290034156,0.010173206159811734,0.10110967017904843,-0.4952622557004218,0.0,0.0,0.132447375071646,0.0529789500286582
784.0,49.999999999980105,19.99999999999205,0.0042602310251138595,0.0,0.007834714506417395,0.010152878049500335,0.10110435169472255,-0.4952567569433096,0.0,0.0,0.1328147623419915,0.05312590493679641
785.0,49.99999999998201,19.99999999999281,0.004051948886110373,0.0,0.007756718984983587,0.010132590558838469,0.10109904911443628,-0.4952512928665366,0.0,0.0,0.13318178239034686,0.053272712956138564
786.0,49.99999999998373,19.999999999993495,0.003853849633709076,0.0,0.007679499918308756,0.010112343606659913,0.10109376287848032,-0.4952458657252276,0.0,0.0,0.13354843558376894,0.05341937423350738
787.0,49.999999999985285,19.999999999994117,0.0036654354279125065,0.0,0.007603049576692764,0.010092137111960633,0.1010884933995442,-0.49524047763942375,0.0,0.0,0.13391472228894752,0.05356588891557881
788.0,49.99999999998669,19.999999999994678,0.003486232768055727,0.0,0.007527360307385564,0.010071970993898451,0.10108324106409589,-0.4952351306008112,0.0,0.0,0.134280642872206,0.053712257148882205
789.0,49.99999999998796,19.99999999999519,0.0033157913028595315,0.0,0.007452424533821153,0.010051845171792735,0.10107800623369395,-0.4952298264791238,0.0,0.0,0.13464619769950162,0.05385847907980044
790.0,49.999999999989114,19.999999999995648,0.003153682698660001,0.0,0.007378234754859152,0.010031759565124062,0.10107278924623538,-0.4952245670282299,0.0,0.0,0.13501138713642577,0.05400455485457009
791.0,49.99999999999015,19.999999999996064,0.002999499562970161,0.0,0.0073047835440339295,0.01001171409353391,0.10106759041714224,-0.49521935389192306,0.0,0.0,0.13537621154820448,0.054150484619281555
792.0,49.9999999999911,19.99999999999644,0.002852854420668575,0.0,0.007232063548811211,0.009991708676824326,0.10106241004049019,-0.49521418860942745,0.0,0.0,0.1357406712996986,0.0542962685198792
793.0,49.99999999999195,19.99999999999678,0.0027133787402419426,0.0,0.0071600674898520825,0.00997174323495761,0.10105724839008169,-0.4952090726206361,0.0,0.0,0.13610476675540437,0.05444190670216151
794.0,49.99999999999272,19.99999999999709,0.0025807220076345663,0.0,0.007088788160284317,0.009951817688055994,0.10105210572046651,-0.4952040072710901,0.0,0.0,0.1364684982794537,0.05458739931178125
795.0,49.99999999999341,19.99999999999737,0.0024545508453772016,0.0,0.007018218424980967,0.009931931956401319,0.10104698226791232,-0.4951989938167156,0.0,0.0,0.13683186623561458,0.054732746494245595
796.0,49.999999999994046,19.99999999999762,0.0023345481747815804,0.0,0.006948351219846129,0.00991208596043472,0.10104187825132763,-0.4951940334283287,0.0,0.0,0.13719487098729125,0.05487794839491627
797.0,49.999999999994614,19.999999999997844,0.002220412419095139,0.0,0.006879179551107818,0.009892279620756308,0.10103679387313932,-0.49518912719591845,0.0,0.0,0.13755751289752483,0.055023005159009715
798.0,49.999999999995126,19.999999999998057,0.0021118567456133983,0.0,0.00681069649461789,0.009872512858124849,0.10103172932012747,-0.49518427613272176,0.0,0.0,0.13791979232899354,0.0551679169315972
799.0,49.999999999995595,19.999999999998234,0.0020086083448453795,0.0,0.006742895195158922,0.009852785593457447,0.10102668476421879,-0.4951794811790973,0.0,0.0,0.13828170964401307,0.05531268385760501
800.0,49.99999999999602,19.999999999998412,0.0019104077449205272,0.0,0.006675768865758001,0.009833097747829237,0.10102166036324152,-0.49517474320620997,0.0,0.0,0.13864326520453693,0.05545730608181456
801.0,49.99999999999639,19.999999999998554,0.0018170081595141835,0.0,0.006609310787007346,0.009813449242473057,0.10101665626164297,-0.495170063019535,0.0,0.0,0.13900445937215689,0.05560178374886256
802.0,49.999999999996746,19.999999999998696,0.001728174867652907,0.0,0.006543514306391685,0.009793839998779136,0.10101167259117214,-0.49516544136219054,0.0,0.0,0.13936529250810326,0.05574611700324112
803.0,49.999999999997044,19.99999999999882,0.0016436846238410245,0.0,0.006478372837622328,0.009774269938294779,0.10100670947152847,-0.49516087891810595,0.0,0.0,0.13972576497324535,0.05589030598929794
804.0,49.99999999999733,19.999999999998927,0.00156332509702602,0.0,0.006413879859977884,0.009754738982724064,0.10100176701097903,-0.49515637631503506,0.0,0.0,0.14008587712809165,0.05603435085123647
805.0,49.99999999999759,19.999999999999034,0.0014868943369928333,0.0,0.0063500289176515205,0.009735247053927512,0.10099684530694523,-0.49515193412742203,0.0,0.0,0.14044562933279037,0.056178251733115955
806.0,49.999999999997804,19.999999999999133,0.0014142002668460709,0.0,0.006286813619104737,0.009715794073921789,0.10099194444656084,-0.4951475528791268,0.0,0.0,0.14080502194712968,0.056322008778851705
807.0,49.99999999999802,19.999999999999204,0.0013450602003046953,0.0,0.006224227636427562,0.009696379964879378,0.10098706450720246,-0.49514323304601604,0.0,0.0,0.14116405533053827,0.056465622132215135
808.0,49.99999999999823,19.999999999999275,0.0012793003825961157,0.0,0.00616226470470513,0.00967700464912829,0.10098220555699396,-0.4951389750584272,0.0,0.0,0.1415227298420854,0.05660909193683399
809.0,49.99999999999837,19.999999999999346,0.0012167555537959036,0.0,0.0061009186213905504,0.009657668049151729,0.10097736765528613,-0.49513477930351163,0.0,0.0,0.14188104584048147,0.05675241833619242
810.0,49.999999999998515,19.999999999999417,0.0011572685335157745,0.0,0.00604018324568403,0.009638370087587795,0.10097255085311282,-0.49513064612746327,0.0,0.0,0.14223900368407835,0.05689560147363118
811.0,49.99999999999866,19.99999999999948,0.0011006898258961208,0.0,0.005980052497918173,0.009619110687229178,0.10096775519362447,-0.495126575837637,0.0,0.0,0.14259660373086971,0.057038641492347726
812.0,49.9999999999988,19.999999999999517,0.0010468772439104072,0.0,0.0059205203589494035,0.009599889771022841,0.10096298071250047,-0.4951225687045633,0.0,0.0,0.1429538463384914,0.0571815385353964
813.0,49.99999999999894,19.999999999999552,0.0009956955520372753,0.0,0.005861580869555438,0.009580707262069712,0.10095822743834112,-0.49511862496386355,0.0,0.0,0.14331073186422177,0.05732429274568856
814.0,49.99999999999901,19.999999999999588,0.0009470161264023616,0.0,0.005803228129838765,0.009561563083624386,0.10095349539304044,-0.49511474481807277,0.0,0.0,0.14366726066498212,0.0574669042659927
815.0,49.99999999999908,19.999999999999623,0.00090071663153574,0.0,0.005745456298636062,0.009542457159094797,0.10094878459214038,-0.4951109284383699,0.0,0.0,0.1440234330973369,0.0576093732389346
816.0,49.999999999999154,19.99999999999966,0.0008566807129326484,0.0,0.005688259592933484,0.00952338941204194,0.10094409504516781,-0.495107175966226,0.0,0.0,0.14437924951749415,0.05775169980699749
817.0,49.999999999999226,19.999999999999694,0.0008147977046448816,0.0,0.005631632287287782,0.009504359766179542,0.10093942675595484,-0.49510348751496897,0.0,0.0,0.14473471028130597,0.05789388411252221
818.0,49.9999999999993,19.99999999999973,0.000774962351168005,0.0,0.005575568713253184,0.009485368145373768,0.10093477972294325,-0.495099863171273,0.0,0.0,0.14508981574426866,0.058035926297707284
819.0,49.99999999999937,19.999999999999766,0.0007370745429254624,0.0,0.005520063258813968,0.009466414473642916,0.10093015393947397,-0.4950963029965733,0.0,0.0,0.1454445662615232,0.05817782650460911
820.0,49.99999999999944,19.9999999999998,0.0007010390646848356,0.0,0.005465110367822705,0.009447498675157104,0.10092554939406233,-0.4950928070284126,0.0,0.0,0.14579896218785568,0.0583195848751421
821.0,49.99999999999951,19.999999999999822,0.0006667653562739966,0.0,0.005410704539444081,0.00942862067423798,0.10092096607065974,-0.4950893752817198,0.0,0.0,0.1461530038776975,0.05846120155107882
822.0,49.99999999999958,19.999999999999822,0.0006341672849958179,0.0,0.005356840327604257,0.00940978039535841,0.10091640394890226,-0.49508600775002687,0.0,0.0,0.14650669168512578,0.05860267667405013
823.0,49.999999999999645,19.999999999999822,0.0006031629291694967,0.0,0.005303512340445704,0.009390977763142176,0.1009118630043471,-0.4950827044066247,0.0,0.0,0.1468600259638637,0.05874401038554529
824.0,49.999999999999645,19.999999999999822,0.0005736743722545171,0.0,0.005250715239787488,0.009372212702363682,0.1009073432086973,-0.49507946520566326,0.0,0.0,0.14721300706728088,0.058885202826912175
825.0,49.999999999999645,19.999999999999822,0.0005456275070398635,0.0,0.005198443740590904,0.009353485137947645,0.10090284453001545,-0.49507629008319587,0.0,0.0,0.14756563534839384,0.05902625413935735
826.0,49.999999999999645,19.999999999999822,0.0005189518494063985,0.0,0.005146692610430437,0.009334794994968794,0.10089836693292661,-0.4950731789581729,0.0,0.0,0.14791791115986608,0.059167164463946244
827.0,49.999999999999645,19.999999999999822,0.0004935803611943733,0.0,0.005095456668969997,0.009316142198651577,0.10089391037881139,-0.4950701317333868,0.0,0.0,0.14826983485400866,0.05930793394160329
828.0,49.999999999999645,19.999999999999822,0.0004694492817309232,0.0,0.005044730787444363,0.009297526674369866,0.10088947482598931,-0.4950671482963685,0.0,0.0,0.14862140678278055,0.059448562713112045
829.0,49.999999999999645,19.999999999999822,0.0004464979675941612,0.0,0.004994509888145784,0.00927894834764664,0.10088506022989324,-0.4950642285202422,0.0,0.0,0.14897262729778885,0.059589050919115365
830.0,49.999999999999645,19.999999999999822,0.0004246687402111847,0.0,0.004944788943915695,0.009260407144153698,0.10088066654323505,-0.4950613722645356,0.0,0.0,0.14932349675028925,0.05972939870011554
831.0,49.999999999999645,19.999999999999822,0.00040390674090699493,0.0,0.0048955629776415,0.00924190298971137,0.10087629371616308,-0.4950585793759512,0.0,0.0,0.14967401549118636,0.05986960619647436
832.0,49.999999999999645,19.999999999999822,0.00038415979304005666,0.0,0.004846827061758357,0.009223435810288205,0.1008719416964118,-0.495055849689099,0.0,0.0,0.15002418387103394,0.060009673548413384
833.0,49.999999999999645,19.999999999999822,0.0003653782708780322,0.0,0.004798576317755917,0.009205005532000687,0.10086761042944396,-0.4950531830271926,0.0,0.0,0.15037400224003541,0.06014960089601396
834.0,49.999999999999645,19.999999999999822,0.0003475149748841634,0.0,0.004750805915689991,0.009186612081112933,0.10086329985858589,-0.4950505792027114,0.0,0.0,0.1507234709480442,0.060289388379217455
835.0,49.999999999999645,19.999999999999822,0.00033052501310088607,0.0,0.0047035110736990595,0.009168255384036391,0.10085900992515576,-0.4950480380180299,0.0,0.0,0.15107259034456394,0.06042903613782535
836.0,49.999999999999645,19.999999999999822,0.0003143656883325847,0.0,0.00465668705752561,0.009149935367329564,0.10085474056858564,-0.4950455592660147,0.0,0.0,0.151421360778749,0.06056854431149937
837.0,49.999999999999645,19.999999999999822,0.00029899639084396683,0.0,0.0046103291800422275,0.0091316519576977,0.10085049172653747,-0.4950431427305932,0.0,0.0,0.15176978259940474,0.06070791303976167
838.0,49.999999999999645,19.999999999999822,0.00028437849630440025,0.0,0.004564432800782413,0.009113405081992512,0.10084626333501322,-0.4950407881872934,0.0,0.0,0.15211785615498785,0.0608471424619949
839.0,49.999999999999645,19.999999999999822,0.00027047526872173817,0.0,0.0045189933254760695,0.009095194667211868,0.10084205532845943,-0.4950384954037562,0.0,0.0,0.15246558179360667,0.06098623271744243
840.0,49.999999999999645,19.999999999999822,0.00025725176812169706,0.0,0.004474006205589607,0.009077020640499514,0.10083786763986673,-0.49503626414022334,0.0,0.0,0.15281295986302168,0.061125183945208446
841.0,49.999999999999645,19.999999999999822,0.0002446747627407777,0.0,0.004429466937870633,0.009058882929144777,0.10083370020086418,-0.49503409414999977,0.0,0.0,0.1531599907106458,0.06126399628425807
842.0,49.999999999999645,19.999999999999822,0.0002327126455120629,0.0,0.00438537106389717,0.009040781460582277,0.10082955294180909,-0.49503198517989433,0.0,0.0,0.15350667468354448,0.06140266987341754
843.0,49.999999999999645,19.999999999999822,0.00022133535463401312,0.0,0.00434171416963137,0.009022716162391628,0.10082542579187206,-0.49502993697063685,0.0,0.0,0.15385301212843644,0.06154120485137431
844.0,49.999999999999645,19.999999999999822,0.00021051429802264413,0.0,0.004298491884977656,0.00900468696229716,0.10082131867911809,-0.4950279492572758,0.0,0.0,0.15419900339169382,0.061679601356677265
845.0,49.999999999999645,19.999999999999822,0.0002002222814572275,0.0,0.004255699883345278,0.008986693788167622,0.10081723153058324,-0.4950260217695547,0.0,0.0,0.15454464881934252,0.06181785952773673
846.0,49.999999999999645,19.999999999999822,0.00019043344023893813,0.0,0.004213333881215215,0.008968736568015901,0.10081316427234774,-0.49502415423227064,0.0,0.0,0.15488994875706252,0.061955979502824735
847.0,49.999999999999645,19.999999999999822,0.00018112317419070225,0.0,0.004171389637711392,0.008950815229998719,0.10080911682960524,-0.4950223463656146,0.0,0.0,0.15523490355018837,0.06209396142007506
848.0,49.999999999999645,19.999999999999822,0.00017226808583489353,0.0,0.004129862954176158,0.008932929702416357,0.10080508912672861,-0.4950205978854942,0.0,0.0,0.15557951354370936,0.06223180541748346
849.0,49.999999999999645,19.999999999999822,0.00016384592159351437,0.0,0.00408874967375001,0.008915079913712376,0.10080108108733236,-0.4950189085038401,0.0,0.0,0.15592377908227,0.062369511632907694
850.0,49.999999999999645,19.999999999999822,0.00015583551586309204,0.0,0.004048045680955476,0.008897265792473316,0.10079709263433205,-0.4950172779288982,0.0,0.0,0.15626770051017025,0.06250708020406778
851.0,49.999999999999645,19.999999999999822,0.00014821673782374633,0.0,0.004007746901285155,0.008879487267428408,0.1007931236900005,-0.4950157058655054,0.0,0.0,0.15661127817136594,0.06264451126854607
852.0,49.999999999999645,19.999999999999822,0.00014097044084875445,0.0,0.003967849300793851,0.008861744267449307,0.10078917417602122,-0.49501419201535307,0.0,0.0,0.1569545124094692,0.06278180496378735
853.0,49.999999999999645,19.999999999999822,0.00013407841438747622,0.0,0.003928348885694782,0.008844036721549793,0.1007852440135392,-0.49501273607723495,0.0,0.0,0.1572974035677486,0.0629189614270991
854.0,49.999999999999645,19.999999999999822,0.00012752333820071628,0.0,0.003889241701959788,0.008826364558885486,0.10078133312320887,-0.4950113377472852,0.0,0.0,0.15763995198912958,0.06305598079565149
855.0,49.999999999999645,19.999999999999822,0.00012128873883351399,0.0,0.0038505238349235355,0.008808727708753574,0.10077744142523998,-0.4950099967192018,0.0,0.0,0.15798215801619492,0.06319286320647759
856.0,49.999999999999645,19.999999999999822,0.0001153589482159724,0.0,0.0038121914088916522,0.00879112610059252,0.10077356883944066,-0.49500871268446067,0.0,0.0,0.1583240219911848,0.06332960879647356
857.0,49.999999999999645,19.999999999999822,0.00010971906428808772,0.0,0.003774240586752768,0.00877355966398179,0.10076971528525878,-0.4950074853325171,0.0,0.0,0.15866554425599746,0.06346621770239862
858.0,49.999999999999645,19.999999999999822,0.00010435491354962554,0.0,0.0037366675695944145,0.008756028328641552,0.10076588068182069,-0.49500631435099807,0.0,0.0,0.15900672515218936,0.06360269006087538
859.0,49.999999999999645,19.999999999999822,9.925301544092871e-05,0.0,0.003699468596322753,0.008738532024432413,0.1007620649479683,-0.49500519942588384,0.0,0.0,0.1593475650209755,0.06373902600838985
860.0,49.999999999999645,19.999999999999822,9.440054846514298e-05,0.0,0.003662639943286085,0.008721070681355138,0.10075826800229418,-0.49500414024168155,0.0,0.0,0.15968806420322987,0.06387522568129163
861.0,49.999999999999645,19.999999999999822,8.978531796672257e-05,0.0,0.0036261779239021115,0.008703644229550356,0.10075448976317466,-0.49500313648158784,0.0,0.0,0.1600282230394858,0.06401128921579398
862.0,49.999999999999645,19.999999999999822,8.539572548524033e-05,0.0,0.003590078888288899,0.008686252599298293,0.10075073014880147,-0.4950021878276451,0.0,0.0,0.16036804186993617,0.06414721674797415
863.0,49.999999999999645,19.999999999999822,8.122073960748617e-05,0.0,0.0035543392228995284,0.00866889572101849,0.10074698907721144,-0.49500129396088777,0.0,0.0,0.16070752103443375,0.0642830084137732
864.0,49.999999999999645,19.999999999999822,7.724986824460267e-05,0.0,0.0035189553501603736,0.008651573525269523,0.10074326646631498,-0.49500045456148345,0.0,0.0,0.16104666087249175,0.0644186643489964
865.0,49.999999999999645,19.999999999999822,7.347313226458773e-05,0.0,0.00348392372811298,0.008634285942748725,0.10073956223392275,-0.49499966930886347,0.0,0.0,0.1613854617232839,0.06455418468931329
866.0,49.999999999999645,19.999999999999822,6.988104041390098e-05,0.0,0.003449240850059514,0.00861703290429191,0.10073587629777109,-0.4949989378818497,0.0,0.0,0.16172392392564505,0.06468956957025775
867.0,49.999999999999645,19.999999999999822,6.646456546514924e-05,0.0,0.0034149032442117415,0.0085998143408731,0.10073220857554606,-0.4949982599587723,0.0,0.0,0.16206204781807115,0.06482481912722822
868.0,49.999999999999645,19.999999999999822,6.321512153090892e-05,0.0,0.003380907473343494,0.008582630183604233,0.10072855898490628,-0.4949976352175832,0.0,0.0,0.16239983373872008,0.06495993349548776
869.0,49.999999999999645,19.999999999999822,6.012454248667241e-05,0.0,0.0033472501344466023,0.008565480363734912,0.10072492744350438,-0.4949970633359622,0.0,0.0,0.1627372820254115,0.06509491281016433
870.0,49.999999999999645,19.999999999999822,5.718506144869384e-05,0.0,0.00331392785839025,0.008548364812652112,0.10072131386900748,-0.49499654399141824,0.0,0.0,0.16307439301562743,0.06522975720625071
871.0,49.999999999999645,19.999999999999822,5.4389291255160374e-05,0.0,0.0032809373095837226,0.00853128346187991,0.10071771817911648,-0.4949960768613846,0.0,0.0,0.16341116704651265,0.0653644668186048
872.0,49.999999999999645,19.999999999999822,5.173020590163645e-05,0.0,0.0032482751856425106,0.008514236243079211,0.10071414029158429,-0.49499566162330966,0.0,0.0,0.1637476044548749,0.0654990417819497
873.0,49.999999999999645,19.999999999999822,4.920112288412668e-05,0.0,0.003215938217057737,0.008497223088047486,0.10071058012423316,-0.49499529795474284,0.0,0.0,0.16408370557718524,0.06563348223087384
874.0,49.999999999999645,19.999999999999822,4.67956864053842e-05,0.0,0.0031839231668688776,0.008480243928718469,0.1007070375949709,-0.49499498553341476,0.0,0.0,0.16441947074957844,0.06576778829983113
875.0,49.999999999999645,19.999999999999822,4.4507851402260304e-05,0.0,0.0031522268303397403,0.008463298697161918,0.10070351262180649,-0.49499472403731476,0.0,0.0,0.16475490030785328,0.06590196012314106
876.0,49.999999999999645,19.999999999999822,4.233186835395499e-05,0.0,0.0031208460346376617,0.008446387325583324,0.10070000512286446,-0.4949945131447629,0.0,0.0,0.16508999458747292,0.06603599783498892
877.0,49.999999999999645,19.999999999999822,4.026226883299002e-05,0.0,0.003089777638515911,0.008429509746323649,0.10069651501639876,-0.49499435253447815,0.0,0.0,0.1654247539235652,0.06616990156942583
878.0,49.999999999999645,19.999999999999822,3.829385176259312e-05,0.0,0.003059018531999244,0.008412665891859046,0.10069304222080575,-0.49499424188564367,0.0,0.0,0.16575917865092293,0.06630367146036892
879.0,49.999999999999645,19.999999999999822,3.642167034595687e-05,0.0,0.003028565636072591,0.008395855694800598,0.10068958665463645,-0.49499418087796776,0.0,0.0,0.1660932691040043,0.06643730764160145
880.0,49.999999999999645,19.999999999999822,3.464101963452437e-05,0.0,0.0029984159023728483,0.008379079087894047,0.10068614823660814,-0.49499416919174105,0.0,0.0,0.16642702561693315,0.066570810246773
881.0,49.999999999999645,19.999999999999822,3.294742470405984e-05,0.0,0.0029685663128837304,0.008362336004019515,0.10068272688561522,-0.4949942065078916,0.0,0.0,0.16676044852349947,0.06670417940939954
882.0,49.999999999999645,19.999999999999822,3.1336629408789546e-05,0.0,0.0029390138796336674,0.008345626376191252,0.10067932252073954,-0.4949942925080361,0.0,0.0,0.16709353815715955,0.06683741526286358
883.0,49.999999999999645,19.999999999999822,2.980458568535137e-05,0.0,0.0029097556443967018,0.008328950137557349,0.10067593506126002,-0.49499442687452805,0.0,0.0,0.16742629485103636,0.06697051794041428
884.0,49.999999999999645,19.999999999999822,2.8347443379672815e-05,0.0,0.002880788678396371,0.008312307221399489,0.10067256442666184,-0.49499460929050376,0.0,0.0,0.16775871893791988,0.0671034875751677
885.0,49.999999999999645,19.999999999999822,2.6961540571211693e-05,0.0,0.0028521100820125345,0.008295697561132664,0.10066921053664496,-0.4949948394399248,0.0,0.0,0.16809081075026747,0.06723632430010672
886.0,49.999999999999645,19.999999999999822,2.564339437024336e-05,0.0,0.0028237169844911154,0.008279121090304927,0.10066587331113223,-0.4949951170076196,0.0,0.0,0.16842257062020416,0.0673690282480814
887.0,49.999999999999645,19.999999999999822,2.43896921650674e-05,0.0,0.002795606543656737,0.008262577742597104,0.10066255267027692,-0.49499544167932014,0.0,0.0,0.16875399887952305,0.06750159955180894
888.0,49.999999999999645,19.999999999999822,2.319728329713727e-05,0.0,0.0027677759456282225,0.008246067451822547,0.10065924853446989,-0.4949958131416993,0.0,0.0,0.16908509585968556,0.06763403834387396
889.0,49.999999999999645,19.999999999999822,2.20631711431917e-05,0.0,0.0027402224045369157,0.008229590151926862,0.10065596082434616,-0.49499623108240304,0.0,0.0,0.16941586189182184,0.06776634475672848
890.0,49.999999999999645,19.999999999999822,2.0984505584489707e-05,0.0,0.0027129431622478196,0.008213145776987637,0.10065268946079134,-0.4949966951900832,0.0,0.0,0.16974629730673105,0.06789851892269218
891.0,49.999999999999645,19.999999999999822,1.9958575844223726e-05,0.0,0.0026859354880834985,0.0081967342612142,0.10064943436494732,-0.49499720515442663,0.0,0.0,0.17007640243488162,0.06803056097395242
892.0,49.999999999999645,19.999999999999822,1.898280367511063e-05,0.0,0.002659196678550739,0.008180355538947331,0.10064619545821787,-0.49499776066618323,0.0,0.0,0.17040617760641175,0.06816247104256447
893.0,49.999999999999645,19.999999999999822,1.8054736880040605e-05,0.0,0.0026327240570699264,0.008164009544659014,0.1006429726622737,-0.49499836141719183,0.0,0.0,0.1707356231511296,0.0682942492604516
894.0,49.999999999999645,19.999999999999822,1.71720431495006e-05,0.0,0.0026065149737071187,0.008147696212952171,0.10063976589905729,-0.49499900710040495,0.0,0.0,0.17106473939851372,0.06842589575940526
895.0,49.999999999999645,19.999999999999822,1.633250420028538e-05,0.0,0.0025805668049087792,0.008131415478560399,0.10063657509078727,-0.494999697409911,0.0,0.0,0.17139352667771324,0.06855741067108505
896.0,49.999999999999645,19.999999999999822,1.5534010200766193e-05,0.0,0.002554876953239165,0.008115167276347712,0.10063340015996271,-0.4950004320409561,0.0,0.0,0.1717219853175484,0.06868879412701913
897.0,49.999999999999645,19.999999999999822,1.4774554468707367e-05,0.0,0.002529442847120315,0.008098951541308276,0.10063024102936687,-0.49500121068996417,0.0,0.0,0.1720501156465107,0.06882004625860406
898.0,49.999999999999645,19.999999999999822,1.4052228428305919e-05,0.0,0.0025042619405746367,0.008082768208566161,0.1006270976220709,-0.49500203305455487,0.0,0.0,0.1723779179927633,0.0689511671971051
899.0,49.999999999999645,19.999999999999822,1.3365216813780869e-05,0.0,0.0024793317129700476,0.008066617213375064,0.10062396986143698,-0.4950028988335609,0.0,0.0,0.1727053926841414,0.06908215707365635
900.0,49.999999999999645,19.999999999999822,1.271179310745845e-05,0.0,0.0024546496687676608,0.008050498491118056,0.10062085767112164,-0.4950038077270445,0.0,0.0,0.1730325400481524,0.06921301601926078
901.0,49.999999999999645,19.999999999999822,1.2090315200888705e-05,0.0,0.002430213337271976,0.008034411977307329,0.10061776097507837,-0.4950047594363116,0.0,0.0,0.17335936041197647,0.06934374416479042
902.0,49.999999999999645,19.999999999999822,1.1499221268089562e-05,0.0,0.002406020272383566,0.008018357607583937,0.1006146796975604,-0.4950057536639264,0.0,0.0,0.1736858541024667,0.0694743416409865
903.0,49.999999999999645,19.999999999999822,1.0937025840547442e-05,0.0,0.0023820680523542136,0.008002335317717534,0.10061161376312303,-0.4950067901137231,0.0,0.0,0.17401202144614944,0.06960480857845959
904.0,49.999999999999645,19.999999999999822,1.0402316074110596e-05,0.0,0.0023583542795444956,0.00798634504360612,0.10060856309662582,-0.4950078684908183,0.0,0.0,0.17433786276922467,0.06973514510768968
905.0,49.999999999999645,19.999999999999822,9.893748198393527e-06,0.0,0.0023348765801837774,0.00797038672127578,0.1006055276232346,-0.4950089885016213,0.0,0.0,0.1746633783975663,0.06986535135902634
906.0,49.999999999999645,19.999999999999822,9.410044139769564e-06,0.0,0.0023116326041325943,0.007954460286880433,0.10060250726842339,-0.49501014985384423,0.0,0.0,0.17498856865672258,0.06999542746268884
907.0,49.999999999999645,19.999999999999822,8.949988309464905e-06,0.0,0.002288620024647402,0.00793856567670158,0.10059950195797586,-0.4950113522565106,0.0,0.0,0.17531343387191628,0.07012537354876633
908.0,49.999999999999645,19.999999999999822,8.512424548682299e-06,0.0,0.0022658365381476677,0.007922702827148041,0.10059651161798701,-0.49501259541996445,0.0,0.0,0.1756379743680452,0.0702551897472179
909.0,49.999999999999645,19.999999999999822,8.09625322307726e-06,0.0,0.0022432798639852782,0.007906871674755699,0.10059353617486437,-0.4950138790558764,0.0,0.0,0.17596219046968228,0.07038487618787272
910.0,49.999999999999645,19.999999999999822,7.700428459284942e-06,0.0,0.0022209477442162455,0.00789107215618726,0.10059057555532931,-0.4950152028772514,0.0,0.0,0.17628608250107608,0.07051443300043021
911.0,49.999999999999645,19.999999999999822,7.3239555165528445e-06,0.0,0.0021988379433746834,0.007875304208231989,0.1005876296864179,-0.4950165665984342,0.0,0.0,0.17660965078615104,0.07064386031446017
912.0,49.999999999999645,19.999999999999822,6.965888286874085e-06,0.0,0.002176948248249038,0.007859567767805452,0.10058469849548203,-0.4950179699351149,0.0,0.0,0.17693289564850778,0.07077315825940285
913.0,49.999999999999645,19.999999999999822,6.625326917338804e-06,0.0,0.00215527646766054,0.007843862771949277,0.10058178191019002,-0.4950194126043334,0.0,0.0,0.17725581741142357,0.07090232696456916
914.0,49.999999999999645,19.999999999999822,6.3014155487285004e-06,0.0,0.002133820432243868,0.007828189157830893,0.10057887985852745,-0.4950208943244842,0.0,0.0,0.17757841639785255,0.07103136655914073
915.0,49.999999999999645,19.999999999999822,5.993340164670209e-06,0.0,0.002112577994229993,0.007812546862743283,0.10057599226879751,-0.4950224148153186,0.0,0.0,0.17790069293042587,0.07116027717217008
916.0,49.999999999999645,19.999999999999822,5.700326545945235e-06,0.0,0.0020915470272311835,0.007796935824104729,0.10057311906962166,-0.49502397379794943,0.0,0.0,0.1782226473314524,0.07128905893258071
917.0,49.999999999999645,19.999999999999822,5.421638324811476e-06,0.0,0.002070725426028152,0.007781355979458564,0.10057026018993978,-0.49502557099485195,0.0,0.0,0.17854427992291874,0.07141771196916726
918.0,49.999999999999645,19.999999999999822,5.156575134449671e-06,0.0,0.002050111106359321,0.007765807266472922,0.10056741555901062,-0.4950272061298674,0.0,0.0,0.17886559102648972,0.07154623641059563
919.0,49.999999999999645,19.999999999999822,4.904470848882981e-06,0.0,0.0020297020047121885,0.00775028962294049,0.10056458510641175,-0.49502887892820335,0.0,0.0,0.1791865809635086,0.07167463238540317
920.0,49.999999999999645,19.999999999999822,4.664691908946667e-06,0.0,0.0020094960781167647,0.007734802986778255,0.1005617687620398,-0.49503058911643566,0.0,0.0,0.17950725005499737,0.0718029000219987
921.0,49.999999999999645,19.999999999999822,4.436635730100895e-06,0.0,0.0019894913039410714,0.007719347296027261,0.10055896645611034,-0.495032336422509,0.0,0.0,0.17982759862165731,0.07193103944866268
922.0,49.999999999999645,19.999999999999822,4.219729188085367e-06,0.0,0.001969685679688674,0.00770392248885236,0.10055617811915787,-0.4950341205757371,0.0,0.0,0.180147626983869,0.07205905079354735
923.0,49.999999999999645,19.999999999999822,4.013427178610098e-06,0.0,0.0019500772227982292,0.007688528503541957,0.10055340368203558,-0.495035941306803,0.0,0.0,0.18046733546169283,0.07218693418467689
924.0,49.999999999999645,19.999999999999822,3.817211247462725e-06,0.0,0.0019306639704450314,0.007673165278507777,0.10055064307591514,-0.49503779834775835,0.0,0.0,0.18078672437486934,0.07231468974994748
925.0,49.999999999999645,19.999999999999822,3.6305882875896836e-06,0.0,0.001911443979344528,0.0076578327522846,0.10054789623228651,-0.49503969143202337,0.0,0.0,0.18110579404281935,0.07244231761712748
926.0,49.999999999999645,19.999999999999822,3.453089299876927e-06,0.0,0.0018924153255577975,0.007642530863530038,0.10054516308295741,-0.49504162029438536,0.0,0.0,0.18142454478464443,0.07256981791385751
927.0,49.999999999999645,19.999999999999822,3.2842682145159055e-06,0.0,0.0018735761042989612,0.0076272595510242696,0.1005424435600531,-0.49504358467099807,0.0,0.0,0.18174297691912733,0.07269719076765066
928.0,49.999999999999645,19.999999999999822,3.1237007699928107e-06,0.0,0.0018549244297445117,0.007612018753669807,0.10053973759601564,-0.4950455842993791,0.0,0.0,0.182061090764732,0.07282443630589251
929.0,49.999999999999645,19.999999999999822,2.9709834468838944e-06,0.0,0.0018364584348445408,0.007596808410491243,0.1005370451236037,-0.4950476189184091,0.0,0.0,0.18237888663960414,0.07295155465584136
930.0,49.999999999999645,19.999999999999822,2.825732453777389e-06,0.0,0.0018181762711358448,0.007581628460635015,0.1005343660758917,-0.49504968826832957,0.0,0.0,0.18269636486157137,0.07307854594462825
931.0,49.999999999999645,19.999999999999822,2.6875827627735785e-06,0.0,0.0018000761085568942,0.007566478843369157,0.10053170038626935,-0.49505179209074046,0.0,0.0,0.18301352574814375,0.07320541029925719
932.0,49.999999999999645,19.999999999999822,2.5561871921391378e-06,0.0,0.00178215613526464,0.007551359498083058,0.10052904798844092,-0.49505393012859694,0.0,0.0,0.18333036961651392,0.07333214784660526
933.0,49.999999999999645,19.999999999999822,2.4312155338103908e-06,0.0,0.0017644145574531483,0.0075362703642872205,0.10052640881642465,-0.4950561021262088,0.0,0.0,0.18364689678355742,0.07345875871342268
934.0,49.999999999999645,19.999999999999822,2.312353723552812e-06,0.0,0.0017468495991740383,0.007521211381613013,0.10052378280455179,-0.49505830782923504,0.0,0.0,0.18396310756583312,0.07358524302633296
935.0,49.999999999999645,19.999999999999822,2.199303051691328e-06,0.0,0.0017294595021587072,0.007506182489812438,0.10052116988746605,-0.4950605469846826,0.0,0.0,0.18427900227958346,0.07371160091183313
936.0,49.999999999999645,19.999999999999822,2.091779412427909e-06,0.0,0.001712242525642328,0.00749118362875788,0.10051857000012268,-0.4950628193409026,0.0,0.0,0.1845945812407348,0.07383783249629365
937.0,49.999999999999645,19.999999999999822,1.9895125898599244e-06,0.0,0.0016951969461895951,0.007476214738441876,0.10051598307778757,-0.49506512464758656,0.0,0.0,0.18490984476489766,0.0739639379059588
938.0,49.999999999999645,19.999999999999822,1.8922455789049692e-06,0.0,0.0016783210575222088,0.007461275758976866,0.1005134090560365,-0.4950674626557632,0.0,0.0,0.18522479316736706,0.0740899172669466
939.0,49.999999999999645,19.999999999999822,1.7997339394255854e-06,0.0,0.001661613170348073,0.007446366630594961,0.10051084787075415,-0.49506983311779484,0.0,0.0,0.18553942676312302,0.07421577070524898
940.0,49.999999999999645,19.999999999999822,1.711745181930746e-06,0.0,0.0016450716121921977,0.007431487293647694,0.10050829945813318,-0.49507223578737336,0.0,0.0,0.18585374586683062,0.07434149834673201
941.0,49.999999999999645,19.999999999999822,1.6280581833103084e-06,0.0,0.0016286947272292818,0.007416637688605796,0.10050576375467334,-0.4950746704195164,0.0,0.0,0.1861677507928404,0.07446710031713594
942.0,49.999999999999645,19.999999999999822,1.5484626311341346e-06,0.0,0.0016124808761179628,0.007401817756058943,0.10050324069718036,-0.4950771367705632,0.0,0.0,0.1864814418551887,0.07459257674207524
943.0,49.999999999999645,19.999999999999822,1.472758495119359e-06,0.0,0.001596428435836718,0.007387027436715527,0.10050073022276512,-0.49507963459817045,0.0,0.0,0.18679481936759804,0.07471792774703896
944.0,49.999999999999645,19.999999999999822,1.4007555244375474e-06,0.0,0.001580535799521399,0.007372266671402418,0.1004982322688424,-0.4950821636613076,0.0,0.0,0.18710788364347716,0.07484315345739061
945.0,49.999999999999645,19.999999999999822,1.3322727695984467e-06,0.0,0.001564801376304382,0.007357535401064722,0.1004957467731301,-0.4950847237202531,0.0,0.0,0.18742063499592182,0.07496825399836846
946.0,49.999999999999645,19.999999999999822,1.2671381277087741e-06,0.0,0.001549223591155321,0.007342833566765552,0.10049327367364795,-0.49508731453658955,0.0,0.0,0.1877330737377146,0.07509322949508555
947.0,49.999999999999645,19.999999999999822,1.2051879099632463e-06,0.0,0.001533800884723486,0.007328161109685788,0.10049081290871659,-0.49508993587319916,0.0,0.0,0.1880452001813256,0.07521808007252992
948.0,49.999999999999645,19.999999999999822,1.1462664302809142e-06,0.0,0.0015185317131816698,0.0073135179711238405,0.10048836441695641,-0.49509258749425955,0.0,0.0,0.18835701463891238,0.07534280585556463
949.0,49.999999999999645,19.999999999999822,1.090225614053015e-06,0.0,0.0015034145480716504,0.0072989040924954195,0.1004859281372864,-0.49509526916523766,0.0,0.0,0.1886685174223207,0.07546740696892794
950.0,49.999999999999645,19.999999999999822,1.0369246260190893e-06,0.0,0.00148844787615119,0.007284319415333299,0.1004835040089232,-0.49509798065288674,0.0,0.0,0.18897970884308443,0.07559188353723345
951.0,49.999999999999645,19.999999999999822,9.862295163361881e-07,0.0,0.0014736301992425592,0.007269763881287078,0.10048109197137971,-0.49510072172524033,0.0,0.0,0.18929058921242625,0.07571623568497017
952.0,49.999999999999645,19.999999999999822,9.38012883951707e-07,0.0,0.001458960034082567,0.007255237432122958,0.10047869196446418,-0.49510349215160754,0.0,0.0,0.18960115884125756,0.0758404635365027
953.0,49.999999999999645,19.999999999999822,8.921535564338832e-07,0.0,0.0014444359121740852,0.007240740009723499,0.10047630392827893,-0.49510629170256837,0.0,0.0,0.1899114180401791,0.07596456721607132
954.0,49.999999999999645,19.999999999999822,8.485362854553331e-07,0.0,0.0014300563796390505,0.007226271556087392,0.10047392780321918,-0.49510912014996805,0.0,0.0,0.19022136711948115,0.07608854684779215
955.0,49.999999999999645,19.999999999999822,8.070514571643632e-07,0.0,0.00141581999707293,0.0072118320133292245,0.10047156352997197,-0.49511197726691286,0.0,0.0,0.1905310063891438,0.0762124025556572
956.0,49.999999999999645,19.999999999999822,7.675948167161889e-07,0.0,0.0014017253394006351,0.007197421323679253,0.10046921104951487,-0.4951148628277642,0.0,0.0,0.1908403361588373,0.0763361344635346
957.0,49.999999999999645,19.999999999999822,7.300672062717848e-07,0.0,0.0013877709957338703,0.00718303942948317,0.10046687030311491,-0.495117776608134,0.0,0.0,0.1911493567379224,0.07645974269516864
958.0,49.999999999999645,19.999999999999822,6.943743158059389e-07,0.0,0.0013739555692299029,0.007168686273201871,0.10046454123232722,-0.49512071838487903,0.0,0.0,0.19145806843545063,0.0765832273741799
959.0,49.999999999999645,19.999999999999822,6.604264460982676e-07,0.0,0.0013602776769517358,0.00715436179741123,0.10046222377899396,-0.49512368793609557,0.0,0.0,0.19176647156016455,0.07670658862406546
960.0,49.999999999999645,19.999999999999822,6.281382833115692e-07,0.0,0.001346735949729676,0.0071400659448018575,0.10045991788524307,-0.4951266850411152,0.0,0.0,0.19207456642049814,0.0768298265681989
961.0,49.999999999999645,19.999999999999822,5.974286845910128e-07,0.0,0.0013333290320242783,0.00712579865817889,0.10045762349348708,-0.49512970948049806,0.0,0.0,0.19238235332457712,0.07695294132983047
962.0,49.999999999999645,19.999999999999822,5.682204741453526e-07,0.0,0.0013200555817906557,0.007111559880461743,0.10045534054642184,-0.49513276103602866,0.0,0.0,0.19268983258021918,0.07707593303208729
963.0,49.999999999999645,19.999999999999822,5.404402492977091e-07,0.0,0.001306914270344139,0.007097349554683895,0.1004530689870254,-0.49513583949071005,0.0,0.0,0.19299700449493443,0.07719880179797337
964.0,49.999999999999645,19.999999999999822,5.140181960184986e-07,0.0,0.0012939037822272737,0.007083167623992655,0.1004508087585566,-0.49513894462875807,0.0,0.0,0.1933038693759254,0.07732154775036976
965.0,49.999999999999645,19.999999999999822,4.888879134769348e-07,0.0,0.0012810228150781412,0.007069014031648932,0.10044855980455404,-0.4951420762355969,0.0,0.0,0.1936104275300878,0.0774441710120347
966.0,49.999999999999645,19.999999999999822,4.649862471701865e-07,0.0,0.0012682700794999931,0.007054888721027012,0.10044632206883479,-0.49514523409785327,0.0,0.0,0.19391667926401043,0.07756667170560376
967.0,49.999999999999645,19.999999999999822,4.4225313021082576e-07,0.0,0.0012556442989321783,0.007040791635614334,0.10044409549549305,-0.4951484180033501,0.0,0.0,0.19422262488397565,0.07768904995358984
968.0,49.999999999999645,19.999999999999822,4.206314323737144e-07,0.0,0.0012431442095223615,0.007026722719011256,0.1004418800288991,-0.4951516277411027,0.0,0.0,0.1945282646959598,0.07781130587838349
969.0,49.999999999999645,19.999999999999822,4.0006681652296804e-07,0.0,0.0012307685600000085,0.007012681914930835,0.1004396756136979,-0.49515486310131246,0.0,0.0,0.19483359900563313,0.07793343960225284
970.0,49.999999999999645,19.999999999999822,3.805076020581862e-07,0.0,0.001218516111551133,0.006998669167198601,0.10043748219480797,-0.49515812387536123,0.0,0.0,0.19513862811836058,0.07805545124734382
971.0,49.999999999999645,19.999999999999822,3.619046350367795e-07,0.0,0.0012063856376942894,0.006984684419752335,0.10043529971742012,-0.49516140985580637,0.0,0.0,0.19544335233920185,0.07817734093568032
972.0,49.999999999999645,19.999999999999822,3.442111646459989e-07,0.0,0.0011943759241578038,0.006970727616641834,0.10043312812699615,-0.49516472083637486,0.0,0.0,0.19574777197291165,0.07829910878916423
973.0,49.999999999999645,19.999999999999822,3.2738272571423125e-07,0.0,0.00118248576875822,0.006956798702028704,0.10043096736926765,-0.4951680566119581,0.0,0.0,0.19605188732394002,0.07842075492957558
974.0,49.999999999999645,19.999999999999822,3.1137702696630253e-07,0.0,0.001170713981279964,0.006942897620186121,0.10042881739023492,-0.49517141697860684,0.0,0.0,0.19635569869643274,0.07854227947857267
975.0,49.999999999999645,19.999999999999822,2.961538447419642e-07,0.0,0.0011590593833562,0.006929024315498616,0.10042667813616546,-0.49517480173352485,0.0,0.0,0.19665920639423162,0.07866368255769224
976.0,49.999999999999645,19.999999999999822,2.8167492191046954e-07,0.0,0.0011475208083508738,0.006915178732461852,0.10042454955359295,-0.49517821067506407,0.0,0.0,0.1969624107208748,0.07878496428834951
977.0,49.999999999999645,19.999999999999822,2.679038717272028e-07,0.0,0.0011360971012419345,0.006901360815682398,0.10042243158931591,-0.495181643602719,0.0,0.0,0.1972653119795969,0.07890612479183835
978.0,49.999999999999645,19.999999999999822,2.5480608639074533e-07,0.0,0.0011247871185057132,0.006887570509877514,0.10042032419039651,-0.4951851003171214,0.0,0.0,0.19756791047332947,0.07902716418933141
979.0,49.999999999999645,19.999999999999822,2.4234865007057444e-07,0.0,0.0011135897280024568,0.0068738077598749225,0.10041822730415935,-0.4951885806200346,0.0,0.0,0.19787020650470136,0.07914808260188014
980.0,49.999999999999645,19.999999999999822,2.3050025618682774e-07,0.0,0.0011025038088629984,0.006860072510612593,0.10041614087819023,-0.49519208431434836,0.0,0.0,0.1981722003760388,0.07926888015041511
981.0,49.999999999999645,19.999999999999822,2.1923112873424755e-07,0.0,0.0010915282513765585,0.006846364707138521,0.10041406486033486,-0.49519561120407307,0.0,0.0,0.19847389238936594,0.07938955695574598
982.0,49.999999999999645,19.999999999999822,2.0851294745258863e-07,0.0,0.0010806619568796607,0.006832684294610509,0.10041199919869774,-0.4951991610943348,0.0,0.0,0.19877528284640492,0.07951011313856157
983.0,49.999999999999645,19.999999999999822,1.983187766554342e-07,0.0,0.0010699038376461556,0.006819031218295937,0.10040994384164087,-0.4952027337913694,0.0,0.0,0.1990763720485764,0.07963054881943019
984.0,49.999999999999645,19.999999999999822,1.8862299753856229e-07,0.0,0.001059252816778338,0.0068054054235715585,0.10040789873778252,-0.4952063291025173,0.0,0.0,0.19937716029699976,0.07975086411879953
985.0,49.999999999999645,19.999999999999822,1.794012437977469e-07,0.0,0.0010487078280991481,0.006791806855923274,0.1004058638359961,-0.49520994683621833,0.0,0.0,0.19967764789249332,0.07987105915699697
986.0,49.999999999999645,19.999999999999822,1.706303403941968e-07,0.0,0.0010382678160454465,0.006778235460945916,0.1004038390854089,-0.49521358680200617,0.0,0.0,0.19997783513557474,0.07999113405422953
987.0,49.999999999999645,19.999999999999822,1.6228824531374356e-07,0.0,0.001027931735562351,0.006764691184343023,0.10040182443540084,-0.4952172488105031,0.0,0.0,0.20027772232646132,0.08011108893058418
988.0,49.999999999999645,19.999999999999822,1.5435399417341585e-07,0.0,0.001017698551998626,0.006751173971926638,0.10039981983560332,-0.49522093267341405,0.0,0.0,0.20057730976507027,0.08023092390602775
989.0,49.999999999999645,19.999999999999822,1.4680764753619053e-07,0.0,0.0010075672410031137,0.006737683769617076,0.100397825235898,-0.49522463820352236,0.0,0.0,0.20087659775101901,0.08035063910040727
990.0,49.999999999999645,19.999999999999822,1.396302408015193e-07,0.0,0.000997536788422194,0.006724220523442716,0.10039584058641557,-0.49522836521468316,0.0,0.0,0.20117558658362553,0.08047023463344985
991.0,49.999999999999645,19.999999999999822,1.3280373654570018e-07,0.0,0.0009876061901982675,0.006710784179539778,0.10039386583753464,-0.49523211352181945,0.0,0.0,0.20147427656190858,0.08058971062476304
992.0,49.999999999999645,19.999999999999822,1.2631097919232288e-07,0.0,0.0009777744522692492,0.006697374684152124,0.10039190093988046,-0.4952358829409156,0.0,0.0,0.20177266798458798,0.08070906719383479
993.0,49.999999999999645,19.999999999999822,1.2013565189886958e-07,0.0,0.0009680405904690609,0.006683991983631021,0.10038994584432376,-0.49523967328901264,0.0,0.0,0.20207076115008502,0.0808283044600336
994.0,49.999999999999645,19.999999999999822,1.1426223555112441e-07,0.0,0.0009584036304291152,0.006670636024434941,0.10038800050197962,-0.495243484384203,0.0,0.0,0.2023685563565227,0.08094742254260869
995.0,49.999999999999645,19.999999999999822,1.086759697623407e-07,0.0,0.0009488626074807813,0.006657306753129346,0.10038606486420616,-0.49524731604562516,0.0,0.0,0.20266605390172604,0.08106642156069002
996.0,49.999999999999645,19.999999999999822,1.0336281577915415e-07,0.0,0.0009394165665588194,0.006644004116386465,0.10038413888260354,-0.4952511680934584,0.0,0.0,0.20296325408322238,0.08118530163328858
997.0,49.999999999999645,19.999999999999822,9.830942120102085e-08,0.0,0.0009300645621057792,0.006630728060985088,0.10038222250901264,-0.4952550403489176,0.0,0.0,0.20326015719824167,0.08130406287929628
998.0,49.999999999999645,19.999999999999822,9.350308642451748e-08,0.0,0.0009208056579773482,0.006617478533810356,0.10038031569551395,-0.495258932634248,0.0,0.0,0.20355676354371668,0.0814227054174863
999.0,49.999999999999645,19.999999999999822,8.893173272817519e-08,0.0,0.000911638927348642,0.006604255481853538,0.10037841839442638,-0.49526284477272,0.0,0.0,0.20385307341628348,0.08154122936651305
1000.0,49.499999999999645,19.799999999999823,8.458387191764186e-08,0.0,0.0009025634526214294,0.006591058852211832,0.10037653055830617,-0.4952667765886244,0.0,0.0,0.20414858711228162,0.08165943484491232
1001.0,44.76691271293549,17.90676508517417,8.044857745488849e-08,0.0,0.0008935783253322798,0.00657788859208814,0.10037465213994567,-0.49527072790726673,0.0,0.0,0.20441289132315252,0.08176515652926065
1002.0,40.48639341106263,16.194557364425027,7.651545699890473e-08,0.0,0.0008846826460616244,0.006564744648790865,0.10037278309237223,-0.4952746985549622,0.0,0.0,0.20463214764599516,0.0818528590583977
1003.0,36.61516848271961,14.646067393087822,7.277462628887643e-08,0.0,0.0008758755243437241,0.0065516269697337,0.10037092336884698,-0.49527868835903066,0.0,0.0,0.2048106832331592,0.08192427329326331
1004.0,33.114102049198934,13.245640819679558,6.921668430421107e-08,0.0,0.0008671560785775328,0.006538535502435416,0.1003690729228638,-0.49528269714779216,0.0,0.0,0.20495241146390758,0.08198096458556267
1005.0,29.94780032330784,11.979120129323118,6.583268963898634e-08,0.0,0.0008585234359384485,0.0065254701945196515,0.10036723170814804,-0.49528672475056046,0.0,0.0,0.20506087150856034,0.08202434860342378
1006.0,27.08425379834249,10.833701519336978,6.261413803144896e-08,0.0,0.0008499767322909428,0.006512430993714702,0.10036539967865554,-0.49529077099763935,0.0,0.0,0.20513926410959687,0.08205570564383839
1007.0,24.494513650210077,9.797805460084014,5.955294099209326e-08,0.0,0.0008415151121020598,0.006499417847853316,0.10036357678857143,-0.49529483572031674,0.0,0.0,0.20519048394144362,0.08207619357657708
1008.0,22.152399081308474,8.860959632523375,5.6641405476610237e-08,0.0,0.0008331377283557767,0.006486430704872477,0.10036176299230898,-0.49529891875086035,0.0,0.0,0.20521714887608578,0.08208685955043393
1009.0,20.034232647576893,8.013693059030743,5.387221455262345e-08,0.0,0.0008248437424682167,0.006473469512813206,0.10035995824450845,-0.49530301992251197,0.0,0.0,0.2052216264503621,0.0820886505801445
1010.0,18.118600893024727,7.247440357209877,5.1238409011625746e-08,0.0,0.0008166323242037061,0.006460534219820346,0.1003581625000362,-0.49530713906948326,0.0,0.0,0.20520605780251192,0.08208242312100443
1011.0,16.386137871890078,6.55445514875602,4.873336987990594e-08,0.0,0.0008085026515916666,0.006447624774142359,0.10035637571398329,-0.49531127602695024,0.0,0.0,0.20517237931995883,0.08206895172798319
1012.0,14.8193293699603,5.92773174798411,4.635080178451405e-08,0.0,0.0008004539108443354,0.006434741124131114,0.10035459784166446,-0.49531543063104827,0.0,0.0,0.20512234221717857,0.0820489368868711
1013.0,13.402335845843615,5.3609343383374375,4.4084717132462294e-08,0.0,0.0007924852962753043,0.006421883218241686,0.10035282883861718,-0.495319602718868,0.0,0.0,0.2050575302415717,0.08202301209662836
1014.0,12.120832302228932,4.848332920891565,4.192942106340287e-08,0.0,0.0007845960102188705,0.0064090510050321455,0.10035106866060037,-0.49532379212844907,0.0,0.0,0.20497937568633737,0.0819917502745346
1015.0,10.961863468323546,4.384745387329413,3.9879497137967386e-08,0.0,0.0007767852629501879,0.006396244433163352,0.10034931726359343,-0.4953279986987771,0.0,0.0,0.20488917387222919,0.08195566954889132
1016.0,9.91371282944566,3.9654851317782582,3.7929793725801535e-08,0.0,0.0007690522726062165,0.006383463451398759,0.10034757460379508,-0.4953322222697769,0.0,0.0,0.20478809624459607,0.08191523849783808
1017.0,8.965784179735472,3.586313671894184,3.6075411059086926e-08,0.0,0.0007613962651074562,0.006370708008604195,0.10034584063762227,-0.49533646268230913,0.0,0.0,0.20467720221811073,0.08187088088724394
1018.0,8.10849450055028,3.2433978002201074,3.431168891901451e-08,0.0,0.000753816474080461,0.006357978053747661,0.1003441153217092,-0.49534071977816446,0.0,0.0,0.20455744988892993,0.08182297995557164
1019.0,7.333177081605143,2.9332708326420525,3.2634194924264864e-08,0.0,0.0007463121407811248,0.0063452735358991395,0.10034239861290611,-0.49534499340005933,0.0,0.0,0.20442970572258023,0.0817718822890318
1020.0,6.631993905469069,2.652797562187623,3.103871339206298e-08,0.0,0.0007388825140187294,0.006332594404230376,0.10034069046827843,-0.4953492833916318,0.0,0.0,0.2042947533155084,0.08171790132620305
1021.0,5.997856409673861,2.399142563869541,2.9521234743814725e-08,0.0,0.0007315268500807505,0.00631994060801468,0.10033899084510539,-0.495353589597435,0.0,0.0,0.20415330131886997,0.08166132052754763
1022.0,5.424353825385703,2.1697415301542797,2.8077945428700296e-08,0.0,0.0007242444126584112,0.0063073120966267255,0.10033729970087928,-0.4953579118629342,0.0,0.0,0.20400599060466204,0.08160239624186445
1023.0,4.905688368184268,1.962275347273706,2.6705218339901964e-08,0.0,0.0007170344727729763,0.006294708819542344,0.1003356169933042,-0.49536225003450124,0.0,0.0,0.2038534007466452,0.0815413602986577
1024.0,4.436616625765044,1.7746466503060165,2.539960369938108e-08,0.0,0.0007098963087027812,0.006282130726338328,0.10033394268029516,-0.4953666039594103,0.0,0.0,0.203696055881573,0.08147842235262881
1025.0,4.012396550027951,1.6049586200111794,2.415782038829724e-08,0.0,0.0007028292059109875,0.006269577766692225,0.10033227671997684,-0.4953709734858324,0.0,0.0,0.20353443000998298,0.08141377200399279
1026.0,3.628739517672446,1.4514958070689776,2.2976747701282076e-08,0.0,0.0006958324569740561,0.006257049890382132,0.10033061907068279,-0.4953753584628321,0.0,0.0,0.2033689517901369,0.08134758071605436
1027.0,3.281766974659055,1.312706789863621,2.1853417503845516e-08,0.0,0.0006889053615109342,0.006244547047286504,0.10032896969095416,-0.49537975874036133,0.0,0.0,0.20320000887357434,0.08128000354942935
1028.0,2.967971226237522,1.1871884904950083,2.0785006773205492e-08,0.0,0.0006820472261129463,0.006232069187383949,0.10032732853953884,-0.49538417416925606,0.0,0.0,0.20302795182610983,0.08121118073044359
1029.0,2.6841799761511163,1.0736719904604457,1.976883050379543e-08,0.0,0.0006752573642743829,0.006219616260753026,0.10032569557539037,-0.4953886046012312,0.0,0.0,0.20285309767391205,0.08114123906956447
1030.0,2.4275242565286295,0.9710097026114514,1.88023349596206e-08,0.0,0.0006685350963237817,0.006207188217572048,0.10032407075766696,-0.4953930498888763,0.0,0.0,0.2026757331105145,0.08107029324420545
1031.0,2.195409424253567,0.8781637697014267,1.7883091256505897e-08,0.0,0.0006618797493558908,0.006194785008118879,0.10032245404573041,-0.49539750988565023,0.0,0.0,0.20249611739717838,0.080998446958871
1032.0,1.9854889306003267,0.7941955722401302,1.7008789258106628e-08,0.0,0.000655290657164311,0.006182406582770744,0.10032084539914514,-0.4954019844458777,0.0,0.0,0.20231448498592872,0.08092579399437114
1033.0,1.7956405989633355,0.7182562395853337,1.6177231770342618e-08,0.0,0.0006487671601748076,0.006170052892004019,0.10031924477767719,-0.4954064734247442,0.0,0.0,0.20213104789178135,0.08085241915671221
1034.0,1.623945170860514,0.6495780683442052,1.53863290196656e-08,0.0,0.0006423086053792858,0.006157723886394038,0.10031765214129323,-0.49541097667829204,0.0,0.0,0.2019459978381423,0.0807783991352566
1035.0,1.468666903323359,0.5874667613293433,1.4634093401283444e-08,0.0,0.0006359143462704256,0.0061454195166149,0.10031606745015952,-0.49541549406341484,0.0,0.0,0.20175950819706856,0.08070380327882713
1036.0,1.328236021524335,0.5312944086097335,1.3918634484142989e-08,0.0,0.0006295837427769639,0.0061331397334392634,0.10031449066464093,-0.49542002543785435,0.0,0.0,0.2015717357440052,0.0806286942976018
1037.0,1.201232849247617,0.4804931396990466,1.3238154260118627e-08,0.0,0.0006233161611996242,0.006120884487738151,0.10031292174530002,-0.495424570660195,0.0,0.0,0.2013828222447381,0.08055312889789498
1038.0,1.0863734567712982,0.43454938270851917,1.259094262546744e-08,0.0,0.0006171109741476821,0.0061086537304807596,0.10031136065289592,-0.49542912958986046,0.0,0.0,0.20119289589060543,0.08047715835624193
1039.0,0.9824966810693148,0.3929986724277256,1.1975373083195382e-08,0.0,0.0006109675604761629,0.006096447412734256,0.10030980734838357,-0.49543370208710863,0.0,0.0,0.2010020725964773,0.08040082903859072
1040.0,0.8885523871147305,0.355420954845892,1.1389898655534253e-08,0.0,0.0006048853052236648,0.006084265485663589,0.10030826179291251,-0.49543828801302725,0.0,0.0,0.20081045717462534,0.08032418286984994
1041.0,0.8035908516128466,0.3214363406451384,1.0833047996257103e-08,0.0,0.0005988635995508002,0.006072107900531284,0.10030672394782605,-0.49544288722953017,0.0,0.0,0.2006181443963491,0.08024725775853941
1042.0,0.7267531618397185,0.2907012647358872,1.0303421693062059e-08,0.0,0.0005929018406792506,0.006059974608697259,0.10030519377466027,-0.49544749959935225,0.0,0.0,0.20042521995209187,0.08017008798083651
1043.0,0.6572625325238142,0.26290501300952546,9.799688750732117e-09,0.0,0.0005869994318314278,0.00604786556161862,0.10030367123514311,-0.4954521249860461,0.0,0.0,0.20023176131975254,0.08009270452790077
1044.0,0.5944164529894289,0.2377665811957714,9.32058324623278e-09,0.0,0.0005811557821707362,0.006035780710849474,0.10030215629119336,-0.49545676325397686,0.0,0.0,0.2000378385499709,0.08001513541998811
1045.0,0.5375795851739532,0.21503183406958118,8.864901147341547e-09,0.0,0.0005753703067424292,0.006023720008040733,0.10030064890491966,-0.4954614142683179,0.0,0.0,0.19984351497632577,0.07993740599053006
1046.0,0.48617734072199215,0.19447093628879678,8.431497286814193e-09,0.0,0.0005696424264150543,0.006011683404939918,0.10029914903861971,-0.4954660778950478,0.0,0.0,0.1996488478576255,0.07985953914304995
1047.0,0.4396900722244178,0.17587602888976706,8.019282484483648e-09,0.0,0.0005639715678224826,0.00599967085339097,0.10029765665477922,-0.4954707540009451,0.0,0.0,0.1994538889587836,0.0797815555835132
1048.0,0.3976478198790901,0.15905912795163593,7.62722081005912e-09,0.0,0.0005583571633065137,0.005987682305334056,0.10029617171607093,-0.495475442453584,0.0,0.0,0.1992586850761527,0.07970347403046081
1049.0,0.35962556046497884,0.14385022418599144,7.254326979746582e-09,0.0,0.0005527986508600522,0.005975717712805375,0.10029469418535387,-0.49548014312133115,0.0,0.0,0.19906327851262678,0.07962531140505044
1050.0,0.3252389105995219,0.13009556423980864,6.899663880148141e-09,0.0,0.0005472954740708509,0.005963777027936965,0.10029322402567223,-0.4954848558733407,0.0,0.0,0.1988677075073154,0.0795470830029259
1051.0,0.29414024084159873,0.11765609633663934,6.5623402132176724e-09,0.0,0.0005418470820658129,0.0059518602029565194,0.1002917612002545,-0.49548958057955034,0.0,0.0,0.1986720066241331,0.07946880264965298
1052.0,0.2660151613559146,0.10640606454236569,6.241508256354242e-09,0.0,0.0005364529294558496,0.0059399671901871854,0.10029030567251265,-0.49549431711067754,0.0,0.0,0.19847620710323274,0.07939048284129285
1053.0,0.24057934361086397,0.09623173744434546,5.936361732004275e-09,0.0,0.0005311124762812852,0.00592809794204738,0.10028885740604107,-0.4954990653382149,0.0,0.0,0.19828033717883561,0.079312134871534
1054.0,0.2175756459790493,0.08703025839161962,5.646133781418601e-09,0.0,0.0005258251879578078,0.005916252411050598,0.10028741636461573,-0.49550382513442676,0.0,0.0,0.198084422366671,0.07923376894666818
1055.0,0.1967715141819137,0.07870860567276537,5.370095037472248e-09,0.0,0.0005205905352229562,0.005904430549805222,0.10028598251219331,-0.49550859637234423,0.0,0.0,0.19788848572393183,0.07915539428957254
1056.0,0.17795663029846345,0.0711826521193853,5.107551791703825e-09,0.0,0.0005154079940831405,0.0058926323110143316,0.10028455581291024,-0.49551337892576236,0.0,0.0,0.19769254808437328,0.07907701923374912
1057.0,0.16094078657089908,0.06437631462835955,4.857844250968111e-09,0.0,0.0005102770457611895,0.005880857647475516,0.10028313623108188,-0.4955181726692355,0.0,0.0,0.19749662827093223,0.07899865130837268
1058.0,0.1455519625125388,0.05822078500501546,4.620344879320679e-09,0.0,0.000505197176644421,0.005869106512080683,0.1002817237312015,-0.4955229774780728,0.0,0.0,0.19730074328801617,0.07892029731520622
1059.0,0.13163458587869356,0.05265383435147737,4.394456820967552e-09,0.0,0.0005001678782332288,0.005857378857815874,0.10028031827793955,-0.49552779322833523,0.0,0.0,0.1971049084954059,0.0788419633981621
1060.0,0.11904795991989757,0.04761918396795897,4.179612400316651e-09,0.0,0.000495188647090181,0.005845674637761071,0.10027891983614268,-0.4955326197968312,0.0,0.0,0.19690913776553018,0.07876365510621178
1061.0,0.10766484101792195,0.04306593640716873,3.975271695361527e-09,0.0,0.0004902589847896254,0.005833993805090012,0.10027752837083284,-0.4955374570611124,0.0,0.0,0.19671344362570162,0.07868537745028036
1062.0,0.09737015232528129,0.038948060930112466,3.780921180812191e-09,0.0,0.0004853783978677976,0.005822336313070007,0.1002761438472065,-0.4955423048994702,0.0,0.0,0.19651783738675285,0.07860713495470086
1063.0,0.08805982040386127,0.03522392816154446,3.5960724375630842e-09,0.0,0.00048054639777342313,0.005810702115061743,0.10027476623063372,-0.49554716319093195,0.0,0.0,0.19632232925937224,0.07852893170374863
1064.0,0.0796397231017467,0.03185588924069865,3.4202609252549915e-09,0.0,0.00047576250081881477,0.005799091164519105,0.1002733954866573,-0.4955520318152565,0.0,0.0,0.19612692845931629,0.07845077138372623
1065.0,0.07202473803188429,0.028809895212753695,3.2530448148462567e-09,0.0,0.00047102622813145376,0.005787503414988985,0.1002720315809919,-0.4955569106529308,0.0,0.0,0.1959316433025612,0.07837265732102419
1066.0,0.06513788203324108,0.02605515281329641,3.0940038782594265e-09,0.0,0.00046633710560605465,0.0057759388201110975,0.10027067447952322,-0.49556179958516605,0.0,0.0,0.19573648129135673,0.0782945925165424
1067.0,0.0589095329149013,0.02356381316596049,2.9427384323129276e-09,0.0,0.0004616946638571071,0.005764397333617791,0.1002693241483071,-0.4955666984938939,0.0,0.0,0.19554144919205171,0.07821657967682041
1068.0,0.053276725615377905,0.02131069024615114,2.7988683342837902e-09,0.0,0.00045709843817188963,0.005752878909333871,0.10026798055356873,-0.49557160726176236,0.0,0.0,0.19534655310547777,0.07813862124219088
1069.0,0.0481825156617102,0.019273006264684055,2.662032026577173e-09,0.0,0.0004525479684639515,0.005741383501176409,0.10026664366170178,-0.49557652577213257,0.0,0.0,0.19515179853060335,0.07806071941224112
1070.0,0.0435754034932817,0.017430161397312655,2.5318856281018775e-09,0.0,0.0004480427992270578,0.005729911063154558,0.1002653134392675,-0.4955814539090743,0.0,0.0,0.19495719042210083,0.07798287616884016
1071.0,0.03940881383060002,0.015763525532239985,2.40810207006839e-09,0.0,0.00044358247948959276,0.005718461549369372,0.10026398985299402,-0.49558639155736295,0.0,0.0,0.19476273324240992,0.07790509329696382
1072.0,0.03564062482575372,0.014256249930301466,2.290370274037642e-09,0.0,0.00043916656276941695,0.00570703491401362,0.10026267286977539,-0.4955913386024755,0.0,0.0,0.1945684310088221,0.07782737240352867
1073.0,0.03223274223452546,0.012893096893810163,2.178394370154868e-09,0.0,0.0004347946070291743,0.005695631111371602,0.10026136245667083,-0.495596294930587,0.0,0.0,0.19437428733606318,0.07774971493442509
1074.0,0.029150714305284067,0.011660285722113606,2.0718929536038994e-09,0.0,0.0004304661746320434,0.005684250095818966,0.10026005858090382,-0.4956012604285659,0.0,0.0,0.1941803054748044,0.07767212218992157
1075.0,0.026363383491401642,0.010545353396560637,1.9705983774133177e-09,0.0,0.00042618083229793,0.005672891821822529,0.10025876120986142,-0.49560623498397227,0.0,0.0,0.19398648834649082,0.07759459533859617
1076.0,0.02384257146620668,0.009537028586482654,1.8742560798372187e-09,0.0,0.0004219381510600949,0.005661556243940091,0.10025747031109336,-0.4956112184850527,0.0,0.0,0.19379283857484,0.07751713542993582
1077.0,0.021562794256153713,0.008625117702461467,1.7826239446202433e-09,0.0,0.0004177377062222143,0.005650243316820259,0.10025618585231118,-0.4956162108207368,0.0,0.0,0.19359935851432797,0.077439743405731
1078.0,0.019501004612368224,0.007800401844947275,1.6954716925391686e-09,0.0,0.00041357907731586705,0.005638952995202252,0.10025490780138759,-0.4956212118806343,0.0,0.0,0.19340605027595212,0.07736242011038066
1079.0,0.01763635901608984,0.007054543606435924,1.6125803026919519e-09,0.0,0.0004094618480584458,0.005627685233915739,0.10025363612635542,-0.49562622155503055,0.0,0.0,0.1932129157505306,0.07728516630021207
1080.0,0.015950006962571567,0.006380002785028616,1.5337414620798766e-09,0.0,0.0004053856063114862,0.005616439987880641,0.10025237079540712,-0.495631239734884,0.0,0.0,0.19301995662977353,0.07720798265190923
1081.0,0.014424900393215354,0.0057699601572861305,1.458757042099555e-09,0.0,0.0004013499440394114,0.005605217212106962,0.10025111177689375,-0.49563626631182167,0.0,0.0,0.1928271744253397,0.0771308697701357
1082.0,0.013045621349411422,0.005218248539764557,1.3874386006291714e-09,0.0,0.0003973544572686882,0.005594016861694604,0.10024985903932418,-0.49564130117813604,0.0,0.0,0.19263457048607094,0.0770538281944282
1083.0,0.011798226105759863,0.004719290442303934,1.3196069084576591e-09,0.0,0.0003933987460473879,0.0055828388918331895,0.10024861255136448,-0.49564634422678167,0.0,0.0,0.1924421460135786,0.07697685840543125
1084.0,0.010670104206950151,0.00426804168278005,1.2550914988666984e-09,0.0,0.00038948241440515133,0.00557168325780188,0.10024737228183699,-0.4956513953513714,0.0,0.0,0.19224990207633977,0.07689996083053571
1085.0,0.009649850983241752,0.00385994039329669,1.1937302392335868e-09,0.0,0.0003856050703135516,0.005560549914969194,0.10024613819971954,-0.49565645444617334,0.0,0.0,0.19205783962244538,0.07682313584897794
1086.0,0.008727152255749925,0.003490860902299962,1.1353689235783934e-09,0.0,0.0003817663256468518,0.005549438818792842,0.1002449102741448,-0.49566152140610653,0.0,0.0,0.1918659594911296,0.07674638379645164
1087.0,0.007892680065972886,0.0031570720263891477,1.0798608850314285e-09,0.0,0.0003779657961431531,0.005538349924819533,0.10024368847439932,-0.4956665961267383,0.0,0.0,0.19167426242319668,0.0766697049692785
1088.0,0.007137998375445186,0.0028551993501780685,1.027066627247126e-09,0.0,0.00037420310136593006,0.005527283188684804,0.10024247276992296,-0.4956716785042809,0.0,0.0,0.19148274907045082,0.07659309962818016
1089.0,0.0064554777821945915,0.002582191112877832,9.768534738380545e-10,0.0,0.0003704778646659485,0.0055162385661128395,0.10024126313030793,-0.49567676843558695,0.0,0.0,0.19129142000422414,0.07651656800168948
1090.0,0.00583821839183438,0.0023352873567337477,9.290952349480546e-10,0.0,0.00036678971314356223,0.005505216012916297,0.10024005952529823,-0.49568186581814755,0.0,0.0,0.19110027572308966,0.07644011028923567
1091.0,0.005279980063561743,0.002111992025424694,8.836718901265711e-10,0.0,0.00036313827761138597,0.005494215484996129,0.10023886192478876,-0.4956869705500881,0.0,0.0,0.19090931665983624,0.07636372666393433
1092.0,0.004775119325889088,0.0019100477303556327,8.404692867072183e-10,0.0,0.00035952319255733894,0.00548323693834141,0.10023767029882455,-0.49569208253016467,0.0,0.0,0.19071854318777712,0.07628741727511067
1093.0,0.004318532324362217,0.0017274129297448848,7.993788529325766e-10,0.0,0.00035594409610805686,0.005472280329029149,0.10023648461760014,-0.49569720165776143,0.0,0.0,0.19052795562645458,0.07621118225058165
1094.0,0.003905603224499297,0.001562241289799717,7.60297325104282e-10,0.0,0.0003524006299926683,0.005461345613224132,0.10023530485145873,-0.49570232783288665,0.0,0.0,0.19033755424679985,0.07613502169871976
1095.0,0.0035321575483337523,0.0014128630193334993,7.231264880727111e-10,0.0,0.000348892439506931,0.005450432747178731,0.10023413097089144,-0.49570746095616974,0.0,0.0,0.19014733927579897,0.07605893571031942
1096.0,0.00319441997282009,0.0012777679891280344,6.877729284140918e-10,0.0,0.00034541917347772624,0.005439541687232734,0.1002329629465366,-0.49571260092885755,0.0,0.0,0.18995731090071286,0.07598292436028498
1097.0,0.0028889761634686016,0.0011555904653874393,6.541477996747529e-10,0.0,0.0003419804842279057,0.005428672389813173,0.10023180074917906,-0.49571774765281207,0.0,0.0,0.18976746927289384,0.07590698770915734
1098.0,0.0026127382573687087,0.0010450953029474824,6.221665990925518e-10,0.0,0.00033857602754148856,0.005417824811434146,0.10023064434974936,-0.4957229010305057,0.0,0.0,0.18957781451123698,0.0758311258044946
1099.0,0.0023629136466540007,0.0009451654586615991,5.917489552343626e-10,0.0,0.00033520546262920533,0.005406998908696646,0.10022949371932309,-0.4957280609650194,0.0,0.0,0.18938834670530175,0.07575533868212048
1100.0,0.0021369767468275664,0.0008547906987310255,5.628184260159387e-10,0.0,0.0003318684520943849,0.005396194638288386,0.10022834882912017,-0.4957332273600389,0.0,0.0,0.18919906591813482,0.07567962636725367
1101.0,0.0019326434645414792,0.0007730573858165907,5.353023065965599e-10,0.0,0.0003285646618991799,0.005385411956983622,0.10022720965050397,-0.4957384001198505,0.0,0.0,0.18900997218882315,0.075603988875529
1102.0,0.001747848106714228,0.0006991392426856903,5.091314466656829e-10,0.0,0.0003252937613311299,0.0053746508216429905,0.10022607615498084,-0.49574357914934003,0.0,0.0,0.18882106553480296,0.07552842621392092
1103.0,0.001580722497550424,0.0006322889990201688,4.842400766624249e-10,0.0,0.0003220554229700569,0.005363911189213324,0.10022494831419923,-0.49574876435398746,0.0,0.0,0.18863234595394782,0.07545293838157886
1104.0,0.0014295770923477523,0.0005718308369391004,4.6056564249115436e-10,0.0,0.0003188493226552897,0.005353193016727484,0.100223826099949,-0.4957539556398654,0.0,0.0,0.18844381342645702,0.07537752537058254
1105.0,0.0012928838971625136,0.000517153558865005,4.380486483178138e-10,0.0,0.0003156751394532157,0.005342496261304192,0.10022270948416075,-0.4957591529136347,0.0,0.0,0.18825546791656342,0.0753021871666251
1106.0,0.0011692610216613038,0.00046770440866452094,4.166325070519109e-10,0.0,0.00031253255562515447,0.005331820880147852,0.1002215984389052,-0.4957643560825425,0.0,0.0,0.188067309374078,0.07522692374963094
1107.0,0.0010574587089969643,0.00042298348359878524,3.9626339813842453e-10,0.0,0.0003094212565955525,0.005321166830548384,0.10022049293639226,-0.4957695650544179,0.0,0.0,0.18787933773578672,0.07515173509431446
1108.0,0.0009563467014788061,0.00038253868059152197,3.768901323022471e-10,0.0,0.00030634093092049347,0.00531053406988105,0.10021939294897057,-0.49577477973766987,0.0,0.0,0.1876915529267138,0.0750766211706853
1109.0,0.0008649028143112284,0.00034596112572449087,3.5846402290525233e-10,0.0,0.00030329127025652275,0.005299922555606286,0.10021829844912669,-0.4957800000412833,0.0,0.0,0.18750395486126392,0.07500158194450532
1110.0,0.0007822026018877435,0.00031288104075509693,3.409387635927e-10,0.0,0.0003002719693297815,0.0052893322452695285,0.10021720940948439,-0.49578522587481677,0.0,0.0,0.18731654344425563,0.07492661737770202
1111.0,0.0007074100121725232,0.00028296400486900887,3.2427031192149186e-10,0.0,0.0002972827259054486,0.005278763096501048,0.10021612580280408,-0.4957904571483989,0.0,0.0,0.18712931857185577,0.07485172742874209
1112.0,0.0006397689346905903,0.0002559075738762357,3.0841677867782674e-10,0.0,0.00029432324075748733,0.005268215067015781,0.10021504760198201,-0.49579569377272537,0.0,0.0,0.18694228013242425,0.07477691205296946
1113.0,0.0005785955566816484,0.000231438222672659,2.9333832260610087e-10,0.0,0.00029139321763869145,0.005257688114613151,0.1002139747800497,-0.4958009356590564,0.0,0.0,0.1867554280072784,0.07470217120291112
1114.0,0.0005232714501426235,0.00020930858005704906,2.789970502844993e-10,0.0,0.00028849236325103136,0.0052471821971769176,0.10021290731017315,-0.4958061827192129,0.0,0.0,0.1865687620713841,0.07462750482855343
1115.0,0.0004732373198728522,0.00018929492794914047,2.653569208956557e-10,0.0,0.00028562038721629456,0.005236697272674987,0.10021184516565226,-0.4958114348655742,0.0,0.0,0.18638228219398076,0.0745529128775921
1116.0,0.00042798734931821537,0.0001711949397272858,2.523836556530626e-10,0.0,0.0002827770020470182,0.0052262332991592575,0.10021078831992009,-0.4958166920110747,0.0,0.0,0.1861959882391464,0.07447839529565835
1117.0,0.0003870640870539257,0.00015482563482156991,2.4004465165561287e-10,0.0,0.0002799619231177119,0.00521579023476545,0.10020973674654228,-0.4958219540692011,0.0,0.0,0.18600988006630909,0.07440395202652342
1118.0,0.0003500538222112179,0.00014002152888448682,2.2830889995378066e-10,0.0,0.0002771748686363658,0.005205368037712935,0.10020869041921632,-0.495827220953989,0.0,0.0,0.18582395753070904,0.0743295830122834
1119.0,0.00031658240209614434,0.00012663296083845744,2.1714690762153718e-10,0.0,0.00027441555961624345,0.005194966666304574,0.10020764931177091,-0.49583249258002066,0.0,0.0,0.18563822048381662,0.07425528819352645
1120.0,0.00028631144971898273,0.00011452457988759282,2.0653062363815913e-10,0.0,0.0002716837198479547,0.005184586078926541,0.10020661339816536,-0.4958377688624217,0.0,0.0,0.1854526687737106,0.07418106750948404
1121.0,0.0002589349429956327,0.0001035739771982528,1.9643336839366675e-10,0.0,0.000268979075871807,0.0051742262340481685,0.10020558265248881,-0.4958430497168581,0.0,0.0,0.18526730224541982,0.0741069208981677
1122.0,0.0002341761210386768,9.367044841547048e-05,1.8682976664073146e-10,0.0,0.0002663013569504319,0.005163887090221773,0.1002045570489597,-0.49584833505953335,0.0,0.0,0.18508212074123256,0.0740328482964928
1123.0,0.00021178468626247148,8.471387450498836e-05,1.7769568372455582e-10,0.0,0.0002636502950416838,0.005153568606082496,0.10020353656192509,-0.49585362480718564,0.0,0.0,0.1848971241009761,0.0739588496403902
1124.0,0.0001915342740171426,7.661370960685684e-05,1.6900816493046685e-10,0.0,0.00026102562477180863,0.005143270740348127,0.10020252116586002,-0.4958589188770852,0.0,0.0,0.1847123121622695,0.07388492486490755
1125.0,0.00017322016417092837,6.928806566837116e-05,1.6074537779679698e-10,0.0,0.00025842708340887994,0.005132993451818949,0.10020151083536688,-0.4958642171870314,0.0,0.0,0.1845276847607523,0.07381107390430067
1126.0,0.00015665721150626998,6.266288460250783e-05,1.5288655724808134e-10,0.0,0.0002558544108364992,0.005122736699377575,0.10020050554517472,-0.4958695196553491,0.0,0.0,0.1843432417302913,0.07373729669211626
1127.0,0.0001416779740071336,5.66711896028533e-05,1.4541195341068535e-10,0.0,0.0002533073495277576,0.005112500441988773,0.10019950527013871,-0.4958748262008871,0.0,0.0,0.18415898290316757,0.07366359316126678
1128.0,0.00012813102011561495,5.125240804624585e-05,1.3830278197971972e-10,0.0,0.00025078564451945756,0.005102284638699308,0.1001985099852394,-0.4958801367430144,0.0,0.0,0.18397490811024544,0.07358996324409793
1129.0,0.00011587939784515472,4.6351759138061776e-05,1.315411770125104e-10,0.0,0.0002482890433865908,0.005092089248637781,0.10019751966558219,-0.495885451201618,0.0,0.0,0.18379101718112567,0.07351640687245
1130.0,0.0001047992502739718,4.191970010958863e-05,1.2511014602998996e-10,0.0,0.00024581729621707025,0.005081914231014458,0.10019653428639667,-0.4958907694970997,0.0,0.0,0.18360730994428326,0.07344292397771301
1131.0,9.477856342214162e-05,3.791142536885658e-05,1.189935273131755e-10,0.0,0.00024337015558671348,0.005071759545121115,0.10019555382303605,-0.4958960915503734,0.0,0.0,0.1834237862271929,0.07336951449087688
1132.0,8.571603385407001e-05,3.428641354162795e-05,1.1317594928741676e-10,0.0,0.00024094737653447554,0.0050616251503308686,0.1001945782509764,-0.49590141728286263,0.0,0.0,0.1832404458564419,0.07329617834257647
1133.0,7.752004455846879e-05,3.1008017823387465e-05,1.0764279189234256e-10,0.0,0.00023854871653792792,0.005051511006098018,0.1001936075458162,-0.49590674661649736,0.0,0.0,0.18305728865783227,0.0732229154631326
1134.0,7.0107738752563e-05,2.804309550102515e-05,1.0238014984042584e-10,0.0,0.00023617393548898202,0.005041417071957879,0.10019264168327566,-0.49591207947371196,0.0,0.0,0.18287431445647334,0.07314972578258905
1135.0,6.340418224721811e-05,2.5361672898887198e-05,9.737479767183267e-11,0.0,0.00023382279566985402,0.0050313433075266254,0.10019168063919608,-0.49591741577744175,0.0,0.0,0.18269152307686531,0.07307660923074583
1136.0,5.7341605904975524e-05,2.2936642361990163e-05,9.261415651773492e-11,0.0,0.0002314950617292691,0.005021289672501125,0.10019072438953933,-0.4959227554511205,0.0,0.0,0.18250891434297475,0.0730035657371896
1137.0,5.1858720532678875e-05,2.0743488213071507e-05,8.808626248856027e-11,0.0,0.00022919050065890249,0.005011256126658781,0.10018977291038715,-0.4959280984186785,0.0,0.0,0.18232648807830296,0.07293059523132088
1138.0,4.690009728264582e-05,1.876003891305829e-05,8.377973660773679e-11,0.0,0.00022690888177005533,0.00500124262985737,0.10018882617794064,-0.4959334446045383,0.0,0.0,0.1821442441059477,0.0728576976423788
1139.0,4.2415607298594015e-05,1.6966242919437573e-05,7.968375621537255e-11,0.0,0.00022464997667056232,0.004991249142034877,0.10018788416851958,-0.4959387939336138,0.0,0.0,0.18196218224865923,0.07278487289946342
1140.0,3.835991494146105e-05,1.534396597658439e-05,7.578802777000574e-11,0.0,0.00022241355924192965,0.0049812756232093395,0.10018694685856196,-0.49594414633130657,0.0,0.0,0.18178030232889053,0.07271212093155596
1141.0,3.469201947191979e-05,1.3876807788767888e-05,7.20827609800737e-11,0.0,0.00022019940561669997,0.004971322033478691,0.10018601422462324,-0.4959495017235034,0.0,0.0,0.1815986041688432,0.07263944166753702
1142.0,3.1374840556260685e-05,1.2549936222504242e-05,6.855864420009094e-11,0.0,0.00021800729415604353,0.0049613883330205935,0.10018508624337585,-0.49595486003657385,0.0,0.0,0.18141708759050842,0.07256683503620312
1143.0,2.837484340534143e-05,1.1349937362136542e-05,6.520682102970493e-11,0.0,0.00021583700542757148,0.004951474482092286,0.10018416289160866,-0.4959602211973675,0.0,0.0,0.18123575241570472,0.07249430096628164
1144.0,2.5661699756972575e-05,1.0264679902789004e-05,6.201886805682087e-11,0.0,0.00021368832218337074,0.004941580441030416,0.10018324414622629,-0.4959655851332117,0.0,0.0,0.18105459846611127,0.07242183938644427
1145.0,2.3207981274463788e-05,9.283192509785491e-06,5.898677368886239e-11,0.0,0.00021156102933825739,0.004931706170250893,0.10018232998424854,-0.4959709517719084,0.0,0.0,0.18087362556329853,0.07234945022531919
1146.0,2.0988882261765035e-05,8.395552904705993e-06,5.610291801896886e-11,0.0,0.00020945491394824608,0.004921851630248717,0.10018142038280993,-0.495976321041732,0.0,0.0,0.18069283352875581,0.07227713341150212
1147.0,1.8981968892010547e-05,7.592787556804201e-06,5.3360053676531974e-11,0.0,0.00020736976518923446,0.00491201678159783,0.100180515319159,-0.4959816928714267,0.0,0.0,0.1805122221839162,0.07220488887356628
1148.0,1.7166952414309075e-05,6.866780965723614e-06,5.075128761394692e-11,0.0,0.00020530537433589925,0.004902201584950955,0.10017961477065777,-0.4959870671902039,0.0,0.0,0.1803317913501789,0.07213271654007133
1149.0,1.5525484046030242e-05,6.210193618412084e-06,4.8270063783806967e-11,0.0,0.0002032615347408029,0.004892406001039439,0.10017871871478126,-0.4959924439277399,0.0,0.0,0.1801515408489297,0.07206061633957166
1150.0,1.404096947706492e-05,5.616387790825956e-06,4.591014666300777e-11,0.0,0.0002012380418137078,0.004882629990673095,0.10017782712911681,-0.4959978230141731,0.0,0.0,0.17997147050155943,0.07198858820062352
1151.0,1.269840111080326e-05,5.079360444321294e-06,4.366560558235604e-11,0.0,0.00019923469300109665,0.004872873514740049,0.1001769399913636,-0.49600320438010176,0.0,0.0,0.17979158012948013,0.07191663205179183
1152.0,1.1484206345882359e-05,4.593682538352935e-06,4.153079982230159e-11,0.0,0.00019725128776589665,0.004863136534206574,0.10017605727933203,-0.49600858795658126,0.0,0.0,0.17961186955414069,0.07184474782165608
1153.0,1.0386110364918368e-05,4.154444145967339e-06,3.9500364437337126e-11,0.0,0.00019528762756740572,0.004853419010116943,0.10017517897094323,-0.49601397367512173,0.0,0.0,0.1794323385970399,0.07177293543881577
1154.0,9.393012043095325e-06,3.7572048172381228e-06,3.756919677344125e-11,0.0,0.00019334351584141815,0.004843720903593278,0.10017430504422847,-0.49601936146768577,0.0,0.0,0.17925298707973877,0.07170119483189534
1155.0,8.49487172211724e-06,3.39794868884689e-06,3.5732443644681974e-11,0.0,0.00019141875798054837,0.0048340421758353725,0.10017343547732863,-0.49602475126668577,0.0,0.0,0.1790738148238718,0.07162952592954855
1156.0,7.682609714982008e-06,3.0730438859927966e-06,3.3985489136754304e-11,0.0,0.0001895131613147508,0.004824382788120562,0.10017257024849358,-0.49603014300498155,0.0,0.0,0.17889482165115655,0.07155792866046246
1157.0,6.94801451551823e-06,2.7792058062072856e-06,3.232394300680147e-11,0.0,0.0001876265350920331,0.004814742701803552,0.10017170933608179,-0.496035536615878,0.0,0.0,0.1787160073834031,0.07148640295336108
1158.0,6.283659784735669e-06,2.5134639138942627e-06,3.0743629650367134e-11,0.0,0.00018575869045936203,0.004805121878316273,0.10017085271855959,-0.49604093203312244,0.0,0.0,0.17853737184252183,0.07141494873700859
1159.0,5.6828292747686216e-06,2.2731317099074442e-06,2.924057760775206e-11,0.0,0.00018390944044375875,0.004795520279167718,0.10017000037450083,-0.49604632919090247,0.0,0.0,0.17835891485053088,0.07134356594021221
1160.0,5.139448931436026e-06,2.055779572574406e-06,2.7811009583403584e-11,0.0,0.00018207859993358294,0.004785937865943797,0.10016915228258617,-0.4960517280238436,0.0,0.0,0.17818063622956273,0.07127225449182496
1161.0,4.648025489013896e-06,1.859210195605554e-06,2.6451332953255817e-11,0.0,0.0001802659856600028,0.004776374600307176,0.1001683084216027,-0.49605712846700667,0.0,0.0,0.17800253580187014,0.07120101432074796
1162.0,4.203590936448201e-06,1.6814363745792758e-06,2.515813073616471e-11,0.0,0.00017847141617864965,0.004766830443997127,0.10016746877044329,-0.49606253045588566,0.0,0.0,0.17782461338983166,0.07112984535593259
1163.0,3.8016522935932263e-06,1.520660917437287e-06,2.3928153006748564e-11,0.0,0.0001766947118514553,0.004757305358829375,0.10016663330810616,-0.49606793392640525,0.0,0.0,0.17764686881595634,0.07105874752638246
1164.0,3.438146189741823e-06,1.3752584758967263e-06,2.275830872805358e-11,0.0,0.00017493569482867003,0.004747799306695948,0.1001658020136942,-0.49607333881491833,0.0,0.0,0.1774693019028881,0.07098772076115514
1165.0,3.1093977852623246e-06,1.2437591141049272e-06,2.1645657983519355e-11,0.0,0.00017319418903105968,0.004738312249565016,0.10016497486641461,-0.496078745058204,0.0,0.0,0.17729191247340967,0.07091676498936375
1166.0,2.8120836210633216e-06,1.1248334484253264e-06,2.058740458872257e-11,0.0,0.00017147002013228002,0.004728844149480748,0.10016415184557836,-0.49608415259346517,0.0,0.0,0.17711470035044619,0.07084588014017836
1167.0,2.5431980203155186e-06,1.017279208126206e-06,1.958088906433156e-11,0.0,0.0001697630155414263,0.004719394968563154,0.10016333293059962,-0.4960895613583261,0.0,0.0,0.17693766535706834,0.07077506614282722
1168.0,2.3000227027712324e-06,9.200090811084915e-07,1.8623581952612192e-11,0.0,0.000168073004385757,0.004709964669007937,0.1001625181009952,-0.4960949712908304,0.0,0.0,0.17676080731649518,0.07070432292659797
1169.0,2.0800993044996057e-06,8.32039721799841e-07,1.771307746068898e-11,0.0,0.00016639981749358925,0.004700553213086342,0.10016170733638415,-0.4961003823294382,0.0,0.0,0.1765841260520969,0.07063365042083865
1170.0,1.8812045252277245e-06,7.524818100910885e-07,1.684708741458622e-11,0.0,0.00016474328737736457,0.004691160563145001,0.10016090061648712,-0.4961057944130241,0.0,0.0,0.17640762138739668,0.07056304855495857
1171.0,1.7013276520414022e-06,6.805310608165599e-07,1.6023435508855365e-11,0.0,0.00016310324821688303,0.004681786681605786,0.10016009792112605,-0.49611120748087567,0.0,0.0,0.17623129314607336,0.07049251725842923
1172.0,1.5386502322230605e-06,6.154600928892234e-07,1.5240051837337312e-11,0.0,0.0001614795358427048,0.00467243153096566,0.10015929923022346,-0.49611662147269003,0.0,0.0,0.17605514115196283,0.07042205646078502
1173.0,1.3915276897306702e-06,5.566110758922675e-07,1.4494967691315019e-11,0.0,0.00015987198771971642,0.004663095073796519,0.100158504523802,-0.49612203632857227,0.0,0.0,0.17587916522905991,0.07035166609162384
1174.0,1.2584726994708312e-06,5.03389079788332e-07,1.3786310611983775e-11,0.0,0.000158280442930861,0.004653777272745054,0.1001577137819841,-0.49612745198903335,0.0,0.0,0.1757033652015198,0.07028134608060779
1175.0,1.138140151289362e-06,4.5525606051574435e-07,1.3112299684805545e-11,0.0,0.00015670474216103014,0.004644478090532592,0.10015692698499126,-0.49613286839498766,0.0,0.0,0.17552774089365933,0.07021109635746361
1176.0,1.0293135516739078e-06,4.1172542066956277e-07,1.2471241063921701e-11,0.0,0.00015514472768111655,0.004635197489954951,0.1001561441131437,-0.49613828548775046,0.0,0.0,0.17535229212995831,0.0701409168519832
1177.0,9.30892725697531e-07,3.7235709027901203e-07,1.186152371537666e-11,0.0,0.00015360024333222502,0.00462593543388229,0.10015536514685976,-0.49614370320903595,0.0,0.0,0.1751770187350604,0.07007080749402404
1178.0,8.41882694876935e-07,3.367530779507736e-07,1.128161536845474e-11,0.0,0.0001520711345100409,0.004616691885258961,0.10015459006665549,-0.4961491215009557,0.0,0.0,0.17500192053377414,0.07000076821350955
1179.0,7.613836185068067e-07,3.045534474027223e-07,1.0730058664955645e-11,0.0,0.00015055724814935393,0.004607466807103363,0.10015381885314417,-0.49615454030601575,0.0,0.0,0.17482699735107377,0.06993079894042942
1180.0,6.885816967828978e-07,2.7543267871315875e-07,1.0205467496731348e-11,0.0,0.0001490584327087365,0.004598260162507789,0.10015305148703581,-0.4961599595671147,0.0,0.0,0.17465224901210002,0.06986089960483992
1181.0,6.227409437496006e-07,2.490963774998399e-07,9.706523522280347e-12,0.0,0.00014757453815537384,0.004589071914638282,0.10015228794913657,-0.4961653792275413,0.0,0.0,0.17447767534216063,0.06979107013686417
1182.0,5.631957469012049e-07,2.2527829876048167e-07,9.231972853645146e-12,0.0,0.000146105415950046,0.004579902026734483,0.10015152822034847,-0.49617079923097296,0.0,0.0,0.174303276166731,0.0697213104666923
1183.0,5.093441382186451e-07,2.0373765528745785e-07,8.7806229052869e-12,0.0,0.00014465091903225868,0.004570750462109494,0.1001507722816687,-0.49617621952147284,0.0,0.0,0.1741290513114547,0.06965162052458179
1184.0,4.606417086157497e-07,1.8425668344629964e-07,8.351339397018169e-12,0.0,0.00014321090180552254,0.004561617184149721,0.10015002011418934,-0.49618164004348847,0.0,0.0,0.17395500060214386,0.06958200024085742
1185.0,4.1659610427351283e-07,1.6663844170940491e-07,7.943043503461891e-12,0.0,0.00014178522012277858,0.004552502156314733,0.10014927169909674,-0.49618706074184876,0.0,0.0,0.17378112386477956,0.0695124495459117
1186.0,3.7676204922346377e-07,1.5070481968938532e-07,7.554709142872941e-12,0.0,0.0001403737312719691,0.004543405342137112,0.10014852701767112,-0.4961924815617631,0.0,0.0,0.1736074209255122,0.06944296837020474
1187.0,3.4073684386128544e-07,1.3629473754451403e-07,7.185360398508845e-12,0.0,0.00013897629396175204,0.00453432670522231,0.10014778605128612,-0.49619790244881823,0.0,0.0,0.1734338916106617,0.06937355664426456
1188.0,3.081562938832204e-07,1.2326251755328804e-07,6.834069066069339e-12,0.0,0.0001375927683073576,0.004525266209248505,0.10014704878140827,-0.4962033233489767,0.0,0.0,0.17326053574671782,0.06930421429868704
1189.0,2.7869102848912986e-07,1.1147641139565182e-07,6.499952321041305e-12,0.0,0.0001362230158165855,0.004516223817966447,0.10014631518959655,-0.49620874420857436,0.0,0.0,0.17308735316034032,0.06923494126413603
1190.0,2.5204317063133716e-07,1.0081726825253472e-07,6.182170500086893e-12,0.0,0.00013486689937594203,0.0045071994951993285,0.10014558525750196,-0.4962141649743192,0.0,0.0,0.172914343678359,0.06916573747134348
1191.0,2.2794332564736685e-07,9.117733025894662e-08,5.8799249908992906e-12,0.0,0.00013352428323691468,0.004498193204842624,0.10014485896686703,-0.49621958559328827,0.0,0.0,0.172741507127774,0.0690966028511095
1192.0,2.061478578333733e-07,8.245914313334919e-08,5.592456225223178e-12,0.0,0.0001321950330023837,0.004489204910863954,0.10014413629952537,-0.49622500601292624,0.0,0.0,0.17256884333575587,0.06902753733430224
1193.0,1.8643642742596618e-07,7.457457097038635e-08,5.319041769996134e-12,0.0,0.00013087901561316867,0.004480234577302936,0.10014341723740124,-0.49623042618104335,0.0,0.0,0.17239635212964552,0.06895854085185808
1194.0,1.6860976309272373e-07,6.744390523708936e-08,5.058994511813913e-12,0.0,0.00012957609933470936,0.004471282168271049,0.10014270176250903,-0.49623584604581317,0.0,0.0,0.1722240333369545,0.06888961333478165
1195.0,1.524876474125404e-07,6.099505896501604e-08,4.811660930156955e-12,0.0,0.00012828615374387876,0.004462347647951482,0.1001419898569529,-0.49624126555577086,0.0,0.0,0.17205188678536465,0.06882075471414571
1196.0,1.3790709498016425e-07,5.516283799206559e-08,4.576419455038638e-12,0.0,0.00012700904971592783,0.00445343098059899,0.10014128150292628,-0.4962466846598112,0.0,0.0,0.17187991230272853,0.0687519649210913
1197.0,1.2472070471659724e-07,4.988828188663879e-08,4.352678904947894e-12,0.0,0.00012574465941155973,0.004444532130539759,0.1001405766827114,-0.49625210330718605,0.0,0.0,0.17170810971706926,0.06868324388682757
1198.0,1.1279516972815661e-07,4.511806789126255e-08,4.139877001160605e-12,0.0,0.00012449285626413325,0.0044356510621712565,0.10013987537867892,-0.4962575214475033,0.0,0.0,0.17153647885658027,0.06861459154263198
1199.0,1.0200992964972057e-07,4.080397185988815e-08,3.937478954686111e-12,0.0,0.0001232535149669932,0.004426787739962091,0.10013917757328744,-0.496262939030724,0.0,0.0,0.17136501954962566,0.06854600781985014
1200.0,9.225595184811646e-08,3.690238073924651e-08,3.744976122297738e-12,0.0,0.00012202651146092717,0.00441794212845187,0.10013848324908305,-0.4962683560071612,0.0,0.0,0.17119373162473986,0.0684774926498958
1201.0,8.34346291643119e-08,3.3373851665724705e-08,3.561884728269804e-12,0.0,0.00012081172292174712,0.004409114192251057,0.10013779238869892,-0.49627377232747755,0.0,0.0,0.1710226149106276,0.06840904596425089
1202.0,7.54567830512105e-08,3.0182713220484156e-08,3.3877446486087332e-12,0.0,0.00011960902774799441,0.004400303896040831,0.1001371049748549,-0.4962791879426834,0.0,0.0,0.170851669236164,0.06834066769446542
1203.0,6.824176202934296e-08,2.7296704811737135e-08,3.222118254722973e-12,0.0,0.00011841830554876758,0.004391511204572949,0.10013642099035698,-0.49628460280413506,0.0,0.0,0.17068089443039433,0.06827235777215752
1204.0,6.171662634635422e-08,2.4686650538541644e-08,3.064589313625712e-12,0.0,0.00011723943713167097,0.004382736082669594,0.10013574041809697,-0.4962900168635325,0.0,0.0,0.170510290322534,0.06820411612901338
1205.0,5.581541059765889e-08,2.2326164239063512e-08,2.914761941906561e-12,0.0,0.00011607230449088351,0.004373978495223248,0.10013506324105202,-0.49629543007291826,0.0,0.0,0.17033985674196844,0.06813594269678713
1206.0,5.0478456853779165e-08,2.019138274151163e-08,2.7722596108434156e-12,0.0,0.00011491679079534617,0.004365238407196544,0.1001343894422842,-0.4963008423846746,0.0,0.0,0.17016959351825292,0.06806783740730092
1207.0,4.565181155266321e-08,1.826072462106525e-08,2.636724200154271e-12,0.0,0.00011377278037706719,0.004356515783622122,0.10013371900494006,-0.49630625375152226,0.0,0.0,0.16999950048111262,0.0679998001924448
1208.0,4.1286680059908465e-08,1.6514672023963357e-08,2.5078150980109874e-12,0.0,0.00011264015871954347,0.004347810589602496,0.10013305191225025,-0.4963116641265182,0.0,0.0,0.1698295774604423,0.0679318309841767
1209.0,3.733893338280465e-08,1.493557335312183e-08,2.3852083450532628e-12,0.0,0.00011151881244629744,0.004339122790309915,0.10013238814752909,-0.49631707346305437,0.0,0.0,0.16965982428630638,0.06786392971452232
1210.0,3.376866205135639e-08,1.3507464820542528e-08,2.2685958202516568e-12,0.0,0.00011040862930952793,0.004330452350986218,0.10013172769417414,-0.49632248171485516,0.0,0.0,0.1694902407889387,0.06779609631557525
1211.0,3.0539772656276754e-08,1.2215909062510682e-08,2.1576844665736576e-12,0.0,0.00010930949817887408,0.004321799236942697,0.10013107053566574,-0.4963278888359757,0.0,0.0,0.16932082679874233,0.0677283307194967
1212.0,2.7619622965180716e-08,1.104784918607227e-08,2.052195554506841e-12,0.0,0.00010822130903029108,0.004313163413559962,0.10013041665556671,-0.49633329478080046,0.0,0.0,0.16915158214628964,0.06766063285851565
1213.0,2.4978691928210966e-08,9.991476771284369e-09,1.951863981588279e-12,0.0,0.00010714395293503668,0.0043045448462878,0.1001297660375218,-0.4963386995040408,0.0,0.0,0.16898250666232206,0.06759300266492857
1214.0,2.2590281237041104e-08,9.03611249481643e-09,1.856437606179869e-12,0.0,0.0001060773220487673,0.004295943500645031,0.10012911866525742,-0.49634410296073384,0.0,0.0,0.16881360017774974,0.06752544007109962
1215.0,2.04302454201877e-08,8.172098168075069e-09,1.7656766138153004e-12,0.0,0.00010502130960074272,0.004287359342219379,0.10012847452258113,-0.49634950510623993,0.0,0.0,0.16864486252365177,0.06745794500946041
1216.0,1.8476747746048478e-08,7.390699098419382e-09,1.6793529145262326e-12,0.0,0.00010397580988313821,0.004278792336667331,0.10012783359338126,-0.4963549058962416,0.0,0.0,0.1684762935312757,0.06739051741251001
1217.0,1.6710039465985575e-08,6.684015786394221e-09,1.5972495696331193e-12,0.0,0.00010294071824046312,0.004270242449714,0.10012719586162652,-0.4963603052867411,0.0,0.0,0.16830789303203772,0.06732315721281483
1218.0,1.511226016572705e-08,6.0449040662908115e-09,1.519160246560154e-12,0.0,0.00010191593105908477,0.004261709647152983,0.10012656131136563,-0.49636570323405904,0.0,0.0,0.16813966085752227,0.06725586434300863
1219.0,1.3667257206753129e-08,5.466902882701243e-09,1.444888700304242e-12,0.0,0.00010090134575685654,0.004253193894846232,0.10012592992672686,-0.49637109969483273,0.0,0.0,0.1679715968394819,0.06718863873579246
1220.0,1.2360422432322432e-08,4.944168972928965e-09,1.3742482802548873e-12,0.0,9.989686077284942e-05,0.004244695158723911,0.10012530169191766,-0.4963764946260137,0.0,0.0,0.16780370080983725,0.06712148032393461
1221.0,1.1178544487329136e-08,4.471417794931646e-09,1.3070614611255886e-12,0.0,9.890237555718559e-05,0.004236213404784267,0.10012467659122429,-0.4963818879848671,0.0,0.0,0.16763597260067678,0.06705438904027042
1222.0,1.0109675259028957e-08,4.043870103611575e-09,1.2431593968179408e-12,0.0,9.791779056097335e-05,0.004227748599093486,0.10012405460901136,-0.4963872797289687,0.0,0.0,0.16746841204425675,0.06698736481770239
1223.0,9.14300908842578e-09,3.657203635370306e-09,1.1823814960972618e-12,0.0,9.694300722634208e-05,0.004219300707785558,0.10012343572972153,-0.49639266981620433,0.0,0.0,0.16730101897300084,0.06692040758920004
1224.0,8.268773531214862e-09,3.3075094124859403e-09,1.1245750190133817e-12,0.0,9.59779279765766e-05,0.00421086969706215,0.10012281993787502,-0.496398058204767,0.0,0.0,0.16713379321950028,0.06685351728779981
1225.0,7.478130563937975e-09,2.9912522255751865e-09,1.0695946930523654e-12,0.0,9.502245620634962e-05,0.0042024555331924614,0.1001222072180693,-0.4964034448531563,0.0,0.0,0.16696673461651343,0.06678669384660507
1226.0,6.763087236600988e-09,2.7052348946403917e-09,1.0173023480545325e-12,0.0,9.407649627205146e-05,0.004194058182513091,0.1001215975549787,-0.496408829720176,0.0,0.0,0.16679984299696574,0.06671993719878601
1227.0,6.116414868502762e-09,2.4465659474011016e-09,9.675665689812823e-13,0.0,9.313995348221602e-05,0.004185677611427907,0.10012099093335397,-0.49641421276493264,0.0,0.0,0.16663311819394963,0.06665324727757954
1228.0,5.531575970391231e-09,2.2126303881564898e-09,9.202623656581066e-13,0.0,9.221273408804207e-05,0.004177313786407908,0.10012038733802195,-0.4964195939468335,0.0,0.0,0.16646656004072424,0.06658662401628938
1229.0,5.002658154171263e-09,2.001063261668503e-09,8.752708586638216e-13,0.0,9.129474527400897e-05,0.004168966673991089,0.1001197867538852,-0.4964249732255856,0.0,0.0,0.16630016837071537,0.06652006734828586
1230.0,4.524314362029121e-09,1.8097257448116473e-09,8.324789805766355e-13,0.0,9.038589514858568e-05,0.004160636240782312,0.10011918916592158,-0.4964303505611931,0.0,0.0,0.16613394301751525,0.06645357720700583
1231.0,4.091708810724032e-09,1.6366835242896116e-09,7.917791918262563e-13,0.0,8.948609273503236e-05,0.004152322453453167,0.10011859455918387,-0.49643572591395657,0.0,0.0,0.1659678838148823,0.06638715352595266
1232.0,3.700468104574408e-09,1.480187241829762e-09,7.530692104379539e-13,0.0,8.859524796229355e-05,0.004144025278741843,0.10011800291879941,-0.49644109924447044,0.0,0.0,0.16580199059674117,0.0663207962386962
1233.0,3.3466370229189007e-09,1.3386548091675592e-09,7.162517549893982e-13,0.0,8.771327165598184e-05,0.004135744683452989,0.1001174142299698,-0.4964464705136223,0.0,0.0,0.16563626319718244,0.06625450527887274
1234.0,3.0266385350886833e-09,1.2106554140354724e-09,6.812343001343043e-13,0.0,8.684007552945162e-05,0.004127480634457588,0.1001168284779704,-0.49645183968259055,0.0,0.0,0.16547070145046244,0.06618828058018475
1235.0,2.737237638665112e-09,1.0948950554660441e-09,6.479288440784971e-13,0.0,8.597557217496141e-05,0.0041192330986928195,0.10011624564815007,-0.49645720671284316,0.0,0.0,0.16530530519100328,0.06612212207640109
1236.0,2.4755086554481542e-09,9.90203462179261e-10,6.162516874240361e-13,0.0,8.511967505492421e-05,0.004111002043161931,0.10011566572593074,-0.4964625715661355,0.0,0.0,0.16514007425339233,0.06605602970135672
1237.0,2.2388056545164573e-09,8.955222618065823e-10,5.86123222825627e-13,0.0,8.427229849324516e-05,0.004102787434934104,0.10011508869680709,-0.4964679342045097,0.0,0.0,0.16497500847238242,0.06599000338895276
1238.0,2.024735703373038e-09,8.098942813492148e-10,5.574677349307009e-13,0.0,8.343335766674506e-05,0.0040945892411443216,0.1001145145463461,-0.4964732945902918,0.0,0.0,0.16481010768289153,0.0659240430731564
1239.0,1.8311346767609194e-09,7.324538707043674e-10,5.302132101003974e-13,0.0,8.260276859666969e-05,0.004086407428993237,0.10011394326018681,-0.4964786526860917,0.0,0.0,0.1646453717200025,0.06585814868800077
1240.0,1.6560453785896165e-09,6.624181514358462e-10,5.042911554332647e-13,0.0,8.178044814028342e-05,0.004078241965747044,0.10011337482403997,-0.49648400845480023,0.0,0.0,0.16448080041896304,0.06579232016758503
1241.0,1.4976977557976186e-09,5.99079102319047e-10,4.796364266368674e-13,0.0,8.096631398254642e-05,0.004070092818737345,0.10011280922368743,-0.4964893618595876,0.0,0.0,0.1643163936151857,0.06572655744607409
1242.0,1.35449100412428e-09,5.417964016497117e-10,4.561870643147276e-13,0.0,8.016028462787504e-05,0.0040619599553610225,0.10011224644498212,-0.49649471286390306,0.0,0.0,0.16415215114424728,0.06566086045769873
1243.0,1.2249773848906753e-09,4.899909539562699e-10,4.33884138257178e-13,0.0,7.936227939198386e-05,0.004053843343080103,0.10011168647384752,-0.4965000614314723,0.0,0.0,0.16398807284188907,0.06559522913675543
1244.0,1.1078475891862878e-09,4.431390356745149e-10,4.126715993448135e-13,0.0,7.857221839380921e-05,0.004045742949421631,0.10011112929627732,-0.496505407526296,0.0,0.0,0.16382415854401644,0.06552966341760635
1245.0,1.0019175015017967e-09,4.0076700060071834e-10,3.9249613869236433e-13,0.0,7.779002254751301e-05,0.004037658741977542,0.10011057489833507,-0.4965107511126487,0.0,0.0,0.16366040808669882,0.0654641632346793
1246.0,9.06116228995832e-10,3.6244649159833246e-10,3.7330705367900635e-13,0.0,7.701561355456612e-05,0.004029590688404528,0.10011002326615386,-0.49651609215507675,0.0,0.0,0.16349682130616944,0.06539872852246754
1247.0,8.194752753784037e-10,3.277901101513611e-10,3.550561205284326e-13,0.0,7.624891389591068e-05,0.004021538756423905,0.10010947438593594,-0.496521430618397,0.0,0.0,0.16333339803882524,0.06533335921552987
1248.0,7.411187499651323e-10,2.9644749998605247e-10,3.376974731184683e-13,0.0,7.548984682420028e-05,0.004013502913821491,0.10010892824395244,-0.49652676646769567,0.0,0.0,0.1631701381212267,0.06526805524849044
1249.0,6.702545129213978e-10,2.681018051685587e-10,3.211874877156679e-13,0.0,7.473833635611759e-05,0.004005483128447479,0.10010838482654295,-0.49653209966832623,0.0,0.0,0.1630070413900976,0.06520281655603882
1250.0,6.061661671798694e-10,2.424664668719474e-10,3.0548467334522236e-13,0.0,7.399430726476833e-05,0.003997479368216298,0.10010784412011521,-0.49653743018590824,0.0,0.0,0.16284410768232505,0.0651376430729298
1251.0,5.482058160742642e-10,2.1928232642970534e-10,2.905495675206682e-13,0.0,7.32576850721509e-05,0.00398949160110649,0.10010730611114477,-0.4965427579863257,0.0,0.0,0.16268133683495906,0.06507253473398339
1252.0,4.95787513473138e-10,1.9831500538925488e-10,2.763446370713563e-13,0.0,7.25283960417011e-05,0.003981519795160586,0.10010677078617464,-0.49654808303572556,0.0,0.0,0.16251872868521253,0.06500749147408477
1253.0,4.483813401982922e-10,1.793525360793166e-10,2.6283418381845406e-13,0.0,7.180636717091113e-05,0.003973563918484975,0.10010623813181496,-0.4965534053005164,0.0,0.0,0.16235628307046107,0.06494251322818419
1254.0,4.0550804684376016e-10,1.622032187375038e-10,2.499842548624345e-13,0.0,7.10915261840219e-05,0.003965623939249771,0.10010570813474268,-0.49655872474736645,0.0,0.0,0.16219399982824292,0.06487759993129694
1255.0,3.6673420883732726e-10,1.4669368353493067e-10,2.377625572565989e-13,0.0,7.038380152478816e-05,0.003957699825688696,0.10010518078170125,-0.49656404134320337,0.0,0.0,0.16203187879625858,0.06481275151850317
1256.0,3.3166784476501424e-10,1.326671379060055e-10,2.2613837685219937e-13,0.0,6.96831223493156e-05,0.0039497915460989415,0.10010465605950022,-0.4965693550552115,0.0,0.0,0.16186991981237084,0.0647479679249481
1257.0,2.9995445366228163e-10,1.1998178146491244e-10,2.150825011112132e-13,0.0,6.898941851896941e-05,0.003941899068841053,0.10010413395501494,-0.49657466585083054,0.0,0.0,0.16170812271460455,0.06468324908584158
1258.0,2.712734312112265e-10,1.0850937248449045e-10,2.0456714569279056e-13,0.0,6.830262059335326e-05,0.003934022362338797,0.1001036144551862,-0.4965799736977545,0.0,0.0,0.16154648734114643,0.06461859493645833
1259.0,2.4533482861356715e-10,9.813393144542676e-11,1.9456588462888055e-13,0.0,6.762265982335833e-05,0.00392616139507903,0.10010309754702004,-0.49658527856393075,0.0,0.0,0.161385013530345,0.06455400541213772
1260.0,2.2187642137346725e-10,8.875056854938682e-11,1.850535839135629e-13,0.0,6.694946814428136e-05,0.003918316135611586,0.10010258321758725,-0.4965905804175575,0.0,0.0,0.16122370112071027,0.06448948044828384
1261.0,2.0066105835726418e-10,8.02644233429056e-11,1.7600633833918748e-13,0.0,6.62829781690114e-05,0.003910486552549139,0.10010207145402311,-0.49659587922708276,0.0,0.0,0.16106254995091368,0.06442501998036519
1262.0,1.8147426433060538e-10,7.258970573224209e-11,1.674014114205874e-13,0.0,6.562312318128427e-05,0.0039026726145670815,0.10010156224352715,-0.4966011749612037,0.0,0.0,0.16090155985978802,0.06436062394391492
1263.0,1.6412207173600914e-10,6.56488286944036e-11,1.5921717825638925e-13,0.0,6.496983712900413e-05,0.0038948742904033992,0.10010105557336266,-0.49660646758886384,0.0,0.0,0.16074073068632708,0.06429629227453054
1264.0,1.484290597913558e-10,5.937162391654228e-11,1.5143307118382643e-13,0.0,6.432305461763175e-05,0.003887091548858544,0.10010055143085655,-0.4966117570792531,0.0,0.0,0.1605800622696856,0.06423202490787394
1265.0,1.3423658108571225e-10,5.369463243428487e-11,1.440295280904817e-13,0.0,6.36827109036383e-05,0.0038793243587953133,0.10010004980339893,-0.4966170434018052,0.0,0.0,0.1604195544491791,0.06416782177967134
1266.0,1.2140115774438408e-10,4.856046309775361e-11,1.3698794325306156e-13,0.0,6.304874188802463e-05,0.0038715726891387203,0.10009955067844281,-0.49662232652619687,0.0,0.0,0.16025920706428376,0.06410368282571319
1267.0,1.0979303094933726e-10,4.3917212379734885e-11,1.3029062057965717e-13,0.0,6.242108410990467e-05,0.0038638365088758736,0.10009905404350378,-0.4966276064223465,0.0,0.0,0.16009901995463605,0.06403960798185411
1268.0,9.929484915146754e-11,3.9717939660586985e-11,1.2392072913798415e-13,0.0,6.179967474015319e-05,0.003856115787055853,0.10009855988615975,-0.496632883060413,0.0,0.0,0.15993899296003292,0.06397559718401284
1269.0,8.980048171329046e-11,3.5920192685316144e-11,1.1786226085784172e-13,0.0,6.118445157511637e-05,0.003848410492789582,0.10009806819405057,-0.49663815641079334,0.0,0.0,0.15977912592043134,0.06391165036817222
1270.0,8.121394598865584e-11,3.2485578395462296e-11,1.1209999030149269e-13,0.0,6.057535303038523e-05,0.003840720595249708,0.10009757895487778,-0.4966434264441225,0.0,0.0,0.1596194186759483,0.06384776747037897
1271.0,7.344843699287355e-11,2.9379374797149375e-11,1.066194364008645e-13,0.0,5.997231813463095e-05,0.0038330460636704783,0.10009709215640425,-0.4966486931312715,0.0,0.0,0.15945987106686058,0.06378394842674387
1272.0,6.642544985376842e-11,2.6570179941507328e-11,1.014068260654133e-13,0.0,5.937528652350161e-05,0.0038253868673476152,0.1000966077864539,-0.4966539564433461,0.0,0.0,0.15930048293360458,0.06372019317344146
1273.0,6.007398617214438e-11,2.4029594468857715e-11,9.644905956919508e-14,0.0,5.8784198433579625e-05,0.003817742975638195,0.10009612583291139,-0.496659216351685,0.0,0.0,0.1591412541167762,0.06365650164671013
1274.0,5.432983626841416e-11,2.173193450736563e-11,9.173367763015813e-14,0.0,5.819899469639941e-05,0.003810114357960524,0.10009564628372182,-0.4966644728278596,0.0,0.0,0.15898218445713072,0.06359287378285194
1275.0,4.913493005931701e-11,1.965397202372677e-11,8.724883009892474e-14,0.0,5.761961673252453e-05,0.0038025009837940175,0.10009516912689047,-0.496669725843672,0.0,0.0,0.1588232737955826,0.0635293095182327
1276.0,4.44367500024576e-11,1.7774700000983013e-11,8.298324617837426e-14,0.0,5.7046006545683845e-05,0.003794902822679077,0.10009469435048243,-0.4966749753711536,0.0,0.0,0.15866452197320527,0.06346580878928175
1277.0,4.0187800173870103e-11,1.6075120069548016e-11,7.892620609918681e-14,0.0,5.647810671696607e-05,0.0037873198442169684,0.1000942219426223,-0.49668022138256396,0.0,0.0,0.158505928831231,0.06340237153249202
1278.0,3.634512611128383e-11,1.4538050444513511e-11,7.5067514180166e-14,0.0,5.5915860399072046e-05,0.0037797520180696993,0.10009375189149396,-0.4966854638503893,0.0,0.0,0.1583474942110507,0.0633389976844199
1279.0,3.2869880568979545e-11,1.3147952227591803e-11,7.139747320563887e-14,0.0,5.535921131062428e-05,0.0037721993139599006,0.10009328418534022,-0.4966907027473417,0.0,0.0,0.15818921795421398,0.06327568718168522
1280.0,2.9726930794265295e-11,1.189077231770611e-11,6.790686005554165e-14,0.0,5.480810373053316e-05,0.0037646617016707023,0.10009281881246258,-0.4966959380463574,0.0,0.0,0.15803109990242875,0.06321243996097113
1281.0,2.6884503355360775e-11,1.0753801342144305e-11,6.458690252694713e-14,0.0,5.4262482492419157e-05,0.003757139151045613,0.10009235576122084,-0.4967011697205955,0.0,0.0,0.1578731398975611,0.06314925595902408
1282.0,2.4313862930102342e-11,9.725545172040935e-12,6.142925728878477e-14,0.0,5.372229297909068e-05,0.003749631631988403,0.10009189502003293,-0.4967063977434369,0.0,0.0,0.1577153377816353,0.06308613511265376
1283.0,2.1989021808205603e-11,8.795608723282242e-12,5.842598891435156e-14,0.0,5.318748111707683e-05,0.0037421391144629767,0.10009143657737454,-0.49671162208848285,0.0,0.0,0.1575576933968334,0.063023077358733
1284.0,1.988647717031884e-11,7.954590868127538e-12,5.556954993892067e-14,0.0,5.265799337121458e-05,0.00373466156849326,0.10009098042177884,-0.4967168427295539,0.0,0.0,0.15740020658549517,0.06296008263419771
1285.0,1.798497348790817e-11,7.193989395163271e-12,5.285276189233106e-14,0.0,5.2133776739289855e-05,0.0037271989641630755,0.10009052654183619,-0.4967220596406883,0.0,0.0,0.15724287719011806,0.06289715087604687
1286.0,1.6265287641972727e-11,6.506115056789095e-12,5.026879725889137e-14,0.0,5.1614778746731974e-05,0.0037197512716160256,0.10009007492619389,-0.49672727279614093,0.0,0.0,0.157085705053357,0.06283428202134245
1287.0,1.4710034588262363e-11,5.884013835304948e-12,4.7811162319261607e-14,0.0,5.110094744136091e-05,0.0037123184610553706,0.10008962556355591,-0.4967324821703824,0.0,0.0,0.15692869001802412,0.06277147600720931
1288.0,1.3303491604384e-11,5.321396641753603e-12,4.54736808311931e-14,0.0,5.059223138818679e-05,0.0037049005027439104,0.10008917844268252,-0.49673768773809734,0.0,0.0,0.1567718319270886,0.06270873277083511
1289.0,1.2031439342035012e-11,4.812575736814008e-12,4.3250478508114934e-14,0.0,5.008857966426126e-05,0.003697497367003868,0.10008873355239008,-0.4967428894741832,0.0,0.0,0.15661513062367663,0.06264605224947035
1290.0,1.088101807749219e-11,4.352407230996878e-12,4.113596825656026e-14,0.0,4.9589941853579966e-05,0.0036901090242167658,0.10008829088155076,-0.4967480873537493,0.0,0.0,0.15645858595107134,0.06258343438042821
1291.0,9.8405977071307e-12,3.936239082852282e-12,3.912483613533288e-14,0.0,4.909626804203595e-05,0.0036827354448233113,0.10008785041909221,-0.4967532813521154,0.0,0.0,0.1563021977527123,0.06252087910108459
1292.0,8.89966017370175e-12,3.5598640694807004e-12,3.721202800112841e-14,0.0,4.8607508812423175e-05,0.003675376599323276,0.10008741215399737,-0.4967584714448106,0.0,0.0,0.1561459658721957,0.06245838634887793
1293.0,8.048693134765607e-12,3.219477253906243e-12,3.5392736807049205e-14,0.0,4.8123615239489786e-05,0.003668032458275381,0.10008697607530409,-0.4967636576075719,0.0,0.0,0.15598989015327397,0.062395956061309245
1294.0,7.27909379832844e-12,2.9116375193313754e-12,3.366239052209329e-14,0.0,4.764453888504068e-05,0.003660702992297175,0.10008654217210491,-0.49676883981634357,0.0,0.0,0.15583397043985586,0.062333588175942
1295.0,6.5830819535159936e-12,2.6332327814063976e-12,3.2016640641257915e-14,0.0,4.717023179308879e-05,0.003653388172064922,0.10008611043354684,-0.4967740180472751,0.0,0.0,0.15567820657600598,0.06227128263040203
1296.0,5.953621317073808e-12,2.3814485268295237e-12,3.045135125738255e-14,0.0,4.6700646485054654e-05,0.003646087968313476,0.10008568084883096,-0.49677919227672096,0.0,0.0,0.1555225984059449,0.062209039362377594
1297.0,5.384348400551862e-12,2.153739360220745e-12,2.8962588667268156e-14,0.0,4.6235735955013735e-05,0.0036388023518361726,0.10008525340721225,-0.49678436248123836,0.0,0.0,0.15536714577404886,0.06214685830961918
1298.0,4.869508179061429e-12,1.947803271624573e-12,2.7546611485951903e-14,0.0,4.577545366499113e-05,0.003631531293484705,0.10008482809799935,-0.4967895286375875,0.0,0.0,0.1552118485248497,0.062084739409939506
1299.0,4.40389591125192e-12,1.7615583645007694e-12,2.6199861244293645e-14,0.0,4.531975354030303e-05,0.003624274764169014,0.10008440491055415,-0.4967946907227288,0.0,0.0,0.15505670650303457,0.06202268260121346
1300.0,3.9828045223408015e-12,1.5931218089363218e-12,2.4918953446245253e-14,0.0,4.486858996494462e-05,0.0036170327348571648,0.10008398383429164,-0.49679984871382266,0.0,0.0,0.15490171955344598,0.061960687821378015
1301.0,3.601977018269024e-12,1.4407908073076108e-12,2.3700669063328815e-14,0.0,4.44219177770239e-05,0.0036098051765752364,0.10008356485867967,-0.4968050025882287,0.0,0.0,0.15474688752108137,0.06189875500843218
1302.0,3.257563449916166e-12,1.3030253799664674e-12,2.254194644494875e-14,0.0,4.3979692264240906e-05,0.003602592060407203,0.10008314797323856,-0.49681015232350323,0.0,0.0,0.15459221025109332,0.06183688410043696
1303.0,2.946081992308022e-12,1.1784327969232097e-12,2.143987362420765e-14,0.0,4.354186915941198e-05,0.003595393357494819,0.10008273316754092,-0.4968152978973995,0.0,0.0,0.15443768758878906,0.06177507503551525
1304.0,2.6643837453496016e-12,1.0657534981398412e-12,2.0391680999889805e-14,0.0,4.310840463603856e-05,0.003588209039037502,0.10008232043121142,-0.49682043928786584,0.0,0.0,0.1542833193796305,0.061713327751851794
1305.0,2.409620900239003e-12,9.638483600956019e-13,1.9394734376221592e-14,0.0,4.267925530392016e-05,0.0035810390762922224,0.10008190975392647,-0.4968255764730447,0.0,0.0,0.15412910546923383,0.061651642187693145
1306.0,2.179217949742733e-12,8.716871798970937e-13,1.844652834291711e-14,0.0,4.22543782048109e-05,0.00357388344057338,0.100081501125414,-0.4968307094312715,0.0,0.0,0.15397504570336984,0.06159001828134755
1307.0,1.9708456512847655e-12,7.883382605139065e-13,1.754467997887245e-14,0.0,4.183373080811941e-05,0.0035667421032526993,0.10008109453545315,-0.4968358381410736,0.0,0.0,0.1538211399279633,0.06152845597118494
1308.0,1.7823974796309948e-12,7.129589918523983e-13,1.6686922863685597e-14,0.0,4.141727100665144e-05,0.0035596150357591044,0.10008068997387405,-0.4968409625811688,0.0,0.0,0.15366738798909302,0.06146695519563683
1309.0,1.6119683311191422e-12,6.447873324476573e-13,1.5871101381952276e-14,0.0,4.10049571123949e-05,0.003552502209578616,0.1000802874305576,-0.49684608273046477,0.0,0.0,0.1535137897329917,0.06140551589319629
1310.0,1.4578352641460095e-12,5.831341056584041e-13,1.5095165306024123e-14,0.0,4.059674785234688e-05,0.003545403596254227,0.10007988689543515,-0.4968511985680578,0.0,0.0,0.1533603450060457,0.061344138002417885
1311.0,1.3184400812093767e-12,5.273760324837508e-13,1.4357164643614997e-14,0.0,4.019260236438213e-05,0.003538319167385795,0.10007948835848827,-0.4968563100732314,0.0,0.0,0.1532070536547949,0.06128282146191757
1312.0,1.192373576418913e-12,4.769494305675654e-13,1.3655244737307225e-14,0.0,3.979248019316274e-05,0.0035312488946299264,0.1000790918097486,-0.4968614172254555,0.0,0.0,0.15305391552593264,0.061221566210372655
1313.0,1.078361289227406e-12,4.313445156909626e-13,1.2987641603642323e-14,0.0,3.939634128608858e-05,0.003524192749699864,0.10007869723929738,-0.49686652000438547,0.0,0.0,0.15290093046630546,0.06116037218652177
1314.0,9.752506203606512e-13,3.901002481442605e-13,1.2352677500082938e-14,0.0,3.9004145989287934e-05,0.003517150704365373,0.1000783046372654,-0.49687161838986044,0.0,0.0,0.152748098322913,0.06109923932916478
1315.0,8.819991796953898e-13,3.5279967187815573e-13,1.1748756708705487e-14,0.0,3.8615855043648103e-05,0.003510122730452627,0.1000779139938327,-0.4968767123619031,0.0,0.0,0.1525954189429078,0.0610381675771627
1316.0,7.9766424828898e-13,3.190656993155918e-13,1.1174361526027489e-14,0.0,3.823142958088558e-05,0.003503108799844098,0.10007752529922828,-0.49688180190071785,0.0,0.0,0.15244289217359513,0.06097715686943766
1317.0,7.21393248027926e-13,2.8855729921117024e-13,1.0628048448891708e-14,0.0,3.785083111965528e-05,0.003496108884478442,0.10007713854372989,-0.49688688698669026,0.0,0.0,0.15229051786243308,0.06091620714497283
1318.0,6.524151225488368e-13,2.6096604901953464e-13,1.0108444546821938e-14,0.0,3.7474021561698526e-05,0.0034891229563503872,0.10007675371766378,-0.4968919676003856,0.0,0.0,0.15213829585703206,0.06085531834281241
1319.0,5.900325422978403e-13,2.3601301691913613e-13,9.614244011733833e-15,0.0,3.7100963188029335e-05,0.003482150987510622,0.10007637081140447,-0.49689704372254817,0.0,0.0,0.1519862260051548,0.06079449040206149
1320.0,5.336148549260409e-13,2.134459419704164e-13,9.144204876329932e-15,0.0,3.673161865515878e-05,0.003475192950065684,0.10007598981537452,-0.49690211533410017,0.0,0.0,0.15183430815471619,0.060733723261886044
1321.0,4.825917097535351e-13,1.9303668390141404e-13,8.697145892931907e-15,0.0,3.6365950991356825e-05,0.003468248816177845,0.1000756107200442,-0.49690718241614024,0.0,0.0,0.1516825421537832,0.06067301686151284
1322.0,4.3644729184894874e-13,1.7457891673957948e-13,8.271943564906317e-15,0.0,3.6003923592951434e-05,0.0034613185580650054,0.10007523351593141,-0.4969122449499431,0.0,0.0,0.15153092785057468,0.06061237114022944
1323.0,3.9471510743432555e-13,1.5788604297373018e-13,7.86752932322355e-15,0.0,3.5645500220664534e-05,0.0034544021480005767,0.1000748581936013,-0.4969173029169582,0.0,0.0,0.15137946509346112,0.06055178603738401
1324.0,3.569732678987786e-13,1.4278930715951143e-13,7.482886841054435e-15,0.0,3.529064499598437e-05,0.003447499558313376,0.10007448474366609,-0.4969223562988082,0.0,0.0,0.1512281537309646,0.0604912614923854
1325.0,3.2284022474497123e-13,1.2913608989798852e-13,7.11704947965589e-15,0.0,3.4939322397574104e-05,0.0034406107613875123,0.10007411315678483,-0.49692740507728866,0.0,0.0,0.15107699361175858,0.060430797444703
1326.0,2.919709123511659e-13,1.1678836494046636e-13,6.769097859126867e-15,0.0,3.459149725771603e-05,0.0034337357296622775,0.1000737434236632,-0.49693244923436714,0.0,0.0,0.1509259845846679,0.06037039383386671
1327.0,2.640532595543612e-13,1.056213038217445e-13,6.4381575479297325e-15,0.0,3.4247134758791304e-05,0.003426874435632033,0.1000733755350532,-0.4969374887521812,0.0,0.0,0.1507751264986684,0.060310050599466904
1328.0,2.388050347886116e-13,9.552201391544465e-14,6.123396865370643e-15,0.0,3.390620042979463e-05,0.003420026851846104,0.10007300948175304,-0.49694252361303876,0.0,0.0,0.15062441920288677,0.06024976768115426
1329.0,2.1597099288467432e-13,8.638839715386973e-14,5.824024791516371e-15,0.0,3.356866014288374e-05,0.003413192950908669,0.10007264525460675,-0.49694755379941563,0.0,0.0,0.15047386254660078,0.06018954501863986
1330.0,1.9532029468675353e-13,7.812811787470141e-14,5.539288979295026e-15,0.0,3.3234480109963085e-05,0.0034063727054786446,0.10007228284450409,-0.49695257929395587,0.0,0.0,0.15032345637923863,0.060129382551695
1331.0,1.766441734001373e-13,7.065766936005494e-14,5.268473863784904e-15,0.0,3.290362687930166e-05,0.003399566088269584,0.10007192224238026,-0.4969576000794699,0.0,0.0,0.1501732005503791,0.0600692802201512
1332.0,1.5975382407783126e-13,6.390152963113252e-14,5.0108988639399686e-15,0.0,3.2576067332184466e-05,0.0033927730720495625,0.1000715634392157,-0.4969626161389337,0.0,0.0,0.15002309490975135,0.0600092379639001
1333.0,1.4447849491010056e-13,5.779139796404024e-14,4.765916672232732e-15,0.0,3.225176867959727e-05,0.00338599362964107,0.10007120642603581,-0.49696762745548845,0.0,0.0,0.14987313930723473,0.05994925572289343
1334.0,1.3066376102094573e-13,5.2265504408378305e-14,4.532911627916271e-15,0.0,3.1930698458944396e-05,0.0033792277339209052,0.10007085119391076,-0.4969726340124384,0.0,0.0,0.14972333359285855,0.059889333437142964
1335.0,1.1816996332057747e-13,4.726798532823099e-14,4.311298169817258e-15,0.0,3.161282453079918e-05,0.00337247535782006,0.10007049773395531,-0.49697763579325105,0.0,0.0,0.14957367761680215,0.059829471046720394
1336.0,1.0687079663157818e-13,4.274831865263126e-14,4.100519364771736e-15,0.0,3.129811507568688e-05,0.00336573647432362,0.10007014603732849,-0.49698263278155513,0.0,0.0,0.14942417122939455,0.059769668491757355
1337.0,9.665203281551064e-14,3.866081312620424e-14,3.900045508005469e-15,0.0,3.098653859089933e-05,0.00335901105647065,0.10006979609523348,-0.49698762496114085,0.0,0.0,0.14927481428111444,0.05970992571244531
1338.0,8.741036599151056e-14,3.496414639660422e-14,3.709372791941529e-15,0.0,3.0678063887341665e-05,0.0033522990773540884,0.10006944789891735,-0.496992612315958,0.0,0.0,0.14912560662258995,0.059650242649035505
1339.0,7.905236817268134e-14,3.162094726907254e-14,3.528022040089691e-15,0.0,3.0372660086410183e-05,0.0033456005101206382,0.10006910143967084,-0.4969975948301154,0.0,0.0,0.1489765481045984,0.05959061924183889
1340.0,7.149354476236952e-14,2.8597417904947824e-14,3.355537502835825e-15,0.0,3.0070296616901368e-05,0.003338915327970662,0.10006875670882807,-0.4970025724878796,0.0,0.0,0.14882763857806636,0.059531055431226096
1341.0,6.465748036192658e-14,2.5862992144770653e-14,3.1914857121049713e-15,0.0,2.9770943211951717e-05,0.0033322435041580737,0.10006841369776648,-0.4970075452736745,0.0,0.0,0.14867887789406947,0.05947155115762733
1342.0,5.847506625456019e-14,2.3390026501824096e-14,3.0354543920198062e-15,0.0,2.947456990600795e-05,0.0033255850119902302,0.10006807239790641,-0.49701251317207973,0.0,0.0,0.14853026590383211,0.059412106361532394
1343.0,5.288380175557645e-14,2.1153520702230603e-14,2.8870514228168578e-15,0.0,2.9181147031827486e-05,0.0033189398248278266,0.10006773280071117,-0.49701747616783076,0.0,0.0,0.14838180245872745,0.059352720983490516
1344.0,4.782716236606248e-14,1.913086494642502e-14,2.745903855416734e-15,0.0,2.889064521750869e-05,0.0033123079160847888,0.10006739489768651,-0.4970224342458166,0.0,0.0,0.14823348741027711,0.059293394964110395
1345.0,4.3254028342402595e-14,1.7301611336961065e-14,2.611656974171876e-15,0.0,2.860303538355072e-05,0.003305689259228165,0.10006705868038064,-0.4970273873910803,0.0,0.0,0.14808532061015126,0.059234128244060054
1346.0,3.911816790479169e-14,1.5647267161916703e-14,2.483973405436456e-15,0.0,2.8318288739942663e-05,0.0032990838277780245,0.1000667241403839,-0.49703233558881676,0.0,0.0,0.14793730191016827,0.05917492076406686
1347.0,3.537776986027833e-14,1.415110794411135e-14,2.362532269718175e-15,0.0,2.8036376783281598e-05,0.003292491595307346,0.10006639126932855,-0.4970372788243727,0.0,0.0,0.14778943116229462,0.059115772464917386
1348.0,3.1995020915422464e-14,1.2798008366169001e-14,2.247028375281249e-15,0.0,2.7757271293919393e-05,0.003285912535441917,0.10006606005888868,-0.49704221708324553,0.0,0.0,0.14764170821864472,0.05905668328745743
1349.0,2.893572340543986e-14,1.1574289362175961e-14,2.13717145117404e-15,0.0,2.7480944333137906e-05,0.003279346621860225,0.10006573050077985,-0.49704715035108216,0.0,0.0,0.14749413293148086,0.058997653172591896
1350.0,2.616894957529253e-14,1.0467579830117028e-14,2.0326854177538645e-15,0.0,2.7207368240352276e-05,0.0032727938282933523,0.10006540258675897,-0.4970520786136784,0.0,0.0,0.147346705153213,0.05893868206128476
1351.0,2.3666728917703828e-14,9.466691567081545e-15,1.9333076928757497e-15,0.0,2.693651563034207e-05,0.0032662541285248736,0.10006507630862409,-0.49705700185697843,0.0,0.0,0.14719942473639858,0.058879769894559
1352.0,2.1403765407263865e-14,8.56150616290556e-15,1.838788532001535e-15,0.0,2.6668359390510027e-05,0.0032597274963907484,0.10006475165821414,-0.4970619200670727,0.0,0.0,0.14705229153374244,0.05882091661349656
1353.0,1.9357181772022964e-14,7.742872708809198e-15,1.748890400570945e-15,0.0,2.640287267816802e-05,0.0032532139057792177,0.10006442862740882,-0.4970668332301987,0.0,0.0,0.1469053053980967,0.05876212215923826
1354.0,1.7506288217304732e-14,7.002515286921905e-15,1.6633873770573675e-15,0.0,2.614002891785009e-05,0.003246713330630697,0.10006410720812824,-0.4970717413327383,0.0,0.0,0.1467584661824605,0.05870338647298376
1355.0,1.5832373263668234e-14,6.332949305467306e-15,1.5820645852081509e-15,0.0,2.5879801798652247e-05,0.003240225744937676,0.10006378739233292,-0.49707664436121846,0.0,0.0,0.14661177373997988,0.058644709495991515
1356.0,1.4318514584510194e-14,5.72740583380409e-15,1.5047176540426017e-15,0.0,2.5622165271598683e-05,0.003233751122744614,0.10006346917202343,-0.4970815423023096,0.0,0.0,0.14646522792394776,0.05858609116957866
1357.0,1.294940793098316e-14,5.179763172393275e-15,1.4311522042506091e-15,0.0,2.5367093547034285e-05,0.0032272894381478305,0.10006315253924027,-0.49708643514282463,0.0,0.0,0.14631882858780362,0.05852753143512101
1358.0,1.1711212414758018e-14,4.684484965903217e-15,1.3611833597011737e-15,0.0,2.511456109204303e-05,0.00322084066529541,0.10006283748606366,-0.4970913228697187,0.0,0.0,0.1461725755851335,0.058469030234052956
1359.0,1.059141058452773e-14,4.2365642338111e-15,1.2946352828332209e-15,0.0,2.4864542627892145e-05,0.003214404778387091,0.10006252400461331,-0.49709620547008754,0.0,0.0,0.1460264687696697,0.05841058750786746
1360.0,9.578681881705403e-15,3.831472752682169e-15,1.2313407327610959e-15,0.0,2.4617013127501654e-05,0.0032079817516741695,0.10006221208704826,-0.49710108293116717,0.0,0.0,0.14588050799529081,0.05835220319811593
1361.0,8.66278819602597e-15,3.4651152784103946e-15,1.1711406449842254e-15,0.0,2.4371947812939175e-05,0.003201571559459389,0.10006190172556663,-0.49710595524033313,0.0,0.0,0.14573469311602155,0.05829387724640822
1362.0,7.834470364083743e-15,3.1337881456335034e-15,1.113883731644715e-15,0.0,2.4129322152939598e-05,0.003195174176096845,0.1000615929124055,-0.49711082238509924,0.0,0.0,0.14558902398603232,0.05823560959441254
1363.0,7.0853545644650385e-15,2.8341418257860214e-15,1.0594261013283055e-15,0.0,2.3889111860449507e-05,0.003188789575991875,0.10006128563984065,-0.49711568435311654,0.0,0.0,0.14544350045963947,0.05817740018385539
1364.0,6.4078676631839966e-15,2.5631470652736038e-15,1.0076308974532087e-15,0.0,2.3651292890196008e-05,0.0031824177336009607,0.10006097990018642,-0.49712054113217363,0.0,0.0,0.1452981223913049,0.05811924895652156
1365.0,5.795160653612162e-15,2.3180642614448694e-15,9.583679543380643e-16,0.0,2.3415841436279775e-05,0.0031760586234316278,0.10006067568579546,-0.4971253927101947,0.0,0.0,0.14515288963563597,0.058061155854253976
1366.0,5.2410394169231464e-15,2.096415766769263e-15,9.11513470084691e-16,0.0,2.3182733929792062e-05,0.0031697122200423362,0.1000603729890586,-0.49713023907523884,0.0,0.0,0.14500780204738534,0.05800312081895372
1367.0,4.73990210307989e-15,1.8959608412319597e-15,8.66949695453559e-16,0.0,2.295194703645545e-05,0.0031633784980423883,0.10006007180240463,-0.49713508021550007,0.0,0.0,0.144862859481451,0.05794514379257997
1368.0,4.2866824993219875e-15,1.7146729997287979e-15,8.245646379500957e-16,0.0,2.272345765428802e-05,0.003157057432091819,0.1000597721183001,-0.49713991611930547,0.0,0.0,0.1447180617928758,0.0578872247171499
1369.0,3.8767988136407465e-15,1.5507195254563016e-15,7.842517803781774e-16,0.0,2.2497242911290866e-05,0.003150748996901298,0.10005947392924913,-0.49714474677511505,0.0,0.0,0.14457340883684758,0.05782936353473863
1370.0,3.5061073554720892e-15,1.4024429421888388e-15,7.459098131535022e-16,0.0,2.2273280163158567e-05,0.0031444531672320296,0.10005917722779324,-0.49714957217152045,0.0,0.0,0.14442890046869894,0.057771560187479164
1371.0,3.1708606453454803e-15,1.2683442581381952e-15,7.094423797041269e-16,0.0,2.205154699101249e-05,0.003138169917895648,0.10005888200651121,-0.49715439229724495,0.0,0.0,0.144284536543907,0.0577138146175624
1372.0,2.8676695300013024e-15,1.1470678120005238e-15,6.747578343183399e-16,0.0,2.1832021199156593e-05,0.00313189922375412,0.10005858825801876,-0.4971592071411416,0.0,0.0,0.14414031691809343,0.05765612676723696
1373.0,2.5934689199821016e-15,1.037387567992843e-15,6.417690118313181e-16,0.0,2.1614680812855676e-05,0.003125641059719643,0.10005829597496853,-0.4971640166921932,0.0,0.0,0.1439962414470241,0.05759849657880924
1374.0,2.3454868033242567e-15,9.381947213297046e-16,6.103930085717742e-16,0.0,2.1399504076135643e-05,0.003119395400754546,0.10005800515004974,-0.4971688209395113,0.0,0.0,0.1438523099866092,0.05754092399464328
1375.0,2.121216222096159e-15,8.484864888384656e-16,5.805509740180952e-16,0.0,2.1186469449605732e-05,0.003113162221871186,0.10005771577598811,-0.49717361987233516,0.0,0.0,0.14370852239290283,0.057483408957160725
1376.0,1.9183899284816613e-15,7.673559713926664e-16,5.521679126403814e-16,0.0,2.0975555608302403e-05,0.0031069414981318533,0.10005742784554567,-0.49717841348003167,0.0,0.0,0.143564878522103,0.057425951408840784
1377.0,1.7349574641962373e-15,6.939829856784964e-16,5.25172495430406e-16,0.0,2.0766741439554664e-05,0.003100733204648666,0.10005714135152054,-0.4971832017520938,0.0,0.0,0.14342137823055143,0.057368551292220175
1378.0,1.5690644315218067e-15,6.276257726087239e-16,4.994968806458486e-16,0.0,2.0560006040870715e-05,0.0030945373165834748,0.10005685628674678,-0.4971879846781401,0.0,0.0,0.1432780213747335,0.05731120854989302
1379.0,1.4190337464022019e-15,5.67613498560882e-16,4.750765433183191e-16,0.0,2.0355328717845547e-05,0.0030883538091477617,0.10005657264409418,-0.4971927622479143,0.0,0.0,0.14313480781127802,0.05725392312451084
1380.0,1.2833486840787409e-15,5.133394736314974e-16,4.518501130967144e-16,0.0,2.015268898208945e-05,0.0030821826576025407,0.1000562904164681,-0.4971975344512836,0.0,0.0,0.14299173739695709,0.05719669495878247
1381.0,1.1606375458669507e-15,4.64255018346781e-16,4.2975922001838973e-16,0.0,1.995206654917706e-05,0.003076023837258259,0.10005600959680934,-0.49720230127823944,0.0,0.0,0.14284880998868596,0.05713952399547401
1382.0,1.0496597920642796e-15,4.198639168257125e-16,4.08748347820559e-16,0.0,1.975344133661693e-05,0.0030698773234747,0.10005573017809383,-0.49720706271889475,0.0,0.0,0.14270602544352295,0.0570824101774088
1383.0,9.492935008004034e-16,3.797174003201619e-16,3.887646944232806e-16,0.0,1.95567934618412e-05,0.0030637430916608814,0.10005545215333264,-0.4972118187634853,0.0,0.0,0.14256338361866913,0.057025353447467286
1384.0,8.585240260462408e-16,3.4340961041849704e-16,3.697580392334123e-16,0.0,1.9362103240215356e-05,0.0030576211172749605,0.10005517551557165,-0.4972165694023675,0.0,0.0,0.14242088437146846,0.05696835374858702
1385.0,7.76433740120612e-16,3.105734960482455e-16,3.516806169360588e-16,0.0,1.9169351183067787e-05,0.0030515113758241325,0.10005490025789143,-0.4972213146260181,0.0,0.0,0.14227852755940743,0.056911411023762605
1386.0,7.02192756997126e-16,2.8087710279885095e-16,3.34486997456338e-16,0.0,1.8978517995738944e-05,0.003045413842864535,0.10005462637340708,-0.4972260544250332,0.0,0.0,0.14213631304011495,0.05685452521604562
1387.0,6.35050542629214e-16,2.5402021705168615e-16,3.1813397178980197e-16,0.0,1.8789584575649917e-05,0.0030393284940011486,0.10005435385526808,-0.49723078879012844,0.0,0.0,0.14199424067136232,0.05679769626854458
1388.0,5.743283274784756e-16,2.297313309913909e-16,3.0258044341459276e-16,0.0,1.8602532010390256e-05,0.0030332553048877013,0.10005408269665801,-0.497235517712137,0.0,0.0,0.14185231031106296,0.056740924124424816
1389.0,5.194122445413199e-16,2.0776489781652854e-16,2.8778732501244436e-16,0.0,1.841734157582483e-05,0.003027194251226568,0.10005381289079451,-0.4972402411820095,0.0,0.0,0.14171052181727223,0.05668420872690853
1390.0,4.697471235032595e-16,1.8789884940130434e-16,2.7371744023898147e-16,0.0,1.8233994734219504e-05,0.0030211453087686775,0.10005354443092906,-0.4972449591908135,0.0,0.0,0.1415688750481875,0.05662755001927464
1391.0,4.2483087828329503e-16,1.6993235131331847e-16,2.6033543029645476e-16,0.0,1.805247313238553e-05,0.0030151084533134105,0.10005327731034681,-0.49724967172973267,0.0,0.0,0.14142736986214777,0.056570947944858764
1392.0,3.8420943122965916e-16,1.5368377249186408e-16,2.47607665074124e-16,0.0,1.7872758599842334e-05,0.003009083660708508,0.10005301152236637,-0.4972543787900655,0.0,0.0,0.14128600611763373,0.05651440244705316
1393.0,3.4747212265343174e-16,1.3898884906137306e-16,2.3550215863297523e-16,0.0,1.7694833146998654e-05,0.0030030709068499706,0.1000527470603397,-0.4972590803632252,0.0,0.0,0.1411447836732675,0.05645791346930667
1394.0,3.1424755929302436e-16,1.2569902371721006e-16,2.2398848882238e-16,0.0,1.7518678963351762e-05,0.002997070167681964,0.10005248391765192,-0.4972637764407388,0.0,0.0,0.14100370238781249,0.05640148095512466
1395.0,2.841998597398778e-16,1.1367994389595136e-16,2.1303772082668493e-16,0.0,1.734427841570463e-05,0.002991081419196721,0.10005222208772116,-0.4972684670142465,0.0,0.0,0.14086276212017323,0.05634510484806896
1396.0,2.5702525886876185e-16,1.0281010354750496e-16,2.0262233444959903e-16,0.0,1.7171614046400812e-05,0.002985104637434449,0.10005196156399838,-0.4972731520755009,0.0,0.0,0.14072196272939538,0.056288785091757845
1397.0,2.32449036945406e-16,9.297961477816259e-17,1.927161549536374e-16,0.0,1.700066857157692e-05,0.00297913979848323,0.10005170233996726,-0.4972778316163663,0.0,0.0,0.14058130407466554,0.056232521629865896
1398.0,2.1022274236648452e-16,8.408909694659399e-17,1.8329428728081597e-16,0.0,1.68314248794325e-05,0.0029731868784789272,0.10005144440914389,-0.49728250562881815,0.0,0.0,0.1404407860153109,0.05617631440612404
1399.0,1.9012167995544256e-16,7.604867198217717e-17,1.7433305348928754e-16,0.0,1.6663866028517124e-05,0.00296724585360509,0.10005118776507677,-0.4972871741049419,0.0,0.0,0.1403004084107994,0.05612016336431943
1400.0,1.71942639422263e-16,6.877705576890533e-17,1.6580993324869271e-16,0.0,1.6497975246034528e-05,0.0029613167000928572,0.10005093240134662,-0.49729183703693336,0.0,0.0,0.14016017112073925,0.05606406844829538
1401.0,1.5550184102319692e-16,6.220073640927888e-17,1.577035072446851e-16,0.0,1.6333735926163648e-05,0.002955399394220863,0.10005067831156608,-0.49729649441709645,0.0,0.0,0.14002007400487923,0.05600802960195137
1402.0,1.4063307765224808e-16,5.625323106089933e-17,1.4999340335040224e-16,0.0,1.6171131628396345e-05,0.0029494939123151406,0.10005042548937974,-0.4973011462378441,0.0,0.0,0.1398801169231082,0.05595204676924295
1403.0,1.2718603458201443e-16,5.087441383280586e-17,1.4266024542960622e-16,0.0,1.601014607589173e-05,0.002943600230749029,0.10005017392846387,-0.49730579249169626,0.0,0.0,0.13974029973545501,0.05589611989418169
1404.0,1.150247698674238e-16,4.600990794696959e-17,1.3568560464283186e-16,0.0,1.5850763153846797e-05,0.0029377183259430787,0.10004992362252631,-0.49731043317128043,0.0,0.0,0.13960062230208853,0.0558402489208351
1405.0,1.0402634005011098e-16,4.1610536020044435e-17,1.2905195313417094e-16,0.0,1.569296690788334e-05,0.0029318481743649564,0.10004967456530627,-0.4973150682693303,0.0,0.0,0.13946108448331737,0.05578443379332662
1406.0,9.407955727009088e-17,3.7631822908036386e-17,1.2274261998230402e-16,0.0,1.5536741542450903e-05,0.002925989752529351,0.10004942675057414,-0.4973196977786845,0.0,0.0,0.1393216861395897,0.055728674455835556
1407.0,8.508386521983443e-17,3.403354608793382e-17,1.167417493050798e-16,0.0,1.5382071419245625e-05,0.0029201430369978796,0.10004918017213145,-0.49732432169228724,0.0,0.0,0.13918242713149317,0.05567297085259696
1408.0,7.69483225772833e-17,3.077932903091337e-17,1.1103426041235685e-16,0.0,1.5228941055644828e-05,0.0029143080043789937,0.10004893482381066,-0.49732894000318706,0.0,0.0,0.1390433073197549,0.05561732292790167
1409.0,6.959068364089032e-17,2.783627345635617e-17,1.0560580990696721e-16,0.0,1.5077335123157201e-05,0.0029084846313278865,0.10004869069947499,-0.4973335527045359,0.0,0.0,0.13890432656524115,0.055561730626096185
1410.0,6.293656687242968e-17,2.5174626748971905e-17,1.0044275563855908e-16,0.0,1.4927238445888402e-05,0.0029026728945463994,0.10004844779301827,-0.497338159789589,0.0,0.0,0.13876548472895725,0.05550619389158263
1411.0,5.691870294201835e-17,2.2767481176807364e-17,9.553212241973156e-17,0.0,1.4778635999021934e-05,0.0028968727707829258,0.10004820609836478,-0.49734276125170357,0.0,0.0,0.13862678167204748,0.05545071266881872
1412.0,5.1476254673512285e-17,2.059050186940494e-17,9.086156941830298e-17,0.0,1.4631512907315144e-05,0.0028910842368323228,0.10004796560946908,-0.4973473570843386,0.0,0.0,0.1384882172557949,0.05539528690231769
1413.0,4.655420201531271e-17,1.8621680806125105e-17,8.641935914376692e-17,0.0,1.4485854443610208e-05,0.002885307269535815,0.10004772632031599,-0.4973519472810545,0.0,0.0,0.1383497913416212,0.055339916536648215
1414.0,4.2102785818987584e-17,1.684111432759505e-17,8.219432794999657e-17,0.0,1.4341646027359916e-05,0.002879541845780902,0.10004748822492025,-0.49735653183551193,0.0,0.0,0.13821150379108657,0.055284601516434384
1415.0,3.8077004802627264e-17,1.5230801921050917e-17,7.817585798006768e-17,0.0,1.419887322316816e-05,0.00287378794250127,0.10004725131732646,-0.49736111074147105,0.0,0.0,0.13807335446588975,0.055229341786355635
1416.0,3.443616061352026e-17,1.3774464245408113e-17,7.435385048269583e-17,0.0,1.4057521739344922e-05,0.002868045536676693,0.10004701559160901,-0.49736568399279163,0.0,0.0,0.13793534322786752,0.05517413729114671
1417.0,3.114344639099193e-17,1.2457378556396776e-17,7.071870043322934e-17,0.0,1.3917577426475676e-05,0.0028623146053329456,0.10004678104187177,-0.4973702515834319,0.0,0.0,0.13779746993899475,0.055118987975597604
1418.0,2.816557467001075e-17,1.1266229868004299e-17,6.72612723954186e-17,0.0,1.3779026276005009e-05,0.0028565951255417085,0.10004654766224802,-0.4973748135074475,0.0,0.0,0.1376597344613844,0.05506389378455348
1419.0,2.5472440863879743e-17,1.0188976345551897e-17,6.39728775633004e-17,0.0,1.3641854418834351e-05,0.0028508870744204796,0.10004631544690036,-0.4973793697589921,0.0,0.0,0.1375221366572873,0.055008854662914615
1420.0,2.3036818924014627e-17,9.21472756960585e-18,6.084525192550149e-17,0.0,1.3506048123933682e-05,0.002845190429132478,0.10004608439002051,-0.49738392033231577,0.0,0.0,0.13738467638909174,0.05495387055563639
1421.0,2.083408610010244e-17,8.333634440040978e-18,5.787053549708647e-17,0.0,1.3371593796967019e-05,0.002839505166886559,0.10004585448582913,-0.49738846522176466,0.0,0.0,0.13724735351932374,0.05489894140772919
1422.0,1.8841974018122732e-17,7.536789607249097e-18,5.5041252566757994e-17,0.0,1.3238477978931624e-05,0.002833831264937115,0.10004562572857573,-0.4973930044217802,0.0,0.0,0.1371101679106467,0.054844067164258374
1423.0,1.704034355977182e-17,6.816137423908732e-18,5.23502929097687e-17,0.0,1.3106687344810752e-05,0.002828168700583992,0.1000453981125385,-0.497397537926899,0.0,0.0,0.13697311942586124,0.054789247770344204
1424.0,1.5410981267449356e-17,6.164392506979746e-18,4.9790893919331486e-17,0.0,1.2976208702239787e-05,0.0028225174511723925,0.1000451716320242,-0.4974020657317517,0.0,0.0,0.13683620792790518,0.054734483171161794
1425.0,1.3937415216577665e-17,5.574966086631069e-18,4.735662361162278e-17,0.0,1.2847028990185682e-05,0.0028168774940927907,0.10004494628136797,-0.4974065878310627,0.0,0.0,0.13669943327985337,0.054679773311941064
1426.0,1.2604748493827791e-17,5.041899397531121e-18,4.5041364461668994e-17,0.0,1.2719135277639549e-05,0.0028112488067808384,0.1000447220549332,-0.49741110421964946,0.0,0.0,0.13656279534491741,0.05462511813796669
1427.0,1.1399508597812079e-17,4.5598034391248366e-18,4.283929802949438e-17,0.0,1.2592514762322231e-05,0.002805631366717274,0.10004449894711141,-0.4974156148924217,0.0,0.0,0.13642629398644573,0.05457051759457801
1428.0,1.0309511239769996e-17,4.123804495908003e-18,4.0744890337894485e-17,0.0,1.2467154769402798e-05,0.002800025151427836,0.10004427695232211,-0.49742011984438134,0.0,0.0,0.13628992906792328,0.05451597162716904
1429.0,9.323737167349781e-18,3.729494866939918e-18,3.87528779650884e-17,0.0,1.2343042750229784e-05,0.0027944301384831695,0.10004405606501265,-0.4974246190706215,0.0,0.0,0.1361537004529715,0.054461480181188335
1430.0,8.432220766244508e-18,3.3728883064978085e-18,3.685825481729937e-17,0.0,1.2220166281075047e-05,0.0027888463054987376,0.10004383627965804,-0.49742911256632566,0.0,0.0,0.13601760800534815,0.05440704320213898
1431.0,7.62594931350854e-18,3.050379725403421e-18,3.5056259548022266e-17,0.0,1.2098513061890148e-05,0.002783273630134734,0.10004361759076093,-0.49743360032676814,0.0,0.0,0.13588165158894713,0.05435266063557859
1432.0,6.896771864062823e-18,2.7587087456251332e-18,3.3342363592361416e-17,0.0,1.1978070915075107e-05,0.0027777120900959913,0.10004339999285133,-0.4974380823473121,0.0,0.0,0.1357458310677985,0.05429833242711911
1433.0,6.2373168492834765e-18,2.4949267397133934e-18,3.1712259786368074e-17,0.0,1.1858827784259403e-05,0.002772161663131891,0.10004318348048657,-0.49744255862341014,0.0,0.0,0.13561014630606807,0.05424405852242692
1434.0,5.6409175546423685e-18,2.256367021856949e-18,3.0161851542776985e-17,0.0,1.1740771733095134e-05,0.0027666223270362764,0.10004296804825111,-0.4974470291506028,0.0,0.0,0.1354745971680575,0.05418983886722268
1435.0,5.101544723021058e-18,2.040617889208424e-18,2.868724255593987e-17,0.0,1.162389094406217e-05,0.0027610940596473647,0.10004275369075644,-0.49745149392451904,0.0,0.0,0.13533918351820404,0.05413567340728131
1436.0,4.613745602356002e-18,1.8454982409424016e-18,2.7284727010083215e-17,0.0,1.150817371728521e-05,0.002755576838847654,0.10004254040264093,-0.4974559529408747,0.0,0.0,0.13520390522108053,0.054081562088431914
1437.0,4.1725888214214674e-18,1.6690355285685874e-18,2.5950780266283218e-17,0.0,1.1393608469362609e-05,0.0027500706425638405,0.10004232817856971,-0.4974604061954723,0.0,0.0,0.13506876214139515,0.05402750485655778
1438.0,3.773614536475688e-18,1.509445814590276e-18,2.4682050004753215e-17,0.0,1.1280183732206877e-05,0.0027445754487667256,0.10004211701323451,-0.49746485368420085,0.0,0.0,0.1349337541439913,0.05397350165759625
1439.0,3.4127893447812706e-18,1.3651157379125089e-18,2.3475347800183537e-17,0.0,1.1167888151896708e-05,0.0027390912354711295,0.10004190690135353,-0.4974692954030345,0.0,0.0,0.1347988810938474,0.05391955243753871
1440.0,3.0864655092012235e-18,1.23458620368049e-18,2.2327641108961938e-17,0.0,1.1056710487540443e-05,0.0027336179807358036,0.10004169783767135,-0.49747373134803274,0.0,0.0,0.13466414285607703,0.05386565714243055
1441.0,2.791344081654508e-18,1.1165376326618043e-18,2.1236045648137723e-17,0.0,1.0946639610150844e-05,0.0027281556626633416,0.10004148981695873,-0.4974781615153395,0.0,0.0,0.1345295392959284,0.053811815718371084
1442.0,2.52444155263025e-18,1.009776621052101e-18,2.0197818146977362e-17,0.0,1.0837664501531077e-05,0.0027227042594000954,0.10004128283401259,-0.4974825859011828,0.0,0.0,0.13439507027878445,0.05375802811151349
1443.0,2.2830596896061937e-18,9.132238758424786e-19,1.9210349452895574e-17,0.0,1.0729774253171772e-05,0.0027172637491360797,0.10004107688365571,-0.49748700450187366,0.0,0.0,0.13426073567016272,0.053704294268064785
1444.0,2.0647582594550067e-18,8.259033037820037e-19,1.827115797443658e-17,0.0,1.0622958065159088e-05,0.0027118341101048955,0.10004087196073677,-0.4974914173138062,0.0,0.0,0.1341265353357151,0.053650614134285755
1445.0,1.8673303590774867e-18,7.469321436309953e-19,1.7377883444827104e-17,0.0,1.0517205245093608e-05,0.002706415320583633,0.1000406680601301,-0.4974958243334568,0.0,0.0,0.13399246914122792,0.05359698765649088
1446.0,1.6887801048694334e-18,6.755120419477739e-19,1.6528280990428483e-17,0.0,1.041250520702004e-05,0.0027010073588927936,0.10004046517673562,-0.4975002255573839,0.0,0.0,0.1338585369526215,0.05354341478104833
1447.0,1.5273024554754046e-18,6.109209821901624e-19,1.5720215489181372e-17,0.0,1.0308847470367537e-05,0.002695610203396194,0.10004026330547872,-0.4975046209822266,0.0,0.0,0.13372473863595027,0.05348989545437985
1448.0,1.3812649638488885e-18,5.52505985539556e-19,1.4951656204865338e-17,0.0,1.020622165890059e-05,0.002690223832500887,0.10004006244131008,-0.4975090106047055,0.0,0.0,0.1335910740574026,0.05343642962296076
1449.0,1.2491912741426195e-18,4.996765096570481e-19,1.4220671683688836e-17,0.0,1.0104617499680371e-05,0.0026848482246570726,0.10003986257920562,-0.49751339442162085,0.0,0.0,0.1334575430833004,0.05338301723331988
1450.0,1.1297461965919947e-18,4.518984786367981e-19,1.3525424900384197e-17,0.0,1.0004024822036378e-05,0.0026794833583580107,0.10003966371416619,-0.49751777242985246,0.0,0.0,0.13332414558009942,0.05332965823203946
1451.0,1.021722209507173e-18,4.086888838028693e-19,1.2864168641609414e-17,0.0,9.904433556548354e-06,0.0026741292121399357,0.10003946584121771,-0.49752214462635974,0.0,0.0,0.13319088141438873,0.0532763525657552
1452.0,9.240272519166774e-19,3.6961090076667115e-19,1.2235241115054822e-17,0.0,9.805833734038327e-06,0.002668785764581972,0.10003926895541089,-0.49752651100818057,0.0,0.0,0.13305775045289087,0.05322310018115606
1453.0,8.356736834530881e-19,3.3426947338123535e-19,1.1637061773219969e-17,0.0,9.708215484572683e-06,0.0026634529943060457,0.10003907305182104,-0.4975308715724304,0.0,0.0,0.13292475256246153,0.05316990102498432
1454.0,7.557682998715548e-19,3.02307319948622e-19,1.1068127341365492e-17,0.0,9.611569036474185e-06,0.002658130879976803,0.1000388781255482,-0.4975352263163034,0.0,0.0,0.13279188761008953,0.05311675504403553
1455.0,6.83503303263713e-19,2.734013213054853e-19,1.0527008039657908e-17,0.0,9.51588471534381e-06,0.00265281940030152,0.1000386841717167,-0.49753957523706976,0.0,0.0,0.13265915546289667,0.05306366218515836
1456.0,6.181481356810088e-19,2.4725925427240363e-19,1.0012343990013265e-17,0.0,9.421152943092336e-06,0.002647518534030022,0.10003849118547528,-0.49754391833207695,0.0,0.0,0.1325265559881374,0.05301062239525466
1457.0,5.590420936100147e-19,2.23616837444006e-19,9.522841798609704e-18,0.0,9.327364236981568e-06,0.0026422282599545955,0.10003829916199687,-0.49754825559874816,0.0,0.0,0.13239408905319905,0.05295763562127933
1458.0,5.055876486362914e-19,2.0223505945451667e-19,9.057271305480579e-18,0.0,9.234509208675105e-06,0.002636948556909903,0.10003810809647848,-0.49755258703458227,0.0,0.0,0.1322617545256014,0.052904701810240276
1459.0,4.572444067725114e-19,1.8289776270900476e-19,8.614462493019523e-18,0.0,9.142578563298561e-06,0.0026316794037729,0.10003791798414106,-0.4975569126371534,0.0,0.0,0.13212955227299672,0.052851820909198405
1460.0,4.135236453830938e-19,1.654094581532377e-19,8.193302545628296e-18,0.0,9.051563098509138e-06,0.0026264207794627526,0.1000377288202294,-0.4975612324041099,0.0,0.0,0.1319974821631695,0.05279899286526751
1461.0,3.739833724767674e-19,1.4959334899070713e-19,7.792733053118069e-18,0.0,8.961453703574457e-06,0.0026211726629407485,0.10003754060001205,-0.49756554633317446,0.0,0.0,0.1318655440640364,0.05274621762561425
1462.0,3.3822385841932952e-19,1.3528954336773194e-19,7.411747350836058e-18,0.0,8.872241358460577e-06,0.002615935033210215,0.10003735331878112,-0.4975698544221433,0.0,0.0,0.13173373784364606,0.05269349513745812
1463.0,3.0588359489475736e-19,1.2235343795790306e-19,7.04938798983302e-18,0.0,8.783917132929075e-06,0.002610707869316435,0.10003716697185225,-0.49757415666888577,0.0,0.0,0.13160206337017918,0.05264082534807135
1464.0,2.7663564026207328e-19,1.1065425610482938e-19,6.704744330713929e-18,0.0,8.696472185643124e-06,0.0026054911503465648,0.1000369815545644,-0.49757845307134396,0.0,0.0,0.13147052051194805,0.05258820820477889
1465.0,2.50184314361603e-19,1.0007372574464127e-19,6.3769502551249705e-18,0.0,8.609897763282453e-06,0.002600284855429546,0.10003679706227983,-0.4975827436275318,0.0,0.0,0.13133910913739663,0.052535643654958324
1466.0,2.2626220935700153e-19,9.050488374280068e-20,6.065181989125648e-18,0.0,8.524185199667158e-06,0.0025950889637360265,0.10003661349038391,-0.49758702833553536,0.0,0.0,0.13120782911510045,0.052483131646039835
1467.0,2.0462748639436157e-19,8.185099455774467e-20,5.768656032975945e-18,0.0,8.439325914890179e-06,0.0025899034544782755,0.10003643083428504,-0.49759130719351125,0.0,0.0,0.13107668031376624,0.05243067212550616
1468.0,1.8506143074916864e-19,7.40245722996675e-20,5.4866271921359124e-18,0.0,8.35531141445847e-06,0.0025847283069101,0.1000362490894145,-0.49759558019968725,0.0,0.0,0.1309456626022322,0.05237826504089254
1469.0,1.673662407450313e-19,6.694649629801256e-20,5.21838670452944e-18,0.0,8.272133288442678e-06,0.002579563500326762,0.10003606825122642,-0.49759984735236146,0.0,0.0,0.1308147758494674,0.05232591033978662
1470.0,1.5136302809141455e-19,6.054521123656583e-20,4.963260459365845e-18,0.0,8.189783210635299e-06,0.002574409014064894,0.1000358883151976,-0.49760410864990157,0.0,0.0,0.13068401992457204,0.05227360796982847
1471.0,1.3689000942492943e-19,5.47560037699718e-20,4.720607303043056e-18,0.0,8.10825293771723e-06,0.002569264827502421,0.10003570927682731,-0.4976083640907444,0.0,0.0,0.13055339469677715,0.05222135787871049
1472.0,1.238008707716925e-19,4.952034830867701e-20,4.489817427874957e-18,0.0,8.027534308432594e-06,0.0025641309200584747,0.10003553113163736,-0.4976126136733958,0.0,0.0,0.13042290003544427,0.05216916001417736
1473.0,1.1196328839640012e-19,4.4785315358560054e-20,4.270310839593646e-18,0.0,7.947619242771791e-06,0.0025590072711933103,0.10003535387517189,-0.49761685739642986,0.0,0.0,0.13029253581006583,0.052117014324026
1474.0,1.0125759108474554e-19,4.050303643389822e-20,4.0615358997753126e-18,0.0,7.868499741162689e-06,0.002553893860408224,0.1000351775029973,-0.4976210952584889,0.0,0.0,0.13016230189026456,0.05206492075610547
1475.0,9.157555033561518e-20,3.663022013424608e-20,3.862967939526714e-18,0.0,7.79016788366985e-06,0.0025487906672454767,0.10003500201070202,-0.49762532725828246,0.0,0.0,0.1300321981457934,0.05201287925831701
1476.0,8.281928623259688e-20,3.312771449303876e-20,3.674107940948347e-18,0.0,7.712615829201744e-06,0.002543697671288204,0.10003482739389655,-0.4976295533945869,0.0,0.0,0.12990222444653562,0.05196088977861391
1477.0,7.490027793378407e-20,2.996011117351364e-20,3.494481283060713e-18,0.0,7.635835814725848e-06,0.00253861485216034,0.10003465364821329,-0.4976337736662457,0.0,0.0,0.12977238066250457,0.05190895226500149
1478.0,6.773846877649181e-20,2.7095387510596733e-20,3.3236365490420728e-18,0.0,7.559820154491557e-06,0.002533542189526536,0.10003448076930643,-0.49763798807216797,0.0,0.0,0.12964266666384341,0.05185706666553702
1479.0,6.126145695000279e-20,2.4504582780001118e-20,3.1611443917802133e-18,0.0,7.484561239260833e-06,0.002528479663092075,0.10003430875285181,-0.4976421966113284,0.0,0.0,0.1295130823208252,0.05180523292832972
1480.0,5.540376355450607e-20,2.2161505421802428e-20,3.006596454887222e-18,0.0,7.410051535546516e-06,0.002523427252602793,0.10003413759454685,-0.49764639928276727,0.0,0.0,0.12938362750385257,0.05175345100154067
1481.0,5.010617064672137e-20,2.004246825868855e-20,2.859604346465713e-18,0.0,7.336283584858212e-06,0.0025183849378449994,0.10003396729011044,-0.4976505960855892,0.0,0.0,0.12925430208345776,0.05170172083338275
1482.0,4.5315122580227126e-20,1.8126049032090857e-20,2.7197986630474926e-18,0.0,7.263250002955692e-06,0.0025133526986453937,0.10003379783528285,-0.4976547870189636,0.0,0.0,0.12912510593030244,0.05165004237212063
1483.0,4.0982184588384136e-20,1.639287383535367e-20,2.5868280612517326e-18,0.0,7.19094347910972e-06,0.002508330514870986,0.10003362922582558,-0.49765897208212356,0.0,0.0,0.12899603891517747,0.05159841556607065
1484.0,3.7063553136436694e-20,1.4825421254574696e-20,2.4603583748296547e-18,0.0,7.119356775370254e-06,0.002503318366429016,0.10003346145752123,-0.49766315127436533,0.0,0.0,0.12886710090900297,0.051546840363600854
1485.0,3.35196130927297e-20,1.3407845237091895e-20,2.3400717748767875e-18,0.0,7.048482725841902e-06,0.0024983162332668724,0.10003329452617354,-0.49766732459504864,0.0,0.0,0.128738291782828,0.05149531671313089
1486.0,3.031453724229518e-20,1.2125814896918083e-20,2.2256659711023314e-18,0.0,6.978314235966627e-06,0.0024933240953720144,0.10003312842760712,-0.49767149204359556,0.0,0.0,0.1286096114078306,0.051443844563131925
1487.0,2.74159240941186e-20,1.096636963764745e-20,2.1168534521483676e-18,0.0,6.9088442818135606e-06,0.0024883419327718886,0.10003296315766738,-0.49767565361949034,0.0,0.0,0.12848105965531742,0.05139242386212667
1488.0,2.479447032052286e-20,9.917788128209154e-21,2.0133607630497538e-18,0.0,6.84006590937591e-06,0.0024833697255338513,0.10003279871222054,-0.4976798093222791,0.0,0.0,0.12835263639672395,0.05134105455868927
1489.0,2.2423674517218682e-20,8.969469806887482e-21,1.9149278180189176e-18,0.0,6.771972233874856e-06,0.002478407453765089,0.10003263508715342,-0.4976839591515694,0.0,0.0,0.12822434150361398,0.05128973660144529
1490.0,2.0279569289204286e-20,8.11182771568172e-21,1.821307246828508e-18,0.0,6.7045564390703726e-06,0.0024734550976125372,0.10003247227837331,-0.49768810310702927,0.0,0.0,0.12809617484767982,0.05123846993907163
1491.0,1.8340478954055396e-20,7.336191581622163e-21,1.7322637731493182e-18,0.0,6.637811776578924e-06,0.002468512637262802,0.10003231028180792,-0.4976922411883873,0.0,0.0,0.12796813630074197,0.05118725452029648
1492.0,1.6586800413123927e-20,6.6347201652495754e-21,1.6475736232811782e-18,0.0,6.5717315651979365e-06,0.0024635800529420803,0.10003214909340533,-0.4976963733954322,0.0,0.0,0.1278402257347491,0.05113609029389932
1493.0,1.5000804975377912e-20,6.000321990151169e-21,1.567023963790926e-18,0.0,6.506309190237013e-06,0.0024586573249160823,0.10003198870913378,-0.4977004997280125,0.0,0.0,0.12771244302177776,0.051084977208710795
1494.0,1.3566459130434672e-20,5.4265836521738736e-21,1.4904123666441787e-18,0.0,6.441538102855786e-06,0.002453744433489949,0.1000318291249817,-0.49770462018603606,0.0,0.0,0.12758478803403256,0.05103391521361271
1495.0,1.2269262458904648e-20,4.907704983561864e-21,1.4175463004867448e-18,0.0,6.377411819408387e-06,0.002448841359008179,0.10003167033695741,-0.4977087347694689,0.0,0.0,0.12745726064384563,0.05098290425753793
1496.0,1.1096101041411813e-20,4.43844041656473e-21,1.34824264679722e-18,0.0,6.313923920794409e-06,0.002443948081854544,0.10003151234108926,-0.49771284347833605,0.0,0.0,0.12732986072367689,0.050931944289470434
1497.0,1.0035114884339368e-20,4.014045953735753e-21,1.2823272396948216e-18,0.0,6.251068051816365e-06,0.0024390645824520136,0.10003135513342538,-0.49771694631272073,0.0,0.0,0.1272025881461136,0.05088103525844513
1498.0,9.075578022050579e-21,3.630231208820236e-21,1.2196344282459547e-18,0.0,6.188837920543516e-06,0.0024341908412626747,0.10003119871003359,-0.497721043272763,0.0,0.0,0.1270754427838705,0.05083017711354789
1499.0,8.207790083486401e-21,3.283116033394567e-21,1.1600066601695572e-18,0.0,6.127227297682053e-06,0.002429326838787658,0.10003104306700134,-0.4977251343586607,0.0,0.0,0.1269484245097895,0.05077936980391549
1500.0,7.42297822694012e-21,2.969191290776054e-21,1.1032940858950318e-18,0.5333333333333333,0.0005393995633492848,0.0024244725555670555,0.10003088820043558,-0.49772921957066835,0.0,0.0,0.1268215331968396,0.05072861327873554
1501.0,6.7132084516252835e-21,2.685283380650118e-21,1.0493541819777382e-18,5.6749705575607505,0.034320061589068813,0.002419627972179842,0.10003073410646275,-0.49773329890909696,0.0,0.0,0.12669476871811675,0.050677907487246425
1502.0,6.071305389447518e-21,2.428522155779011e-21,9.9805139292565e-19,10.483934543379261,0.11710755774200104,0.002414793069243803,0.10003058078122853,-0.4977373723743132,0.0,0.0,0.12656813094684385,0.050627252378737254
1503.0,5.490779766120684e-21,2.1963119064482775e-21,9.492567905370603e-19,14.981749851687873,0.24522142960612128,0.00240996782741545,0.10003042822089787,-0.49774143996673986,0.0,0.0,0.12644161975637042,0.05057664790254788
1504.0,4.965762798300583e-21,1.9863051193202368e-21,9.028477498932235e-19,19.188548365320734,0.4152244244920754,0.0024051522273899496,0.10003027642165487,-0.4977455016868545,0.0,0.0,0.12631523502017258,0.050526094008068755
1505.0,4.4909468635286075e-21,1.7963787454114467e-21,8.587076411916723e-19,23.12315939783968,0.623906709079956,0.002400346249901041,0.10003012537970259,-0.49774955753518985,0.0,0.0,0.126188976611853,0.050475590644740914
1506.0,4.0615318431922856e-21,1.6246127372769168e-21,8.167255366457667e-19,26.803193972124706,0.8682711049707722,0.0023955498757209626,0.10002997509126309,-0.49775360751233294,0.0,0.0,0.12606284440514057,0.050425137762055955
1507.0,3.6731765960605745e-21,1.4692706384242315e-21,7.767959317138829e-19,30.245123645987064,1.1455192800222642,0.0023907630856603735,0.10002982555257732,-0.49775765161892505,0.0,0.0,0.1259368382738905,0.05037473530955593
1508.0,3.3219550718190398e-21,1.3287820287276171e-21,7.388184799576721e-19,33.464354237622445,1.4530388336231297,0.0023859858605682783,0.10002967675990491,-0.49776168985566105,0.0,0.0,0.12581095809208404,0.050324383236833345
1509.0,3.0043166209377254e-21,1.2017266483750912e-21,7.0269774086306485e-19,36.475294780893854,1.7883912180613233,0.002381218181331946,0.10002952870952415,-0.4977657222232889,0.0,0.0,0.12568520373382847,0.050274081493531096
1510.0,2.7170500996271e-21,1.0868200398508412e-21,6.6834293999027265e-19,39.2914220190828,2.149300441884767,0.0023764600288768397,0.10002938139773196,-0.4977697487226099,0.0,0.0,0.12555957507335674,0.0502238300293424
1511.0,2.457251407003635e-21,9.829005628014555e-22,6.356677408500258e-19,41.92534072577805,2.533642504653347,0.0023717113841665344,0.1000292348208437,-0.49777376935447787,0.0,0.0,0.12543407198502765,0.05017362879401076
1512.0,2.2222941262842524e-21,8.88917650513702e-22,6.045900279327505e-19,44.38884012289359,2.939435515755076,0.002366972228202646,0.10002908897519308,-0.4977777841197984,0.0,0.0,0.12530869434332556,0.050123477737329926
1513.0,2.0098029732088303e-21,8.039211892835331e-22,5.750317003454231e-19,46.69294664833878,3.364830453021547,0.0023622425420247537,0.10002894385713211,-0.49778179301952924,0.0,0.0,0.12518344202286022,0.05007337680914381
1514.0,1.817629783269466e-21,7.270519133077876e-22,5.469184755374899e-19,48.847973309524555,3.8081025197418055,0.0023575223067103203,0.10002879946303106,-0.49778579605467976,0.0,0.0,0.12505831489836694,0.05002332595934648
1515.0,1.6438317949910432e-21,6.575327179964183e-22,5.201797026226032e-19,50.86356584360854,4.267643061352587,0.002352811503374622,0.10002865578927823,-0.49778979322630995,0.0,0.0,0.12493331284470591,0.04997332513788206
1516.0,1.4866520097194471e-21,5.946608038877797e-22,4.947481848270306e-19,52.74874589108867,4.741952005588249,0.0023481101131706704,0.10002851283228001,-0.497793784535531,0.0,0.0,0.12480843573686261,0.049923374294744735
1517.0,1.344501429366083e-21,5.378005717464341e-22,4.705600106185409e-19,54.51195137598706,5.229630792217104,0.0023434181172891353,0.10002837058846066,-0.4977977699835042,0.0,0.0,0.1246836834499474,0.04987347337997867
1518.0,1.215942992542402e-21,4.863771970169616e-22,4.475543930913754e-19,56.161074273363035,5.729375760682502,0.002338735496958274,0.1000282290542623,-0.4978017495714407,0.0,0.0,0.12455905585919559,0.049823622343677945
1519.0,1.099677046687913e-21,4.398708186751659e-22,4.256735172036674e-19,57.70349593319948,6.239971966017014,0.0023340622334438515,0.1000280882261448,-0.49780572330060163,0.0,0.0,0.12443455283996704,0.04977382113598654
1520.0,9.945282093231692e-22,3.9781128372926806e-22,4.048623944834041e-19,59.14612011876994,6.760287395315218,0.0023293983080490688,0.10002794810058567,-0.49780969117229706,0.0,0.0,0.12431017426774633,0.049724069707098244
1521.0,8.994334856024785e-22,3.597733942409917e-22,3.8506872483779535e-19,60.495403907363475,7.289267558843914,0.0023247437021144852,0.10002780867408002,-0.49781365318788623,0.0,0.0,0.12418592001814241,0.04967436800725667
1522.0,8.1343152204157125e-22,3.253726088166288e-22,3.6624276511876404e-19,61.75738659167666,7.825930431545716,0.002320098397017947,0.10002766994314044,-0.49781760934877695,0.0,0.0,0.12406178996688856,0.04962471598675513
1523.0,7.356528877815264e-22,2.942611551126108e-22,3.483372041142528e-19,62.93771671123319,8.369361722260674,0.002315462374174511,0.10002753190429692,-0.49782155965642516,0.0,0.0,0.12393778398984237,0.04957511359593666
1524.0,6.6531128513807585e-22,2.661245140552306e-22,3.313070436511892e-19,64.04167733482174,8.918710449457768,0.0023108356150363693,0.10002739455409673,-0.4978255041123346,0.0,0.0,0.12381390196298539,0.04952556078519387
1525.0,6.016956005799475e-22,2.4067824023197922e-22,3.1510948551131174e-19,65.07420970711428,9.473184803640319,0.002306218101092777,0.10002725788910442,-0.49782944271805685,0.0,0.0,0.12369014376242322,0.049476057504969015
1526.0,5.441627157761617e-22,2.1766508631046486e-22,2.9970382387566603e-19,66.03993536530528,10.032048277872896,0.002301609813869979,0.10002712190590164,-0.4978333754751903,0.0,0.0,0.12356650926438527,0.04942660370575383
1527.0,4.921310060360714e-22,1.9685240241442871e-22,2.850513430274755e-19,66.94317682476459,10.594616049077638,0.002297010734931132,0.10002698660108711,-0.49783730238538043,0.0,0.0,0.12344299834522467,0.04937719933808958
1528.0,4.450744604150728e-22,1.780297841660292e-22,2.711152200563057e-19,67.78797692629074,11.16025159387073,0.0022924208458762344,0.1000268519712765,-0.4978412234503192,0.0,0.0,0.12331961088141814,0.04932784435256697
1529.0,4.025173640436077e-22,1.610069456174431e-22,2.5786043231900934e-19,68.57811693156222,11.728363523759814,0.00228784012834205,0.10002671801310234,-0.4978451386717443,0.0,0.0,0.12319634674956585,0.04927853869982605
1530.0,3.6402948892083232e-22,1.4561179556833294e-22,2.452536694248934e-19,69.31713344778017,12.298402625505346,0.0022832685640020384,0.10002658472321403,-0.4978490480514401,0.0,0.0,0.12307320582639134,0.049229282330556255
1531.0,3.2922174455461697e-22,1.316886978218468e-22,2.3326324952391963e-19,70.008334257256,12.869859093367436,0.002278706134566279,0.10002645209827768,-0.49785295159123594,0.0,0.0,0.12295018798874136,0.049180075195496255
1532.0,2.977422444783231e-22,1.1909689779132923e-22,2.218590396875651e-19,70.65481312279624,13.442259940818985,0.002274152821781397,0.10002632013497596,-0.49785684929300617,0.0,0.0,0.12282729311358576,0.049130917245434017
1533.0,2.692727488790846e-22,1.0770909955163388e-22,2.110123801822509e-19,71.25946363515185,14.015166580109415,0.0022696086074304907,0.10002618883000813,-0.49786074115867013,0.0,0.0,0.12270452107801738,0.04908180843120666
1534.0,2.435254473745913e-22,9.741017894983655e-23,2.0069601244503372e-19,71.8249921645128,14.588172558814993,0.0022650734733330614,0.10002605818008994,-0.4978646271901918,0.0,0.0,0.12258187175925189,0.04903274870370046
1535.0,2.2024004941408036e-22,8.809601976563214e-23,1.9088401058055617e-19,72.3539299740173,15.160901443214582,0.0022667655666758738,0.10002592818195348,-0.497862287611991,0.0,0.0,0.12245934503462769,0.048983738013850774
1536.0,1.9918115288914764e-22,7.967246115565903e-23,1.8155171620710255e-19,72.8486445494952,15.733004838987274,0.0023572941276602446,0.10002579883234718,-0.4977710918797157,0.0,0.0,0.12233694078160577,0.04893477631264201
1537.0,1.8013586435253325e-22,7.205434574101329e-23,1.7267567648802208e-19,73.31135019615624,16.304160540343158,0.0025618604704035824,0.10002567012803565,-0.49756583253691183,0.0,0.0,0.12221465887776967,0.04888586355110755
1538.0,1.6291164678664854e-22,6.516465871465942e-23,1.642335851927881e-19,73.74411794965371,16.87407079927374,0.0028800142339920204,0.10002554206579968,-0.49724696047987565,0.0,0.0,0.12209249920082521,0.048836999680329764
1539.0,1.4733437316401063e-22,5.893374926560426e-23,1.5620422663957416e-19,74.14888484588403,17.442460707146402,0.003311248998001929,0.10002541464243614,-0.4968149826720857,0.0,0.0,0.12197046162860048,0.048788184651439886
1540.0,1.3324656612218945e-22,5.329862644887578e-23,1.4856742237847036e-19,74.52746259101379,18.009076681370455,0.003855006790242956,0.1000252878547578,-0.496270457635028,0.0,0.0,0.12184854603904571,0.04873941841561798
1541.0,1.2050580595738355e-22,4.8202322382953424e-23,1.4130398048135037e-19,74.88154567054008,18.573685050332887,0.004510682294010741,0.1000251616995934,-0.4956139912396278,0.0,0.0,0.12172675231023312,0.04869070092409294
1542.0,1.089832908423469e-22,4.359331633693875e-23,1.3439564731095e-19,75.21271893368005,19.136070730242032,0.005277626774379621,0.10002503617378747,-0.4948462327787466,0.0,0.0,0.12160508032035676,0.04864203212814239
1543.0,9.856253471328972e-23,3.9425013885315874e-23,1.2782506164794953e-19,75.52246468703696,19.696035987929132,0.006155151741801105,0.10002491127420027,-0.49396787130247233,0.0,0.0,0.1214835299477325,0.04859341197909268
1544.0,8.913818966213229e-23,3.5655275864852894e-23,1.215757110607766e-19,75.81216932929271,20.2533992840426,0.007142532370091226,0.10002478699770777,-0.4929796321991127,0.0,0.0,0.12136210107079777,0.04854484042831878
1545.0,8.061498092916758e-23,3.2245992371667004e-23,1.156318904084842e-19,76.08312955662414,20.807994191430133,0.008239010684783681,0.10002466334120148,-0.49188227400590695,0.0,0.0,0.12124079356811154,0.0484963174272443
1546.0,7.290674372951579e-23,2.916269749180628e-23,1.0997866237241724e-19,76.3365581666175,21.35966838384035,0.009443798536791104,0.10002454030158843,-0.4906765854345087,0.0,0.0,0.1211196073183542,0.048447842927341354
1547.0,6.593555217623463e-23,2.6374220870493814e-23,1.0460181991748083e-19,76.57358948665917,21.90828269039094,0.010756080375349183,0.10002441787579112,-0.48936338259726037,0.0,0.0,0.12099854220032732,0.04839941688013061
1548.0,5.963093149399438e-23,2.3852372597597707e-23,9.948785058867239e-20,76.79528445109975,22.45371021154469,0.012175015833313266,0.10002429606074732,-0.48794350642118045,0.0,0.0,0.1208775980929537,0.048351039237181155
1549.0,5.392914555924649e-23,2.157165822369856e-23,9.46239025531514e-20,77.00263534991628,22.99583549261048,0.013699742137030731,0.10002417485341014,-0.48641782023744073,0.0,0.0,0.12075677487527713,0.04830270995011052
1550.0,4.8772552564323184e-23,1.9509021025729244e-23,8.999775230250831e-20,77.19657027012752,23.534553751044022,0.015329376352220597,0.1000240542507479,-0.484787207534893,0.0,0.0,0.12063607242646225,0.04825442897058459
1551.0,4.4109022291598586e-23,1.764360891663941e-23,8.55977739340649e-20,77.37795724984167,24.06977015406413,0.01706301747655151,0.10002393424974396,-0.4830525698669515,0.0,0.0,0.12051549062579459,0.04820619625031751
1552.0,3.9891409106685543e-23,1.5956563642674198e-23,8.141290993400809e-20,77.54760816352956,24.601399143325892,0.018899748388916626,0.10002381484739685,-0.4812148249018304,0.0,0.0,0.12039502935268023,0.048158011741071774
1553.0,3.6077075342929394e-23,1.443083013717174e-23,7.743264338893257e-20,77.70628235591366,25.12936380360287,0.020838637664756257,0.10002369604071998,-0.4792749046067771,0.0,0.0,0.1202746884866459,0.048109875394658046
1554.0,3.2627460258887464e-23,1.3050984103554972e-23,7.364697155595725e-20,77.85469004073792,25.653595272627754,0.0228787412661733,0.1000235778267417,-0.47723375355755876,0.0,0.0,0.12015446790733862,0.048061787162935146
1555.0,2.9507690211199945e-23,1.1803076084479966e-23,7.004638072499549e-20,77.99349547963112,26.174032189425343,0.025019104115019872,0.1000234602025052,-0.47509232736501567,0.0,0.0,0.12003436749452584,0.048013746997810025
1556.0,2.6686226101921984e-23,1.0674490440768787e-23,6.66218223100056e-20,78.12331995529189,26.690620178644295,0.02725876155660367,0.10002334316506835,-0.47285159121103226,0.0,0.0,0.11991438712809507,0.047965754851237705
1557.0,2.413454453621032e-23,9.65381781448412e-24,6.336469010913689e-20,78.24474455230326,27.203311368555344,0.02959674072116696,0.10002322671150378,-0.47051251848677006,0.0,0.0,0.11979452668805396,0.04791781067522126
1558.0,2.1826849467050293e-23,8.73073978682011e-24,6.026679867662438e-20,78.35831275802356,27.7120639405348,0.03203206178982746,0.10002311083889867,-0.4680760895264696,0.0,0.0,0.1196747860545301,0.04786991442181171
1559.0,1.9739811411915763e-23,7.8959245647663e-24,5.732036275207863e-20,78.46453289519492,28.216841707993108,0.03456373917123687,0.10002299554435476,-0.465543290430565,0.0,0.0,0.11955516510777082,0.04782206604310801
1560.0,1.7852331604990854e-23,7.140932641996337e-24,5.451797769547488e-20,78.5638803971577,28.717613722840465,0.03719078259480742,0.10002288082498823,-0.46291511197225643,0.0,0.0,0.11943566372814324,0.04777426549125697
1561.0,1.614532870066689e-23,6.45813148026675e-24,5.185260087867315e-20,78.65679993585421,29.21435390770479,0.03991219812597725,0.10002276667792964,-0.460192548582069,0.0,0.0,0.11931628179613399,0.04772651271845327
1562.0,1.4601545872008327e-23,5.8406183488033256e-24,4.931753398670442e-20,78.74370741214693,29.707040712233,0.042726989108631125,0.1000226531003239,-0.4573765974052802,0.0,0.0,0.11919701919234922,0.04767880767693936
1563.0,1.3205376354063134e-23,5.2821505416252495e-24,4.690640618434459e-20,78.8249918173595,30.195656791914477,0.045634157039460804,0.10002254008933016,-0.4544682574274282,0.0,0.0,0.11907787579751439,0.04763115031900543
1564.0,1.1942705668359816e-23,4.777082267343923e-24,4.461315810567247e-20,78.90101697437254,30.68018870796666,0.04863270237873956,0.10002242764212171,-0.45146852866342535,0.0,0.0,0.11895885149247415,0.04758354059698934
1565.0,1.0800768933570661e-23,4.320307573428262e-24,4.243202662637625e-20,78.9721231660675,31.160626646917255,0.05172162530169476,0.10002231575588597,-0.44837841140609247,0.0,0.0,0.11883994615819228,0.04753597846327659
1566.0,9.768021819833268e-24,3.907208727933304e-24,4.035753038053982e-20,79.0386286584073,31.63696415860576,0.0548999263943912,0.10002220442782435,-0.44519890553019864,0.0,0.0,0.11872115967575154,0.047488463870300306
1567.0,8.83402384215209e-24,3.533609536860833e-24,3.838445598551158e-20,79.1008311249707,32.10919791140997,0.05816660729778407,0.10002209365515224,-0.44193100984834705,0.0,0.0,0.11860249192635361,0.04744099677054113
1568.0,7.989332813042757e-24,3.195733125217102e-24,3.65078449402376e-20,79.15900897931695,32.577327463580104,0.06152067130336277,0.10002198343509901,-0.43857572151528385,0.0,0.0,0.11848394279131882,0.04739357711652721
1569.0,7.225409387395539e-24,2.890163754958214e-24,3.4722981164133544e-20,79.21342262114395,33.041355049635726,0.06496112390358519,0.10002187376490769,-0.4351340354774291,0.0,0.0,0.11836551215208616,0.04734620486083415
1570.0,6.534530734560874e-24,2.6138122938243473e-24,3.302537914517959e-20,79.26431560181754,33.5012853808483,0.06848697330009383,0.10002176464183518,-0.43160694396463944,0.0,0.0,0.11824719989021316,0.04729887995608494
1571.0,5.909712464930971e-24,2.3638849859723855e-24,3.141077266745335e-20,79.31191571448925,33.95712545889513,0.07209723087251156,0.10002165606315203,-0.4279954360213999,0.0,0.0,0.11812900588737574,0.047251602354949955
1572.0,5.344638021739667e-24,2.137855208695865e-24,2.987510408977225e-20,79.3564360136812,34.40888440183009,0.07579091161043239,0.1000215480261424,-0.42430049707483214,0.0,0.0,0.11801093002536799,0.047204372010146864
1573.0,4.833594824271871e-24,1.9334379297087474e-24,2.84145141485018e-20,79.3980757689022,34.85657328157165,0.07956703451105344,0.10002144052810406,-0.420523108537071,0.0,0.0,0.1178929721861023,0.04715718887444059
1574.0,4.371416516926813e-24,1.748566606770724e-24,2.7025332258903075e-20,79.43702135656301,35.30020497216019,0.08340118769298493,0.10002133356634815,-0.4166876876910442,0.0,0.0,0.11777513225160899,0.047110052900643275
1575.0,3.9534307403060296e-24,1.581372296122412e-24,2.5704067290646136e-20,79.47344709418306,35.739794008085546,0.08723093727902786,0.1000212271381993,-0.41285668178035984,0.0,0.0,0.11765741010403635,0.04706296404161421
1576.0,3.575411896321561e-24,1.4301647585286247e-24,2.4447398794307426e-20,79.50751602062275,36.17535645203067,0.09105303425577267,0.10002112124099549,-0.40903334041840594,0.0,0.0,0.11753980562565046,0.04701592225025985
1577.0,3.2335384298064577e-24,1.2934153719225833e-24,2.325216865680249e-20,79.53938062583289,36.60690977141943,0.09486749391467063,0.10002101587208793,-0.4052176482145949,0.0,0.0,0.11742231869883502,0.04696892747953368
1578.0,2.924354194769076e-24,1.1697416779076304e-24,2.2115373164783542e-20,79.56918353338847,37.03447272319688,0.09867433151661759,0.1000209110288411,-0.4014095898096657,0.0,0.0,0.11730494920609137,0.04692197968243623
1579.0,2.6447335147259583e-24,1.0578934058903833e-24,2.1034155456056504e-20,79.59705813886086,37.45806524630641,0.10247356229201504,0.10002080670863257,-0.39760914987561624,0.0,0.0,0.11718769703003831,0.046875078812015
1580.0,2.3918495838931905e-24,9.567398335572765e-25,2.0005798340047227e-20,79.62312920688643,37.877708361363936,0.10626520144083111,0.10002070290885305,-0.39381631311563736,0.0,0.0,0.11707056205341189,0.04682822482136443
1581.0,2.1631458897902694e-24,8.65258355916108e-25,1.9027717469274245e-20,79.64751342960369,38.29342407706044,0.11004926413266132,0.10002059962690626,-0.3900310642640456,0.0,0.0,0.11695354415906539,0.04678141766362584
1582.0,1.9563103683552898e-24,7.825241473421165e-25,1.8097454844667274e-20,79.67031994895842,38.70523530285574,0.11382576550678926,0.10002049686020884,-0.3862533880862173,0.0,0.0,0.11683664322996924,0.04673465729198737
1583.0,1.7692520302943957e-24,7.077008121177587e-25,1.721267263840991e-20,79.69165084521498,39.113165767553674,0.11759472067224724,0.10002039460619029,-0.3824832693785225,0.0,0.0,0.11671985914921079,0.046687943659683984
1584.0,1.600079822371186e-24,6.400319289484747e-25,1.6371147318782673e-20,79.71160159385973,39.51723994337612,0.12135614470787669,0.10002029286229301,-0.37872069296825867,0.0,0.0,0.11660319179999423,0.04664127671999738
1585.0,1.4470835099357726e-24,5.788334039743094e-25,1.5570764062241765e-20,79.73026149294216,39.91748297517759,0.12511005266238845,0.1000201916259721,-0.37496564371358493,0.0,0.0,0.11648664106564063,0.04659465642625594
1586.0,1.3087163874267378e-24,5.234865549706956e-25,1.4809511438690516e-20,79.74771406276635,40.31392061446569,0.12885645955442304,0.10002009089469542,-0.3712181065034567,0.0,0.0,0.11637020682958753,0.0465480827318347
1587.0,1.1835796420590198e-24,4.734318568236083e-25,1.408547635658728e-20,79.76403741972143,40.706579157914064,0.13259538037261065,0.10001999066594339,-0.36747806625755963,0.0,0.0,0.11625388897538902,0.0465015555901553
1588.0,1.0704082126235144e-24,4.28163285049406e-25,1.3396839255186274e-20,79.77930462592468,41.09548539007506,0.1363268300756312,0.10001989093720905,-0.3637455079262446,0.0,0.0,0.11613768738671565,0.046455074954685954
1589.0,9.680580004389196e-25,3.872232001755681e-25,1.2741869531829193e-20,79.79358401624212,41.48066653001814,0.14005082359227428,0.10001979170599792,-0.36002041649046224,0.0,0.0,0.11602160194735416,0.04640864077894137
1590.0,8.754943031658242e-25,3.5019772126632997e-25,1.2118921192795907e-20,79.80693950415024,41.86215018163786,0.14376737582149862,0.10001969296982802,-0.3563027769616983,0.0,0.0,0.11590563254120752,0.04636225301648272
1591.0,7.917813545554955e-25,3.1671254182219846e-25,1.1526428716784524e-20,79.81943086780782,42.239964287391814,0.14747650163249187,0.10001959472622964,-0.3525925743819084,0.0,0.0,0.11578977905229472,0.04631591162091759
1592.0,7.160728643861809e-25,2.8642914575447255e-25,1.0962903120625349e-20,79.83111401761855,42.61413708524451,0.15117821586473013,0.1000194969727455,-0.34888979382345303,0.0,0.0,0.11567404136475065,0.046269616545899964
1593.0,6.476034629510726e-25,2.590413851804292e-25,1.0426928217341593e-20,79.84204124648176,42.98469706860757,0.15487253332803708,0.10001939970693048,-0.34519442038903386,0.0,0.0,0.11555841936282604,0.046223367745130126
1594.0,5.856809636065784e-25,2.3427238544263148e-25,9.917157057153001e-21,79.8522614638515,43.351672949080374,0.15855946880264354,0.1000193029263518,-0.34150643921162865,0.0,0.0,0.11544291293088735,0.046177165172354644
1595.0,5.296793651596735e-25,2.118717460638695e-25,9.432308542478345e-21,79.86182041465158,43.71509362180778,0.16223903703924644,0.10001920662858868,-0.33782583545442696,0.0,0.0,0.11532752195341657,0.046131008781366334
1596.0,4.790325233524519e-25,1.9161300934098082e-25,8.971164208429995e-21,79.87076088402645,44.07498813328373,0.16591125275906782,0.10001911081123245,-0.33415259431076627,0.0,0.0,0.11521224631501116,0.046084898526004156
1597.0,4.332284274661941e-25,1.7329137098647769e-25,8.532565160709717e-21,79.87912288884418,44.4313856514401,0.16957613065391378,0.10001901547188652,-0.33048670100406813,0.0,0.0,0.11509708590038394,0.04603883436015327
1598.0,3.91804024184678e-25,1.5672160967387124e-25,8.115409163210316e-21,79.88694385680904,44.78431543787132,0.1732336853862331,0.10001892060816614,-0.3268281407877739,0.0,0.0,0.11498204059436298,0.045992816237744885
1599.0,3.543405363889389e-25,1.417362145555756e-25,7.718647868004087e-21,79.8942587939851,45.13380682205432,0.17688393158917629,0.10001882621769859,-0.32317689894528184,0.0,0.0,0.11486711028189146,0.045946844112756284
1600.0,3.204592295591613e-25,1.281836918236646e-25,7.34128418075672e-21,79.36776710814732,45.479355844099466,0.18052688386665383,0.1000187322981229,-0.3195329607898828,0.0,0.0,0.11475229484802758,0.04590091793921072
1601.0,2.898175829844371e-25,1.159270331937749e-25,6.982369754945829e-21,74.23252886443429,45.788277843494235,0.18416255679339447,0.1000186388470899,-0.3158963116646975,0.0,0.0,0.11463759417794439,0.04585503767117744
1602.0,2.621058270735016e-25,1.048423308294007e-25,6.641002608586788e-21,69.4295498335042,46.04484277227755,0.1877909649150039,0.10001854586226215,-0.3122669369426129,0.0,0.0,0.1145230081569297,0.04580920326277157
1603.0,2.3704381176063224e-25,9.481752470425295e-26,6.316324857476511e-21,64.9373322426657,46.25276046756109,0.19141212274802266,0.10001845334131385,-0.30864482202621973,0.0,0.0,0.1144085366703861,0.045763414668154125
1604.0,2.1437817434807708e-25,8.575126973923086e-26,6.007520559258682e-21,60.73576926404682,46.415497525341735,0.19502604477998436,0.10001836128193078,-0.30502995234774904,0.0,0.0,0.11429417960383058,0.04571767184153193
1605.0,1.9387977815351318e-25,7.75519112614053e-26,5.713813662892333e-21,56.80605501794645,46.536293070577564,0.19863274546947363,0.10001826968181038,-0.30142231336900976,0.0,0.0,0.11417993684289465,0.04567197473715757
1606.0,1.7534139606872096e-25,7.013655842748841e-26,5.4344660583706374e-21,53.13060039913205,46.61817350659342,0.202232239246184,0.10001817853866145,-0.29782189058132597,0.0,0.0,0.11406580827332415,0.04562632330932936
1607.0,1.5857561561157048e-25,6.343024624462823e-26,5.1687757217887056e-21,49.6929543493284,46.66396630985847,0.2058245405109754,0.10001808785020427,-0.29422866950547466,0.0,0.0,0.11395179378097903,0.04558071751239132
1608.0,1.434129442925907e-25,5.736517771703628e-26,4.91607495109877e-21,46.47773022351876,46.67631293190503,0.20940966363593208,0.10001799761417048,-0.2906426356916234,0.0,0.0,0.11383789325183342,0.045535157300733084
1609.0,1.297000961424553e-25,5.188003845698211e-26,4.675728688119064e-21,43.47053692047962,46.65768086616143,0.21298762296442,0.10001790782830305,-0.28706377471926803,0.0,0.0,0.11372410657197544,0.04548964262878988
1610.0,1.1729844207815514e-25,4.691937683126206e-26,4.447132922579474e-21,40.657914469294774,46.61037493373339,0.21655843281114406,0.10001781849035624,-0.28349207219717104,0.0,0.0,0.11361043362760692,0.045444173451042465
1611.0,1.0608260844194204e-25,4.2433043376776806e-26,4.229713174193193e-21,38.02727378353831,46.53654783867262,0.22012210746220567,0.10001772959809543,-0.2799275137632992,0.0,0.0,0.11349687430504354,0.04539874972201713
1612.0,9.593920954507004e-26,3.8375683818028024e-26,4.022923048939683e-21,35.56684031347127,46.43821004000094,0.22367866117515955,0.1000176411492972,-0.2763700850847625,0.0,0.0,0.11338342849071469,0.04535337139628559
1613.0,8.676570140307494e-26,3.4706280561229974e-26,3.826242865930783e-21,33.26560134404304,46.31723898470019,0.22722810817907113,0.10001755314174925,-0.2728197718577523,0.0,0.0,0.11327009607116319,0.04530803842846498
1614.0,7.846934507450723e-26,3.13877380298029e-26,3.639178351409155e-21,31.11325670280762,46.175387743017474,0.2307704626745732,0.10001746557325028,-0.26927655980747967,0.0,0.0,0.11315687693304523,0.0452627507732178
1615.0,7.096626912306476e-26,2.83865076492259e-26,3.461259396596974e-21,29.100172657126837,46.014293084760034,0.2343057388339229,0.10001737844160996,-0.26574043468811487,0.0,0.0,0.11304377096313034,0.04521750838525184
1616.0,6.418062172515055e-26,2.567224869006022e-26,3.2920388762732273e-21,27.217338794308112,45.83548303275151,0.2378339508010583,0.10001729174464896,-0.26221138228272545,0.0,0.0,0.11293077804830129,0.04517231121932021
1617.0,5.80438038511468e-26,2.3217521540458727e-26,3.1310915251106226e-21,25.456327691675263,45.64038392728111,0.24135511269165505,0.1000172054801987,-0.25868938840321576,0.0,0.0,0.1128178980755538,0.0451271592302212
1618.0,5.249377576830418e-26,2.0997510307321678e-26,2.978012868948237e-21,23.809257196058876,45.430327033188256,0.24486923859318294,0.1000171196461015,-0.255174438890266,0.0,0.0,0.1127051309319966,0.04508205237279833
1619.0,4.747442985438583e-26,1.898977194175434e-26,2.8324182083141053e-21,22.26875514387187,45.20655471917761,0.24837634256496197,0.10001703424021044,-0.25166651961327174,0.0,0.0,0.11259247650485128,0.0450369906019402
1620.0,4.293502338156939e-26,1.7174009352627764e-26,2.6939416516432566e-21,20.827926363860072,44.97022623704509,0.25187643863821896,0.10001694926038932,-0.24816561647028348,0.0,0.0,0.11247993468145213,0.04499197387258053
1621.0,3.882966553637526e-26,1.5531866214550115e-26,2.5622351957615946e-21,19.4803218148346,44.72242312670355,0.2553695408161434,0.10001686470451256,-0.24467171538794566,0.0,0.0,0.11236750534924606,0.0449470021396981
1622.0,3.5116853489684916e-26,1.4046741395873978e-26,2.436967851324802e-21,18.219909720248825,44.46415427122289,0.25885566307394375,0.10001678057046516,-0.24118480232143683,0.0,0.0,0.11225518839579249,0.04490207535831667
1623.0,3.1759052826781425e-26,1.270362113071258e-26,2.3178248110144246e-21,17.041048570420458,44.19636062453164,0.26233481935890307,0.10001669685614277,-0.23770486325441,0.0,0.0,0.11214298370876322,0.04485719348350496
1624.0,2.872231809579883e-26,1.1488927238319537e-26,2.2045066584007322e-21,15.938461871558777,43.91991963296215,0.26580702359043507,0.10001661355945145,-0.23423188419893184,0.0,0.0,0.11203089117594231,0.044812356470376596
1625.0,2.597594963854148e-26,1.0390379855416598e-26,2.0967286154841833e-21,14.907214528575519,43.6356493704509,0.2692722896601394,0.10001653067830774,-0.2307658511954237,0.0,0.0,0.11191891068522605,0.044767564274090094
1626.0,2.3492183234428345e-26,9.396873293771347e-27,1.9942198270244787e-21,13.942690755970641,43.34431240592364,0.2727306314318577,0.1000164482106386,-0.2273067503126014,0.0,0.0,0.11180704212462272,0.04472281684984875
1627.0,2.1245909420039354e-26,8.49836376801575e-27,1.8967226798586813e-21,13.040573417923783,43.04661942019603,0.27618206274172896,0.10001636615438127,-0.22385456764741565,0.0,0.0,0.11169528538225255,0.04467811415290068
1628.0,1.92144196467443e-26,7.685767858697726e-27,1.8039921554977793e-21,12.19682470511924,42.74323258859911,0.2796265973982446,0.10001628450748333,-0.22040928932499335,0.0,0.0,0.11158364034634764,0.044633456138538724
1629.0,1.7377176710212553e-26,6.950870684085023e-27,1.7157952143747225e-21,11.407668061815325,42.434768744490256,0.2830642491823039,0.10001620326790256,-0.2169709014985775,0.0,0.0,0.11147210690525176,0.044588842762100366
1630.0,1.5715607130976702e-26,6.286242852390682e-27,1.6319102101964891e-21,10.669571282265073,42.121802337829166,0.2864950318472694,0.10001612243360698,-0.21353939034946864,0.0,0.0,0.1113606849474203,0.044544273978967784
1631.0,1.4212913387135874e-26,5.6851653548543496e-27,1.5521263329284081e-21,9.979230700829142,41.804868202081046,0.28991895911902127,0.1000160420025747,-0.21011474208696582,0.0,0.0,0.11124937436142014,0.044499749744567725
1632.0,1.2853904100978352e-26,5.141561640391344e-27,1.4762430790108983e-21,9.333556405017026,41.484464141851106,0.293336044696013,0.10001596197279393,-0.20669694294830748,0.0,0.0,0.11113817503592957,0.044455270014371495
1633.0,1.1624840462806983e-26,4.649936185122796e-27,1.4040697474772482e-21,8.729658405271278,41.161053352851695,0.29674630224932547,0.10001588234226293,-0.20328597919861335,0.0,0.0,0.11102708685973814,0.044410834743894935
1634.0,1.0513297339399691e-26,4.20531893575988e-27,1.335424960706129e-21,8.164833699591757,40.83506668505291,0.30014974542272227,0.10001580310898994,-0.19988183713082525,0.0,0.0,0.11091610972174656,0.04436644388869833
1635.0,9.508037662990835e-27,3.803215065196338e-27,1.2701362086044548e-21,7.636554175102067,40.50690475916555,0.30354638783270393,0.10001572427099312,-0.196484503065649,0.0,0.0,0.11080524351096659,0.044322097404386335
1636.0,8.598898830917514e-27,3.439559532367009e-27,1.208039415075084e-21,7.142455292406589,40.17693994594813,0.30693624306856215,0.10001564582630054,-0.19309396335149662,0.0,0.0,0.11069448811652088,0.044277795246608055
1637.0,7.776689967495963e-27,3.1106759869983883e-27,1.1489785256798579e-21,6.680325502090089,39.84551821721614,0.310319324692435,0.10001556777295008,-0.18971020436442704,0.0,0.0,0.110583843427643,0.04423353737105691
1638.0,7.033099009504152e-27,2.8132396038016633e-27,1.0928051154617402e-21,6.248096345988972,39.51296087685673,0.31369564623936047,0.10001549010898947,-0.18633321250808918,0.0,0.0,0.11047330933367716,0.04418932373347057
1639.0,6.360608675957733e-27,2.5442434703830947e-27,1.0393780159404786e-21,5.843833198928199,39.17956617961518,0.3170652212173307,0.1000154128324761,-0.1829629742136636,0.0,0.0,0.11036288572407822,0.044145154289630985
1640.0,5.75242047268166e-27,2.3009681890726646e-27,9.885629603444039e-22,5.465726609484594,38.84561084491665,0.3204280631073463,0.10001533594147709,-0.17959947593980485,0.0,0.0,0.1102525724884115,0.04410102899536428
1641.0,5.2023859634069675e-27,2.0809543853627877e-27,9.402322461867957e-22,5.11208420101845,38.5113514725169,0.32378418536347,0.10001525943406919,-0.17624270417258397,0.0,0.0,0.11014236951635273,0.044056947806540764
1642.0,4.704944612582672e-27,1.881977845033069e-27,8.942644143388493e-22,4.781323096723047,38.177025866336166,0.32713360141288084,0.10001518330833879,-0.17289264542543079,0.0,0.0,0.11003227669768788,0.044012910679074826
1643.0,4.2550675715290136e-27,1.7020270286116053e-27,8.5054394379272e-22,4.471962834787189,37.84285427241897,0.3304763246559274,0.10001510756238177,-0.16954928623907706,0.0,0.0,0.10992229392231313,0.04396891756892494
1644.0,3.848206839642084e-27,1.539282735856833e-27,8.08960961347566e-22,4.182618741959547,37.5090405365783,0.33381236846618184,0.10001503219430352,-0.16621261318149874,0.0,0.0,0.10981242108023472,0.04392496843209358
1645.0,3.4802492866985825e-27,1.3920997146794321e-27,7.694109654889996e-22,3.9119957358553883,37.17577318692295,0.33714174619049314,0.1000149572022189,-0.1628826128478593,0.0,0.0,0.10970265806156876,0.043881063224627204
1646.0,3.1474750714523755e-27,1.2589900285809496e-27,7.317945637680379e-22,3.6588825282652913,36.84322644613035,0.34046447114904055,0.10001488258425216,-0.15955927186045282,0.0,0.0,0.10959300475654131,0.04383720190261622
1647.0,2.8465200361585848e-27,1.1386080144634336e-27,6.960172230195612e-22,3.422146203520272,36.51156117801242,0.3437805566353872,0.10001480833853693,-0.15624257686864673,0.0,0.0,0.10948346105548806,0.043793384422194916
1648.0,2.5743416968552383e-27,1.0297366787420947e-27,6.61989031792559e-22,3.200727147646509,36.18092577262823,0.34709001591653266,0.10001473446321613,-0.1529325145488259,0.0,0.0,0.10937402684885435,0.04374961073954142
1649.0,2.328188485583627e-27,9.312753942334504e-28,6.296244743951308e-22,2.993634305612937,35.85145697392134,0.3503928622329665,0.10001466095644194,-0.14962907160433556,0.0,0.0,0.10926470202719497,0.04370588081087768
1650.0,2.1055719336037265e-27,8.422287734414904e-28,5.988422159863959e-22,2.799940745443511,35.52328065360298,0.3536891087987214,0.10001458781637579,-0.1463322347654248,0.0,0.0,0.10915548648117421,0.04366219459246938
1651.0,1.9042415143928392e-27,7.616966057571354e-28,5.695648981752329e-22,2.618779509339441,35.196512534760764,0.3569787688014252,0.10001451504118823,-0.1430419907891912,0.0,0.0,0.10904638010156557,0.043618552040625924
1652.0,1.7221618921045042e-27,6.888647568418011e-28,5.417189446121698e-22,2.4493397332413243,34.87125886844798,0.36025545318882624,0.10001444262905895,-0.1397647295976998,0.0,0.0,0.10893738277925177,0.043574953111700405
1653.0,1.5574923454825604e-27,6.229969381930236e-28,5.152343760858611e-22,2.290863017462639,34.54761706629776,0.36347066067601086,0.10001437057817679,-0.13654895937943096,0.0,0.0,0.10882849440522457,0.04353139776208952
1654.0,1.4085681592178477e-27,5.634272636871385e-28,4.90044634659474e-22,2.142640032149822,34.22567629200925,0.3666149589926964,0.10001429888673954,-0.1334041135832447,0.0,0.0,0.1087197148705847,0.04348788594823356
1655.0,1.2738837946247694e-27,5.095535178499074e-28,4.660864164050237e-22,2.0040073423752247,33.905518014368724,0.36968883880787,0.10001422755295404,-0.13032970128159363,0.0,0.0,0.10861104406654172,0.04344441762661638
1656.0,1.1520776695028387e-27,4.608310678011352e-28,4.432995123153061e-22,1.8743444386523032,33.58721652429666,0.37269280529183396,0.10001415657503601,-0.12732521704671113,0.0,0.0,0.10850248188441394,0.0434009927537653
1657.0,1.041918393316285e-27,4.167673573265136e-28,4.2162665699362376e-22,1.7530709595818548,33.27083941824988,0.37562737670662577,0.10001408595121013,-0.12439014236041009,0.0,0.0,0.10839402821562837,0.043357611286251076
1658.0,9.422923185372214e-28,3.769169274148882e-28,4.010133847410527e-22,1.6396440941980692,32.95644805015788,0.3784930830923546,0.10001401567970993,-0.12152394692794459,0.0,0.0,0.10828568295172042,0.0433142731806879
1659.0,8.521922823035497e-28,3.408769129214195e-28,3.814078926795834e-22,1.5335561523874977,32.64409795393086,0.3812904650432011,0.10001394575877774,-0.11872608990219016,0.0,0.0,0.108177445984334,0.04327097839373335
1660.0,7.707074245761734e-28,3.0828296983046884e-28,3.627609105671537e-22,1.4343322925063082,32.33383923844557,0.3840200725672319,0.10001387618666464,-0.11599602102399217,0.0,0.0,0.10806931720522134,0.043227726882088285
1661.0,6.970139798628915e-28,2.788055919451561e-28,3.4502557697740786e-22,1.341528396024825,32.0257169567915,0.3866824640245615,0.10001380696163045,-0.11333318168415117,0.0,0.0,0.10796129650624284,0.043184518602496884
1662.0,6.303669494185469e-28,2.5214677976741834e-28,3.2815732153301063e-22,1.2547290796864103,31.719771451444576,0.38927820513874495,0.10001373808194368,-0.1107370059121626,0.0,0.0,0.10785338377936693,0.04314135351174652
1663.0,5.7009256973211545e-28,2.2803702789284586e-28,3.1211375289655996e-22,1.1735458362832694,31.416038676927766,0.3918078680766194,0.10001366954588149,-0.10820692129649405,0.0,0.0,0.10774557891667011,0.04309823156666781
1664.0,5.155815011614321e-28,2.062326004645725e-28,2.9685455223760886e-22,1.0976152957274246,31.114550501417025,0.3942720305921199,0.10001360135172961,-0.10574234984087584,0.0,0.0,0.10763788181033675,0.04305515272413447
1665.0,4.662826678565302e-28,1.8651306714261183e-28,2.8234137190807043e-22,1.0265975986335463,30.815334988656577,0.3966712752298874,0.10001353349778233,-0.1033427087607879,0.0,0.0,0.10753029235265897,0.04301211694106335
1666.0,4.216976866967299e-28,1.6867907467869175e-28,2.685377390713699e-22,0.9601748751339231,30.51841666145941,0.39900618858475434,0.10001346598234243,-0.10100741122405778,0.0,0.0,0.10742281043603648,0.04296912417441436
1667.0,3.813758289212014e-28,1.5255033156848034e-28,2.55408964043154e-22,0.8980498221168531,30.223816747986014,0.40127736061345237,0.10001339880372119,-0.09873586703922739,0.0,0.0,0.10731543595297667,0.04292617438119043
1668.0,3.4490946351795894e-28,1.3796378540718342e-28,2.4292205311321187e-22,0.8399443725202906,29.93155341191758,0.40348538399511613,0.10001333196023833,-0.0965274832951138,0.0,0.0,0.10720816879609425,0.04288326751843747
1669.0,3.119299363065453e-28,1.24771974522618e-28,2.3104562562952e-22,0.7855984507246027,29.641641967567224,0.4056308535373876,0.10001326545022189,-0.09438166495476123,0.0,0.0,0.10710100885811137,0.04284040354324432
1670.0,2.8210384305427766e-28,1.1284153722171095e-28,2.1974983513603863e-22,0.7347688084736671,29.354095080905605,0.4077143656251257,0.10001319927200829,-0.09229781540678002,0.0,0.0,0.10699395603185737,0.042797582412742716
1671.0,2.551296589493857e-28,1.0205186357975422e-28,2.0900629436606955e-22,0.6872279361139847,29.068922957413847,0.4097365177089242,0.10001313342394225,-0.0902753369768701,0.0,0.0,0.10688701021026868,0.04275480408410725
1672.0,2.307346903569341e-28,9.229387614277357e-29,1.987880039026799e-22,0.6427630442785908,28.7861335176178,0.41169790783082016,0.10001306790437675,-0.08831363140214717,0.0,0.0,0.10678017128638882,0.0427120685145553
1673.0,2.086723180415181e-28,8.346892721660716e-29,1.8906928432690825e-22,0.6011751114578625,28.50573256110233,0.4135991341847467,0.10001300271167293,-0.08641210027071818,0.0,0.0,0.10667343915336813,0.04266937566134703
1674.0,1.8871950398728537e-28,7.548780159491406e-29,1.7982571168323585e-22,0.5622779931942198,28.227723919752506,0.4154407947094406,0.10001293784420018,-0.08457014542879678,0.0,0.0,0.10656681370446382,0.0426267254817853
1675.0,1.7067453661065347e-28,6.826981464426133e-29,1.710340561001427e-22,0.5258975889135408,27.95210960092045,0.41722348671166604,0.10001287330033601,-0.08278716935749723,0.0,0.0,0.10646029483303975,0.04258411793321567
1676.0,1.5435499157110896e-28,6.174199662844354e-29,1.626722234114969e-22,0.49187106266409486,27.678889921171166,0.41894780651775254,0.10001280907846605,-0.08106257552130905,0.0,0.0,0.10635388243256637,0.04254155297302633
1677.0,1.3959588756504603e-28,5.58383550260184e-29,1.54719199632066e-22,0.46004611427507636,27.408063631218585,0.42061434915157536,0.10001274517698387,-0.07939576869012506,0.0,0.0,0.10624757639662068,0.04249903055864806
1678.0,1.2624801845877208e-28,5.049920738350883e-29,1.471549981476141e-22,0.43028029767250203,27.139628032623275,0.42222370803723036,0.10001268159429119,-0.07778615523657108,0.0,0.0,0.10614137661888595,0.042456550647554187
1679.0,1.1417644489949413e-28,4.567057795979765e-29,1.3996060948686765e-22,0.40244038330130333,26.873579086786467,0.4237764747247655,0.10001261832879763,-0.07623314341027489,0.0,0.0,0.10603528299315179,0.042414113197260524
1680.0,1.0325913015533295e-28,4.130365206213317e-29,1.3311795354912367e-22,0.3764017617998647,26.609911516740357,0.4252732386374397,0.10001255537892074,-0.07473614359060456,0.0,0.0,0.10592929541331396,0.0423717181653254
1681.0,9.338570639348421e-29,3.735428255739368e-29,1.266098341674436e-22,0.35204788625789774,26.348618902202247,0.42671458683907904,0.10001249274308598,-0.07329456851930664,0.0,0.0,0.10582341377337427,0.042329365509349536
1682.0,8.445635892430225e-29,3.3782543569720897e-29,1.2041989589324703e-22,0.3292697505612427,26.089693768329887,0.428101103820191,0.10001243041972667,-0.07190783351438298,0.0,0.0,0.10571763796744048,0.042287055186976036
1683.0,7.638081713164883e-29,3.055232685265954e-29,1.1453258289370082e-22,0.30796540148870377,25.833127668587057,0.4294333713015884,0.10001236840728396,-0.0705753566664556,0.0,0.0,0.10561196788972622,0.042244787155890334
1684.0,6.90774418883886e-29,2.763097675535546e-29,1.089330998586096e-22,0.28803948237710403,25.57891126210191,0.43071196805435163,0.10001230670420677,-0.0692965590187906,0.0,0.0,0.10550640343455085,0.04220256137382018
1685.0,6.247240023132099e-29,2.4988960092528416e-29,1.0360737481856314e-22,0.26940280631203717,25.327034385875862,0.43193746973503716,0.10001224530895171,-0.06807086473207413,0.0,0.0,0.10540094449633929,0.04216037779853556
1686.0,5.64989189519826e-29,2.2599567580793055e-29,9.854202378089973e-23,0.2519719569339504,25.077486122177636,0.43311044873510846,0.10001218421998313,-0.06689770123496339,0.0,0.0,0.10529559096962209,0.04211823638784867
1687.0,5.109660955754827e-29,2.043864382301933e-29,9.372431709461272e-23,0.23566891507279653,24.830254861435417,0.43423147404363655,0.10001212343577308,-0.06577649936136667,0.0,0.0,0.10519034274903513,0.04207613709961389
1688.0,4.621085777757021e-29,1.8484343111028106e-29,8.914214745967249e-23,0.22042070954010048,24.58532836091981,0.43530111112237185,0.10001206295480117,-0.06470669347535031,0.0,0.0,0.10508519972931969,0.042034079891727714
1689.0,4.1792271444815697e-29,1.6716908577926297e-29,8.478399950036819e-23,0.20615909051541087,24.34269379949134,0.4363199217923573,0.10001200277555462,-0.06368772158450298,0.0,0.0,0.10498016180532223,0.04199206472212873
1690.0,3.779618116859362e-29,1.5118472467437466e-29,8.063892082620513e-23,0.19282022406524008,24.102337828668492,0.43728846413129746,0.10001194289652819,-0.06271902544254258,0.0,0.0,0.1048752288719943,0.041950091548797565
1691.0,3.4182188752661403e-29,1.3672875501064575e-29,7.669649450763102e-23,0.18034440642718164,23.864246620255706,0.43820729238095574,0.10001188331622414,-0.06180005064189408,0.0,0.0,0.10477040082439247,0.04190816032975684
1692.0,3.091375879247454e-29,1.2365503516989829e-29,7.29468128974203e-23,0.16867579678036293,23.628405910755326,0.4390769568638967,0.10001182403315223,-0.06093024669692106,0.0,0.0,0.10466567755767821,0.041866271023071125
1693.0,2.7957849323059796e-29,1.118313972922393e-29,6.938045273192766e-23,0.15776216730613304,23.39480104277285,0.4398980039089351,0.10001176504582963,-0.06010906711844956,0.0,0.0,0.10456105896711775,0.04182442358684693
1694.0,2.528457778357232e-29,1.0113831113428937e-29,6.598845144963802e-23,0.1475546694202772,23.163417003611386,0.44067097578469494,0.10001170635278092,-0.059335969480181175,0.0,0.0,0.10445654494808203,0.041782617979232654
1695.0,2.2866918921628654e-29,9.14676756865147e-30,6.276228466749948e-23,0.13800761513042983,22.93423846123846,0.44139641064072194,0.10001164795253804,-0.05861041547755221,0.0,0.0,0.1043521353960466,0.041740854158418474
1696.0,2.0680431583400618e-29,8.272172633360253e-30,5.969384475843534e-23,0.129078272540059,22.707249797796532,0.44207484245562795,0.10001158984364023,-0.0579318709795598,0.0,0.0,0.1042478302065914,0.041699132082636405
1697.0,1.8703011627473466e-29,7.481204650989394e-30,5.677542047619896e-23,0.12072667458371326,22.482435140817405,0.4427068009917797,0.10001153202463407,-0.057299806074043544,0.0,0.0,0.10414362927540084,0.04165745171016018
1698.0,1.6914668464568247e-29,6.765867385827307e-30,5.399967757636665e-23,0.1129154401374447,22.259778392290347,0.44329281175607715,0.10001147449407334,-0.05671369510687704,0.0,0.0,0.10403953249826357,0.041615812999305266
1699.0,1.5297322964072218e-29,6.1189291856288954e-30,5.1359640384767707e-23,0.10560960670371095,22.039263255724105,0.4438333959663957,0.10001141725051907,-0.05617301671549486,0.0,0.0,0.10393553977107238,0.041574215908428795
1700.0,1.3834624684327464e-29,5.533849873730995e-30,4.884867426703154e-23,0.09877647392186761,21.820873261333794,0.4443290705232951,0.10001136029253942,-0.05567725385715284,0.0,0.0,0.10383165098982412,0.0415326603959295
1701.0,1.2511786578980102e-29,5.004714631592047e-30,4.6460468955196365e-23,0.09238545720381473,21.604591789475283,0.4447803479866229,0.10001130361870975,-0.05522589383229352,0.0,0.0,0.10372786605061964,0.041491146420247704
1702.0,1.1315435508365335e-29,4.52617420334614e-30,4.4189022689477754e-23,0.08640795083968215,21.390402092441622,0.4451877365566651,0.10001124722761251,-0.054818428303363934,0.0,0.0,0.10362418484966357,0.041449673939865275
1703.0,1.0233477044683748e-29,4.093390817873506e-30,4.202862713534415e-23,0.08081719996082493,21.178287314728813,0.4455517400595208,0.1000111911178372,-0.054454353309409426,0.0,0.0,0.10352060728326436,0.041408242913305596
1704.0,9.254973204226057e-30,3.701989281690428e-30,3.997385303799445e-23,0.07558818078704463,20.96823051187101,0.4458728579363956,0.10001113528798036,-0.05413316927674874,0.0,0.0,0.10341713324783407,0.04136685329913348
1705.0,8.370031870588846e-30,3.3480127482355426e-30,3.80195365781865e-23,0.07069748862203246,20.76021466793903,0.4461515852365322,0.10001107973664557,-0.0538543810260114,0.0,0.0,0.10331376263988828,0.04132550505595517
1706.0,7.569706791012966e-30,3.027882716405191e-30,3.6160766395127156e-23,0.06612323309570985,20.55422271178974,0.4463884126135132,0.10001102446244331,-0.053617497775803484,0.0,0.0,0.1032104953560461,0.04128419814241829
1707.0,6.845907134864545e-30,2.738362853945822e-30,3.4392871243811694e-23,0.061844940184579374,20.350237532148366,0.44658382632468785,0.10001096946399105,-0.05342203314324886,0.0,0.0,0.10310733129302986,0.04124293251721179
1708.0,6.191315699946377e-30,2.4765262799785546e-30,3.2711408255794236e-23,0.057843460571536366,20.148241991600386,0.44673830823349314,0.10001091473991314,-0.0532675051416365,0.0,0.0,0.1030042703476652,0.04120170813906593
1709.0,5.599314939752093e-30,2.2397259759008413e-30,3.111215177388759e-23,0.05410088393496662,19.94821893956463,0.4468523358144532,0.10001086028884082,-0.05315343617538948,0.0,0.0,0.10290131241688082,0.04116052496675219
1710.0,5.0639200638407966e-30,2.025568025536322e-30,2.9591082732733126e-23,0.05060045878349475,19.75015122431474,0.44692638216065483,0.10001080610941208,-0.05307935303255784,0.0,0.0,0.10279845739770853,0.04111938295908328
1711.0,4.579718535015058e-30,1.831887414006026e-30,2.814437855855325e-23,0.047326517477569385,19.554021704111587,0.4469609159935115,0.1000107522002718,-0.05304478687502318,0.0,0.0,0.10269570518728299,0.04107828207491307
1712.0,4.1418153516531996e-30,1.6567261406612832e-30,2.676840356270365e-23,0.04426440610228768,19.359813257505337,0.4469564016746404,0.10001069856007155,-0.053049273226590546,0.0,0.0,0.10259305568284173,0.04103722227313656
1713.0,3.745783562031442e-30,1.49831342481258e-30,2.5459699804883504e-23,0.0414004188775749,19.16750879286193,0.446913299219688,0.10001064518746966,-0.05309235195913154,0.0,0.0,0.10249050878172494,0.04099620351268986
1714.0,3.387619510363865e-30,1.3550478041455492e-30,2.4214978403042137e-23,0.03872173681214436,18.97709125716533,0.44683206431395095,0.10001059208113112,-0.05317356727693266,0.0,0.0,0.10238806438137546,0.04095522575255007
1715.0,3.063702362123183e-30,1.2254809448492761e-30,2.3031111268143257e-23,0.036216370326657046,18.788543644143356,0.4467131483296503,0.10001053923972765,-0.05329246769939054,0.0,0.0,0.10228572237933865,0.04091428895173535
1716.0,2.7707574994663396e-30,1.1083029997865388e-30,2.1905123243015442e-23,0.0338731055892668,18.60184900176205,0.44655699834472395,0.10001048666193751,-0.05344860604218889,0.0,0.0,0.10218348267326224,0.04087339306930479
1717.0,2.5058234167135747e-30,1.0023293666854326e-30,2.0834184625533231e-23,0.03168145432335287,18.416990439130362,0.4463640571630131,0.10001043434644562,-0.0536415393970819,0.0,0.0,0.10208134516089631,0.04083253806435842
1718.0,2.2662217812130747e-30,9.064887124852324e-31,1.9815604057338896e-23,0.02963160686278309,18.233951132854504,0.44613476333572855,0.10001038229194341,-0.05387082911039795,0.0,0.0,0.1019793097400931,0.04079172389603715
1719.0,2.0495303569236294e-30,8.198121427694542e-31,1.8846821760233676e-23,0.02771438824458647,18.052714332878427,0.44586955118408583,0.10001033049712889,-0.05413604076037495,0.0,0.0,0.10187737630880704,0.040750950523522705
1720.0,1.8535585169881277e-30,7.414234067952533e-31,1.7925403103240997e-23,0.025921217142509417,17.873263367844878,0.4455688508230084,0.10001027896070651,-0.054436744133427604,0.0,0.0,0.10177554476509443,0.040710217906037655
1721.0,1.6763250977439655e-30,6.705300390975882e-31,1.7049032484175096e-23,0.024244067457645218,17.69558165000891,0.44523308818580587,0.10001022768138723,-0.05477251319944011,0.0,0.0,0.10167381500711355,0.04066952600284529
1722.0,1.5160383702870248e-30,6.064153481148116e-31,1.6215507510338956e-23,0.022675432394219347,17.519652679733927,0.4448626850497381,0.10001017665788844,-0.05514292608617327,0.0,0.0,0.10157218693312446,0.040628874773249654
1723.0,1.371077927113146e-30,5.484311708452599e-31,1.5422733463727193e-23,0.02120829085973649,17.345460049598174,0.44445805906238306,0.1000101258889339,-0.055547565052868016,0.0,0.0,0.10147066044148892,0.040588264176595445
1724.0,1.2399783007213576e-30,4.959913202885443e-31,1.4668718036824395e-23,0.019836076039098947,17.17298744813792,0.44401962376873266,0.10001007537325374,-0.05598601646312148,0.0,0.0,0.1013692354306703,0.040547694172267994
1725.0,1.1214141485722726e-30,4.485656594289104e-31,1.395156632576967e-23,0.018552646002036408,17.002218663251764,0.44354778863894445,0.10001002510958441,-0.056457870757107315,0.0,0.0,0.10126791179923338,0.04050716471969323
1726.0,1.0141868546300235e-30,4.056747418520108e-31,1.326947606830466e-23,0.017352256212288288,16.833137585289016,0.44304295909668295,0.10000997509666873,-0.05696272242320679,0.0,0.0,0.10116668944584445,0.04046667577833765
1727.0,9.172124120369531e-31,3.668849648147826e-31,1.2620733114537682e-23,0.016229533815491724,16.66572820984347,0.442505536547989,0.10000992533325571,-0.05750016996911217,0.0,0.0,0.10106556826927096,0.04042622730770827
1728.0,8.295104644218101e-31,3.3180418576872534e-31,1.2003707119141622e-23,0.015179453590689836,16.499974640272647,0.4419359184106193,0.10000987581810067,-0.05806981589246028,0.0,0.0,0.10096454816838166,0.040385819267352546
1729.0,7.5019439505531355e-31,3.0007775802212666e-31,1.1416847444159701e-23,0.014197315457820832,16.335861089961146,0.4413344981438013,0.10000982654996508,-0.058671266651050845,0.0,0.0,0.10086362904214632,0.040345451616858416
1730.0,6.784623636600993e-31,2.7138494546404085e-31,1.0858679262122547e-23,0.013278723440513394,16.1733718843456,0.44070166527835625,0.10000977752761667,-0.05930413263269738,0.0,0.0,0.10076281078963574,0.04030512431585419
1731.0,6.135892002622987e-31,2.4543568010492048e-31,1.0327799849683346e-23,0.012419565990027257,16.01249146271763,0.44003780544714,0.10000972874982923,-0.05996802812476017,0.0,0.0,0.10066209331002153,0.04026483732400851
1732.0,5.5491907413621055e-31,2.2196762965448507e-31,9.822875062456708e-24,0.011615997582270467,15.853204379819946,0.4393433004157616,0.10000968021538273,-0.060662571283402224,0.0,0.0,0.10056147650257616,0.040224590601030376
1733.0,5.018588637292707e-31,2.0074354549170913e-31,9.34263598220218e-24,0.010864421505522933,15.695495307250047,0.4386185281135377,0.10000963192306316,-0.06138738410260945,0.0,0.0,0.10046096026667276,0.04018438410666901
1734.0,4.538721605410387e-31,1.8154886421641622e-31,8.885875727926528e-24,0.010161473761825445,15.53934903468468,0.4378638626646453,0.10000958387166262,-0.06214209238301305,0.0,0.0,0.10036054450178498,0.04014421780071391
1735.0,4.104738463388339e-31,1.6418953853553417e-31,8.451446422890835e-24,0.009504008009977982,15.384750470937664,0.4370796744194392,0.10000953605997921,-0.06292632570054729,0.0,0.0,0.10026022910748704,0.04010409164299475
1736.0,3.712251888887598e-31,1.484900755555045e-31,8.038256309900183e-24,0.008889081482753256,15.231684644862652,0.4362663299859002,0.10000948848681708,-0.06373971737497712,0.0,0.0,0.10016001398345352,0.040064005593381344
1737.0,3.3572940662275197e-31,1.3429176264910131e-31,7.645267007626477e-24,0.008313941815292077,15.080136706111794,0.43542419226118523,0.10000944115098627,-0.064581904438324,0.0,0.0,0.10005989902945925,0.04002395961178364
1738.0,3.036276574029591e-31,1.2145106296118409e-31,7.271490901069281e-24,0.007776014725725387,14.930091925760404,0.4345576198369676,0.1000093940513028,-0.06544852785379866,0.0,0.0,0.09995988414537928,0.03998395365815164
1739.0,2.7459541083215054e-31,1.0983816433286064e-31,6.915988659596678e-24,0.007272892492882306,14.78153569680721,0.43368928638398013,0.10000934718658858,-0.06631691180214976,0.0,0.0,0.09985996923118869,0.03994398769247541
1740.0,2.483391674362754e-31,9.933566697451054e-32,6.5778668763287954e-24,0.006802323179511402,14.634453534559034,0.43282268803573165,0.1000093005556714,-0.06718355982756613,0.0,0.0,0.09976015418696256,0.039904061674784955
1741.0,2.245934915519777e-31,8.983739662079142e-32,6.2562758229315605e-24,0.00636220055277901,14.488831076908223,0.43195782132513433,0.10000925415738492,-0.06804847540516837,0.0,0.0,0.09966043891287585,0.039864175565150275
1742.0,2.031183279232499e-31,8.124733116930029e-32,5.950407314178291e-24,0.005950554656929572,14.344654084510589,0.43109468279202806,0.10000920799056856,-0.06891166200308169,0.0,0.0,0.09956082330920332,0.039824329323681254
1743.0,1.836965748795475e-31,7.347862995181931e-32,5.659492676912598e-24,0.005565542995911926,14.201908440871106,0.430233268983167,0.1000091620540676,-0.06977312308244996,0.0,0.0,0.09946130727631937,0.03978452291052768
1744.0,1.661318895615754e-31,6.645275582463044e-32,5.382800818308421e-24,0.0052054422865056476,14.060580152344125,0.4293735764522053,0.10000911634673304,-0.07063286209745046,0.0,0.0,0.09936189071469805,0.039744756285879146
1745.0,1.502467030068311e-31,6.00986812027327e-32,5.119636388572586e-24,0.004868640745035032,13.920655348054456,0.42851560175968406,0.10000907086742167,-0.07149088249530748,0.0,0.0,0.09926257352491286,0.03970502940996506
1746.0,1.3588042502854948e-31,5.435217001142004e-32,4.8693380334725854e-24,0.004553630873146664,13.782120279745223,0.4276593414730169,0.10000902561499586,-0.07234718771630723,0.0,0.0,0.09916335560763659,0.03966534224305454
1747.0,1.2288782074039785e-31,4.915512829615937e-32,4.631276732298056e-24,0.0042590027103602286,13.644961321557963,0.42680479216647615,0.10000898058832379,-0.07320178119381211,0.0,0.0,0.09906423686364148,0.039625694745456484
1748.0,1.1113754231451105e-31,4.445501692580461e-32,4.404854217079099e-24,0.003983437523191517,13.5091649697502,0.42595195042117984,0.1000089357862792,-0.07405466635427443,0.0,0.0,0.09896521719379879,0.039586086877519425
1749.0,1.005108011297763e-31,4.0204320451910687e-32,4.189501469088807e-24,0.003725701902600589,13.37471784235525,0.4251008128250775,0.10000889120774148,-0.0749058466172509,0.0,0.0,0.09886629649907896,0.0395465185996315
1750.0,9.090016688654439e-32,3.6360066754617907e-32,3.984677288851598e-24,0.0034846422433457303,13.24160667878876,0.42425137597293644,0.1000088468515956,-0.07575532539541693,0.0,0.0,0.09876747468055143,0.03950698987222049
1751.0,8.220848154749962e-32,3.2883392618999986e-32,3.789866936063641e-24,0.0032591795805332084,13.109818339406193,0.4234036364663285,0.10000880271673211,-0.07660310609458047,0.0,0.0,0.09866875163938446,0.0394675006557537
1752.0,7.434787712525072e-32,2.9739150850100416e-32,3.604580836007404e-24,0.0030483047602516047,12.979339805015167,0.4225575909136162,0.1000087588020471,-0.07744919211369615,0.0,0.0,0.09857012727684514,0.03942805091073796
1753.0,6.723888738703386e-32,2.6895554954813664e-32,3.4283533492094225e-24,0.002851073922674852,12.850158176346307,0.4217132359299393,0.10000871510644212,-0.07829358684487948,0.0,0.0,0.09847160149429923,0.0393886405977196
1754.0,6.080964449636901e-32,2.432385779854772e-32,3.2607416012493398e-24,0.0026666042774166833,12.72226067348599,0.42087056813720103,0.10000867162882424,-0.07913629367342083,0.0,0.0,0.0983731741932111,0.03934926967728433
1755.0,5.499515247017395e-32,2.199806098806968e-32,3.1013243697794293e-24,0.0024940701522272995,12.595634635274237,0.42002958416405495,0.10000862836810598,-0.07997731597779927,0.0,0.0,0.09827484527514355,0.03930993811005731
1756.0,4.973663010640148e-32,1.9894652042560692e-32,2.9497010259575903e-24,0.0023326992973465143,12.470267518670632,0.419190280645891,0.10000858532320527,-0.08081665712969684,0.0,0.0,0.09817661464175785,0.039270645856703035
1757.0,4.498091673957275e-32,1.799236669582919e-32,2.8054905276335448e-24,0.0021817694289719422,12.346146898091131,0.41835265422482254,0.10000854249304543,-0.08165432049401208,0.0,0.0,0.09807848219481355,0.03923139287792531
1758.0,4.0679934816733074e-32,1.6271973926693306e-32,2.6683304617580278e-24,0.0020406049963710587,12.223260464718274,0.4175167015496725,0.10000849987655523,-0.08249030942887443,0.0,0.0,0.09798044783616836,0.03919217913446724
1759.0,3.679020386077997e-32,1.4716081544312056e-32,2.5378761336084714e-24,0.0019085741581669575,12.101596025787238,0.41668241927596017,0.10000845747266869,-0.08332462728565777,0.0,0.0,0.09788251146777811,0.039153004587111136
1760.0,3.327240090760913e-32,1.3308960363043708e-32,2.4137997005423215e-24,0.0017850859542638989,11.981141503850006,0.41584980406588784,0.10000841528032514,-0.08415727740899416,0.0,0.0,0.09778467299169666,0.03911386919667855
1761.0,3.009096297334838e-32,1.2036385189339399e-32,2.2957893481010482e-24,0.0016695876607543925,11.861884936019694,0.4150188525883272,0.10000837329846932,-0.0849882631367882,0.0,0.0,0.09768693231007572,0.039074772924030166
1762.0,2.7213727532849915e-32,1.0885491013140007e-32,2.1835485063943177e-24,0.0015615623159685847,11.743814473197014,0.41418956151880654,0.1000083315260511,-0.08581758780023008,0.0,0.0,0.09758928932516481,0.0390357157300658
1763.0,2.4611607374883037e-32,9.844642949953252e-33,2.0767951047950403e-24,0.0014605264065927265,11.626918379280726,0.41336192753949685,0.10000828996202563,-0.08664525472380985,0.0,0.0,0.09749174393931119,0.038996697575724354
1764.0,2.2258296546998717e-32,8.90331861879952e-33,1.9752608630722872e-24,0.0013660277034999717,11.511185030363714,0.4125359473391988,0.10000824860535336,-0.08747126722533125,0.0,0.0,0.09739429605495967,0.03895771842198375
1765.0,2.0130004417336008e-32,8.052001766934436e-33,1.8786906171806165e-24,0.001277643237606834,11.396602913916304,0.4117116176133297,0.10000820745499978,-0.08829562861592472,0.0,0.0,0.09729694557465265,0.038918778229860944
1766.0,1.820521516488674e-32,7.282086065954725e-33,1.7868416780114776e-24,0.0011949774066954027,11.283160627958306,0.41088893506390983,0.10000816650993566,-0.08911834220006193,0.0,0.0,0.09719969240102991,0.03887987696041185
1767.0,1.646447026680203e-32,6.585788106720835e-33,1.6994832214951752e-24,0.0011176602047275862,11.170846880221099,0.41006789639954977,0.10000812576913683,-0.08993941127556869,0.0,0.0,0.09710253643682853,0.0388410145747313
1768.0,1.4890171783811183e-32,5.956068713524496e-33,1.6163957085206664e-24,0.0010453455657259295,11.059650487301077,0.4092484983354368,0.10000808523158428,-0.09075883913363897,0.0,0.0,0.09700547758488283,0.038802191033953014
1769.0,1.3466404455080708e-32,5.386561782032304e-33,1.5373703332154048e-24,0.0009777098148083432,10.94956037380565,0.4084307375933218,0.10000804489626403,-0.09157662905884853,0.0,0.0,0.09690851574812426,0.03876340629924958
1770.0,1.2178774803993697e-32,4.871509921597499e-33,1.4622084981987109e-24,0.0009144502194436902,10.840565571492856,0.4076146109015065,0.10000800476216722,-0.09239278432916806,0.0,0.0,0.09681165082958125,0.03872466033183237
1771.0,1.1014265628300763e-32,4.405706251320325e-33,1.3907213154899366e-24,0.000855283634443758,10.73265521840563,0.40680011499483004,0.10000796482829001,-0.0932073082159771,0.0,0.0,0.09671488273237919,0.038685953092951544
1772.0,9.961104403620798e-33,3.9844417614483374e-33,1.3227291318171636e-24,0.0007999452346267041,10.62581855800172,0.405987246614656,0.1000079250936335,-0.0940202039840772,0.0,0.0,0.09661821135974029,0.038647284543896
1773.0,9.00864426992592e-33,3.603457707970383e-33,1.2580610771334997e-24,0.0007481873294794726,10.520044938280064,0.40517600250885916,0.10000788555720386,-0.09483147489170599,0.0,0.0,0.0965216366149835,0.0386086546459933
1774.0,8.14725639785178e-33,3.258902559140725e-33,1.1965546352063526e-24,0.0006997782545136972,10.415323810904525,0.4043663794318131,0.10000784621801218,-0.09564112419054964,0.0,0.0,0.09642515840152441,0.03857006336060967
1775.0,7.368232646717951e-33,2.9472930586871916e-33,1.1380552352005381e-24,0.0006545013343528853,10.311644730325684,0.40355837414437656,0.10000780707507449,-0.09644915512575704,0.0,0.0,0.09632877662287517,0.03853151064914998
1776.0,6.663697530186396e-33,2.6654790120745686e-33,1.0824158632288388e-24,0.0006121539129097395,10.208997352901429,0.40275198341388085,0.10000776812741172,-0.09725557093595291,0.0,0.0,0.09623249118264435,0.03849299647305765
1777.0,6.026528599581018e-33,2.4106114398324164e-33,1.0294966928938022e-24,0.0005725464463127614,10.107371436016999,0.4019472040141167,0.10000772937404967,-0.0980603748532512,0.0,0.0,0.09613630198453688,0.038454520793814645
1778.0,5.4502844399889844e-33,2.1801137759956022e-33,9.791647338923051e-25,0.0005355016545221472,10.006756837205087,0.4011440327253215,0.10000769081401906,-0.09886357010326832,0.0,0.0,0.09604020893235389,0.03841608357294145
1779.0,4.929139551225438e-33,1.9716558204901825e-33,9.31293497799793e-25,0.00050085372783767,9.907143513266544,0.40034246633416626,0.10000765244635534,-0.09966515990513658,0.0,0.0,0.09594421192999272,0.038377684771996996
1780.0,4.45782545534523e-33,1.783130182138098e-33,8.857626801942865e-25,0.00046844758474694144,9.80852151939223,0.399542501633743,0.10000761427009891,-0.1004651474715172,0.0,0.0,0.09584831088144681,0.03833932435257862
1781.0,4.031577435332187e-33,1.6126309741328806e-33,8.424578583212995e-25,0.0004381381777922312,9.710881008286494,0.3987441354235518,0.10000757628429487,-0.10126353600861374,0.0,0.0,0.09575250569080547,0.03830100227632209
1782.0,3.646086366524397e-33,1.4584345466097639e-33,8.01270203539886e-25,0.00040978984434896306,9.6142122292927,0.39794736450948803,0.10000753848799304,-0.102060328716185,0.0,0.0,0.09565679626225396,0.03826271850490148
1783.0,3.297455153818647e-33,1.3189820615274632e-33,7.620962078271566e-25,0.00038327569941001616,9.518505527521251,0.3971521857038294,0.1000075008802481,-0.10285552878755874,0.0,0.0,0.09556118250007321,0.03822447300002918
1784.0,2.982159334258984e-33,1.1928637337035979e-33,7.24837423653957e-25,0.00035847706765798165,9.423751342980442,0.3963585958252233,0.10000746346011932,-0.10364913940964436,0.0,0.0,0.09546566430863992,0.03818626572345587
1785.0,2.6970114467240145e-33,1.0788045786896099e-33,6.894002165779891e-25,0.00033528295228337385,9.329940209710523,0.39556659169867425,0.1000074262266708,-0.10444116376294625,0.0,0.0,0.09537024159242635,0.03814809663697044
1786.0,2.439128808510762e-33,9.756515234043082e-34,6.556955299326226e-25,0.00031358953817126316,9.237062754921315,0.39477617015553096,0.10000738917897121,-0.10523160502157661,0.0,0.0,0.0952749142560002,0.03810996570239998
1787.0,2.205904373054716e-33,8.823617492218893e-34,6.236386610200401e-25,0.00029329972723263507,9.145109698133577,0.3939873280334736,0.1000073523160939,-0.10602046635326896,0.0,0.0,0.0951796822040246,0.03807187288160975
1788.0,1.9949803741742204e-33,7.979921496696904e-34,5.931490482462697e-25,0.00027432270380065027,9.054071850324533,0.3932000621765016,0.1000073156371168,-0.10680775091939053,0.0,0.0,0.09508454534125801,0.03803381813650311
1789.0,1.8042244903975225e-33,7.216897961590111e-34,5.64150068663158e-25,0.0002565735281465547,8.96394011307769,0.39241436943492053,0.1000072791411225,-0.10759346187495582,0.0,0.0,0.09498950357255402,0.037995801429021495
1790.0,1.6317082884074142e-33,6.526833153629676e-34,5.365688454084903e-25,0.00023997275629584553,8.874705477737233,0.39163024666532964,0.10000724282719811,-0.1083776023686394,0.0,0.0,0.09489455680286131,0.037957822721144424
1791.0,1.4756877276789615e-33,5.902750910715867e-34,5.103360645603379e-25,0.0002244460844430203,8.786359024567195,0.3908476907306095,0.10000720669443537,-0.1091601755427887,0.0,0.0,0.09479970493722369,0.03791988197488936
1792.0,1.3345855292233267e-33,5.338342116893326e-34,4.853858009453717e-25,0.00020992401637333504,8.698891921915564,0.39006669849990905,0.10000717074193051,-0.10994118453343721,0.0,0.0,0.09470494788077971,0.03788197915231177
1793.0,1.2069752301957157e-33,4.82790092078288e-34,4.6165535246338565e-25,0.0001963415524029768,8.612295425383547,0.3892872668486336,0.10000713496878426,-0.11072063247031698,0.0,0.0,0.09461028553876286,0.037844114215505036
1794.0,1.0915667631686309e-33,4.366267052674539e-34,4.390850825116727e-25,0.00018363789844537095,8.5265608770001,0.38850939265843165,0.10000709937410182,-0.1114985224768719,0.0,0.0,0.09451571781650135,0.037806287126600426
1795.0,9.871934142850908e-34,3.948773657140378e-34,4.176182701132513e-25,0.00017175619390142444,8.44167970440189,0.38773307281718317,0.10000706395699287,-0.11227485767027023,0.0,0.0,0.09442124461941798,0.03776849784776708
1796.0,8.928000284461769e-34,3.5712001137847204e-34,3.972009673723044e-25,0.00016064325715576356,8.357643420018817,0.38695830421898636,0.10000702871657154,-0.11304964116141773,0.0,0.0,0.09432686585303007,0.03773074634121191
1797.0,8.074323422940732e-34,3.229729369176304e-34,3.777818638986032e-25,0.0001502493475398255,8.274443620265176,0.3861850837641459,0.1000069936519564,-0.11382287605497007,0.0,0.0,0.09423258142294942,0.03769303256917964
1798.0,7.302273371531332e-34,2.920909348612543e-34,3.59312157860203e-25,0.00014052794269636936,8.192071984736616,0.38541340835916044,0.1000069587622704,-0.1145945654493456,0.0,0.0,0.09413839123488218,0.03765535649395275
1799.0,6.604045144027044e-34,2.6416180576108274e-34,3.4174543334035564e-25,0.00013143553034890604,8.110520275412945,0.38464327491670974,0.10000692404664085,-0.11536471243673838,0.0,0.0,0.09404429519462873,0.037617718077851366
1800.0,5.972580050806997e-34,2.389032020322807e-34,3.250375436904274e-25,0.00012293141354402339,8.029780335866876,0.38387468035564287,0.1000068895041994,-0.1161333201031306,0.0,0.0,0.09395029320808358,0.03758011728323332
1801.0,5.401494339505023e-34,2.1605977358020165e-34,3.0914650058567643e-25,0.00011497752849488523,7.949844090478769,0.38310762160096556,0.10000685513408208,-0.11690039152830542,0.0,0.0,0.0938563851812354,0.03754255407249403
1802.0,4.885014658909864e-34,1.9540058635639523e-34,2.9403236850507953e-25,0.00010753827421058612,7.870703543657454,0.38234209558382787,0.1000068209354292,-0.1176659297858597,0.0,0.0,0.09376257102016669,0.03750502840806655
1803.0,4.4179196936733315e-34,1.767167877469338e-34,2.7965716437002615e-25,0.00010058035314879512,7.792350779067179,0.3815780992415123,0.10000678690738536,-0.11842993794321614,0.0,0.0,0.09366885063105393,0.03746754025242145
1804.0,3.99548737978655e-34,1.5981949519146254e-34,2.6598476208966334e-25,9.407262217846226e-05,7.714777958860709,0.38081562951742115,0.10000675304909941,-0.11919241906163636,0.0,0.0,0.09357522392016739,0.037430089568066816
1805.0,3.6134471672028512e-34,1.4453788668811453e-34,2.52980801773007e-25,8.79859531855076e-05,7.637977322918645,0.38005468336106435,0.10000671935972451,-0.11995337619623331,0.0,0.0,0.0934816907938709,0.03739267631754823
1806.0,3.2679368470096017e-34,1.307174738803845e-34,2.406126033796603e-25,8.229310269757465e-05,7.5619411880949725,0.37929525772804745,0.10000668583841797,-0.12071281239598367,0.0,0.0,0.09338825115862208,0.037355300463448676
1807.0,2.955463506696273e-34,1.1821854026785133e-34,2.288490845921377e-25,7.69685899442984e-05,7.486661947468864,0.3785373495800592,0.10000665248434137,-0.12147073070374062,0.0,0.0,0.09329490492097185,0.03731796196838859
1808.0,2.6728682187987733e-34,1.069147287519513e-34,2.176606827034005e-25,7.198858280729461e-05,7.412132069602769,0.37778095588485966,0.10000661929666042,-0.12222713415624585,0.0,0.0,0.09320165198756467,0.03728066079502572
1809.0,2.4172941059423218e-34,9.669176423769322e-35,2.0701928032330026e-25,6.733079114939152e-05,7.338344097806784,0.3770260736162677,0.100006586274545,-0.12298202578414268,0.0,0.0,0.09310849226513829,0.03724339690605516
1810.0,2.1861574594386695e-34,8.744629837754711e-35,1.9689813471722432e-25,6.297436704565334e-05,7.2652906494093425,0.3762726997541493,0.10000655341716917,-0.12373540861198798,0.0,0.0,0.09301542566052362,0.03720617026420929
1811.0,1.977121619463121e-34,7.908486477852511e-35,1.8727181059936634e-25,5.889981146963708e-05,7.192964415034174,0.37552083128440517,0.10000652072371105,-0.12448728565826457,0.0,0.0,0.09292245208064476,0.03716898083225773
1812.0,1.7880733527548251e-34,7.152293411019323e-35,1.781161162117247e-25,5.508888701721766e-05,7.121358157883604,0.3747704651989588,0.10000648819335291,-0.12523765993539404,0.0,0.0,0.09282957143251883,0.037131828573007356
1813.0,1.617101489032359e-34,6.468405956129455e-35,1.6940804252819003e-25,5.1524536277339495e-05,7.050464713028122,0.37402159849574446,0.10000645582528109,-0.12598653444974856,0.0,0.0,0.09273678362325585,0.037094713449302166
1814.0,1.4624776001509123e-34,5.849910400603668e-35,1.6112570543093784e-25,4.8190805484328276e-05,6.980276986702257,0.37327422817869516,0.10000642361868596,-0.12673391220166347,0.0,0.0,0.09264408856005875,0.03705763542402332
1815.0,1.3226385266783788e-34,5.290554106713532e-35,1.5324829071380884e-25,4.507277311003644e-05,6.910787955606714,0.37252835125773065,0.10000639157276199,-0.1274797961854496,0.0,0.0,0.09255148615022321,0.0370205944600891
1816.0,1.1961705752439802e-34,4.784682300975937e-35,1.4575600177446724e-25,4.215648307620606e-05,6.8419906662167875,0.3717839647487455,0.10000635968670758,-0.12822418938940536,0.0,0.0,0.09245897630113752,0.036983590520454836
1817.0,1.0817952269036262e-34,4.327180907614519e-35,1.386300098638828e-25,3.9428882288112926e-05,6.773878234097007,0.37104106567359674,0.10000632795972521,-0.1289670947958295,0.0,0.0,0.09236655892028259,0.036946623568112846
1818.0,9.783562120417219e-35,3.9134248481669e-35,1.3185240676810885e-25,3.68777622098968e-05,6.70644384322202,0.3702996510600931,0.1000062963910213,-0.12970851538103212,0.0,0.0,0.09227423391523178,0.036909693566092514
1819.0,8.848078211440464e-35,3.539231284576196e-35,1.25406159803442e-25,3.449170422007365e-05,6.639680745303657,0.3695597179419815,0.10000626497980625,-0.13044845411534864,0.0,0.0,0.09218200119365083,0.03687280047746014
1820.0,8.002043332702717e-35,3.200817333081097e-35,1.1927506901186314e-25,3.226002850264531e-05,6.573582259124183,0.3688212633589366,0.10000623372529434,-0.13118691396315016,0.0,0.0,0.0920898606632978,0.03683594426531893
1821.0,7.236904553540052e-35,2.89476182141603e-35,1.1344372644918709e-25,3.017274624504667e-05,6.508141769875693,0.3680842843565483,0.10000620262670387,-0.1319238978828568,0.0,0.0,0.09199781223202295,0.03679912489280899
1822.0,6.544926756771218e-35,2.6179707027084956e-35,1.0789747746360964e-25,2.8220514928972425e-05,6.443352728505631,0.3673487779863097,0.10000617168325696,-0.13265940882694943,0.0,0.0,0.09190585580776862,0.03676234232310726
1823.0,5.919114441069398e-35,2.3676457764277668e-35,1.0262238386734146e-25,2.6394596513968183e-05,6.379208651068383,0.36661474130560606,0.1000061408941796,-0.13339344974198153,0.0,0.0,0.0918139912985692,0.036725596519427486
1824.0,5.353141000428922e-35,2.141256400171576e-35,9.760518890877563e-26,2.4686818326618996e-05,6.315703118082935,0.3658821713777022,0.10000611025870174,-0.13412602356859177,0.0,0.0,0.09172221861255098,0.036688887445020184
1825.0,4.841284765782618e-35,1.9365139063130528e-35,9.283328395716188e-26,2.3089536480278176e-05,6.252829773896541,0.3651510652717313,0.10000607977605706,-0.13485713324151552,0.0,0.0,0.09163053765793205,0.03665221506317262
1826.0,4.378371162186998e-35,1.7513484648748043e-35,8.829467681606228e-26,2.1595601661605925e-05,6.1905823260543835,0.3644214200626829,0.10000604944548316,-0.13558678168959723,0.0,0.0,0.09153894834302236,0.036615579337208735
1827.0,3.959720396817389e-35,1.58388815872696e-35,8.397796158595816e-26,2.0198327130780833e-05,6.12895454467518,0.36369323283139154,0.10000601926622135,-0.13631497183580205,0.0,0.0,0.09144745057622335,0.036578980230489125
1828.0,3.581100148928397e-35,1.4324400595713632e-35,7.987229000027024e-26,1.8891458792155684e-05,6.067940261832689,0.3629665006645245,0.1000059892375168,-0.13704170659722828,0.0,0.0,0.09135604426602811,0.03654241770641103
1829.0,3.238682783502203e-35,1.2954731134008852e-35,7.596734416275699e-26,1.766914720139596e-05,6.007533370943091,0.3622412206545708,0.10000595935861839,-0.13776698888511868,0.0,0.0,0.09126472932102121,0.036505891728408256
1830.0,2.9290066560390126e-35,1.171602662415609e-35,7.225331061777799e-26,1.6525921383807235e-05,5.947727826158211,0.36151738989982896,0.10000592962877879,-0.13849082160487317,0.0,0.0,0.09117350564987856,0.03646940225995118
1831.0,2.648941117303162e-35,1.0595764469212683e-35,6.872085568825874e-26,1.5456664346664123e-05,5.888517641764507,0.3607950055043959,0.10000590004725435,-0.1392132076560597,0.0,0.0,0.09108237316136732,0.03643294926454668
1832.0,2.3956548642427751e-35,9.58261945697113e-36,6.536110201937927e-26,1.4456590175935973e-05,5.829896891587828,0.360074064578155,0.1000058706133052,-0.13993414993242728,0.0,0.0,0.0909913317643459,0.036396532705738116
1833.0,2.1665873171288168e-35,8.666349268515293e-36,6.216560626903845e-26,1.3521222614895793e-05,5.771859708403868,0.3593545642367648,0.10000584132619508,-0.1406536513219166,0.0,0.0,0.09090038136776381,0.03636015254710527
1834.0,1.9594227335527178e-35,7.837690934210897e-36,5.912633788902896e-26,1.2646375028732026e-05,5.7144002833542835,0.3586365016016473,0.10000581218519147,-0.14137171470667276,0.0,0.0,0.09080952188066153,0.03632380875226436
1835.0,1.7720667975898304e-35,7.088267190359349e-36,5.623565894359764e-26,1.18281316654862e-05,5.657512865368432,0.35791987379997625,0.1000057831895655,-0.1420883429630568,0.0,0.0,0.09071875321217049,0.03628750128486795
1836.0,1.6026254474584976e-35,6.410501789834017e-36,5.348630491467381e-26,1.1062830129441817e-05,5.60119176059069,0.35720467796466626,0.10000575433859188,-0.142803538961657,0.0,0.0,0.09062807527151291,0.036251230108604926
1837.0,1.44938572763443e-35,5.797542910537744e-36,5.087136644552746e-26,1.0347044988516784e-05,5.5454313318133055,0.35649091123436083,0.10000572563154901,-0.14351730556730125,0.0,0.0,0.0905374879680018,0.0362149951872005
1838.0,1.310798471846172e-35,5.2431938873847075e-36,4.8384271976977717e-26,9.677572442287168e-06,5.490225997914728,0.3557785707534208,0.10000569706771882,-0.14422964563906845,0.0,0.0,0.09044699121104077,0.03617879648441609
1839.0,1.185462641886611e-35,4.741850567546462e-36,4.601877123251467e-26,9.051415982017606e-06,5.435570233303397,0.3550676536719134,0.10000566864638688,-0.14494056203030015,0.0,0.0,0.09035658491012405,0.03614263396404939
1840.0,1.0721111639148327e-35,4.288444655659346e-36,4.376891951083154e-26,8.465772978513722e-06,5.381458567366918,0.3543581571456005,0.10000564036684226,-0.14565005758861232,0.0,0.0,0.09026626897483625,0.036106507589934264
1841.0,9.695981190614009e-36,3.8783924762456176e-36,4.1629062746292853e-26,7.91802213776475e-06,5.327885583926604,0.3536500783359273,0.10000561222837763,-0.14635813515590695,0.0,0.0,0.09017604331485239,0.03607041732594071
1842.0,8.768871588413837e-36,3.507548635365547e-36,3.9593823299794397e-26,7.405711768228828e-06,5.27484592069732,0.3529434144100112,0.1000055842302892,-0.1470647975683836,0.0,0.0,0.09008590783993778,0.036034363135974884
1843.0,7.930410282615457e-36,3.1721641130461945e-36,3.765808644430616e-26,6.926548807246139e-06,5.222334268752593,0.35223816254063,0.10000555637187665,-0.147770047656551,0.0,0.0,0.08999586245994795,0.035998344983978955
1844.0,7.172120907062925e-36,2.868848362825182e-36,3.581698751113535e-26,6.478388557463026e-06,5.170345371994938,0.351534319906211,0.10000552865244315,-0.14847388824523874,0.0,0.0,0.08990590708482848,0.03596236283393118
1845.0,6.486337588143598e-36,2.5945350352574498e-36,3.406589966460687e-26,6.059225087328033e-06,5.118874026631379,0.35083188369081947,0.10000550107129541,-0.1491763221536087,0.0,0.0,0.08981604162461503,0.0359264166498458
1846.0,5.8661274471729116e-36,2.3464509788691742e-36,3.240042227443814e-26,5.6671822526932365e-06,5.0679150806540605,0.3501308510841477,0.10000547362774355,-0.14987735219516637,0.0,0.0,0.0897262659894331,0.035890506395773035
1847.0,5.3052205129403395e-36,2.122088205176144e-36,3.0816369856586957e-26,5.300505299334236e-06,5.017463433325987,0.34943121928150345,0.10000544632110112,-0.15057698117777252,0.0,0.0,0.0896365800894981,0.035854632035799035
1848.0,4.797946335872258e-36,1.919178534348911e-36,2.9309761554779895e-26,4.957553008802293e-06,4.967514034671764,0.34873298548379855,0.1000054191506851,-0.15127521190365495,0.0,0.0,0.08954698383511513,0.03581879353404585
1849.0,4.339176663017043e-36,1.7356706652068243e-36,2.7876811136287374e-26,4.636790352454074e-06,4.918061884973359,0.3480361468975383,0.10000539211581592,-0.1519720471694193,0.0,0.0,0.08945747713667898,0.03578299085467138
1850.0,3.9242735943291335e-36,1.5697094377316598e-36,2.6513917476803974e-26,4.336781620778951e-06,4.869102034270801,0.3473407007348098,0.10000536521581734,-0.15266748976606098,0.0,0.0,0.089368059904674,0.03574722396186939
1851.0,3.5490426961416414e-36,1.4196170784566622e-36,2.5217655510521743e-26,4.056183997271288e-06,4.820629581867785,0.3466466442132711,0.10000533845001651,-0.15336154247897618,0.0,0.0,0.08927873204967399,0.03571149281986939
1852.0,3.20969059783142e-36,1.2838762391325732e-36,2.398476762265323e-26,3.7937415480848085e-06,4.772639675842138,0.3459539745561399,0.100005311817744,-0.15405420808797354,0.0,0.0,0.08918949348234217,0.035675797392936665
1853.0,2.90278664300303e-36,1.1611146572012164e-36,2.2812155462772936e-26,3.5482796005672208e-06,4.725127512561097,0.34526268899218227,0.10000528531833364,-0.1547454893672854,0.0,0.0,0.08910034411343103,0.03564013764537222
1854.0,2.6252282075069222e-36,1.0500912830027728e-36,2.1696872158403436e-26,3.3186994855138244e-06,4.67808833620137,0.34457278475570186,0.1000052589511226,-0.15543538908557905,0.0,0.0,0.08901128385378228,0.03560451354151273
1855.0,2.3742093336767548e-36,9.496837334707052e-37,2.0636114909278263e-26,3.103973619606833e-06,4.63151743827391,0.3438842590865288,0.10000523271545135,-0.15612391000596795,0.0,0.0,0.08892231261432675,0.03556892504573051
1856.0,2.1471923636958548e-36,8.588769454783447e-37,1.9627217943670308e-26,2.903140906029773e-06,4.585410157153383,0.34319710923000873,0.1000052066106637,-0.1568110548860231,0.0,0.0,0.08883343030608427,0.03553337212243353
1857.0,1.9418822853223167e-36,7.767529141289292e-37,1.8667645819084406e-26,2.7153024326704605e-06,4.539761877612268,0.34251133243699144,0.10000518063610671,-0.1574968264777843,0.0,0.0,0.08874463684016369,0.03549785473606531
1858.0,1.7562035306226363e-36,7.024814122490567e-37,1.7754987050478195e-26,2.5396174486580395e-06,4.4945680303595585,0.3418269259638199,0.10000515479113067,-0.15818122752777158,0.0,0.0,0.08865593212776263,0.03546237285110487
1859.0,1.588278993162288e-36,6.353115972649174e-37,1.6886948049998406e-26,2.375299601225351e-06,4.449824091584025,0.34114388707231996,0.10000512907508917,-0.1588642607769958,0.0,0.0,0.08856731608016746,0.03542692643206682
1860.0,1.436411051529005e-36,5.745644206116037e-37,1.6061347363002698e-26,2.2216134160531263e-06,4.4055255825019675,0.34046221302978846,0.10000510348733894,-0.15954592896097036,0.0,0.0,0.08847878860875334,0.03539151544350116
1861.0,1.2990644073473801e-36,5.196257629389537e-37,1.527611018588158e-26,2.0778710053422816e-06,4.361668068909459,0.339781901108983,0.10000507802724,-0.1602262348097221,0.0,0.0,0.08839034962498386,0.035356139849993376
1862.0,1.1748505642869064e-36,4.699402257147641e-37,1.4529263151903333e-26,1.9434289888798987e-06,4.3182471607390065,0.3391029485881106,0.1000050526941555,-0.16090518104780246,0.0,0.0,0.08830199904041124,0.03532079961616433
1863.0,1.0625137911550573e-36,4.250055164620242e-37,1.381892937197831e-26,1.8176856143178073e-06,4.275258511620582,0.338425352750817,0.10000502748745181,-0.1615827703942988,0.0,0.0,0.088213736766676,0.03528549470667024
1864.0,9.609184271702822e-37,3.843673708681141e-37,1.314332371787958e-26,1.7000780637743617e-06,4.232697818447021,0.3377491108861756,0.10000500240649843,-0.16225900556284517,0.0,0.0,0.08812556271550706,0.035250225086202666
1865.0,8.690374010784567e-37,3.476149604313837e-37,1.2500748336066321e-26,1.5900799347039584e-06,4.1905608209437055,0.3370742202886772,0.10000497745066805,-0.1629338892616335,0.0,0.0,0.08803747679872156,0.03521499071948848
1866.0,7.859418480475935e-37,3.143767392190383e-37,1.188958838083582e-26,1.4871988837588539e-06,4.148843301242511,0.3364006782582183,0.10000495261933642,-0.16360742419342456,0.0,0.0,0.08794947892822474,0.035179791571289754
1867.0,7.107917193735371e-37,2.8431668774941568e-37,1.1308307956081082e-26,1.3909744230973944e-06,4.107541083459968,0.33572848210009104,0.10000492791188248,-0.16427961305555905,0.0,0.0,0.08786156901600994,0.03514462760640383
1868.0,6.4282729006611545e-37,2.5713091602644686e-37,1.0755446255455406e-26,1.3009758592750893e-06,4.0666500332796085,0.33505762912497206,0.10000490332768819,-0.16495045853996862,0.0,0.0,0.08777374697415843,0.03510949878966323
1869.0,5.813614784622803e-37,2.325445913849126e-37,1.0229613891243789e-26,1.2168003654931675e-06,4.026166057538449,0.3343881166489118,0.10000487886613871,-0.16561996333318663,0.0,0.0,0.08768601271483943,0.035074405085935616
1870.0,5.257729002219035e-37,2.103091600887618e-37,9.729489402715354e-27,1.1380711785761391e-06,3.986085103817564,0.3337199419933237,0.10000485452662215,-0.16628813011635954,0.0,0.0,0.08759836615030982,0.03503934646012377
1871.0,4.754995864860822e-37,1.9019983459443326e-37,9.253815935181946e-27,1.064435912608176e-06,3.946403160036732,0.3330531024849736,0.10000483030852975,-0.1669549615652572,0.0,0.0,0.08751080719291435,0.03500432287716556
1872.0,4.300333026921115e-37,1.7201332107684492e-37,8.801398081417139e-27,9.95564981680273e-07,3.9071162540530877,0.3323875954559691,0.10000480621125567,-0.16762046035028402,0.0,0.0,0.08742333575508521,0.03496933430203391
1873.0,3.8891441061158115e-37,1.5556576424463273e-37,8.371098877497852e-27,9.311501246885208e-07,3.8682204532637603,0.33172341824374857,0.10000478223419723,-0.1682846291364901,0.0,0.0,0.08733595174934226,0.03493438069973673
1874.0,3.51727221669728e-37,1.4069088866789142e-37,7.961836945518858e-27,8.709030255806035e-07,3.829711864212453,0.3310605681910709,0.10000475837675475,-0.16894747058358192,0.0,0.0,0.08724865508829274,0.03489946203531692
1875.0,3.180957945707504e-37,1.2723831782830035e-37,7.572583775999645e-27,8.145540228748462e-07,3.791586632199927,0.33039904264600456,0.1000047346383314,-0.16960898734593274,0.0,0.0,0.08716144568463124,0.034864578273852316
1876.0,2.876801347454696e-37,1.1507205389818803e-37,7.202361143154009e-27,7.618509026757166e-07,3.7538409408983497,0.3297388389619172,0.10000471101833346,-0.17026918207259406,0.0,0.0,0.08707432345113963,0.03482972938045565
1877.0,2.6017275719992026e-37,1.0406910287996827e-37,6.850238646526815e-27,7.125577697834087e-07,3.7164710119694653,0.32907995449746497,0.10000468751617014,-0.17092805740730596,0.0,0.0,0.08698728830068696,0.03479491532027458
1878.0,2.352955780172258e-37,9.411823120689044e-38,6.515331372819789e-27,6.664539918446815e-07,3.6794731046865663,0.32842238661658196,0.10000466413125358,-0.171585615988508,0.0,0.0,0.08690034014622935,0.03476013605849154
1879.0,2.127971030876148e-37,8.511884123504601e-38,6.196797672030366e-27,6.233332118190493e-07,3.6428435155602097,0.32776613268846955,0.10000464086299889,-0.17224186044935005,0.0,0.0,0.08681347890080998,0.03472539156032379
1880.0,1.924498856462395e-37,7.697995425849589e-38,5.893837042314793e-27,5.830024243401979e-07,3.606578577967653,0.32711119008758616,0.10000461771082406,-0.17289679341770275,0.0,0.0,0.08672670447755888,0.03469068179102335
1881.0,1.7404822691595323e-37,6.961929076638136e-38,5.6056881182600225e-27,5.4528111183849e-07,3.570674661785971,0.3264575561936363,0.10000459467414997,-0.17355041751616848,0.0,0.0,0.08664001678969296,0.034656006715876986
1882.0,1.5740609660985302e-37,6.296243864394129e-38,5.331626757508717e-27,5.100004365579084e-07,3.5351281730288138,0.3258052283915606,0.10000457175240043,-0.1742027353620918,0.0,0.0,0.08655341575051582,0.03462136630020614
1883.0,1.4235525227105522e-37,5.694210090842218e-38,5.070964220928917e-27,4.770024848509659e-07,3.4999355534867767,0.32515420407152507,0.10000454894500212,-0.17485374956757022,0.0,0.0,0.08646690127341779,0.03458676050936692
1884.0,1.2874353843729874e-37,5.149741537491957e-38,4.823045441754964e-27,4.4613956036910307e-07,3.4650932803713386,0.32450448062891046,0.10000452625138456,-0.1755034627394649,0.0,0.0,0.08638047327187572,0.0345521893087501
1885.0,1.164333484359e-37,4.657333937436007e-38,4.58724737934991e-27,4.172735229849475e-07,3.430597865962345,0.32385605546430246,0.10000450367098014,-0.17615187747941086,0.0,0.0,0.08629413165945296,0.034517652663781005
1886.0,1.0530023325868237e-37,4.212009330347301e-38,4.3629774534522634e-27,3.902751704874987e-07,3.396445857258987,0.32320892598348067,0.10000448120322405,-0.17679899638382798,0.0,0.0,0.08620787634979928,0.03448315053991952
1887.0,9.523164345339832e-38,3.8092657381359374e-38,4.149672054972203e-27,3.6502366028275597e-07,3.3626338356342518,0.3225630895974084,0.10000445884755432,-0.1774448220439315,0.0,0.0,0.0861217072566507,0.034448682902660094
1888.0,8.612579131288298e-38,3.4450316525153246e-38,3.9467951295947804e-27,3.4140596851136043e-07,3.3291584164928087,0.3219185437222227,0.10000443660341175,-0.17808935704574216,0.0,0.0,0.08603562429382955,0.034414249717531625
1889.0,7.789062185932037e-38,3.11562487437282e-38,3.753836830630564e-27,3.1931638416230733e-07,3.296016248932294,0.3212752857792234,0.10000441447024001,-0.17873260397009744,0.0,0.0,0.08594962737524417,0.03437985095009749
1890.0,7.044288222085831e-38,2.8177152888343365e-38,3.570312237728255e-27,2.9865603591841534e-07,3.263204015407964,0.32063331319486305,0.10000439244748545,-0.17937456539266125,0.0,0.0,0.08586371641488909,0.034345486565955465
1891.0,6.370727999250067e-38,2.54829119970003e-38,3.3957601382292615e-27,2.793324496157518e-07,3.2307184314006814,0.31999262340073675,0.10000437053459721,-0.18001524388393506,0.0,0.0,0.08577789132684474,0.03431115653073772
1892.0,5.761572207278465e-38,2.3046288829113896e-38,3.2297418681016993e-27,2.612591343362345e-07,3.198556245088204,0.31935321383357196,0.10000434873102723,-0.18065464200926773,0.0,0.0,0.08569215202527745,0.0342768608101108
1893.0,5.210662628131556e-38,2.0842650512526256e-38,3.071840209540973e-27,2.443551952807905e-07,3.166714237019737,0.31871508193521797,0.10000432703623015,-0.18129276232886649,0.0,0.0,0.08560649842443935,0.03424259936977554
1894.0,4.712429879800448e-38,1.8849719519201818e-38,2.921658342466519e-27,2.2854497169032392e-07,3.1351892197937303,0.3180782251526356,0.1000043054496633,-0.18192960739780697,0.0,0.0,0.08552093043866821,0.03420837217546708
1895.0,4.26183711302742e-38,1.7047348452109703e-38,2.778818847279742e-27,2.1375769819385198e-07,3.1039780377388717,0.3174426409378874,0.10000428397078676,-0.18256517976604392,0.0,0.0,0.08543544798238753,0.0341741791929548
1896.0,3.85432909162927e-38,1.5417316366517103e-38,2.6429627563769808e-27,1.999271880680297e-07,3.0730775665982546,0.31680832674812687,0.1000042625990633,-0.1831994819784212,0.0,0.0,0.08535005097010628,0.03414002038804229
1897.0,3.4857861416544796e-38,1.394314456661794e-38,2.5137486520338865e-27,1.8699153699035732e-07,3.042484713216689,0.3161752800455891,0.10000424133395834,-0.18383251657468214,0.0,0.0,0.0852647393164189,0.03410589572656733
1898.0,3.1524825038264125e-38,1.2609930015305675e-38,2.3908518083941083e-27,1.7489284596009157e-07,3.0121964152311227,0.31554349829758,0.10000422017494001,-0.18446428608948004,0.0,0.0,0.0851795129360052,0.03407180517440185
1899.0,2.8510486682394834e-38,1.1404194672957953e-38,2.2739633754060472e-27,1.6357696214667533e-07,2.9822096407641374,0.314912978976466,0.10000419912147904,-0.1850947930523887,0.0,0.0,0.08509437174363027,0.03403774869745189
1900.0,2.578437310533513e-38,1.0313749242134067e-38,2.1627896026568325e-27,1.5299323650574348e-07,2.952521388120498,0.31428371955966455,0.10000417817304884,-0.1857240399879121,0.0,0.0,0.08500931565414438,0.03400372626165754
1901.0,2.331892485180419e-38,9.32756994072169e-39,2.0570511011529548e-27,1.4309429707781196e-07,2.9231286854867196,0.31365571752963367,0.10000415732912545,-0.18635202941549506,0.0,0.0,0.08492434458248294,0.03396973783299296
1902.0,2.1089217644449052e-38,8.435687057779635e-39,1.9564821411923462e-27,1.3383583695495206e-07,2.894028590633621,0.31302897037386185,0.10000413658918747,-0.18697876384953332,0.0,0.0,0.08483945844366635,0.03393578337746634
1903.0,1.9072710413599126e-38,7.629084165439663e-39,1.860829984563405e-27,1.2517641596640494e-07,2.865218190621843,0.31240347558485815,0.10000411595271617,-0.18760424579938395,0.0,0.0,0.0847546571528,0.03390186286111982
1904.0,1.7249017419892808e-38,6.899606967957134e-39,1.7698542493927203e-27,1.1707727519549584e-07,2.8366946015102834,0.3117792306601421,0.10000409541919537,-0.1882284777693751,0.0,0.0,0.08466994062507413,0.03386797625002948
1905.0,1.5599702166065673e-38,6.239880866426277e-39,1.6833263060453116e-27,1.0950216349763999e-07,2.808454968067452,0.3111562331022337,0.10000407498811148,-0.18885146225881663,0.0,0.0,0.0845853087757637,0.03383412351030532
1906.0,1.4108091014465818e-38,5.643236405786333e-39,1.6010287025592217e-27,1.0241717524294743e-07,2.78049646348568,0.31053448041864334,0.10000405465895347,-0.18947320176201007,0.0,0.0,0.08450076152022841,0.03380030460809121
1907.0,1.275910462607567e-38,5.1036418504302717e-39,1.5227546181705469e-27,9.579059855717528e-08,2.752816289098183,0.30991397012186195,0.10000403443121288,-0.19009369876825874,0.0,0.0,0.08441629877391255,0.03376651950956486
1908.0,1.1539105516984754e-38,4.615642206793905e-39,1.4483073435555456e-27,8.959277338176509e-08,2.7254116740989343,0.30929469972935114,0.1000040143043837,-0.19071295576187758,0.0,0.0,0.08433192045234486,0.03373276818093779
1909.0,1.0435760191196214e-38,4.174304076478489e-39,1.3774997864836507e-27,8.379595871765282e-08,2.69827987526533,0.3086766667635329,0.10000399427796254,-0.19133097522220377,0.0,0.0,0.08424762647113868,0.033699050588455313
1910.0,9.437914456008309e-39,3.775165782403327e-39,1.3101540016390379e-27,7.837420845864475e-08,2.671418176683609,0.3080598687517801,0.1000039743514485,-0.1919477596236064,0.0,0.0,0.0841634167459915,0.03366536669839645
1911.0,8.535480659480387e-39,3.414192263792157e-39,1.2461007434291586e-27,7.330325525859869e-08,2.644823889477007,0.30744430322640626,0.10000395452434314,-0.19256331143549676,0.0,0.0,0.0840792911926852,0.03363171647707392
1912.0,7.719335710018393e-39,3.0877342840073585e-39,1.1851790406564022e-27,6.856040191260889e-08,2.618494351536619,0.306829967724656,0.10000393479615055,-0.19317763312233802,0.0,0.0,0.08399524972708579,0.03359809989083416
1913.0,6.981228847115999e-39,2.7924915388464e-39,1.1272357919840088e-27,6.412441976602504e-08,2.592426927254933,0.3062168597886949,0.1000039151663773,-0.19379072714365553,0.0,0.0,0.08391129226514342,0.03356451690605721
1914.0,6.313698230866091e-39,2.525479292346437e-39,1.0721253811795983e-27,5.997545369659159e-08,2.5666190072620227,0.30560497696559985,0.10000389563453238,-0.19440259595404671,0.0,0.0,0.08382741872289218,0.03353096748915672
1915.0,5.709995507010094e-39,2.283998202804038e-39,1.019709311169393e-27,5.60949332444147e-08,2.5410680081643626,0.304994316807349,0.10000387620012723,-0.195013242003191,0.0,0.0,0.08374362901645017,0.03349745160657991
1916.0,5.1640175849207396e-39,2.065607033968296e-39,9.698558559834838e-28,5.246548949198138e-08,2.5157713722862405,0.30438487687081256,0.10000385686267577,-0.19562266773585957,0.0,0.0,0.0836599230620193,0.033463969224807565
1917.0,4.670244938832573e-39,1.868097975533029e-39,9.224397297174439e-28,4.907087732219174e-08,2.490726567413744,0.30377665471774207,0.1000038376216943,-0.19623087559192576,0.0,0.0,0.08357630077588525,0.03343052031035392
1918.0,4.22368580858077e-39,1.6894743234323083e-39,8.773417716783693e-28,4.58959027064374e-08,2.4659310865412998,0.3031696479147616,0.10000381847670156,-0.19683786800637434,0.0,0.0,0.08349276207441732,0.03339710482976675
1919.0,3.819825735749516e-39,1.527930294299807e-39,8.344486469240852e-28,4.292635469727291e-08,2.441382447620728,0.3025638540333572,0.1000037994272187,-0.19744364740931217,0.0,0.0,0.08340930687406847,0.03336372274962721
1920.0,3.454581925069181e-39,1.3818327700276727e-39,7.9365256144295325e-28,4.014894182128439e-08,2.4170781933128005,0.3019592706498681,0.10000378047276921,-0.19804821622597693,0.0,0.0,0.08332593509137513,0.03333037403654987
1921.0,3.124261969681976e-39,1.2497047878727908e-39,7.548509912585015e-28,3.755123258745482e-08,2.393015890741266,0.3013558953454761,0.10000376161287902,-0.198651576876748,0.0,0.0,0.08324264664295718,0.03329705865718269
1922.0,2.8255265230120804e-39,1.1302106092048322e-39,7.179464247780905e-28,3.512159984474577e-08,2.3691931312493315,0.30075372570619635,0.1000037428470764,-0.1992537317771559,0.0,0.0,0.08315944144551782,0.03326377657820695
1923.0,2.5553555398740786e-39,1.0221422159496312e-39,6.828461177381241e-28,3.284916873984437e-08,2.345607530158557,0.30015275932286767,0.10000372417489196,-0.19985468333789191,0.0,0.0,0.08307631941584358,0.03323052776633724
1924.0,2.3110177455365632e-39,9.244070982146248e-40,6.494618601299531e-28,3.0723768042138264e-08,2.3222567265301577,0.29955299379114286,0.10000370559585867,-0.200454433964818,0.0,0.0,0.08299328047080405,0.033197312188321434
1925.0,2.0900430240905262e-39,8.360172096362101e-40,6.177097545207424e-28,2.8735884618052862e-08,2.299138382928681,0.29895442671147915,0.1000036871095118,-0.20105298605897662,0.0,0.0,0.08291032452735202,0.03316412981094062
1926.0,1.8901974469846673e-39,7.560789787938668e-40,5.875100052122032e-28,2.687662085098133e-08,2.2762501851880317,0.2983570556891284,0.10000366871538895,-0.20165034201660026,0.0,0.0,0.08282745150252321,0.033130980601009094
1927.0,1.709460689280338e-39,6.837842757121351e-40,5.587867177073249e-28,2.5137654816222278e-08,2.253589842179831,0.2977608783341278,0.10000365041303007,-0.20224650422912138,0.0,0.0,0.08274466131343632,0.03309786452537434
1928.0,1.5460056053173336e-39,6.184022421269331e-40,5.314677079811541e-28,2.3511203032671086e-08,2.231155085584077,0.29716589226129014,0.10000363220197736,-0.20284147508318187,0.0,0.0,0.08266195387729286,0.03306478155091696
1929.0,1.398179757312133e-39,5.59271902924853e-40,5.054843210763002e-28,2.1989985624544195e-08,2.2089436696620894,0.29657209509019417,0.1000036140817753,-0.20343525696064305,0.0,0.0,0.08257932911137712,0.03303173164455065
1930.0,1.2644887101532536e-39,5.057954840613013e-40,4.80771258567282e-28,2.0567193737202976e-08,2.1869533710317177,0.29597948444517536,0.10000359605197066,-0.20402785223859482,0.0,0.0,0.08249678693305608,0.03299871477322222
1931.0,1.1435809235136061e-39,4.574323694054422e-40,4.5726641446012085e-28,1.923645906123276e-08,2.165181988444781,0.2953880579553161,0.10000357811211248,-0.20461926328936578,0.0,0.0,0.08241432725977925,0.03296573090391149
1932.0,1.0342340885477202e-39,4.1369363541908785e-40,4.349107191147814e-28,1.7991825328369157e-08,2.1436273425667256,0.2947978132544365,0.10000356026175208,-0.20520949248053263,0.0,0.0,0.08233195000907878,0.032932780003631305
1933.0,9.353427710456267e-40,3.741371084182504e-40,4.136479907982224e-28,1.6827721651689535e-08,2.1222872757584783,0.29420874798108454,0.10000354250044292,-0.2057985421749297,0.0,0.0,0.08224965509856909,0.03289986203942743
1934.0,8.45907236122729e-40,3.3836289444909137e-40,3.9342479449500173e-28,1.5738937590742412e-08,2.101159651860468,0.2936208597785272,0.10000352482774075,-0.2063864147306584,0.0,0.0,0.08216744244594708,0.03286697697837863
1935.0,7.650233414696364e-40,3.0600933658785435e-40,3.7419030762061057e-28,1.4720599830008104e-08,2.080242355978796,0.2930341462947404,0.10000350724320353,-0.20697311250109732,0.0,0.0,0.08208531196899187,0.032834124787596536
1936.0,6.91873396988479e-40,2.767493587953914e-40,3.5589619230006626e-28,1.3768150366305183e-08,2.059533294273542,0.2924486051823999,0.10000348974639144,-0.20755863783491113,0.0,0.0,0.08200326358556476,0.03280130543422569
1937.0,6.257178984118311e-40,2.502871593647322e-40,3.3849647389078747e-28,1.2877326107511285e-08,2.039030393749167,0.29186423409887197,0.10000347233686684,-0.2081429930760605,0.0,0.0,0.08192129721360915,0.03276851888544342
1938.0,5.658880513358401e-40,2.263552205343358e-40,3.2194742544447053e-28,1.2044139791283573e-08,2.0187316020470107,0.29128103070620404,0.10000345501419425,-0.20872618056381112,0.0,0.0,0.08183941277115045,0.03273576510845994
1939.0,5.117790100897959e-40,2.0471160403591815e-40,3.062074578176098e-28,1.1264862138372552e-08,1.9986348872398507,0.29069899267111493,0.10000343777794041,-0.20930820263274408,0.0,0.0,0.08175761017629604,0.032703044070518175
1940.0,4.628437630909615e-40,1.851375052363844e-40,2.9123701515449923e-28,1.0536005160648815e-08,1.9787382376285079,0.2901181176649862,0.10000342062767416,-0.209889061612764,0.0,0.0,0.08167588934723513,0.0326703557388938
1941.0,4.185876028690873e-40,1.6743504114763475e-40,2.7699847548005773e-28,9.854306549130646e-09,1.9590396615404757,0.289538403363852,0.10000340356296657,-0.21046875982910992,0.0,0.0,0.0815942502022387,0.03263770008089522
1942.0,3.785631248557065e-40,1.514252499422825e-40,2.6345605615265764e-28,9.216715072134528e-09,1.9395371871305553,0.2889598474483907,0.1000033865833908,-0.2110472996023635,0.0,0.0,0.08151269265965948,0.032605077063863536
1943.0,3.4236570437882105e-40,1.3694628175152833e-40,2.5057572393935186e-28,8.620376918191764e-09,1.9202288621834733,0.28838244760391496,0.10000336968852215,-0.21162468324845898,0.0,0.0,0.0814312166379317,0.03257248665517242
1944.0,3.0962940613796915e-40,1.2385176245518754e-40,2.3832510948751226e-28,8.062622922603104e-09,1.9011127539184656,0.2878062015203626,0.10000335287793805,-0.2122009130786925,0.0,0.0,0.08134982205557122,0.032539928822228226
1945.0,2.8002328480680037e-40,1.1200931392272003e-40,2.2667342597793713e-28,7.540956620458407e-09,1.882186948795807,0.2872311068922873,0.10000333615121797,-0.21277599139973155,0.0,0.0,0.0812685088311753,0.032507403532469864
1946.0,2.5324803936435557e-40,1.0129921574574212e-40,2.1559139175499916e-28,7.053043072647588e-09,1.8634495523252648,0.28665716141884967,0.10000331950794357,-0.21334992051362406,0.0,0.0,0.0811872768834226,0.03247491075336878
1947.0,2.2903298733224736e-40,9.16131949328988e-41,2.050511567393946e-28,6.596698414848879e-09,1.8448986888764622,0.2860843628038079,0.10000330294769856,-0.21392270271780772,0.0,0.0,0.08110612613107301,0.03244245045242893
1948.0,2.0713332832900308e-40,8.285333133160111e-41,1.9502623243856306e-28,6.169880082716466e-09,1.8265325014911256,0.28551270875550844,0.10000328647006874,-0.21449434030511955,0.0,0.0,0.08102505649296768,0.03241002259718679
1949.0,1.873276692776638e-40,7.493106771106541e-41,1.8549142537888966e-28,5.7706776695162014e-09,1.808349151697204,0.28494219698687684,0.10000327007464195,-0.215064835563805,0.0,0.0,0.08094406788802883,0.03237762715521125
1950.0,1.6941578624789669e-40,6.776631449915856e-41,1.7642277379239776e-28,5.397304375288823e-09,1.7903468193248377,0.28437282521540885,0.10000325376100806,-0.21563419077752705,0.0,0.0,0.08086316023525976,0.03234526409410363
1951.0,1.5321660030612088e-40,6.128664012244823e-41,1.677974873988208e-28,5.048089009267801e-09,1.7725237023241593,0.283804591163161,0.10000323752875907,-0.21620240822537587,0.0,0.0,0.08078233345374472,0.03231293338149762
1952.0,1.3856634691064424e-40,5.54265387642576e-41,1.5959389013172112e-28,4.721468509755243e-09,1.7548780165849076,0.28323749255674163,0.10000322137748896,-0.21676949018187766,0.0,0.0,0.08070158746264884,0.03228063498505927
1953.0,1.253169203454383e-40,5.012676813817523e-41,1.5179136566472132e-28,4.415980947975356e-09,1.7374079957578363,0.28267152712730187,0.10000320530679374,-0.21733543891700385,0.0,0.0,0.08062092218121804,0.03224836887248696
1954.0,1.1333437645572057e-40,4.5333750582288146e-41,1.4437030560095079e-28,4.130258984591264e-09,1.720111891077905,0.2821066926105264,0.10000318931627145,-0.21790025669618054,0.0,0.0,0.080540337528779,0.03221613501151134
1955.0,1.0249757854885355e-40,4.0999031419541356e-41,1.3731206019550363e-28,3.863023749597042e-09,1.7029879711892248,0.28154298674662437,0.10000317340552209,-0.21846394578029757,0.0,0.0,0.08045983342473896,0.03218393336989533
1956.0,9.269697277139007e-41,3.7078789108555976e-41,1.3059889148706936e-28,3.6130791181918067e-09,1.6860345219717507,0.2809804072803206,0.10000315757414775,-0.21902650842571764,0.0,0.0,0.08037940978858577,0.03215176391543407
1957.0,8.383348058202441e-41,3.3533392232809714e-41,1.2421392872095174e-28,3.3793063570151236e-09,1.6692498463696963,0.2804189519608462,0.1000031418217524,-0.21958794688428523,0.0,0.0,0.08029906653988775,0.03211962661595486
1958.0,7.581749712398157e-41,3.032699884959257e-41,1.1814112595145046e-28,3.160659116780678e-09,1.6526322642216569,0.27985861854193,0.10000312614794205,-0.22014826340333604,0.0,0.0,0.0802188035982936,0.0320875214393172
1959.0,6.856798537096052e-41,2.7427194148384156e-41,1.1236522171705726e-28,2.9561587488956116e-09,1.6361801120924275,0.2792994047817893,0.10000311055232464,-0.22070746022570575,0.0,0.0,0.08013862088353237,0.03205544835341269
1960.0,6.201165688896262e-41,2.4804662755585005e-41,1.0687170068712573e-28,2.7648899251030708e-09,1.6198917431064892,0.27874130844312067,0.10000309503451012,-0.22126553958973963,0.0,0.0,0.0800585183154133,0.03202340732616506
1961.0,5.608223093197404e-41,2.2432892372789576e-41,1.0164675718363106e-28,2.5859965405418127e-09,1.603765526783158,0.2781843272930916,0.10000307959411031,-0.2218225037293008,0.0,0.0,0.07997849581382578,0.03199139832553006
1962.0,5.071976438138164e-41,2.0287905752552617e-41,9.667726048634597e-29,2.4186778818852714e-09,1.5877998488733727,0.27762845910333106,0.10000306423073904,-0.22237835487377997,0.0,0.0,0.07989855329873934,0.031959421319495473
1963.0,4.587004575519159e-41,1.8348018302076597e-41,9.195072183424193e-29,2.2621850434089696e-09,1.571993111198106,0.27707370164992073,0.10000304894401203,-0.22293309524810404,0.0,0.0,0.0798186906902034,0.03192747627608111
1964.0,4.1484047160828975e-41,1.6593618864331555e-41,8.745526304018773e-29,2.1158175749448493e-09,1.556343731488388,0.2765200527133861,0.1000030337335469,-0.2234867270727453,0.0,0.0,0.07973890790834744,0.03189556316333873
1965.0,3.751742865107361e-41,1.5006971460429415e-41,8.317958664007136e-29,1.9789203467190387e-09,1.5408501432269182,0.2759675100786878,0.10000301859896321,-0.22403925256373022,0.0,0.0,0.07965920487338067,0.03186368194935202
1966.0,3.3930089972452715e-41,1.3572035988981064e-41,7.911294750132725e-29,1.8508806170402847e-09,1.525510795491259,0.27541607153521247,0.10000300353988241,-0.22459067393264845,0.0,0.0,0.07957958150559205,0.03183183260223657
1967.0,3.068576517452221e-41,1.2274306069808868e-41,7.524512581951913e-29,1.7311252897142524e-09,1.5103241527985838,0.27486573487676386,0.10000298855592779,-0.22514099338666194,0.0,0.0,0.07950003772535026,0.03180001509013985
1968.0,2.7751655981767303e-41,1.1100662392706909e-41,7.156640143511627e-29,1.6191183489080912e-09,1.4952886949519764,0.27431649790155443,0.1000029736467246,-0.22569021312851364,0.0,0.0,0.07942057345310356,0.03176822938124116
1969.0,2.509810022172122e-41,1.0039240088688474e-41,6.806752940591924e-29,1.5143584599839034e-09,1.4804029168882584,0.2737683584121959,0.10000295881189994,-0.22623833535653684,0.0,0.0,0.07934118860937973,0.03173647544375162
1970.0,2.2698271957299173e-41,9.079308782919655e-42,6.473971677374663e-29,1.4163767255626332e-09,1.4656653285273302,0.27322131421569096,0.10000294405108272,-0.22678536226466325,0.0,0.0,0.07926188311478595,0.03170475324591411
1971.0,2.0527910291856383e-41,8.211164116742541e-42,6.157460046699526e-29,1.3247345867746867e-09,1.451074454623015,0.2726753631234245,0.10000292936390374,-0.22733129604243246,0.0,0.0,0.0791826568900088,0.031673062756003255
1972.0,1.8565074105343669e-41,7.426029642137456e-42,5.856422628354164e-29,1.2390218603034336e-09,1.4366288346153817,0.2721305029511545,0.10000291474999566,-0.22787613887500083,0.0,0.0,0.07910350985581414,0.03164140394232539
1973.0,1.6789920242082933e-41,6.715968096833164e-42,5.57010289011663e-29,1.1588549024355526e-09,1.4223270224845463,0.27158673151900353,0.10000290020899293,-0.22841989294314996,0.0,0.0,0.07902444193304699,0.031609776773218544
1974.0,1.5184502907767293e-41,6.073801163106911e-42,5.297781286526601e-29,1.08387489190064e-09,1.408167586605922,0.2710440466514502,0.10000288574053182,-0.22896256042329555,0.0,0.0,0.07894545304263154,0.03157818121705235
1975.0,1.3732592247703812e-41,5.49303689908152e-42,5.0387734506074395e-29,1.013746223814208e-09,1.394149109606912,0.2705024461773201,0.1000028713442505,-0.22950414348749662,0.0,0.0,0.07886654310557095,0.03154661724222813
1976.0,1.2419510272228194e-41,4.967804108891274e-42,4.792428473994709e-29,9.481550075354777e-10,1.380270188225031,0.26996192792977713,0.10000285701978884,-0.23004464430346377,0.0,0.0,0.07878771204294746,0.03151508481717874
1977.0,1.1231982470590897e-41,4.492792988236355e-42,4.558127271148988e-29,8.868076617164922e-10,1.3665294331674367,0.2694224897463151,0.10000284276678853,-0.2305840650345682,0.0,0.0,0.07870895977592206,0.03148358391036859
1978.0,1.0158003613215512e-41,4.063201445286202e-42,4.3352810235421073e-29,8.29429600254098e-10,1.3529254689718604,0.2688841294687489,0.1000028285848931,-0.23112240783985047,0.0,0.0,0.07863028622573463,0.03145211449029362
1979.0,9.186716385666779e-42,3.6746865542667094e-42,4.123329699906919e-29,7.757640032632103e-10,1.3394569338689228,0.26834684494320593,0.1000028144737478,-0.23165967487402908,0.0,0.0,0.07855169131370372,0.03142067652548126
1980.0,8.308301627386707e-42,3.3233206509546814e-42,3.921740648831861e-29,7.255706675703354e-10,1.326122479645819,0.2678106340201176,0.10000280043299974,-0.23219586828750916,0.0,0.0,0.07847317496122656,0.03138926998449039
1981.0,7.513879065575019e-42,3.0055516262300055e-42,3.7300072601633924e-29,6.786249315822418e-10,1.3129207715113624,0.2672754945542103,0.10000278646229763,-0.23273099022639127,0.0,0.0,0.07839473708977897,0.03135789483591133
1982.0,6.795417540689951e-42,2.718167016275979e-42,3.547647691852281e-29,6.347166697175771e-10,1.299850487962369,0.26674142440449733,0.10000277256129209,-0.2332650428324801,0.0,0.0,0.07831637762091515,0.0313265510483658
1983.0,6.145653816000405e-42,2.458261526400161e-42,3.374203659044218e-29,5.936493519005778e-10,1.286910320651378,0.2662084214342702,0.10000275872963538,-0.2337980282432927,0.0,0.0,0.07823809647626784,0.03129523859050689
1984.0,5.558019150400225e-42,2.223207660160089e-42,3.209239282371631e-29,5.552391639072409e-10,1.2740989742556792,0.26567648351108963,0.10000274496698158,-0.23432994859206807,0.0,0.0,0.07815989357754805,0.03126395743101898
1985.0,5.026572892177628e-42,2.0106291568710502e-42,3.052339992552363e-29,5.193141846266909e-10,1.2614151663476556,0.26514560850677765,0.10000273127298642,-0.23486080600777462,0.0,0.0,0.07808176884654507,0.03123270753861778
1986.0,4.545942422410612e-42,1.8183769689642436e-42,2.9031114885423707e-29,4.857136165552242e-10,1.2488576272664078,0.26461579429740867,0.10000271764730738,-0.23539060261511957,0.0,0.0,0.07800372220512633,0.031201488882050286
1987.0,4.11126884085026e-42,1.644507536340103e-42,2.761178746624216e-29,4.542870660787838e-10,1.2364250999906623,0.2640870387633013,0.10000270408960367,-0.23591934053455718,0.0,0.0,0.0779257535752374,0.031170301430094714
1988.0,3.7181578452072005e-42,1.4872631380828793e-42,2.6261850779410745e-29,4.248938703224616e-10,1.2241163400129411,0.2635593397890096,0.10000269059953615,-0.23644702188229733,0.0,0.0,0.07784786287890183,0.031139145151560483
1989.0,3.362635307258754e-42,1.3450541229035002e-42,2.4977912321077981e-29,3.974024675540553e-10,1.211930115214985,0.2630326952633147,0.10000267717676738,-0.23697364877031396,0.0,0.0,0.0777700500382211,0.031108020015288194
1990.0,3.0411070966765413e-42,1.216442838670615e-42,2.375674544646309e-29,3.7168980832365564e-10,1.1998652057444201,0.2625071030792165,0.10000266382096167,-0.23749922330635415,0.0,0.0,0.07769231497537464,0.031076925990149603
1991.0,2.750322746416331e-42,1.1001290985665314e-42,2.2595281261027644e-29,3.476408047035693e-10,1.187920403892646,0.261982561133925,0.10000265053178492,-0.23802374759394582,0.0,0.0,0.07761465761261958,0.03104586304504757
1992.0,2.487342592347915e-42,9.949370369391652e-43,2.1490600908086812e-29,3.2514781516341516e-10,1.1760945139739467,0.2614590673288519,0.10000263730890474,-0.2385472237324069,0.0,0.0,0.07753707787229078,0.031014831148916042
1993.0,2.2495080549253858e-42,8.998032219701538e-43,2.0439928233478285e-29,3.0411016277473516e-10,1.1643863522057987,0.26093661956960246,0.1000026241519904,-0.2390696538168534,0.0,0.0,0.0774595756768007,0.03098383027072002
1994.0,2.0344147624624403e-42,8.137659049849756e-43,1.9440622808854546e-29,2.844336845886391e-10,1.152794746590374,0.26041521576596693,0.10000261106071283,-0.2395910399382081,0.0,0.0,0.07738215094863944,0.030952860379455514
1995.0,1.839888244304326e-42,7.359552977217297e-43,1.849017329606551e-29,2.660303101695313e-10,1.1413185367972236,0.2598948538319123,0.10000259803474455,-0.24011138418320857,0.0,0.0,0.0773048036103745,0.03092192144414954
1996.0,1.6639619481682525e-42,6.655847792673005e-43,1.7586191135955593e-29,2.4881766739846893e-10,1.1299565740471254,0.2593755316855736,0.10000258507375978,-0.2406306886344164,0.0,0.0,0.07722753358465081,0.030891013433860057
1997.0,1.504857359420097e-42,6.019429437680383e-43,1.6726404545714728e-29,2.3271871378175666e-10,1.1187077209970915,0.25885724724924614,0.10000257217743432,-0.2411489553702246,0.0,0.0,0.07715034079419059,0.030860136317675965
1998.0,1.3609660213046174e-42,5.443864085218466e-43,1.5908652809698014e-29,2.1766139161454268e-10,1.1075708516265192,0.25833999844937666,0.1000025593454456,-0.24166618646486684,0.0,0.0,0.07707322516179334,0.030829290064717064
1999.0,1.2308332743639466e-42,4.923333097455784e-43,1.5130880849366548e-29,2.0357830545595447e-10,1.0965448511244749,0.2578237832165556,0.10000254657747262,-0.24218238398842504,0.0,0.0,0.07699618661033569,0.03079847464413401
2000.0,1.1131435506591471e-42,4.452574202636586e-43,1.439113405870307e-29,1.9040642047217754e-10,1.0856286157781005,0.25730859948550805,0.10000253387319609,-0.2426975500068388,0.0,0.0,0.07691922506277139,0.030767690025108298
2001.0,1.0067070741277877e-42,4.026828296511149e-43,1.3687553392123492e-29,1.7808678029728267e-10,1.0748210528621316,0.2567944451950863,0.1000025212322982,-0.24321168658191245,0.0,0.0,0.07684234044213122,0.030736936176852227
2002.0,9.10447832625731e-43,3.641791330502922e-43,1.3018370692539795e-29,1.6656424314896907e-10,1.0641210805295138,0.2562813182882611,0.10000250865446281,-0.24372479577132433,0.0,0.0,0.07676553267152281,0.030706213068608865
2003.0,8.23392700057327e-43,3.293570800229308e-43,1.2381904247833305e-29,1.5578723501809651e-10,1.0535276277031087,0.25576921671211356,0.10000249613937526,-0.24423687962863455,0.0,0.0,0.07668880167413074,0.030675520669652033
2004.0,7.446615986249477e-43,2.97864639449979e-43,1.1776554564571428e-29,1.457075188273015e-10,1.0430396339684795,0.25525813841782685,0.10000248368672257,-0.2447479402032938,0.0,0.0,0.07661214737321632,0.030644858949286265
2005.0,6.734586017438037e-43,2.6938344069752143e-43,1.1200800348346813e-29,1.3627997852546924e-10,1.0326560494677413,0.25474808136067834,0.1000024712961932,-0.24525797954065073,0.0,0.0,0.07653556969211758,0.030614227876846763
2006.0,6.090638876775893e-43,2.436255550710356e-43,1.06531946806372e-29,1.2746241715168402e-10,1.0223758347944694,0.2542390435000309,0.10000245896747728,-0.24576699968196128,0.0,0.0,0.07645906855424915,0.030583627421699396
2007.0,5.5082646255078754e-43,2.2033058502031498e-43,1.0132361382578115e-29,1.192153679648078e-10,1.0121979608896547,0.2537310227993251,0.10000244670026644,-0.24627500266439623,0.0,0.0,0.07638264388310226,0.03055305755324065
2008.0,4.981575791714408e-43,1.9926303166857627e-43,9.636991556510217e-30,1.1150191779331673e-10,1.0021214089386936,0.2532240172260709,0.10000243449425382,-0.24678199052104952,0.0,0.0,0.0763062956022446,0.03052251824089759
2009.0,4.505247851324304e-43,1.802099140529721e-43,9.165840296609977e-30,1.0428754181472365e-10,0.9921451702694032,0.25271802475183985,0.10000242234913415,-0.24728796528094646,0.0,0.0,0.07623002363532022,0.030492009454127843
2010.0,4.074465400209633e-43,1.6297861600838523e-43,8.717723560337144e-30,9.753994902507068e-11,0.9822682462510524,0.25221304335225636,0.10000241026460362,-0.24779292896905208,0.0,0.0,0.0761538279060495,0.030461531162419574
2011.0,3.684873473193167e-43,1.4739493892772659e-43,8.291515192836794e-30,9.122893770682552e-11,0.9724896481943985,0.2517090710069901,0.10000239824035993,-0.24829688360627905,0.0,0.0,0.07607770833822915,0.030431083335291435
2012.0,3.3325335178313365e-43,1.333013407132534e-43,7.886144096817932e-30,8.532626024826672e-11,0.9628083972527189,0.2512061056997477,0.1000023862761024,-0.24879983120949622,0.0,0.0,0.07600166485573194,0.03040066594229255
2013.0,3.0138835778926947e-43,1.2055534311570773e-43,7.50059154079638e-30,7.98054967092994e-11,0.9532235243238266,0.250704145418265,0.10000237437153173,-0.24930177379153592,0.0,0.0,0.07592569738250679,0.030370278953002487
2014.0,2.725702284009555e-43,1.0902809136038213e-43,7.133888598937308e-30,7.464193656779154e-11,0.9437340699530627,0.25020318815429854,0.10000236252635017,-0.24980271336120316,0.0,0.0,0.07584980584257862,0.030339922337031214
2015.0,2.4650762874687987e-43,9.860305149875187e-44,6.785113716063544e-30,6.98124681171366e-11,0.9343390842372544,0.24970323190361762,0.10000235074026143,-0.25030265192328305,0.0,0.0,0.0757739901600483,0.03030959606401908
2016.0,2.229370807916032e-43,8.917483231664123e-44,6.453390391710296e-30,6.529547501999407e-11,0.9250376267296284,0.2492042746659966,0.10000233901297069,-0.2508015914785489,0.0,0.0,0.07569825025909253,0.030279300103636775
2017.0,2.0162029972271563e-43,8.064811988908619e-44,6.137884977406139e-30,6.10707395551902e-11,0.9158287663456713,0.24870631444520663,0.10000232734418465,-0.2512995340237705,0.0,0.0,0.07562258606396387,0.030249034425585304
2018.0,1.823417850271267e-43,7.29367140108506e-44,5.837804581644655e-30,5.711935212471958e-11,0.9067115812699276,0.2482093492490077,0.10000231573361147,-0.25179648155172224,0.0,0.0,0.07554699749899049,0.03021879899959596
2019.0,1.6490664190364218e-43,6.596265676145681e-44,5.5523950772817286e-30,5.342362661580751e-11,0.8976851588637251,0.24771337708914073,0.10000230418096072,-0.2522924360511908,0.0,0.0,0.0754714844885763,0.030188593795430287
2020.0,1.4913861098754979e-43,5.965544439501985e-44,5.2809392063509364e-30,4.9967021239200176e-11,0.8887485955738182,0.24721839598131962,0.1000022926859434,-0.25278739950698326,0.0,0.0,0.07539604695720074,0.03015841878288007
2021.0,1.3487828646885116e-43,5.395131458754043e-44,5.022754777534249e-30,4.673406448936083e-11,0.8799009968419423,0.24672440394522313,0.10000228124827207,-0.25328137389993544,0.0,0.0,0.07532068482941871,0.030128273931767265
2022.0,1.2198150459033156e-43,4.879260183613259e-44,4.77719295175818e-30,4.371028589517532e-11,0.8711414770152675,0.2462313990044873,0.10000226986766055,-0.2537743612069193,0.0,0.0,0.07524539802986055,0.030098159211944007
2023.0,1.1031788623410002e-43,4.412715449364001e-44,4.5436366116068884e-30,4.088215125121236e-11,0.8624691592577431,0.24573937918669708,0.10000225854382422,-0.2542663634008517,0.0,0.0,0.07517018648323194,0.030068074593292565
2024.0,9.976951886298059e-44,3.9907807545192244e-44,4.321498810454485e-30,3.823700203963859e-11,0.8538831754623267,0.245248342523379,0.10000224727647984,-0.25475738245070145,0.0,0.0,0.07509505011431379,0.0300380200457253
2025.0,9.02297644919324e-44,3.6091905796772986e-44,4.110221297419044e-30,3.576299877164532e-11,0.8453826661640857,0.24475828704999275,0.1000022360653456,-0.25524742032149805,0.0,0.0,0.0750199888479622,0.030007995539184668
2026.0,8.160218163876957e-44,3.2640872655507843e-44,3.9092731144314214e-30,3.344906799478764e-11,0.8369667804541632,0.2442692108059237,0.1000022249101411,-0.25573647897433904,0.0,0.0,0.07494500260910839,0.029978001043643152
2027.0,7.379955035571578e-44,2.9519820142286326e-44,3.718149261893204e-30,3.12848527290446e-11,0.8286346758946017,0.24378111183447493,0.1000022138105873,-0.2562245603663979,0.0,0.0,0.07487009132275863,0.029948036529103245
2028.0,6.674299048541901e-44,2.6697196194167614e-44,3.5363694295704596e-30,2.926066610975607e-11,0.8203855184340147,0.24329398818285933,0.10000220276640658,-0.25671166645093263,0.0,0.0,0.0747952549139941,0.029918101965597438
2029.0,6.036116422749614e-44,2.4144465690998463e-44,3.3634767895339265e-30,2.7367448029945526e-11,0.8122184823240972,0.24280783790219182,0.10000219177732264,-0.25719779917729263,0.0,0.0,0.07472049330797097,0.029888197323188183
2030.0,5.458955495401018e-44,2.1835821981604076e-44,3.199036848112209e-30,2.5596724587963013e-11,0.8041327500369668,0.24232265904748174,0.10000218084306067,-0.25768296049092737,0.0,0.0,0.07464580642992008,0.02985832257196784
2031.0,4.936981498311489e-44,1.9747925993245957e-44,3.0426363539728154e-30,2.3940570158939087e-11,0.7961275121833298,0.2418384496776247,0.1000021699633472,-0.2581671523333938,0.0,0.0,0.07457119420514713,0.029828477682058655
2032.0,4.464917571723021e-44,1.7859670286892088e-44,2.893882259586985e-30,2.239157192028436e-11,0.7882019674314592,0.2413552078553952,0.10000215913791004,-0.25865037664236434,0.0,0.0,0.07449665655903241,0.029798662623612762
2033.0,4.037991418258139e-44,1.6151965673032555e-44,2.7524007334683604e-30,2.094279667245341e-11,0.7803553224269818,0.24087293164743862,0.10000214836647842,-0.25913263535163433,0.0,0.0,0.0744221934170308,0.029768877366812115
2034.0,3.6518870577120416e-44,1.460754823084816e-44,2.617836220703178e-30,1.9587759806465418e-11,0.7725867917134617,0.24039161912426357,0.10000213764878293,-0.2596139303911306,0.0,0.0,0.0743478047046717,0.029739121881868474
2035.0,3.302701194951414e-44,1.3210804779805648e-44,2.4898505494110233e-30,1.8320396279282348e-11,0.7648955976537757,0.23991126836023424,0.10000212698455554,-0.2600942636869184,0.0,0.0,0.07427349034755897,0.029709396139023386
2036.0,2.986903759824218e-44,1.1947615039296865e-44,2.368122080890592e-30,1.7135033467132735e-11,0.7572809703522719,0.23943187743356265,0.10000211637352947,-0.26057363716120957,0.0,0.0,0.07419925027137082,0.029679700108548118
2037.0,2.7013022201614266e-44,1.0805208880645697e-44,2.2523449013147263e-30,1.6026365775274613e-11,0.7497421475777014,0.2389534444263007,0.10000210581543931,-0.26105205273237025,0.0,0.0,0.07412508440185972,0.029650033760743676
2038.0,2.443009307095482e-44,9.772037228381918e-45,2.142228052943365e-30,1.498943089055268e-11,0.7422783746869186,0.23847596742433305,0.10000209531002097,-0.26152951231492866,0.0,0.0,0.07405099266485238,0.029620397065940746
2039.0,2.2094138264168338e-44,8.837655305667327e-45,2.0374948029224e-30,1.4019587570458088e-11,0.7348889045493409,0.2379994445173689,0.1000020848570117,-0.26200601781958277,0.0,0.0,0.07397697498624965,0.02959078999449966
2040.0,1.9981542608879987e-44,7.992617043551986e-45,1.9378819478308563e-30,1.3112494869276251e-11,0.7275729974721598,0.23752387379893478,0.10000207445615003,-0.26248157115320747,0.0,0.0,0.07390303129202647,0.029561212516810386
2041.0,1.8070948966495726e-44,7.22837958659828e-45,1.8431391522286702e-30,1.226409270834049e-11,0.7203299211262978,0.2370492533663666,0.10000206410717583,-0.2629561742188635,0.0,0.0,0.07382916150823171,0.02953166460329249
2042.0,1.6343042323697617e-44,6.537216929479037e-45,1.7530283195427832e-30,1.147058370342548e-11,0.7131589504731005,0.23657558132080225,0.10000205380983024,-0.2634298289158038,0.0,0.0,0.0737553655609882,0.029502146224395096
2043.0,1.4780354528662366e-44,5.912141811464938e-45,1.6673229937105292e-30,1.0728416167941224e-11,0.7060593676917607,0.23610285576717396,0.10000204356385566,-0.2639025371394817,0.0,0.0,0.07368164337649263,0.029472657350596867
2044.0,1.3367087697997453e-44,5.346835079198972e-45,1.5858077900766028e-30,1.003426821585117e-11,0.6990304621074628,0.2356310748142006,0.10000203336899584,-0.2643743007815587,0.0,0.0,0.07360799488101541,0.029443197952405978
2045.0,1.20889545091396e-44,4.835581803655832e-45,1.5082778541133947e-30,9.385032893160286e-12,0.6920715301202442,0.23516023657438015,0.10000202322499578,-0.26484512172991226,0.0,0.0,0.07353442000090069,0.029413768000360087
2046.0,1.0933033763662716e-44,4.373213505465078e-45,1.434538346604425e-30,8.777804271422807e-12,0.6851818751345644,0.23469033916398238,0.10000201313160174,-0.2653150018686423,0.0,0.0,0.07346091866256618,0.029384367465026293
2047.0,9.887639761322609e-45,3.955055904529035e-45,1.3644039539970875e-30,8.2098644410252e-12,0.6783608074895747,0.234221380703041,0.1000020030885613,-0.2657839430780805,0.0,0.0,0.07338749079250327,0.029354996317001125
2048.0,8.942204164284503e-45,3.5768816657137924e-45,1.2976984226941847e-30,7.67867134602726e-12,0.6716076443900828,0.23375335931534635,0.10000199309562323,-0.2662519472347961,0.0,0.0,0.07331413631727665,0.029325654526910487
2049.0,8.087169157247991e-45,3.234867662899189e-45,1.2342541161138925e-30,7.1818474061110406e-12,0.6649217098382043,0.23328627312843775,0.10000198315253758,-0.26671901621160476,0.0,0.0,0.07324085516352456,0.029296342065409653
2050.0,7.313890823379143e-45,2.92555632935165e-45,1.1739115934050004e-30,6.717168874710265e-12,0.6583023345656948,0.23282012027359605,0.10000197325905566,-0.2671851518775755,0.0,0.0,0.07316764725795852,0.02926705890318323
2051.0,6.614551759235483e-45,2.6458207036941865e-45,1.1165192087587122e-30,6.2825558856880494e-12,0.6517488559669554,0.23235489888583624,0.10000196341492998,-0.26765035609803833,0.0,0.0,0.07309451252736326,0.029237805010945122
2052.0,5.982082045270524e-45,2.3928328181082037e-45,1.0619327303100393e-30,5.876063144012596e-12,0.6452606180327051,0.23189060710389992,0.10000195361991432,-0.26811463073459185,0.0,0.0,0.07302145089859671,0.029208580359438505
2053.0,5.41008777297467e-45,2.1640351091898627e-45,1.010014977671055e-30,5.495871218763024e-12,0.638836971284314,0.23142724307024778,0.10000194387376371,-0.26857797764511065,0.0,0.0,0.07294846229858996,0.029179384919435808
2054.0,4.892786406102593e-45,1.9571145624410333e-45,9.606354771851007e-31,5.1402783994934935e-12,0.6324772727087897,0.2309648049310524,0.10000193417623435,-0.26904039868375257,0.0,0.0,0.07287554665434715,0.029150218661738673
2055.0,4.4249483225259346e-45,1.7699793290103698e-45,9.1367013403557e-31,4.807693079505308e-12,0.6261808856944113,0.2305032908361905,0.10000192452708369,-0.269501895700967,0.0,0.0,0.07280270389294526,0.029121081557177915
2056.0,4.001843945732733e-45,1.6007375782930895e-45,8.690009203852503e-31,4.49662663193511e-12,0.6199471799670037,0.2300426989392359,0.10000191492607036,-0.2699624705435009,0.0,0.0,0.07272993394153426,0.029091973576613524
2057.0,3.61919593150319e-45,1.4476783726012727e-45,8.265155787624913e-31,4.205686746773073e-12,0.6137755315268465,0.22958302739745184,0.10000190537295423,-0.2704221250544077,0.0,0.0,0.07265723672733693,0.029062894690934597
2058.0,3.2731359263962784e-45,1.3092543705585079e-45,7.86107339948786e-31,3.933571198988069e-12,0.6076653225862116,0.22912427437178373,0.10000189586749637,-0.27088086107305404,0.0,0.0,0.07258461217764875,0.029033844871059335
2059.0,2.960165460900132e-45,1.1840661843600494e-45,7.476746546587908e-31,3.679062019866434e-12,0.6016159415075217,0.22866643802685166,0.10000188640945899,-0.2713386804351268,0.0,0.0,0.07251206021983793,0.02900482408793502
2060.0,2.6771205818982554e-45,1.070848232759299e-45,7.111209383384735e-31,3.4410200454756636e-12,0.5956267827421244,0.2282095165309434,0.10000187699860554,-0.2717955849726412,0.0,0.0,0.07243958078134526,0.028975832312537954
2061.0,2.4211398669059227e-45,9.684559467623662e-46,6.7635432844004774e-31,3.218379817852378e-12,0.5896972467696773,0.22775350805600678,0.1000018676347006,-0.27225157651394793,0.0,0.0,0.07236717378968402,0.028946869515873462
2062.0,2.189635496718919e-45,8.75854198687565e-46,6.432874535637032e-31,3.0101448160926626e-12,0.5838267400381343,0.2272984107776424,0.10000185831750999,-0.27270665688374013,0.0,0.0,0.07229483917244,0.028917935668975853
2063.0,1.9802670940355903e-45,7.921068376142337e-46,6.11837213885968e-31,2.8153829959994926e-12,0.5780146749043314,0.2268442228750964,0.10000184904680068,-0.27316082790306134,0.0,0.0,0.07222257685727133,0.028889030742908384
2064.0,1.7909180635755622e-45,7.163672254302225e-46,5.819245723228975e-31,2.6332226183230513e-12,0.5722604695751624,0.2263909425312531,0.10000183982234073,-0.2736140913893124,0.0,0.0,0.07215038677190846,0.02886015470876323
2065.0,1.6196741945072172e-45,6.478696778028845e-46,5.534743559032694e-31,2.462848346921448e-12,0.5665635480493411,0.2259385679326279,0.10000183064389946,-0.274066449156259,0.0,0.0,0.07207826884415405,0.02883130753766148
2066.0,1.4648043088666513e-45,5.859217235466582e-46,5.264150668526176e-31,2.30349759937751e-12,0.5609233400597434,0.22548709726935978,0.10000182151124726,-0.2745179030140386,0.0,0.0,0.07200622300188299,0.02880248920075306
2067.0,1.3247427603346601e-45,5.298971041338618e-46,5.006787029133412e-31,2.154457133737268e-12,0.5553392810163227,0.2250365287352043,0.10000181242415572,-0.2749684547691683,0.0,0.0,0.07193424917304221,0.02877369966921675
2068.0,1.1980736064443514e-45,4.792294425777385e-46,4.762005864493414e-31,2.0150598560926477e-12,0.5498108119495936,0.22458686052752613,0.10000180338239756,-0.27541810622455165,0.0,0.0,0.07186234728565072,0.028744938914260148
2069.0,1.0835162942094243e-45,4.334065176837679e-46,4.529192019057102e-31,1.8846818347193385e-12,0.5443373794546791,0.2241380908472921,0.10000179438574659,-0.275866859179486,0.0,0.0,0.07179051726779936,0.028716206907119606
2070.0,9.79912714462969e-46,3.919650857851862e-46,4.307760412149933e-31,1.7627395074053515e-12,0.5389184356359141,0.22369021789906376,0.10000178543397781,-0.27631471542966984,0.0,0.0,0.07171875904765097,0.02868750361906025
2071.0,8.862154940335301e-46,3.5448619761341085e-46,4.09715456761521e-31,1.6486870694704731e-12,0.5335534380520004,0.2232432398909904,0.1000017765268673,-0.27676167676721003,0.0,0.0,0.07164707255344016,0.028658829021375915
2072.0,8.014774073989967e-46,3.205909629595976e-46,3.896845215342937e-31,1.5420140307855931e-12,0.528241849661708,0.2227971550348017,0.10000176766419225,-0.27720774498062867,0.0,0.0,0.07157545771347322,0.02863018308538914
2073.0,7.24841800776182e-46,2.8993672031047173e-46,3.7063289611697392e-31,1.4422429308573023e-12,0.5229831387701162,0.22235196154580078,0.10000175884573104,-0.2776529218548709,0.0,0.0,0.07150391445612815,0.028601565782451117
2074.0,6.5553393183908205e-46,2.622135727356318e-46,3.52512702180722e-31,1.3489272017506573e-12,0.5177767789753915,0.22190765764285678,0.10000175007126302,-0.2780972091713114,0.0,0.0,0.07143244270985455,0.028572977083941676
2075.0,5.928531375153094e-46,2.3714125500612283e-46,3.3527840216194826e-31,1.2616491692847077e-12,0.5126222491160937,0.221464241548398,0.10000174134056879,-0.2785406087077625,0.0,0.0,0.07136104240317351,0.028544416961269265
2076.0,5.361657506815756e-46,2.144663002726294e-46,3.1888668482260614e-31,1.1800181835542986e-12,0.5075190332190068,0.22102171148840472,0.10000173265342992,-0.2789831222384799,0.0,0.0,0.07128971346467758,0.0285158853858709
2077.0,4.848986941500567e-46,1.9395947766002196e-46,3.032963564054264e-31,1.1036688704104902e-12,0.5024666204474904,0.220580065692402,0.10000172400962914,-0.27942475153417123,0.0,0.0,0.07121845582303069,0.028487382329212142
2078.0,4.38533687184488e-46,1.754134748737945e-46,2.8846823711055833e-31,1.0322594960733645e-12,0.4974645050503431,0.22013930239345264,0.10000171540895027,-0.27986549836200236,0.0,0.0,0.07114726940696806,0.028458907762787086
2079.0,3.966020059771693e-46,1.5864080239086705e-46,2.7436506263345434e-31,9.654704375573448e-13,0.4925121863111786,0.21969941982815028,0.10000170685117815,-0.2803053644856047,0.0,0.0,0.07107615414529615,0.028430461658118317
2080.0,3.586797451182865e-46,1.434718980473141e-46,2.6095139051655446e-31,9.030027520627645e-13,0.4876091684983012,0.21926041623661202,0.10000169833609875,-0.28074435166508244,0.0,0.0,0.07100510996689259,0.028402043986756883
2081.0,3.2438353215370508e-46,1.2975341286148156e-46,2.481935110794246e-31,8.445768389303939e-13,0.4827549608150843,0.2188222898624717,0.10000168986349908,-0.28118246165701943,0.0,0.0,0.07093413680070608,0.02837365472028227
2082.0,2.9336665190785302e-46,1.173466607631408e-46,2.3605936270350954e-31,7.899311881699303e-13,0.47794907735083986,0.21838503895287262,0.10000168143316723,-0.2816196962144863,0.0,0.0,0.07086323457575633,0.02834529383030237
2083.0,2.6531554139080975e-46,1.0612621655632352e-46,2.2451845125860193e-31,7.388212099609617e-13,0.4731910370321795,0.21794866175846073,0.10000167304489233,-0.28205605708704745,0.0,0.0,0.07079240322113405,0.02831696128845345
2084.0,2.3994661985510483e-46,9.59786479420416e-47,2.13541773468542e-31,6.910181398873372e-13,0.46848036357485784,0.2175131565333775,0.10000166469846454,-0.28249154602076826,0.0,0.0,0.07072164266600077,0.028288657066400137
2085.0,2.170034219559085e-46,8.680136878236311e-47,2.031017440235572e-31,6.463080150048566e-13,0.46381658543609605,0.21707852153525292,0.10000165639367513,-0.28292616475822197,0.0,0.0,0.07065095283958886,0.02826038113583537
2086.0,1.9625400503249575e-46,7.850160201299801e-47,1.9317212625607131e-31,6.044907161592338e-13,0.45919923576738036,0.21664475502519873,0.10000164813031634,-0.2833599150384966,0.0,0.0,0.07058033367120142,0.028232133468480396
2087.0,1.7748860430007685e-46,7.099544172003048e-47,1.8372796620576252e-31,5.653790722678217e-13,0.4546278523677299,0.21621185526780118,0.1000016399081815,-0.2837927985972024,0.0,0.0,0.07050978509021222,0.02820391403608471
2088.0,1.605175122473201e-46,6.420700489892782e-47,1.7474552990817372e-31,5.287980225559333e-13,0.4501019776374297,0.21577982053111427,0.10000163172706499,-0.28422481716647824,0.0,0.0,0.07043930702606559,0.028175722810426067
2089.0,1.4516916080148254e-46,5.806766432059282e-47,1.6620224374927355e-31,4.945838329979874e-13,0.445621158532225,0.21534864908665288,0.10000162358676212,-0.2846559724749988,0.0,0.0,0.07036889940827644,0.028147559763310407
2090.0,1.3128838687293157e-46,5.251535474917245e-47,1.580766377360756e-31,4.625833634563323e-13,0.44118494651797063,0.21491833920938555,0.10000161548706935,-0.2850862662479816,0.0,0.0,0.0702985621664301,0.028119424866571877
2091.0,1.1873486374470054e-46,4.749394549788006e-47,1.5034829154074944e-31,4.326533822375144e-13,0.4367928975257328,0.2144888891777279,0.100001607427784,-0.28551570020719386,0.0,0.0,0.0702282952301823,0.028091318092072753
2092.0,1.0738168244931994e-46,4.295267297972783e-47,1.4299778318262807e-31,4.0465992499799725e-13,0.4324445719073372,0.2140602972735357,0.10000159940870455,-0.28594427607095946,0.0,0.0,0.07015809852925906,0.02806323941170345
2093.0,9.71140687914525e-47,3.884562751658086e-47,1.3600664021914553e-31,3.784776951298415e-13,0.4281395343913594,0.21363256178209775,0.10000159142963042,-0.28637199555416587,0.0,0.0,0.07008797199345664,0.02803518879738248
2094.0,8.78282230461616e-47,3.51312892184645e-47,1.2935729332304284e-31,3.53989502942517e-13,0.42387735403955445,0.21320568099212925,0.100001583490362,-0.286798860368271,0.0,0.0,0.07001791555264149,0.02800716622105642
2095.0,7.943027060282374e-47,3.1772108241129364e-47,1.230330321291784e-31,3.3108574113066713e-13,0.4196576042037191,0.21277965319576497,0.10000157559070072,-0.2872248722213098,0.0,0.0,0.06994792913675017,0.02797917165469989
2096.0,7.183531294629258e-47,2.873412517851691e-47,1.1701796323998238e-31,3.096638941800585e-13,0.41547986248298424,0.2123544766885522,0.100001567730449,-0.2876500328179019,0.0,0.0,0.06987801267578926,0.02795120507031552
2097.0,6.49665693812749e-47,2.5986627752509855e-47,1.1129697028401855e-31,2.8962807951585447e-13,0.4113437106815318,0.2119301497694442,0.10000155990941026,-0.2880743438592576,0.0,0.0,0.06980816609983528,0.027923266439933928
2098.0,5.875460082324085e-47,2.3501840329296247e-47,1.0585567592727802e-31,2.708886183394255e-13,0.40724873476673323,0.21150667074079313,0.1000015521273888,-0.2884978070431852,0.0,0.0,0.06973838933903467,0.027895355735613688
2099.0,5.313660780883659e-47,2.1254643123534548e-47,1.0068040574173586e-31,2.533616342327956e-13,0.4031945248277047,0.21108403790834357,0.10000154438419002,-0.2889204240640974,0.0,0.0,0.0696686823236037,0.0278674729294413
2100.0,4.805579562908468e-47,1.922231825163379e-47,9.575815384036924e-32,2.3696867773410727e-13,0.3991806750342737,0.21066224958122534,0.10000153667962026,-0.289342196613019,0.0,0.0,0.06959904498382836,0.027839617993531168
2101.0,4.346080016723064e-47,1.7384320066892183e-47,9.107655019227505e-32,2.2163637520373433e-13,0.3952067835963562,0.21024130407194716,0.10000152901348677,-0.2897631263775926,0.0,0.0,0.06952947725006434,0.027811790900025564
2102.0,3.9305168636783043e-47,1.572206745471315e-47,8.662382953574714e-32,2.072961004093926e-13,0.39127245272373656,0.20982119969638963,0.10000152138559783,-0.2901832150420861,0.0,0.0,0.06945997905273697,0.02778399162109461
2103.0,3.5546889970304837e-47,1.4218755988121874e-47,8.238880181118924e-32,1.9388366736028879e-13,0.3873772885862481,0.20940193477379843,0.10000151379576264,-0.2906024642873993,0.0,0.0,0.06939055032234108,0.027756220128936252
2104.0,3.2147970111453953e-47,1.2859188044581523e-47,7.836082403955882e-32,1.8133904301545588e-13,0.38352090127435096,0.20898350762677792,0.10000150624379132,-0.29102087579107017,0.0,0.0,0.06932119098944098,0.027728476395776212
2105.0,2.9074047916717756e-47,1.162961916668705e-47,7.452977357567021e-32,1.696060785803798e-13,0.37970290476010127,0.20856591658128415,0.10000149872949503,-0.29143845122728257,0.0,0.0,0.06925190098467038,0.027700760393867978
2106.0,2.629404778382661e-47,1.0517619113530597e-47,7.088602266914013e-32,1.5863225818922056e-13,0.37592291685850954,0.20814915996661823,0.10000149125268579,-0.2918551922668723,0.0,0.0,0.06918268023873236,0.02767307209549278
2107.0,2.3779865495117767e-47,9.511946198047062e-48,6.742041426904554e-32,1.4836846384774884e-13,0.3721805591892837,0.20773323611541963,0.1000014838131766,-0.29227110057733374,0.0,0.0,0.06911352868239927,0.02764541147295954
2108.0,2.1506084099904878e-47,8.60243363996191e-48,6.412423901148828e-32,1.3876875558490038e-13,0.36847545713895297,0.2073181433636597,0.10000147641078137,-0.29268617782282674,0.0,0.0,0.06904444624651258,0.027617778498604875
2109.0,1.9449716963585832e-47,7.779886785434296e-48,6.098921333223497e-32,1.2979016582892253e-13,0.36480723982336827,0.20690388005063468,0.10000146904531496,-0.29310042566418376,0.0,0.0,0.06897543286198303,0.027590173144793045
2110.0,1.75899753858617e-47,7.035990154344645e-48,5.800745864942679e-32,1.2139250708775678e-13,0.36117554005057684,0.20649044451895932,0.10000146171659313,-0.29351384575891554,0.0,0.0,0.06890648845979021,0.027562595383915926
2111.0,1.5908058438819402e-47,6.363223375527729e-48,5.517148156404419e-32,1.1353819207284861e-13,0.3575799942840656,0.20607783511456007,0.10000145442443259,-0.2939264397612188,0.0,0.0,0.06883761297098288,0.027535045188393
2112.0,1.4386962900260813e-47,5.754785160104296e-48,5.2474155028368e-32,1.0619206546127258e-13,0.3540202426063713,0.20566605018666864,0.1000014471686509,-0.294338209321982,0.0,0.0,0.06876880632667866,0.027507522530671315
2113.0,1.3011311360812558e-47,5.2045245443249983e-48,4.990870043511224e-32,9.932124654315252e-14,0.35049592868305185,0.2052550880878153,0.10000143994906661,-0.2947491560887926,0.0,0.0,0.068700068458064,0.02748002738322546
2114.0,1.176719676707729e-47,4.706878706830894e-48,4.746867058221673e-32,9.289498205007859e-14,0.3470066997270174,0.20484494717382234,0.10000143276549912,-0.2951592817059434,0.0,0.0,0.06863139929639421,0.027452559718557527
2115.0,1.0642041829246253e-47,4.256816731698482e-48,4.514793347048891e-32,8.688450850579224e-14,0.34355220646321594,0.2044356258037973,0.10000142561776879,-0.29556858781443945,0.0,0.0,0.06856279877299318,0.02742511950919711
2116.0,9.624471871864221e-48,3.8497887487456703e-48,4.29406568933767e-32,8.126292348303112e-14,0.3401321030936701,0.2040271223401266,0.10000141850569677,-0.2959770760520039,0.0,0.0,0.06849426681925352,0.027397706727701254
2117.0,8.704199842340436e-48,3.481679936936158e-48,4.084129378014546e-32,7.600506519028912e-14,0.33674604726286317,0.20361943514846903,0.10000141142910521,-0.2963847480530854,0.0,0.0,0.06842580336663646,0.027370321346654434
2118.0,7.871922314707153e-48,3.148768925882846e-48,3.8844568255625065e-32,7.10873998495313e-14,0.33339370002346835,0.20321256259774914,0.1000014043878171,-0.2967916054488644,0.0,0.0,0.06835740834667167,0.027342963338668515
2119.0,7.119225437282967e-48,2.847690174913173e-48,3.694546238149414e-32,6.648791636077431e-14,0.33007472580242014,0.2028065030601505,0.10000139738165631,-0.2971976498672595,0.0,0.0,0.0682890816909573,0.02731563267638276
2120.0,6.438499873425433e-48,2.5753999493701612e-48,3.513920354578116e-32,6.218602778205944e-14,0.32678879236732317,0.2024012549111096,0.10000139041044762,-0.297602882932934,0.0,0.0,0.06822082333115986,0.027288329332463782
2121.0,5.82286387547242e-48,2.329145550188956e-48,3.342125246889123e-32,5.816247918384957e-14,0.3235355707931954,0.20199681652930895,0.10000138347401667,-0.29800730626730315,0.0,0.0,0.06815263319901414,0.02726105327960549
2122.0,5.2660937141935565e-48,2.1064374856774116e-48,3.1787291796016645e-32,5.439926146541375e-14,0.32031473542954225,0.20159318629667106,0.10000137657218992,-0.2984109214885392,0.0,0.0,0.0680845112263232,0.027233804490529104
2123.0,4.76256076043319e-48,1.9050243041732668e-48,3.023321524726295e-32,5.08795307474475e-14,0.3171259638677588,0.20119036259835132,0.10000136970479478,-0.2988137302115794,0.0,0.0,0.06801645734495822,0.02720658293798311
2124.0,4.3071745828760786e-48,1.7228698331504234e-48,2.8755117298224026e-32,4.758753298013668e-14,0.31396893690885663,0.2007883438227321,0.10000136287165945,-0.2992157340481316,0.0,0.0,0.06794847148685851,0.027179388594743233
2125.0,3.89533148668665e-48,1.5581325946746527e-48,2.7349283365072425e-32,4.450853342921612e-14,0.31084333853151136,0.20038712836141617,0.10000135607261303,-0.29961693460668126,0.0,0.0,0.06788055358403142,0.027152221433612397
2126.0,3.522867972776803e-48,1.409147189110715e-48,2.601218046949939e-32,4.1628750724407876e-14,0.3077488558604288,0.19998671460922007,0.10000134930748546,-0.30001733349249704,0.0,0.0,0.06781270356855226,0.027125081427420736
2127.0,3.186018647201946e-48,1.2744074588807729e-48,2.4740448360044773e-32,3.893529517504505e-14,0.30468517913502574,0.19958710096416785,0.10000134257610749,-0.3004169323076384,0.0,0.0,0.0677449213725642,0.02709796854902552
2128.0,2.88137815517324e-48,1.152551262069291e-48,2.3530891067503878e-32,3.6416111076786323e-14,0.30165200167842254,0.19918828582748466,0.10000133587831081,-0.3008157326509613,0.0,0.0,0.06767720692827829,0.027070882771311155
2129.0,2.6058667548606162e-48,1.0423467019442417e-48,2.238046887318948e-32,3.4059922751190623e-14,0.298649019866745,0.19879026760359036,0.10000132921392786,-0.3012137361181247,0.0,0.0,0.0676095601679733,0.027043824067189155
2130.0,2.3566991829573037e-48,9.426796731829171e-49,2.1286290669864393e-32,3.185618407662898e-14,0.2956759330987306,0.198393044700093,0.10000132258279194,-0.3016109443015971,0.0,0.0,0.06754198102399568,0.027016792409598107
2131.0,2.1313564972544804e-48,8.525425989017883e-49,2.0245606696147068e-32,2.9795031284637746e-14,0.29273244376563856,0.19799661552778258,0.10000131598473723,-0.302007358790663,0.0,0.0,0.06747446942875955,0.02698978777150365
2132.0,1.9275606115705038e-48,7.710242446281983e-49,1.9255801626131145e-32,2.7867238810433292e-14,0.2898182572214587,0.19760097850062475,0.10000130941959866,-0.30240298117142894,0.0,0.0,0.0674070253147465,0.026962810125898438
2133.0,1.7432512655973724e-48,6.973005062389462e-49,1.8314387996852615e-32,2.6064177999978275e-14,0.2869330817534173,0.1972061320357542,0.100001302887212,-0.3027978130268302,0.0,0.0,0.06733964861450571,0.02693585944580213
2134.0,1.5765651968426765e-48,6.3062607873706786e-49,1.7418999957087259e-32,2.4377778488775537e-14,0.2840766285527762,0.19681207455346875,0.10000129638741391,-0.3031918559366373,0.0,0.0,0.06727233926065374,0.026908935704261342
2135.0,1.4258173041072437e-48,5.703269216428951e-49,1.656738732176854e-32,2.2800492079523965e-14,0.2812486116859227,0.19641880447722254,0.10000128992004177,-0.30358511147746153,0.0,0.0,0.06720509718587449,0.026882038874349642
2136.0,1.2894836120719689e-48,5.157934448287853e-49,1.5757409917084256e-32,2.132525895695539e-14,0.2784487480657476,0.19602632023362015,0.10000128348493383,-0.3039775812227624,0.0,0.0,0.06713792232291915,0.026855168929167502
2137.0,1.1661858647754955e-48,4.664743459101962e-49,1.4987032202040657e-32,1.994547608863277e-14,0.27567675742330766,0.19563462025240994,0.10000127708192913,-0.3043692667428533,0.0,0.0,0.06707081460460614,0.026828325841842297
2138.0,1.0546775922315997e-48,4.21871036892638e-49,1.4254318152977612e-32,1.865496767027389e-14,0.2729323622797706,0.19524370296647808,0.10000127071086752,-0.30476016960490776,0.0,0.0,0.06700377396382101,0.02680150958552825
2139.0,9.538315093277039e-49,3.815326037310798e-49,1.3557426398179157e-32,1.744795748331618e-14,0.27021528791863925,0.1948535668118421,0.10000126437158964,-0.3051502913729659,0.0,0.0,0.06693680033351641,0.02677472013340642
2140.0,8.626281196145687e-49,3.45051247845826e-49,1.2894605590352278e-32,1.6319043040997106e-14,0.26752526235825197,0.19446421022764473,0.10000125806393692,-0.3055396336079408,0.0,0.0,0.06686989364671202,0.026747957458684676
2141.0,7.801454087779667e-49,3.1205816351118538e-49,1.2264190005344625e-32,1.5263171407229992e-14,0.26486201632455714,0.19407563165614752,0.10000125178775163,-0.30592819786762465,0.0,0.0,0.06680305383649447,0.02672122153459766
2142.0,7.055495235992096e-49,2.822198094396826e-49,1.1664595356040343e-32,1.427561658004236e-14,0.2622252832241588,0.1936878295427248,0.1000012455428767,-0.3063159857066948,0.0,0.0,0.06673628083601725,0.026694512334406766
2143.0,6.380863421741266e-49,2.5523453686964957e-49,1.1094314810913967e-32,1.3351958338346756e-14,0.25961479911762975,0.19330080233585728,0.10000123932915601,-0.30670299867672063,0.0,0.0,0.06666957457850066,0.026667829831400126
2144.0,5.770738501702147e-49,2.3082954006808493e-49,1.0551915207236727e-32,1.2488062457363819e-14,0.2570303026930917,0.19291454848712597,0.10000123314643412,-0.3070892383261691,0.0,0.0,0.06660293499723177,0.026641173998892577
2145.0,5.218952460502587e-49,2.0875809842010267e-49,1.0036033449418687e-32,1.1680062204143282e-14,0.2544715352400574,0.19252906645120582,0.10000122699455635,-0.3074747062004111,0.0,0.0,0.06653636202556433,0.026614544810225606
2146.0,4.7199270556016354e-49,1.887970822240647e-49,9.545373083435457e-33,1.0924341030358279e-14,0.2519382406235335,0.1921443546858598,0.10000122087336888,-0.30785940384172844,0.0,0.0,0.06646985559691872,0.026587942238767356
2147.0,4.268617424435204e-49,1.7074469697740753e-49,9.078701038730765e-33,1.0217516384907207e-14,0.24943016525838105,0.1917604116519325,0.10000121478271856,-0.30824333278931854,0.0,0.0,0.06640341564478185,0.0265613662579126
2148.0,3.860461083729449e-49,1.5441844334917733e-49,8.634844529406959e-33,9.556424573869551e-15,0.24694705808393164,0.19137723581334404,0.10000120872245308,-0.30862649457930197,0.0,0.0,0.06633704210270709,0.026534816841082703
2149.0,3.4913318053939766e-49,1.3965327221575853e-49,8.21268810691591e-33,8.938106600049969e-15,0.2444886705388559,0.19099482563708395,0.10000120269242081,-0.30900889074472804,0.0,0.0,0.06627073490431429,0.026508293961725576
2150.0,3.1574979027064403e-49,1.262999161082571e-49,7.811170856843486e-33,8.359794918729545e-15,0.24205475653628228,0.1906131795932051,0.10000119669247098,-0.3093905228155809,0.0,0.0,0.06620449398328959,0.026481797593315693
2151.0,2.8555845050855982e-49,1.1422338020342348e-49,7.429283732742842e-33,7.818901050343887e-15,0.23964507243916347,0.19023229615481732,0.1000011907224535,-0.3097713923187861,0.0,0.0,0.06613831927338545,0.026455327709354038
2152.0,2.5825394400723036e-49,1.0330157760289173e-49,7.06606702031628e-33,7.313003994643394e-15,0.23725937703588812,0.18985217379808167,0.10000118478221903,-0.31015150077821585,0.0,0.0,0.06607221070842054,0.026428884283368072
2153.0,2.3356023776046654e-49,9.342409510418627e-50,6.720607925572907e-33,6.839839394478347e-15,0.23489743151613537,0.18947281100220398,0.10000117887161898,-0.3105308497146963,0.0,0.0,0.06600616822227967,0.026402467288911716
2154.0,2.1122769246536046e-49,8.449107698614387e-50,6.392038280900948e-33,6.397289400706701e-15,0.23255899944696984,0.18909420624942913,0.10000117299050554,-0.31090944064601267,0.0,0.0,0.06594019174891375,0.02637607669956534
2155.0,1.910305388111443e-49,7.641221552445744e-50,6.079532363289909e-33,5.983373192860696e-15,0.2302438467491742,0.1887163580250346,0.10000116713873158,-0.31128727508691595,0.0,0.0,0.06587428122233968,0.02634971248893572
2156.0,1.7276459508007266e-49,6.91058380320288e-50,5.782304819219549e-33,5.5962381131435365e-15,0.22795174167381788,0.18833926481732466,0.10000116131615076,-0.31166435454912855,0.0,0.0,0.06580843657664036,0.026323374630655986
2157.0,1.5624520298657201e-49,6.249808119462856e-50,5.499608691000766e-33,5.234151374072492e-15,0.22568245477905852,0.18796292511762425,0.10000115552261743,-0.31204068054135076,0.0,0.0,0.06574265774596455,0.026297063098385663
2158.0,1.4130536088716786e-49,5.65221443548669e-50,5.230733539608431e-33,4.895492302652539e-15,0.22343575890717496,0.18758733742027295,0.10000114975798663,-0.31241625456926625,0.0,0.0,0.06567694466452684,0.02627077786581058
2159.0,1.277940354890048e-49,5.111761419560172e-50,4.975003659288665e-33,4.578745086365999e-15,0.2212114291618283,0.18721250022261895,0.10000114402211424,-0.3127910781355491,0.0,0.0,0.06561129726660757,0.02624451890664287
2160.0,1.1557463498929495e-49,4.622985399571781e-50,4.731776379453735e-33,4.282491988509776e-15,0.21900924288554954,0.18683841202501303,0.10000113831485676,-0.3131651527398685,0.0,0.0,0.06554571548655275,0.02621828619462094
2161.0,1.0452362821000376e-49,4.1809451284001346e-50,4.500440449597099e-33,4.005407002512575e-15,0.21682897963745162,0.18646507133080253,0.10000113263607147,-0.3135384798788962,0.0,0.0,0.06548019925877405,0.02619207970350946
2162.0,9.452929576801204e-50,3.7811718307204664e-50,4.2804145031697336e-33,3.746249916829273e-15,0.21467042117116275,0.1860924766463255,0.10000112698561632,-0.3139110610463112,0.0,0.0,0.06541474851774869,0.026165899407099312
2163.0,8.549060065579572e-50,3.419624026231815e-50,4.071145596557346e-33,3.5038607638473732e-15,0.21253335141298008,0.18572062648090454,0.10000112136334995,-0.3142828977328065,0.0,0.0,0.06534936319801937,0.026139745279207587
2164.0,7.73161668148376e-50,3.0926466725934914e-50,3.87210781948681e-33,3.2771546279592748e-15,0.21041755644024024,0.18534951934684096,0.1000011157691317,-0.31465399142609485,0.0,0.0,0.06528404323419425,0.02611361729367753
2165.0,6.992335537572971e-50,2.7969342150291767e-50,3.6828009733696346e-33,3.0651167895616503e-15,0.2083228244599056,0.1849791537594088,0.10000111020282172,-0.3150243436109152,0.0,0.0,0.0652187885609468,0.026087515424378545
2166.0,6.323742922628048e-50,2.5294971690512087e-50,3.5027493142610644e-33,2.866798183246869e-15,0.2062489457873637,0.18460952823684892,0.10000110466428076,-0.31539395576903756,0.0,0.0,0.06515359911301581,0.026061439645206155
2167.0,5.719079746188597e-50,2.2876318984754297e-50,3.331500357275734e-33,2.6813111498576536e-15,0.20419571282543733,0.18424064130036288,0.1000010991533703,-0.3157628293792703,0.0,0.0,0.06508847482520531,0.026035389930081962
2168.0,5.172233207998869e-50,2.0688932831995399e-50,3.168623739455288e-33,2.5078254633914937e-15,0.20216292004360428,0.1838724914741074,0.10000109366995244,-0.3161309659174647,0.0,0.0,0.06502341563238453,0.026009366252953654
2169.0,4.6776750010794615e-50,1.8710700004317778e-50,3.013710138230261e-33,2.345564614971539e-15,0.20015036395742308,0.18350507728518803,0.10000108821389005,-0.3164983668565222,0.0,0.0,0.06495842146948774,0.025983368587794937
2170.0,4.2304054236930555e-50,1.692162169477216e-50,2.8663702427582028e-33,2.193802337251299e-15,0.19815784310816448,0.18313839726365355,0.10000108278504671,-0.3168650336663997,0.0,0.0,0.06489349227151428,0.025957396908605546
2171.0,3.8259028352080263e-50,1.5303611340832054e-50,2.72623377555296e-33,2.051859353696663e-15,0.1961851580426448,0.18277244994248998,0.10000107738328656,-0.3172309678141147,0.0,0.0,0.06482862797352844,0.0259314511894112
2172.0,3.4600779448875025e-50,1.3840311779549963e-50,2.5929485619463694e-33,1.919100338195245e-15,0.19423211129326087,0.18240723385761473,0.10000107200847454,-0.3175961707637528,0.0,0.0,0.06476382851065943,0.025905531404263594
2173.0,3.1292324714895595e-50,1.2516929885958193e-50,2.466179645043847e-33,1.794931071384522e-15,0.19229850735822296,0.18204274754787078,0.1000010666604762,-0.31796064397647233,0.0,0.0,0.0646990938181013,0.025879637527240342
2174.0,2.830021755750657e-50,1.1320087023002593e-50,2.345608443949685e-33,1.6787957809706832e-15,0.19038415268198525,0.18167898955502074,0.10000106133915775,-0.31832438891051046,0.0,0.0,0.06463442383111288,0.025853769532444976
2175.0,2.5594209477858385e-50,1.0237683791143324e-50,2.230931953146601e-33,1.570174654133668e-15,0.18848885563587053,0.1813159584237411,0.10000105604438611,-0.31868740702118936,0.0,0.0,0.06456981848501774,0.02582792739400691
2176.0,2.3146944275795577e-50,9.258777710318204e-51,2.1218619810175226e-33,1.4685815108841035e-15,0.18661242649888798,0.1809536527016164,0.10000105077602886,-0.31904969976092196,0.0,0.0,0.06450527771520402,0.025802111086081426
2177.0,2.0933681494257176e-50,8.373472597702844e-51,2.018124425595937e-33,1.3735616279582579e-15,0.18475467743874202,0.18059207093913335,0.1000010455339542,-0.31941126857921737,0.0,0.0,0.06444080145712451,0.025776320582849625
2178.0,1.8932046307349713e-50,7.572818522939863e-51,1.9194585857247124e-33,1.284689703510935e-15,0.18291542249303003,0.18023121168967504,0.100001040318031,-0.3197721149226872,0.0,0.0,0.0643763896462965,0.025750555858518424
2179.0,1.7121803323603705e-50,6.848721329441461e-51,1.8256165058922775e-33,1.2015679534964194e-15,0.18109447755062744,0.17987107350951526,0.10000103512812884,-0.3201322402350514,0.0,0.0,0.06431204221830171,0.02572481688732051
2180.0,1.5484652017693366e-50,6.193860807077326e-51,1.736362353099671e-33,1.1238243312170242e-15,0.1792916603332579,0.17951165495781277,0.10000102996411789,-0.3204916459571432,0.0,0.0,0.06424775910878631,0.025699103643514354
2181.0,1.40040417225508e-50,5.6016166890203e-51,1.6514718241924827e-33,1.0511108620700705e-15,0.17750679037724723,0.17915295459660516,0.10000102482586896,-0.32085033352691594,0.0,0.0,0.06418354025346076,0.025673416101384128
2182.0,1.2665004311550364e-50,5.066001724620128e-51,1.5707315821682582e-33,9.831020860397528e-16,0.17573968901545864,0.17879497099080358,0.10000101971325355,-0.3212083043794483,0.0,0.0,0.06411938558809975,0.025647754235239722
2183.0,1.1454002879275374e-50,4.581601151710133e-51,1.4939387200427603e-33,9.194936009626018e-16,0.17399017935940816,0.1784377027081866,0.10000101462614377,-0.32156555994695024,0.0,0.0,0.06405529504854218,0.0256221180194167
2184.0,1.0358794891115882e-50,4.143517956446339e-51,1.4209002509277379e-33,8.60000700046307e-16,0.17225808628155792,0.17808114831939487,0.1000010095644124,-0.32192210165876844,0.0,0.0,0.06399126857069112,0.025596507428276273
2185.0,9.368308418217984e-51,3.747323367287181e-51,1.3514326230387286e-33,8.04357097543542e-16,0.1705432363977855,0.177725306397925,0.10000100452793281,-0.3222779309413926,0.0,0.0,0.06392730609051371,0.025570922436205294
2186.0,8.472530206590432e-51,3.3890120826361604e-51,1.2853612584140653e-33,7.523137368769975e-16,0.16884545805002832,0.17737017552012407,0.10000099951657904,-0.32263304921846053,0.0,0.0,0.063863407544041,0.025545363017616205
2187.0,7.66240444881103e-51,3.0649617795244007e-51,1.2225201141858504e-33,7.036376758808851e-16,0.16716458128910033,0.17701575426518396,0.10000099453022573,-0.3229874579107642,0.0,0.0,0.06379957286736808,0.02551982914694704
2188.0,6.929741234972414e-51,2.771896493988956e-51,1.1627512653003347e-33,6.581110441693329e-16,0.16550043785768004,0.1766620412151356,0.10000098956874814,-0.3233411584362554,0.0,0.0,0.06373580199665388,0.02549432079866136
2189.0,6.267133757358427e-51,2.5068535029433617e-51,1.1059045076390426e-33,6.155300679649342e-16,0.16385286117346776,0.1763090349548433,0.10000098463202221,-0.32369415221005154,0.0,0.0,0.06367209486812118,0.025468837947248274
2190.0,5.667883431837541e-51,2.2671533727350074e-51,1.051836980543255e-33,5.757041580226556e-16,0.16222168631251044,0.17595673407199913,0.10000097971992447,-0.324046440644441,0.0,0.0,0.06360845141805643,0.025443380567222378
2191.0,5.125932178993259e-51,2.0503728715972957e-51,1.000412807793219e-33,5.384550565667186e-16,0.16060674999269275,0.1756051371571171,0.10000097483233202,-0.32439802514888927,0.0,0.0,0.06354487158280984,0.02541794863312373
2192.0,4.635801180392326e-51,1.8543204721569237e-51,9.51502756139838e-34,5.036160394222104e-16,0.15900789055739245,0.17525424280352778,0.1000009699691226,-0.324748907130044,0.0,0.0,0.0634813552987952,0.025392542119517872
2193.0,4.1925354908514764e-51,1.6770141963405847e-51,9.04983910530703e-34,4.710311697702235e-16,0.15742494795929837,0.17490404960737257,0.10000096513017459,-0.325099087991741,0.0,0.0,0.06341790250248984,0.02536716100099573
2194.0,3.7916539467643146e-51,1.5166615787057206e-51,8.607393652142812e-34,4.405546001863901e-16,0.15585776374438934,0.174554556167598,0.10000096031536697,-0.32544856913501025,0.0,0.0,0.06335451313043466,0.02534180525217366
2195.0,3.429103864090034e-51,1.3716415456360093e-51,8.186579299459808e-34,4.1204991983878565e-16,0.1543061810360732,0.1742057610859501,0.10000095552457931,-0.3257973519580807,0.0,0.0,0.06329118711923393,0.025316474847693362
2196.0,3.1012200680264546e-51,1.2404880272105776e-51,7.786338505577605e-34,3.8538954392331133e-16,0.1527700445194828,0.17385766296696914,0.10000095075769176,-0.3261454378563863,0.0,0.0,0.06322792440555526,0.0252911697622219
2197.0,2.804687840180711e-51,1.1218751360722806e-51,7.405665431890578e-34,3.6045414260371244e-16,0.1512492004259293,0.17351026041798362,0.10000094601458506,-0.32649282822257153,0.0,0.0,0.06316472492612965,0.025265889970451667
2198.0,2.5365094086545932e-51,1.0146037634618342e-51,7.043603415111304e-34,3.3713210690021124e-16,0.14974349651750937,0.17316355204910486,0.10000094129514063,-0.32683952444649755,0.0,0.0,0.06310158861775131,0.02524063544710033
2199.0,2.293973642278397e-51,9.17589456911356e-52,6.69924256309567e-34,3.15319049136113e-16,0.14825278207186643,0.17281753647322148,0.10000093659924039,-0.3271855279152466,0.0,0.0,0.06303851541727758,0.025215406166910835
2200.0,2.0746286426192414e-51,8.29851457047694e-52,6.371717468207774e-34,2.949173357064204e-16,0.1467769078671029,0.17247221230599388,0.10000093192676689,-0.32753084001312865,0.0,0.0,0.06297550526162893,0.025190202104651376
2201.0,1.8762569566846893e-51,7.505027826738733e-52,6.060205032478134e-34,2.758356500771658e-16,0.14531572616684313,0.17212757816584864,0.10000092727760326,-0.3278754621216863,0.0,0.0,0.06291255808778892,0.025165023235115373
2202.0,1.6968531597362037e-51,6.787412638944796e-52,5.763922399089604e-34,2.5798858405947623e-16,0.14386909070544474,0.17178363267397298,0.10000092265163323,-0.32821939561970065,0.0,0.0,0.06284967383280408,0.02513986953312144
2203.0,1.5346035815874738e-51,6.1384143263498805e-52,5.4821249849926965e-34,2.412962555289486e-16,0.14243685667335743,0.17144037445430926,0.10000091804874107,-0.3285626418831967,0.0,0.0,0.06278685243378387,0.02511474097351335
2204.0,1.3878679714320224e-51,5.5514718857280775e-52,5.214104609706072e-34,2.256839508792716e-16,0.14101888070262722,0.17109780213354947,0.10000091346881165,-0.32890520228544884,0.0,0.0,0.06272409382790059,0.025089637531160034
2205.0,1.2551629158419529e-51,5.0206516633677994e-52,4.9591877155997245e-34,2.110817906097467e-16,0.13961502085254532,0.17075591434112974,0.10000090891173044,-0.32924707819698656,0.0,0.0,0.06266139795238933,0.025064559180955532
2206.0,1.1351468423032468e-51,4.540587369212975e-52,4.716733675188308e-34,1.9742441654990214e-16,0.13822513659543972,0.17041470970922495,0.10000090437738343,-0.3295882709855995,0.0,0.0,0.06259876474454798,0.02503950589781899
2207.0,1.0266064566819026e-51,4.1064258267275996e-52,4.486133181180651e-34,1.8465069932123994e-16,0.13684908880260818,0.17007418687274312,0.1000008998656572,-0.3299287820163434,0.0,0.0,0.06253619414173703,0.02501447765669461
2208.0,9.284444775114155e-52,3.713777910045652e-52,4.2668067152395576e-34,1.7270346472673853e-16,0.13548673973039138,0.16973434446931987,0.10000089537643891,-0.3302686126515455,0.0,0.0,0.06247368608137962,0.024989474432551645
2209.0,8.396685431022391e-52,3.358674172408949e-52,4.058203091603728e-34,1.615292378434494e-16,0.13413795300638465,0.16939518113931334,0.10000089090961628,-0.3306077642508098,0.0,0.0,0.062411240500961446,0.02496449620038437
2210.0,7.593811793304229e-52,3.0375247173216842e-52,3.859798071911821e-34,1.5107800367276615e-16,0.13280259361578692,0.1690566955257983,0.10000088646507757,-0.3309462381710224,0.0,0.0,0.06234885733803067,0.02493954293521207
2211.0,6.867707266854808e-52,2.747082906741917e-52,3.6710930477475875e-34,1.413029832770548e-16,0.13148052788788564,0.16871888627456103,0.10000088204271164,-0.3312840357663576,0.0,0.0,0.06228653653019788,0.024914614612078955
2212.0,6.2110313485511975e-52,2.484412539420473e-52,3.491613787595196e-34,1.3216042440064933e-16,0.13017162348267616,0.16838175203409372,0.10000087764240785,-0.33162115838828254,0.0,0.0,0.06222427801513606,0.024889711206054217
2213.0,5.617145418947466e-52,2.2468581675789813e-52,3.3209092450557555e-34,1.236094056380478e-16,0.1288757493776146,0.1680452914555893,0.10000087326405613,-0.33195760738556296,0.0,0.0,0.062162081730580424,0.024864832692231963
2214.0,5.08004562961391e-52,2.03201825184556e-52,3.1585504253299668e-34,1.1561165327278086e-16,0.127592775854502,0.16770950319293573,0.100000868907547,-0.33229338410426895,0.0,0.0,0.06209994761432847,0.024839979045731188
2215.0,4.5943022076496356e-52,1.837720883059851e-52,3.004129307118304e-34,1.0813136996713733e-16,0.12632257448649967,0.16737438590271086,0.10000086457277144,-0.3326284898877794,0.0,0.0,0.06203787560423988,0.02481515024169575
2216.0,4.155004563771709e-52,1.6620018255086807e-52,2.8572578172293394e-34,1.011350745359745e-16,0.12506501812527354,0.16703993824417684,0.10000086025962106,-0.3329629260767887,0.0,0.0,0.061975865638236406,0.024790346255294363
2217.0,3.757711649054912e-52,1.5030846596219613e-52,2.7175668553193437e-34,9.459145208745292e-17,0.12381998088826641,0.16670615887927506,0.100000855967988,-0.3332966940093108,0.0,0.0,0.061913917654301896,0.02476556706172056
2218.0,3.3984070584570376e-52,1.359362823382812e-52,2.5847053663122387e-34,8.847121385993732e-17,0.12258733814609703,0.16637304647262058,0.10000085169776488,-0.3336297950206856,0.0,0.0,0.06185203159048218,0.02474081263619267
2219.0,3.073458427251943e-52,1.2293833709007745e-52,2.458339458168814e-34,8.274696612770363e-17,0.12136696651008452,0.16604059969149676,0.1000008474488449,-0.3339622304435836,0.0,0.0,0.06179020738488497,0.024716082953953784
2220.0,2.7795807098914093e-52,1.1118322839565612e-52,2.338151562788096e-34,7.739308758868409e-17,0.12015874381989715,0.16570881720585,0.1000008432211218,-0.3342940016080116,0.0,0.0,0.061728444975679884,0.024691377990271744
2221.0,2.5138029700660383e-52,1.0055211880264128e-52,2.223839637932134e-34,7.238561468544744e-17,0.11896254913132388,0.16537769768828448,0.10000083901448976,-0.3346251098413179,0.0,0.0,0.061666744301098336,0.024666697720439123
2222.0,2.273438346231619e-52,9.093753384926454e-53,2.1151164081685873e-34,6.770213434611927e-17,0.11777826270416784,0.16504723981405672,0.10000083482884366,-0.3349555564681979,0.0,0.0,0.06160510529943346,0.024642042119773166
2223.0,2.056056888969536e-52,8.224227555878127e-53,2.01170864292352e-34,6.332168366515889e-17,0.11660576599026011,0.16471744226107035,0.10000083066407875,-0.3352853428106991,0.0,0.0,0.06154352790904008,0.02461741116361582
2224.0,1.859460995582416e-52,7.437843982329648e-53,1.91335646983011e-34,5.92246560749718e-17,0.11544494162159298,0.16438830370987087,0.10000082652009089,-0.33561447018822627,0.0,0.0,0.06148201206833466,0.024592804827333656
2225.0,1.6816631935827625e-52,6.726652774331034e-53,1.8198127216476445e-34,5.539271358838863e-17,0.11429567339857138,0.1640598228436402,0.10000082239677638,-0.33594293991754726,0.0,0.0,0.0614205577157952,0.024568223086317877
2226.0,1.5208660484783116e-52,6.083464193913232e-53,1.7308423151095625e-34,5.180870471921463e-17,0.11315784627838112,0.16373199834819172,0.10000081829403211,-0.33627075331279765,0.0,0.0,0.06135916478996119,0.024543665915984274
2227.0,1.3754439927332562e-52,5.501775970933012e-53,1.646221660139535e-34,4.845658771346815e-17,0.11203134636347294,0.16340482891196467,0.10000081421175548,-0.3365979116854867,0.0,0.0,0.06129783322943355,0.024519133291773222
2228.0,1.2439268922064973e-52,4.9757075688259775e-53,1.5657380979508928e-34,4.5321358747697067e-17,0.11091606089016139,0.16307831322601904,0.10000081014984438,-0.336924416344502,0.0,0.0,0.061236562972874616,0.024494625189149646
2229.0,1.1249851839329656e-52,4.499940735731852e-53,1.489189366617303e-34,4.2388984772994164e-17,0.10981187821733698,0.16275244998403038,0.1000008061081972,-0.3372502685961151,0.0,0.0,0.06117535395900798,0.02447014158360299
2230.0,1.0174164349994571e-52,4.0696657399978183e-53,1.4163830927716237e-34,3.964634070412627e-17,0.10871868781529086,0.16242723788228458,0.10000080208671284,-0.33757546974398656,0.0,0.0,0.06111420612661849,0.024445682450647193
2231.0,9.201331866328692e-53,3.6805327465314693e-53,1.3471363081555324e-34,3.708115067264046e-17,0.10763638025465064,0.16210267561967262,0.10000079808529075,-0.33790002108917105,0.0,0.0,0.061053119414552215,0.024421247765820678
2232.0,8.321519606114978e-53,3.328607842445985e-53,1.2812749898049872e-34,3.468193308100078e-17,0.10656484719542648,0.16177876189768528,0.10000079410383078,-0.338223923930123,0.0,0.0,0.060992093761716305,0.024396837504686315
2233.0,7.525833168604713e-53,3.010333267441879e-53,1.2186336227159523e-34,3.243794921182161e-17,0.10550398137616612,0.16145549542040805,0.10000079014223341,-0.3385471795627015,0.0,0.0,0.06093112910707901,0.0243724516428314
2234.0,6.806228617192817e-53,2.722491446877121e-53,1.1590547838913456e-34,3.033915516217689e-17,0.10445367660321789,0.16113287489451592,0.1000007862003995,-0.33886978928017547,0.0,0.0,0.060870225389669574,0.024348090155867624
2235.0,6.155431159801147e-53,2.4621724639204527e-53,1.1023887467238748e-34,2.837615688784644e-17,0.10341382774010063,0.16081089902926823,0.10000078227823046,-0.33919175437322874,0.0,0.0,0.06080938254857818,0.024323753019431064
2236.0,5.566861604874814e-53,2.22674464194992e-53,1.048493104720543e-34,2.6540168156280978e-17,0.10238433069697947,0.1604895665365035,0.10000077837562821,-0.3395130761299658,0.0,0.0,0.0607486005229559,0.024299440209182153
2237.0,5.0345698495035275e-53,2.0138279398014058e-53,9.972324136232175e-35,2.482297122008648e-17,0.1013650824202463,0.16016887613063419,0.10000077449249509,-0.3398337558359161,0.0,0.0,0.060687879252014625,0.02427515170080564
2238.0,4.553174727270766e-53,1.8212698909083014e-53,9.48477851025875e-35,2.321688003500524e-17,0.10035598088220399,0.15984882652864166,0.10000077062873403,-0.3401537947740403,0.0,0.0,0.060627218675027,0.024250887470010595
2239.0,4.1178096077267847e-53,1.6471238430907085e-53,9.021068926331148e-35,2.171470585776021e-17,0.09935692507085342,0.15952941645007093,0.10000076678424838,-0.34047319422473404,0.0,0.0,0.06056661873132638,0.024226647492530354
2240.0,3.724073197527141e-53,1.4896292790108516e-53,8.58003004346354e-35,2.0309725069781074e-17,0.098367814979782,0.15921064461702575,0.10000076295894196,-0.3407919554658344,0.0,0.0,0.06050607936030677,0.02420243174412251
2241.0,3.3679850458642697e-53,1.3471940183457034e-53,8.160553494038849e-35,1.8995649082793513e-17,0.09738855159815295,0.15889250975416327,0.10000075915271911,-0.34111007977262403,0.0,0.0,0.06044560050142271,0.024178240200568895
2242.0,3.045945304377352e-53,1.2183781217509368e-53,7.761585098388202e-35,1.7766596191571378e-17,0.0964190369007942,0.15857501058868914,0.10000075536548458,-0.3414275684178366,0.0,0.0,0.060385182094189326,0.024154072837675535
2243.0,2.7546983347361144e-53,1.101879333894442e-53,7.382122215549194e-35,1.6617065247866673e-17,0.09545917383838609,0.15825814585035208,0.10000075159714371,-0.34174442267166255,0.0,0.0,0.06032482407818213,0.024129929631272657
2244.0,2.4912997959919457e-53,9.965199183967749e-54,7.021211223545267e-35,1.5541911037684035e-17,0.0945088663277465,0.15794191427143928,0.10000074784760218,-0.3420606438017529,0.0,0.0,0.06026452639303708,0.024105810557214627
2245.0,2.2530868789682075e-53,9.012347515872798e-54,6.67794512285388e-35,1.4536321251690065e-17,0.09356801924221288,0.1576263145867709,0.10000074411676625,-0.3423762330732255,0.0,0.0,0.060204288978450454,0.024081715591379973
2246.0,2.0376513867763788e-53,8.150605547105484e-54,6.351461257040817e-35,1.3595794945678935e-17,0.09263653840212006,0.1573113455336953,0.10000074040454256,-0.34269119174866913,0.0,0.0,0.0601441117741788,0.02405764470967131
2247.0,1.8428153893173892e-53,7.371261557269529e-54,6.040939144832386e-35,1.271612239468482e-17,0.0917143305653727,0.1569970058520838,0.10000073671083831,-0.34300552108814986,0.0,0.0,0.06008399472003889,0.024033597888015346
2248.0,1.6666092056490183e-53,6.666436822596048e-54,5.74559841817732e-35,1.1893366250569763e-17,0.09080130341811167,0.15668329428432573,0.10000073303556108,-0.3433192223492143,0.0,0.0,0.06002393775590765,0.024009575102362856
2249.0,1.5072514916336344e-53,6.029005966534513e-54,5.464696861116564e-35,1.1123843918749719e-17,0.08989736556547338,0.15637020957532344,0.10000072937861894,-0.34363229678689616,0.0,0.0,0.05996394082172212,0.023985576328688644
2250.0,1.3631312315637419e-53,5.452524926254947e-54,5.197528544532469e-35,1.0404111075178336e-17,0.08900242652244103,0.15605775047248716,0.10000072573992043,-0.34394474565372085,0.0,0.0,0.059904003857479356,0.02396160154299154
2251.0,1.232791451710924e-53,4.931165806843677e-54,4.943422052089849e-35,9.73094624981172e-18,0.08811639670478705,0.15574591572573002,0.10000072211937452,-0.34425657019971007,0.0,0.0,0.059844126803236385,0.023937650721294355
2252.0,1.114914491151442e-53,4.45965796460575e-54,4.7017387929105497e-35,9.10133640755096e-18,0.08723918742010554,0.1554347040874631,0.10000071851689067,-0.34456777167238745,0.0,0.0,0.059784309599110186,0.02391372383964387
2253.0,1.0083086809649264e-53,4.0332347238596895e-54,4.4718713967411346e-35,8.512463462123777e-18,0.08637071085893416,0.1551241143125904,0.10000071493237878,-0.3448783513167829,0.0,0.0,0.05972455218527753,0.02388982087411081
2254.0,9.118962971404508e-54,3.647585188561788e-54,4.253242187580614e-35,7.961691662542426e-18,0.08551088008596427,0.15481414515850392,0.10000071136574915,-0.3451883103754383,0.0,0.0,0.059664854501975034,0.023865941800789815
2255.0,8.247026654007264e-54,3.2988106616028916e-54,4.0453017319323235e-35,7.44655579568065e-18,0.08465960903133865,0.15450479538507864,0.10000070781691262,-0.3454976500884119,0.0,0.0,0.05960521648949906,0.023842086595799426
2256.0,7.458463078004008e-54,2.98338523120159e-54,3.8475274580315655e-35,6.96475015216524e-18,0.08381681248203578,0.15419606375466743,0.1000007042857804,-0.34580637169328354,0.0,0.0,0.05954563808820561,0.02381825523528204
2257.0,6.74530031486182e-54,2.698120125944715e-54,3.659422342579042e-35,6.514118206194397e-18,0.08298240607334004,0.15388794903209643,0.10000070077226415,-0.3461144764251596,0.0,0.0,0.05948611923851031,0.02379444769540392
2258.0,6.100328695312276e-54,2.4401314781248978e-54,3.4805136616797133e-35,6.092642963090539e-18,0.0821563062803966,0.15358044998465978,0.100000697276276,-0.3464219655166778,0.0,0.0,0.059426659880888376,0.02377066395235514
2259.0,5.517027923702269e-54,2.2068111694808958e-54,3.310351802848094e-35,5.69843793138391e-18,0.08133843040985063,0.15327356538211478,0.10000069379772855,-0.3467288401980128,0.0,0.0,0.05936725995587449,0.023746903982349583
2260.0,4.9895011615193737e-54,1.995800464607739e-54,3.148509135094455e-35,5.329738679018729e-18,0.0805286965915695,0.1529672939966771,0.10000069033653473,-0.34703510169687996,0.0,0.0,0.05930791940406276,0.0237231677616249
2261.0,4.512415413713732e-54,1.8049661654854826e-54,2.994578934252361e-35,4.984894935888099e-18,0.07972702377044759,0.15266163460301574,0.100000686892608,-0.3473407512385409,0.0,0.0,0.05924863816610673,0.023699455266442487
2262.0,4.080947615156138e-54,1.632379046062446e-54,2.8481743608468155e-35,4.6623632073491934e-18,0.07893333169829254,0.1523565859782481,0.10000068346586223,-0.347645790045809,0.0,0.0,0.059189416182719196,0.023675766473087476
2263.0,3.6907358721971406e-54,1.476294348878848e-54,2.708927487934281e-35,4.360699865657395e-18,0.07814754092579237,0.15205214690193522,0.10000068005621165,-0.34795021933905307,0.0,0.0,0.059130253394672275,0.02365210135786871
2264.0,3.3378353664070807e-54,1.3351341465628246e-54,2.576488376471489e-35,4.078554688397148e-18,0.07736957279456251,0.15174831615607678,0.10000067666357106,-0.34825404033620333,0.0,0.0,0.059071149742797244,0.02362845989711869
2265.0,3.018678474709009e-54,1.2074713898835964e-54,2.450524195889343e-35,3.814664814988047e-18,0.07659934942927202,0.15144509252510635,0.10000067328785553,-0.34855725425275547,0.0,0.0,0.059012105167984545,0.023604842067193606
2266.0,2.7300387027417467e-54,1.092015481096692e-54,2.3307183876618436e-35,3.5678490942159016e-18,0.07583679372984828,0.15114247479588627,0.10000066992898064,-0.34885986230177624,0.0,0.0,0.05895311961118367,0.023581247844473255
2267.0,2.4689980668399255e-54,9.875992267359643e-55,2.21676986976803e-35,3.337002797488806e-18,0.07508182936375904,0.15084046175770313,0.1000006665868624,-0.34916186569390756,0.0,0.0,0.058894193013403186,0.02355767720536105
2268.0,2.2329175948814188e-54,8.931670379525622e-55,2.108392280047663e-35,3.121092674155088e-18,0.07433438075837155,0.15053905220226274,0.1000006632614172,-0.3494632656373722,0.0,0.0,0.05883532531571058,0.023534130126284004
2269.0,2.0194106477825265e-54,8.07764259113006e-55,2.005313256549159e-35,2.919152326751154e-18,0.07359437309338777,0.15023824492368523,0.10000065995256187,-0.3497640633379778,0.0,0.0,0.058776516459232264,0.023510606583692677
2270.0,1.8263187919364353e-54,7.3052751677457e-55,1.9072737530612128e-35,2.7302778854791684e-18,0.07286173229335462,0.14993803871850048,0.10000065666021363,-0.3500642599991223,0.0,0.0,0.05871776638515348,0.023487106554061173
2271.0,1.6516899786790466e-54,6.606759914716148e-55,1.814027388107993e-35,2.5536239625538585e-18,0.07213638502024902,0.14963843238564298,0.10000065338429015,-0.3503638568217985,0.0,0.0,0.0586590750347183,0.023463630013887102
2272.0,1.4937588101890044e-54,5.975035240755981e-55,1.7253398257718767e-35,2.38839986831041e-18,0.0714182586661367,0.1493394247264474,0.10000065012470948,-0.3506628550045988,0.0,0.0,0.05860044234922949,0.023440176939691575
2273.0,1.3509286923214145e-54,5.403714769285625e-55,1.6409881867876817e-35,2.2338660721370293e-18,0.07070728134590415,0.1490410145446433,0.10000064688139008,-0.3509612557437204,0.0,0.0,0.05854186827004849,0.023416747308019174
2274.0,1.221755693950572e-54,4.8870227758022566e-55,1.5607604884284224e-35,2.08933089239158e-18,0.07000338189006265,0.1487432006463509,0.10000064365425085,-0.35125906023296943,0.0,0.0,0.05848335273859537,0.023393341095437926
2275.0,1.1049339496488403e-54,4.419735798595332e-55,1.484455111774979e-35,1.9541474004866025e-18,0.06930648983762434,0.14844598184007585,0.10000064044321107,-0.3515562696637667,0.0,0.0,0.05842489569634873,0.023369958278539268
2276.0,9.99282458131092e-55,3.997129832524341e-55,1.4118802950308822e-35,1.827710525285648e-18,0.06861653542904896,0.14814935693670475,0.10000063724819042,-0.3518528852251512,0.0,0.0,0.05836649708484569,0.02334659883393805
2277.0,9.03733143004496e-55,3.614932572017959e-55,1.342853651608875e-35,1.7094543448504016e-18,0.06793344959926073,0.1478533247495002,0.10000063406910895,-0.3521489081037857,0.0,0.0,0.05830815684568177,0.023323262738272482
2278.0,8.173200551246346e-55,3.2692802204985165e-55,1.2772017117781553e-35,1.5988495534166753e-18,0.06725716397073504,0.14755788409409623,0.10000063090588719,-0.3524443394839619,0.0,0.0,0.058249874920510925,0.02329994996820414
2279.0,7.391696073999275e-55,2.9566784295996905e-55,1.214759486720428e-35,1.4954010922616432e-18,0.06658761084665378,0.14726303378849337,0.10000062775844598,-0.3527391805476041,0.0,0.0,0.05819165125104537,0.02327666050041792
2280.0,6.684917433237894e-55,2.673966973295141e-55,1.1553700538992004e-35,1.398645933858252e-18,0.06592472320412866,0.1469687726530542,0.10000062462670661,-0.3530334324742745,0.0,0.0,0.05813348577905562,0.023253394311622017
2281.0,6.045719499534218e-55,2.4182877998136722e-55,1.0988841627003145e-35,1.308151009398857e-18,0.06526843468749237,0.14667509951049823,0.10000062151059075,-0.35332709644117805,0.0,0.0,0.05807537844637037,0.023230151378547916
2282.0,5.467640345909947e-55,2.1870561383639645e-55,1.0451598593526667e-35,1.2235112704118289e-18,0.06461867960165617,0.14638201318589755,0.10000061841002049,-0.3536201736231671,0.0,0.0,0.05801732919487646,0.023206931677950363
2283.0,4.944835921435896e-55,1.9779343685743456e-55,9.940621301865026e-36,1.1443478757950771e-18,0.06397539290553378,0.14608951250667196,0.10000061532491823,-0.3539126651927458,0.0,0.0,0.057959337966518865,0.023183735186607327
2284.0,4.4720209712062696e-55,1.788808388482496e-55,9.454625623327678e-36,1.0703064961517862e-18,0.06333851020553076,0.1457975963025843,0.10000061225520683,-0.3542045723200751,0.0,0.0,0.05790140470330051,0.023160561881319992
2285.0,4.044415605422416e-55,1.617766242168955e-55,8.992390210108217e-36,1.0010557278387017e-18,0.06270796774909863,0.14550626340573572,0.10000060920080948,-0.3544958961729772,0.0,0.0,0.057843529347282374,0.023137411738912737
2286.0,3.6576969774299146e-55,1.4630787909719559e-55,8.552753425935155e-36,9.362856096283634e-19,0.06208370241835311,0.14521551265056123,0.10000060616164981,-0.3547866379169406,0.0,0.0,0.057785711840583294,0.023114284736233105
2287.0,3.3079555822014985e-55,1.3231822328805903e-55,8.134610426782764e-36,8.757062353459767e-19,0.06146565172375607,0.14492534287382478,0.1000006031376518,-0.3550767987151244,0.0,0.0,0.05772795212537997,0.023091180850151775
2288.0,2.9916557334683494e-55,1.1966622933873312e-55,7.736910384305585e-36,8.190464562711915e-19,0.060853753797860184,0.14463575291461467,0.10000060012873979,-0.35536637972836305,0.0,0.0,0.05767025014390689,0.02306810005756255
2289.0,2.7055998199460923e-55,1.0822399279784292e-55,7.358653845018871e-36,7.660526674968351e-19,0.060247947389116,0.14434674161433894,0.10000059713483854,-0.3556553821151713,0.0,0.0,0.057612605838456336,0.023045042335382328
2290.0,2.4468959793062942e-55,9.787583917225111e-56,6.998890218588352e-36,7.164876728124335e-19,0.059648171855740555,0.1440583078167208,0.10000059415587316,-0.35594380703174827,0.0,0.0,0.057555019151378194,0.023022007660551076
2291.0,2.2129288630957274e-55,8.851715452382847e-56,6.656715388917183e-36,6.701296230318233e-19,0.05905436715964714,0.14377045036779385,0.10000059119176916,-0.35623165563198284,0.0,0.0,0.05749749002508004,0.022998996010031813
2292.0,2.0013331970533887e-55,8.005332788213498e-56,6.331269442026532e-36,6.267710230128899e-19,0.058466473860435346,0.14348316811589762,0.10000058824245238,-0.35651892906745736,0.0,0.0,0.057440018402026984,0.022976007360810586
2293.0,1.8099698695351486e-55,7.239879478140541e-56,6.021734505019809e-36,5.862178029249263e-19,0.05788443310944108,0.14319645991167276,0.10000058530784904,-0.356805628487453,0.0,0.0,0.05738260422474163,0.02295304168989645
2294.0,1.6369043063136122e-55,6.547617225254404e-56,5.727332690699631e-36,5.482884496066761e-19,0.05730818664384578,0.14291032460805675,0.10000058238788571,-0.3570917550389539,0.0,0.0,0.05732524743580408,0.022930098974321432
2295.0,1.4803869131347523e-55,5.921547652538968e-56,5.447324142672206e-36,5.128131941270837e-19,0.05673767678084419,0.14262476106027902,0.10000057948248942,-0.35737730986665217,0.0,0.0,0.05726794797785179,0.022907179191140516
2296.0,1.3388353883166862e-55,5.355341553266708e-56,5.181005176026311e-36,4.796332519123339e-19,0.0561728464118703,0.14233976812585655,0.10000057659158747,-0.3576622941129521,0.0,0.0,0.05721070579357957,0.022884282317431632
2297.0,1.2108187265810635e-55,4.843274906324219e-56,4.9277065089142235e-36,4.486001120380507e-19,0.055613638996880724,0.1420553446645891,0.10000057371510755,-0.3579467089179752,0.0,0.0,0.057153520825739525,0.02286140833029561
2298.0,1.0950427524049006e-55,4.3801710096195705e-56,4.6867915805904404e-36,4.1957487250557464e-19,0.05505999855869496,0.14177148953855492,0.1000005708529777,-0.358230555419564,0.0,0.0,0.05709639301714093,0.02283855720685617
2299.0,9.90337036643297e-56,3.961348146573158e-56,4.457654951681255e-36,3.924276185270705e-19,0.05451186967739206,0.141488201612106,0.10000056800512634,-0.35851383475328735,0.0,0.0,0.05703932231065027,0.02281572892425991
2300.0,8.956430641575355e-56,3.5825722566301136e-56,4.239720782664953e-36,3.6703684103671357e-19,0.05396919748476303,0.14120547975186357,0.10000056517148227,-0.35879654805244476,0.0,0.0,0.05698230864919114,0.022792923459676265
2301.0,8.100035328300358e-56,3.2400141313201173e-56,4.032441386738907e-36,3.432888928252554e-19,0.053431927658818455,0.14092332282671358,0.10000056235197458,-0.35907869644807067,0.0,0.0,0.05692535197574416,0.02277014079029747
2302.0,7.3255267578529e-56,2.9302107031411363e-56,3.835295853436821e-36,3.210774798636679e-19,0.05290000641835085,0.14064172970780223,0.10000055954653275,-0.35936028106893936,0.0,0.0,0.05686845223334696,0.022747380893338595
2303.0,6.625075089799526e-56,2.6500300359197883e-56,3.64778873953713e-36,3.0030318553906853e-19,0.05237338051755108,0.1403606992685313,0.1000005567550866,-0.3596413030415689,0.0,0.0,0.0568116093650941,0.02272464374603745
2304.0,5.991599156802038e-56,2.3966396627207945e-56,3.469448823972734e-36,2.8087302567344246e-19,0.051851997240678425,0.14008023038455383,0.10000055397756631,-0.35992176349022653,0.0,0.0,0.05675482331413701,0.02270192932565462
2305.0,5.41869487804963e-56,2.167477951219834e-56,3.2998279236130265e-36,2.627000323334598e-19,0.05133580439678367,0.13980032193376946,0.10000055121390242,-0.3602016635369325,0.0,0.0,0.05669809402368397,0.02267923760947341
2306.0,4.9005705176501035e-56,1.9602282070600256e-56,3.1384997669421834e-36,2.457028645685505e-19,0.050824750314484746,0.13952097279632,0.10000054846402583,-0.3604810043014648,0.0,0.0,0.05664142143700002,0.02265656857479983
2307.0,4.431988133479372e-56,1.7727952533917346e-56,2.9850589228031743e-36,2.2980544433493096e-19,0.05031878383679441,0.13924218185458517,0.1000005457278677,-0.36075978690136334,0.0,0.0,0.05658480549740687,0.022633922198962576
2308.0,4.0082106245704714e-56,1.603284249828176e-56,2.8391197815153436e-36,2.1493661597600562e-19,0.04981785431599934,0.1389639479931776,0.10000054300535963,-0.36103801245193495,0.0,0.0,0.05652824614828296,0.02261129845931301
2309.0,3.624953841721379e-56,1.4499815366885404e-56,2.7003155858050126e-36,2.0102982773500266e-19,0.04932191160859025,0.1386862700989389,0.10000054029643349,-0.3613156820662574,0.0,0.0,0.056471743333063235,0.02258869733322512
2310.0,3.278343277187118e-56,1.3113373108748369e-56,2.568297509113763e-36,1.880228338743192e-19,0.04883090607024252,0.138409147060935,0.10000053760102155,-0.3615927968551842,0.0,0.0,0.056415296995239256,0.022566118798095527
2311.0,2.9648748956136504e-56,1.185949958245451e-56,2.442733778968108e-36,1.7585741606828405e-19,0.04834478855084673,0.13813257777045151,0.10000053491905639,-0.3618693579273488,0.0,0.0,0.05635890707835903,0.02254356283134343
2312.0,2.681379710236586e-56,1.0725518840946256e-56,2.323308843207505e-36,1.6447912282231334e-19,0.04786351038958865,0.1378565611209897,0.10000053225047094,-0.3621453663891692,0.0,0.0,0.05630257352602696,0.022521029410410603
2313.0,2.424991746230271e-56,9.699966984921003e-57,2.2097225769753717e-36,1.5383702575211857e-19,0.04738702341007835,0.13758109600826174,0.10000052959519842,-0.36242082334485193,0.0,0.0,0.0562462962819039,0.022498518512761374
2314.0,2.193119067334957e-56,8.772476269339752e-57,2.1016895284802072e-36,1.4388349163209097e-19,0.046915279915527554,0.1373061813301864,0.10000052695317244,-0.3626957298963973,0.0,0.0,0.056190075289706945,0.022476030115882593
2315.0,1.983417572857763e-56,7.933670291430981e-57,1.998938201631356e-36,1.345739691925687e-19,0.04644823268397527,0.1370318159868846,0.10000052432432689,-0.362970087143603,0.0,0.0,0.05613391049320949,0.02245356419728361
2316.0,1.793767300150031e-56,7.175069200600059e-57,1.9012103737466144e-36,1.2586678971170613e-19,0.04598583496356081,0.1367579988806751,0.10000052170859604,-0.36324389618406916,0.0,0.0,0.05607780183624111,0.022431120734496258
2317.0,1.622250992992626e-56,6.489003971970445e-57,1.808260446617021e-36,1.177229805094111e-19,0.04552804046784381,0.13648472891607002,0.10000051910591447,-0.3635171581132021,0.0,0.0,0.056021749262687534,0.02240869970507483
2318.0,1.467134719227764e-56,5.868538876911005e-57,1.7198548292980102e-36,1.1010609050856142e-19,0.045074803371171,0.13621200499977043,0.10000051651621707,-0.3637898740242195,0.0,0.0,0.05596575271649058,0.022386301086596054
2319.0,1.3268503416926649e-56,5.307401366770616e-57,1.6357713510758185e-36,1.0298202708272705e-19,0.04462607830408895,0.13593982604066213,0.10000051393943905,-0.3640620450081537,0.0,0.0,0.055909812141648106,0.022363924856659056
2320.0,1.1999796652461534e-56,4.7999186609845755e-57,1.555798703133894e-36,9.631890346013965e-20,0.04418182034880258,0.1356681909498111,0.10000051137551598,-0.3643336721538573,0.0,0.0,0.05585392748221391,0.022341570992885383
2321.0,1.0852400996236866e-56,4.3409603984947134e-57,1.4797359075161566e-36,9.008689600090197e-20,0.043741985034678875,0.13539709864045932,0.1000005088243837,-0.36460475654800645,0.0,0.0,0.05579809868229777,0.02231923947291892
2322.0,9.814716931804313e-57,3.9258867727216957e-57,1.4073918120525789e-36,8.425811070861998e-20,0.04330652833379525,0.1351265480280202,0.10000050628597845,-0.3648752992751062,0.0,0.0,0.055742325686065276,0.022296930274425926
2323.0,8.876254064409232e-57,3.5505016257636666e-57,1.3385846099777876e-36,7.880645837897426e-20,0.04287540665653239,0.13485653803007452,0.10000050376023671,-0.3651453014174938,0.0,0.0,0.05568660843773786,0.022274643375094955
2324.0,8.027525069075756e-57,3.211010027630279e-57,1.273141383035448e-36,7.370753782640468e-20,0.042448576847210866,0.13458706756636585,0.10000050124709528,-0.36541476405534373,0.0,0.0,0.05563094688159269,0.02225237875263689
2325.0,7.259949779155929e-57,2.90397991166235e-57,1.2108976669202181e-36,6.893852666624035e-20,0.04202599617977118,0.13431813555879635,0.10000049874649132,-0.3656836882666719,0.0,0.0,0.05557534096196264,0.022230136384784875
2326.0,6.56576844573275e-57,2.6263073782930804e-57,1.1516970379651874e-36,6.447807916342321e-20,0.041607622353496895,0.13404974093142244,0.10000049625836228,-0.36595207512733996,0.0,0.0,0.05551979062323625,0.022207916249294316
2327.0,5.937963290979117e-57,2.3751853163916297e-57,1.0953907200361124e-36,6.030623069060434e-20,0.04119341348878027,0.13378188261045051,0.10000049378264594,-0.3662199257110594,0.0,0.0,0.055464295809857574,0.02218571832394285
2328.0,5.370187562421805e-57,2.1480750249687058e-57,1.0418372106445426e-36,5.640430836797442e-20,0.04078332812293008,0.13351455952423263,0.10000049131928035,-0.3664872410893961,0.0,0.0,0.05540885646632627,0.02216354258653033
2329.0,4.8567013708895054e-57,1.942680548355788e-57,9.909019253402267e-37,5.27548474848589e-20,0.04037732520602117,0.13324777060326218,0.10000048886820392,-0.36675402233177445,0.0,0.0,0.055353472537197454,0.022141389014878804
2330.0,4.3923136635031553e-57,1.7569254654012495e-57,9.424568594891275e-37,4.9341513328987374e-20,0.03997536409678528,0.13298151478016956,0.10000048642935536,-0.36702027050548214,0.0,0.0,0.055298143967081645,0.022119257586832485
2331.0,3.972329745088508e-57,1.5889318980353912e-57,8.96380266587066e-37,4.6149028073550695e-20,0.039577404558542854,0.13271579098971822,0.10000048400267363,-0.36728598667567325,0.0,0.0,0.05524287070064473,0.022097148280257717
2332.0,3.5925038174823394e-57,1.4370015269929254e-57,8.52556352300568e-37,4.316310239479796e-20,0.039183406755175294,0.13245059816879998,0.10000048158809804,-0.3675511719053737,0.0,0.0,0.05518765268260791,0.022075061073042992
2333.0,3.2489960569317297e-57,1.2995984227726826e-57,8.10874983466016e-37,4.037037151409873e-20,0.038793331247137366,0.13218593525643102,0.1000004791855682,-0.36781582725548506,0.0,0.0,0.05513248985774766,0.02205299594309889
2334.0,2.9383337956633416e-57,1.175333518265328e-57,7.712314113157933e-37,3.7758335378199647e-20,0.0384071389875092,0.1319218011937475,0.10000047679502402,-0.36807995378478886,0.0,0.0,0.0550773821708956,0.02203095286835807
2335.0,2.65737641519051e-57,1.0629505660761959e-57,7.335260082358654e-37,3.531530270992681e-20,0.0380247913180877,0.13165819492400155,0.10000047441640572,-0.3683435525499508,0.0,0.0,0.05502232956693855,0.02200893182677525
2336.0,2.4032835964494512e-57,9.613134385797734e-58,6.976640173932509e-37,3.303033867890895e-20,0.03764624996551682,0.13139511539255677,0.10000047204965379,-0.36860662460552485,0.0,0.0,0.0549673319908184,0.02198693279632719
2337.0,2.1734866057915766e-57,8.693946423166242e-58,6.635553146041693e-37,3.0893215958099607e-20,0.037271477037456334,0.13113256154688416,0.100000469694709,-0.3688691710039575,0.0,0.0,0.05491238938753205,0.021964955755012647
2338.0,1.9656623265496293e-57,7.862649306198459e-58,6.311141818444278e-37,2.889436894703087e-20,0.03690043501878883,0.13087053233655796,0.10000046735151248,-0.3691311927955921,0.0,0.0,0.05485750170213141,0.02194300068085239
2339.0,1.7777097736515884e-57,7.1108390946063e-58,6.002590918328527e-37,2.7024850956905684e-20,0.036533086767864376,0.13060902671325125,0.10000046502000559,-0.3693926910286734,0.0,0.0,0.05480266887972329,0.021921067551889144
2340.0,1.607728853858456e-57,6.430915415433775e-58,5.7091250314641025e-37,2.5276294165891957e-20,0.03616939551278261,0.13034804363073205,0.10000046270013008,-0.3696536667493509,0.0,0.0,0.0547478908654694,0.02189915634618759
2341.0,1.454001156904037e-57,5.816004627616106e-58,5.430006653521226e-37,2.3640872165381822e-20,0.03580932484771186,0.13008758204485876,0.10000046039182785,-0.36991412100168364,0.0,0.0,0.05469316760458622,0.021877267041834316
2342.0,1.3149725833460756e-57,5.259890333384264e-58,5.164534336660582e-37,2.211126492957567e-20,0.03545283872924486,0.12982764091357635,0.10000045809504121,-0.37017405482764454,0.0,0.0,0.05463849904234503,0.021855399616937842
2343.0,1.189237633506212e-57,4.756950534024813e-58,4.912040926736205e-37,2.068062605159756e-20,0.03509990147279075,0.12956821919691192,0.1000004558097127,-0.37043346926712384,0.0,0.0,0.05458388512407178,0.02183355404962854
2344.0,1.075525198668908e-57,4.3021007946756e-58,4.671891886681284e-37,1.934255209949327e-20,0.03475047774900308,0.1293093158569707,0.10000045353578517,-0.3706923653579342,0.0,0.0,0.05452932579514709,0.021811730318058668
2345.0,9.726857108964436e-58,3.890742843585747e-58,4.4434837018634165e-37,1.8091053954950743e-20,0.03440453258024328,0.12905092985793176,0.10000045127320172,-0.3709507441358138,0.0,0.0,0.05447482100100618,0.02178992840040231
2346.0,8.796795215519399e-58,3.518718086207734e-58,4.226242363401844e-37,1.692053000645727e-20,0.034062031337079336,0.12879306016604408,0.10000044902190576,-0.37120860663443145,0.0,0.0,0.054420370687138786,0.021768148274855355
2347.0,7.955663910438956e-58,3.1822655641755597e-58,4.019621925635099e-37,1.582574107690789e-20,0.03372293973481941,0.1285357057496222,0.100000446781841,-0.3714659538853903,0.0,0.0,0.05436597479908917,0.0217463899196355
2348.0,7.194959835395443e-58,2.8779839341581564e-58,3.823103134113876e-37,1.480178697344294e-20,0.03338722383007984,0.12827886557904222,0.1000004445529514,-0.37172278691823174,0.0,0.0,0.054311633282455966,0.02172465331298222
2349.0,6.506992705539938e-58,2.602797082215956e-58,3.6361921206711497e-37,1.3844084554553615e-20,0.03305485001738745,0.12802253862673754,0.1000004423351812,-0.37197910676044027,0.0,0.0,0.05425734608289223,0.02170293843315672
2350.0,5.884807565103365e-58,2.3539230260413282e-58,3.4584191622901486e-37,1.2948347216285435e-20,0.032725785025815544,0.12776672386719498,0.10000044012847494,-0.37223491443744644,0.0,0.0,0.05420311314610533,0.021681245258441964
2351.0,5.322114476755692e-58,2.128845790702261e-58,3.2893375006511083e-37,1.2110565705721578e-20,0.032399995915653526,0.12751142027695042,0.10000043793277742,-0.37249021097263235,0.0,0.0,0.054148934417856905,0.021659573767142597
2352.0,4.8132249339227104e-58,1.92528997356907e-58,3.128522219390232e-37,1.1326990175868515e-20,0.03207745007510954,0.12725662683458488,0.10000043574803372,-0.3727449973873344,0.0,0.0,0.054094809843962796,0.02163792393758496
2353.0,4.352994353225137e-58,1.7411977412900415e-58,2.9755691762493096e-37,1.0594113401623081e-20,0.031758115217045996,0.12700234252072043,0.10000043357418918,-0.37299927470084865,0.0,0.0,0.05404073937029302,0.02161629574811705
2354.0,3.9367700656713594e-58,1.5747080262685313e-58,2.8300939874324106e-37,9.908655081696844e-21,0.03144195937574769,0.12674856631801593,0.10000043141118944,-0.37325304393043374,0.0,0.0,0.05398672294277168,0.02159468917710852
2355.0,3.5603442808244106e-58,1.4241377123297534e-58,2.6917310616172366e-37,9.267547156234394e-21,0.031128950903721895,0.12649529721116323,0.10000042925898041,-0.3735063060913157,0.0,0.0,0.05393276050737696,0.02157310420295063
2356.0,3.2199115484377105e-58,1.2879646193750745e-58,2.560132681193541e-37,8.667920074408332e-21,0.030819058468530475,0.12624253418688286,0.10000042711750823,-0.3737590621966919,0.0,0.0,0.053878852010141025,0.02155154080405625
2357.0,2.912030287520909e-58,1.164812115008355e-58,2.4349681284196753e-37,8.107089950525705e-21,0.030512251049653476,0.12599027623392017,0.10000042498671936,-0.3740113132577349,0.0,0.0,0.05382499739714996,0.021529998958859823
2358.0,2.633587993916645e-58,1.0534351975666501e-58,2.3159228543012337e-37,7.582546551157631e-21,0.030208497935383945,0.12573852234304123,0.10000042286656052,-0.3742630602835967,0.0,0.0,0.05377119661454377,0.02150847864581735
2359.0,2.38176977465661e-58,9.52707909862637e-59,2.202697688103109e-37,7.091942059523369e-21,0.029907768719753626,0.12548727150702862,0.10000042075697863,-0.3745143042814123,0.0,0.0,0.05371744960851629,0.02148697984340635
2360.0,2.1540298909971977e-58,8.616119563988726e-59,2.0950080855084025e-37,6.6330805668391056e-21,0.029610033299489337,0.12523652272067765,0.10000041865792095,-0.37476504625630475,0.0,0.0,0.05366375632531514,0.02146550253012589
2361.0,1.9480660224510345e-58,7.7922640898040815e-59,1.9925834135347432e-37,6.203908243595488e-21,0.029315261870999573,0.12498627498079218,0.10000041656933498,-0.37501528721138816,0.0,0.0,0.053610116711241655,0.02144404668449649
2362.0,1.7617959916384145e-58,7.047183966553609e-59,1.895166270410963e-37,5.802504146771304e-21,0.029023424927391173,0.12473652728618072,0.10000041449116845,-0.375265028147772,0.0,0.0,0.053556530712650846,0.021422612285060164
2363.0,1.5933367146601443e-58,6.37334685864053e-59,1.802511838704901e-37,5.427071621837077e-21,0.02873449325551561,0.1244872786376523,0.10000041242336945,-0.3755142700645658,0.0,0.0,0.05350299827595136,0.021401199310380366
2364.0,1.4409851641920525e-58,5.763940656768168e-59,1.7143872700767166e-37,5.075930261064604e-21,0.028448437933044766,0.12423852803801257,0.10000041036588621,-0.3757630139588819,0.0,0.0,0.053449519347605404,0.02137980773904198
2365.0,1.3032011528489112e-58,5.212804611395607e-59,1.6305711001115246e-37,4.747508382148427e-21,0.028165230325575764,0.12399027449205975,0.10000040831866723,-0.37601126082584013,0.0,0.0,0.05339609387412869,0.02135843754965129
2366.0,1.1785917627673646e-58,4.714367051069424e-59,1.5508526917607893e-37,4.440335993474107e-21,0.027884842083764624,0.12374251700658069,0.10000040628166136,-0.37625901165857223,0.0,0.0,0.0533427218020904,0.02133708872083597
2367.0,1.065897263999834e-58,4.263589055999303e-59,1.4750317059937975e-37,4.1530382145463814e-21,0.027607245140488488,0.1234952545903469,0.10000040425481761,-0.3765062674482249,0.0,0.0,0.053289403078113105,0.021315761231245057
2368.0,9.639783793623775e-59,3.8559135174494797e-59,1.402917598328911e-37,3.88432912212754e-21,0.027332411708036075,0.12324848625411051,0.10000040223808535,-0.37675302918396486,0.0,0.0,0.05323613764887278,0.021294455059548925
2369.0,8.718047669913716e-59,3.4872190679654577e-59,1.3343291399793383e-37,3.633005994541782e-21,0.027060314275326097,0.12300221101060041,0.10000040023141407,-0.3769992978529814,0.0,0.0,0.05318292546109863,0.021273170184439263
2370.0,7.884446041742242e-59,3.15377841669687e-59,1.2690939624100298e-37,3.3979439283835095e-21,0.02679092560515336,0.12275642787451822,0.10000039823475361,-0.37724507444049166,0.0,0.0,0.05312976646157315,0.021251906584629072
2371.0,7.130551671525804e-59,2.8522206686102973e-59,1.207048124161127e-37,3.1780908035343373e-21,0.026524218731462337,0.12251113586253443,0.10000039624805401,-0.37749035992974384,0.0,0.0,0.053076660597132015,0.021230664238852615
2372.0,6.4487431166520065e-59,2.5794972466607806e-59,1.148035698849355e-37,2.972462573952622e-21,0.026260166956647787,0.12226633399328438,0.10000039427126559,-0.3777351553020211,0.0,0.0,0.05302360781466408,0.021209443125865434
2373.0,5.832127681036486e-59,2.3328510724145744e-59,1.0919083833119736e-37,2.7801388631574336e-21,0.02599874384888234,0.1220220212873644,0.10000039230433892,-0.3779794615366463,0.0,0.0,0.052970608061111216,0.021188243224444285
2374.0,5.274471733892065e-59,2.1097886935568078e-59,1.0385251249085211e-37,2.6002588446926914e-21,0.025739923239470646,0.12177819676732785,0.10000039034722477,-0.37822327961098456,0.0,0.0,0.05291766128346838,0.021167064513387148
2375.0,4.770137691272592e-59,1.9080550765090208e-59,9.877517670437256e-38,2.4320173891327266e-21,0.02548367922022983,0.12153485945768122,0.10000038839987418,-0.37846661050044844,0.0,0.0,0.05286476742878349,0.02114590697151319
2376.0,4.314027023310814e-59,1.7256108093243113e-59,9.394607120207545e-38,2.2746614603835677e-21,0.025229986140896096,0.12129200838488023,0.10000038646223851,-0.3787094551785015,0.0,0.0,0.05281192644415737,0.021124770577662745
2377.0,3.9015287109858897e-59,1.5606114843943429e-59,8.935306003775267e-38,2.1274867451500485e-21,0.024978818606557086,0.12104964257732596,0.10000038453426922,-0.37895181461666166,0.0,0.0,0.052759138276743785,0.021103655310697318
2378.0,3.5284726313478456e-59,1.4113890525391264e-59,8.498460059002287e-38,1.9898345004825078e-21,0.024730151475109836,0.12080776106536094,0.10000038261591813,-0.3791936897845055,0.0,0.0,0.05270640287374928,0.021082561149499517
2379.0,3.1910873999501415e-59,1.2764349599800455e-59,8.082971455475818e-38,1.8610886052929167e-21,0.024483959854744046,0.12056636288126528,0.10000038070713722,-0.37943508164967227,0.0,0.0,0.05265372018243317,0.021061488072973072
2380.0,2.88596224430136e-59,1.154384897720534e-59,7.687796035568714e-38,1.7406728026432582e-21,0.024240219101450352,0.12032544705925272,0.10000037880787879,-0.3796759911778675,0.0,0.0,0.05260109015010747,0.021040436060042796
2381.0,2.61001252289833e-59,1.0440050091593232e-59,7.311940690384005e-38,1.6280481204628365e-21,0.023998904816553465,0.12008501263546689,0.10000037691809531,-0.3799164193328673,0.0,0.0,0.05254851272413691,0.021019405089654573
2382.0,2.360448541257757e-59,9.441794165030947e-60,6.954460863989117e-38,1.5227104591498516e-21,0.02375999284426982,0.11984505864797743,0.1000003750377395,-0.3801563670765211,0.0,0.0,0.05249598785193877,0.020998395140775325
2383.0,2.1347473496941962e-59,8.53898939877671e-60,6.614458179667794e-38,1.4241883352595165e-21,0.02352345926928959,0.11960558413677604,0.10000037316676434,-0.3803958353687574,0.0,0.0,0.05244351548098295,0.020977406192392998
2384.0,1.9306272377359827e-59,7.722508950943864e-60,6.291078182224229e-38,1.3320407711796405e-21,0.023289280414382704,0.11936658814377277,0.10000037130512304,-0.3806348251675854,0.0,0.0,0.05239109555879181,0.020956438223516546
2385.0,1.7460246673321846e-59,6.984098669328676e-60,5.983508190665657e-38,1.2458553213480232e-21,0.023057432838028764,0.11912806971279208,0.10000036945276904,-0.3808733374291008,0.0,0.0,0.052338728032940186,0.020935491213175898
2386.0,1.5790734116584388e-59,6.316293646633697e-60,5.690975255867028e-38,1.1652462261771574e-21,0.0228278933320705,0.11889002788956905,0.10000036760965601,-0.38111137310748844,0.0,0.0,0.05228641285105532,0.020914565140421948
2387.0,1.428085688626891e-59,5.712342754507511e-60,5.412744218085168e-38,1.0898526854233448e-21,0.022600638919390653,0.11865246172174564,0.10000036577573786,-0.38134893315502627,0.0,0.0,0.05223414996081677,0.020893659984326532
2388.0,1.2915350983707652e-59,5.166140393483012e-60,5.148115859440836e-38,1.0193372432719575e-21,0.022375646851611888,0.11841537025886673,0.10000036395096865,-0.38158601852208934,0.0,0.0,0.05218193930995643,0.0208727757239824
2389.0,1.168041192211253e-59,4.672164768844968e-60,4.896425146725681e-38,9.533842779106093e-22,0.022152894606819722,0.11817875255237649,0.10000036213530279,-0.38182263015715406,0.0,0.0,0.052129780846258425,0.0208519123385032
2390.0,1.0563555171077706e-59,4.225422068431044e-60,4.657039560118147e-38,8.916985888296736e-22,0.021932359887308007,0.11794260765561443,0.10000036032869489,-0.3820587690068011,0.0,0.0,0.05207767451755908,0.020831069807023452
2391.0,9.553489945089241e-60,3.8213959780356613e-60,4.4293575036082315e-38,8.340040755270178e-22,0.021714020617346945,0.11770693462381168,0.10000035853109975,-0.3822944360157199,0.0,0.0,0.05202562027174682,0.020810248108698554
2392.0,8.64000506011556e-60,3.456002024046191e-60,4.212806793136371e-38,7.800425017029352e-22,0.021497854940973258,0.11747173251408727,0.10000035674247235,-0.38252963212671154,0.0,0.0,0.05197361805676221,0.02078944722270471
2393.0,7.813865704353881e-60,3.1255462817415224e-60,4.0068432186470237e-38,7.295723394139004e-22,0.021283841219802414,0.11723700038544423,0.100000354962768,-0.3827643582806941,0.0,0.0,0.05192166782059783,0.020768667128238962
2394.0,7.066720079543696e-60,2.8266880318174527e-60,3.8109491764432645e-38,6.8236768801167075e-22,0.021071958030862585,0.1170027372987659,0.10000035319194216,-0.38299861541670466,0.0,0.0,0.051869769511298236,0.020747907804519128
2395.0,6.39101496904411e-60,2.556405987617622e-60,3.62463236840538e-38,6.382172630289844e-22,0.020862184164450185,0.11676894231681217,0.10000035142995056,-0.3832324044719044,0.0,0.0,0.05181792307695995,0.0207271692307838
2396.0,5.779919379116444e-60,2.311967751646557e-60,3.4474245648045007e-38,5.96923450486186e-22,0.020654498622006787,0.11653561450421575,0.10000034967674913,-0.38346572638158155,0.0,0.0,0.051766128465731316,0.02070645138629235
2397.0,5.227255481468928e-60,2.0909021925875543e-60,3.2788804276021154e-38,5.583014223859254e-22,0.02044888061401712,0.1163027529274784,0.10000034793229401,-0.38369858207915536,0.0,0.0,0.05171438562581254,0.020685754250324838
2398.0,4.727436158932016e-60,1.8909744635727917e-60,3.118576391278314e-38,5.221783094369498e-22,0.020245309557928023,0.11607035665496714,0.10000034619654156,-0.3839309724961802,0.0,0.0,0.05166269450545562,0.020665077802182068
2399.0,4.2754085228865894e-60,1.7101634091546224e-60,2.966109598376194e-38,4.883924273041666e-22,0.020043765076088127,0.11583842475691064,0.10000034446944837,-0.3841628985623484,0.0,0.0,0.05161105505296424,0.020644422021185525
2400.0,3.866602831438501e-60,1.5466411325753883e-60,2.82109688708736e-38,4.567925529217268e-22,0.019844226993708,0.1156069563053954,0.10000034275097125,-0.38439436120549525,0.0,0.0,0.051559467216693806,0.02062378688667735
2401.0,3.4968862919312697e-60,1.3987545167724973e-60,2.683173828334242e-38,4.272372476299622e-22,0.01964667533684069,0.11537595037436212,0.1000003410410672,-0.3846253613516014,0.0,0.0,0.05150793094505131,0.020603172378020354
2402.0,3.162521280766646e-60,1.2650085123066487e-60,2.551993809929327e-38,3.9959422410658956e-22,0.01945109033038225,0.11514540603960194,0.10000033933969346,-0.38485589992479746,0.0,0.0,0.051456446186495315,0.020582578474597952
2403.0,2.8601275581592417e-60,1.1440510232636879e-60,2.427227165509724e-38,3.737397542586108e-22,0.01925745239609229,0.11491532237875267,0.10000033764680749,-0.3850859778473674,0.0,0.0,0.05140501288953592,0.020562005155814196
2404.0,2.5866480958379207e-60,1.0346592383351601e-60,2.3085603460580194e-38,3.495581154246802e-22,0.01906574215063412,0.11468569847129534,0.10000033596236692,-0.3853155960397521,0.0,0.0,0.05135363100273465,0.020541452401093698
2405.0,2.3393181722314717e-60,9.357272688925813e-61,2.19569513192735e-38,3.2694107240918126e-22,0.01887594040363451,0.11445653339855023,0.10000033428632964,-0.38554475542055344,0.0,0.0,0.0513023004747045,0.02052092018988164
2406.0,2.115637422708502e-60,8.462549690833942e-61,2.088347883390482e-38,3.057873930296358e-22,0.018688028155762672,0.11422782624367342,0.1000003326186537,-0.3857734569065372,0.0,0.0,0.0512510212541098,0.020500408501643766
2407.0,1.9133445623153942e-60,7.65337824926152e-61,1.9862488278294399e-38,2.860023950090741e-22,0.01850198659682846,0.11399957609165297,0.10000033095929743,-0.3860017014126381,0.0,0.0,0.051199793289666215,0.02047991731586633
2408.0,1.730394525473609e-60,6.921578101894383e-61,1.8891413817743448e-38,2.674975221852883e-22,0.018317797103899396,0.11377178202930532,0.1000003293082193,-0.3862294898519617,0.0,0.0,0.05114861653014063,0.020459446612056096
2409.0,1.5649377915316975e-60,6.259751166126744e-61,1.7967815060876858e-38,2.501899481401146e-22,0.018135441239436553,0.11354444314527166,0.10000032766537797,-0.38645682313578933,0.0,0.0,0.05109749092435116,0.020438996369740312
2410.0,1.4153016871651327e-60,5.661206748660488e-61,1.7089370926735448e-38,2.3400220547461867e-22,0.017954900749448888,0.11331755853001427,0.10000032603073244,-0.3866837021735819,0.0,0.0,0.0510464164211671,0.020418566568466693
2411.0,1.2799734766018646e-60,5.1198939064074204e-61,1.6253873811705318e-38,2.1886183907084836e-22,0.01777615756166604,0.11309112727581279,0.10000032440424174,-0.386910127872982,0.0,0.0,0.05099539296950883,0.020398157187803384
2412.0,1.1575850687254277e-60,4.630340274901676e-61,1.5459224041625237e-38,2.0470108178817792e-22,0.01759919378372926,0.11286514847676077,0.10000032278586521,-0.38713610113981917,0.0,0.0,0.050944420518347765,0.02037776820733897
2413.0,1.0468991864531118e-60,4.187596745812416e-61,1.4703424595129774e-38,1.9145655114268651e-22,0.017423991701400382,0.11263962122876187,0.10000032117556237,-0.38736162287811304,0.0,0.0,0.050893499016706395,0.020357399606682425
2414.0,9.467968585694944e-61,3.78718743427795e-61,1.3984576084967516e-38,1.7906896561193015e-22,0.01725053377678859,0.11241454462952634,0.100000319573293,-0.3875866939900765,0.0,0.0,0.0508426284136581,0.02033705136546311
2415.0,8.56266107564897e-61,3.425064430259564e-61,1.3300871984681967e-38,1.674828792953085e-22,0.017078802646594875,0.11218991777856742,0.10000031797901697,-0.38781131537611974,0.0,0.0,0.05079180865832718,0.02031672346333074
2416.0,7.743917191192536e-61,3.097566876476993e-61,1.2650594088659398e-38,1.5664643374238632e-22,0.016908781120373955,0.11196573977719766,0.1000003163926944,-0.3880354879348535,0.0,0.0,0.0507410396998888,0.020296415879955385
2417.0,7.003459898067059e-61,2.8013839592268043e-61,1.2032108194134362e-38,1.4651112583837214e-22,0.016740452178813484,0.1117420097285254,0.10000031481428558,-0.38825921256309287,0.0,0.0,0.05069032148756891,0.02027612859502743
2418.0,6.333803594854836e-61,2.5335214379419175e-61,1.1443859994301416e-38,1.370315907078263e-22,0.01657379897203042,0.11151872673745107,0.10000031324375111,-0.3884824901558616,0.0,0.0,0.05063965397064423,0.020255861588257564
2419.0,5.7281784378130406e-61,2.291271375125201e-61,1.0884371172212045e-38,1.281653986648927e-22,0.0164088048178843,0.11129588991066378,0.10000031168105165,-0.3887053216063944,0.0,0.0,0.050589037098442174,0.020235614839376744
2420.0,5.180461901610049e-61,2.0721847606440067e-61,1.0352235685640483e-38,1.198728653012179e-22,0.0162454532003074,0.11107349835663761,0.10000031012614811,-0.38892770780614094,0.0,0.0,0.050538470820340804,0.0202153883281362
2421.0,4.6851168840821535e-61,1.8740467536328496e-61,9.846116233581939e-39,1.1211687386152566e-22,0.016083727767651414,0.11085155118562816,0.10000030857900166,-0.38914964964477017,0.0,0.0,0.05048795508576878,0.02019518203430739
2422.0,4.237135729285002e-61,1.6948542917139905e-61,9.364740895503271e-39,1.0486270911181386e-22,0.015923612331050642,0.11063004750966879,0.10000030703957356,-0.389371148010173,0.0,0.0,0.05043748984420532,0.020174995937681996
2423.0,3.831989602944713e-61,1.532795841177876e-61,8.906899934900266e-39,9.807790195657939e-23,0.0157650908628015,0.11040898644256728,0.1000003055078253,-0.38959220378846576,0.0,0.0,0.050387075045180106,0.02015483001807191
2424.0,3.465582708523305e-61,1.3862330834093132e-61,8.471442759128568e-39,9.17320841095902e-23,0.015608147494758109,0.11018836709990219,0.10000030398371856,-0.38981281786399485,0.0,0.0,0.0503367106382733,0.02013468425530919
2425.0,3.134210881048939e-61,1.2536843524195678e-61,8.057275027868091e-39,8.579685216772153e-23,0.015452766516743873,0.10996818859901934,0.10000030246721521,-0.39003299111933903,0.0,0.0,0.050286396573115476,0.020114558629246056
2426.0,2.8345241401182127e-61,1.1338096560472782e-61,7.663355902954227e-39,8.024564047946112e-23,0.015298932374978898,0.10974845005902825,0.10000030095827736,-0.3902527244353138,0.0,0.0,0.0502361327993875,0.02009445311975487
2427.0,2.563492823502656e-61,1.0253971294010565e-61,7.28869543266444e-39,7.505360223905213e-23,0.01514662967052302,0.10952915060079865,0.10000029945686724,-0.3904720186909744,0.0,0.0,0.05018591926682059,0.020074367706728116
2428.0,2.318376958989511e-61,9.273507835957992e-62,6.93235206388675e-39,7.01974982740605e-23,0.014995843157734385,0.10931028934695695,0.1000002979629473,-0.3906908747636197,0.0,0.0,0.050135755925196195,0.020054302370078346
2429.0,2.0966985648235357e-61,8.386794259294096e-62,6.59343027591799e-39,6.565559302858799e-23,0.014846557742743311,0.10909186542188272,0.10000029647648018,-0.3909092935287954,0.0,0.0,0.05008564272434592,0.020034257089738237
2430.0,1.8962165987230914e-61,7.584866394892324e-62,6.271078329945329e-39,6.140755727655972e-23,0.014698758481941408,0.10887387795170517,0.1000002949974287,-0.3911272758602978,0.0,0.0,0.05003557961415157,0.020014231845660497
2431.0,1.7149043022193272e-61,6.85961720887727e-62,5.964486128555376e-39,5.743437712963813e-23,0.014552430580485701,0.1086563260642997,0.10000029352575586,-0.3913448226301772,0.0,0.0,0.049985566544545015,0.01999422661781788
2432.0,1.5509287112826418e-61,6.203714845130529e-62,5.67288317989159e-39,5.371826893248968e-23,0.014407559390817642,0.10843920888928445,0.10000029206142484,-0.39156193470874123,0.0,0.0,0.049935603465508197,0.019974241386203153
2433.0,1.4026321261005264e-61,5.61052850440207e-62,5.395536661343773e-39,5.024259966448194e-23,0.014264130411196885,0.10822252555801665,0.10000029060439902,-0.3917786129645584,0.0,0.0,0.04988569032707303,0.01995427613082908
2434.0,1.2685153526768053e-61,5.074061410707189e-62,5.1317495779035306e-39,4.699181249153493e-23,0.014122129284249649,0.10800627520358935,0.10000028915464197,-0.3919948582644621,0.0,0.0,0.049835827079321375,0.01993433083172842
2435.0,1.1472225468343746e-61,4.5888901873374695e-62,4.880859010557497e-39,4.3951357134902485e-23,0.013981541795531521,0.10779045696082777,0.10000028771211741,-0.39221067147355315,0.0,0.0,0.049786013672385,0.01991440546895387
2436.0,1.0375275074029569e-61,4.1501100296118026e-62,4.64223445031638e-39,4.1107624745219666e-23,0.013842353872104592,0.10757506996628602,0.10000028627678928,-0.392426053455204,0.0,0.0,0.04973625005644549,0.019894500022578067
2437.0,9.383212800237987e-62,3.7532851200951734e-62,4.4152762136931136e-39,3.844788699031706e-23,0.013704551581128733,0.10736011335824346,0.10000028484862165,-0.39264100507106164,0.0,0.0,0.04968653618173426,0.019874614472693574
2438.0,8.486009462528407e-62,3.3944037850113427e-62,4.1994139356480765e-39,3.596023908416392e-23,0.013568121128466911,0.1071455862767014,0.10000028342757883,-0.39285552718105177,0.0,0.0,0.049636871998532464,0.019854748799412857
2439.0,7.67459484626579e-62,3.069837938506298e-62,3.9941051362140224e-39,3.3633546501941753e-23,0.013433048857304376,0.10693148786337954,0.10000028201362524,-0.3930696206433812,0.0,0.0,0.04958725745717094,0.01983490298286825
2440.0,6.940766011917732e-62,2.7763064047670768e-62,3.798833857198528e-39,3.145739514274921e-23,0.013299321246781607,0.1067178172617126,0.10000028060672553,-0.39328328631454246,0.0,0.0,0.049537692508030196,0.01981507700321195
2441.0,6.2771043680087434e-62,2.510841747203483e-62,3.613109365537883e-39,2.942204471687014e-23,0.013166924910640854,0.10650457361684698,0.10000027920684453,-0.39349652504931637,0.0,0.0,0.04948817710154031,0.019795270840615997
2442.0,5.6769006733865785e-62,2.270760269354618e-62,3.43646492004384e-39,2.751838514896985e-23,0.013035846595886176,0.10629175607563719,0.1000002778139472,-0.3937093377007757,0.0,0.0,0.04943871118818093,0.019775484475272238
2443.0,5.1340872106162335e-62,2.053634884246482e-62,3.268456598443945e-39,2.5737895802083478e-23,0.012906073181456782,0.10607936378664247,0.1000002764279987,-0.39392172512028867,0.0,0.0,0.049389294718481185,0.019755717887392336
2444.0,4.643176444813274e-62,1.857270577925299e-62,3.108662181767734e-39,2.4072607339886178e-23,0.012777591676913624,0.10586739590012344,0.10000027504896439,-0.3941336881575224,0.0,0.0,0.04933992764301964,0.019735971057207723
2445.0,4.199205547792233e-62,1.6796822191168835e-62,2.95668009327512e-39,2.2515066056543452e-23,0.012650389221139023,0.10565585156803868,0.10000027367680976,-0.39434522766044616,0.0,0.0,0.04929060991242431,0.01971624396496959
2446.0,3.7976862267008237e-62,1.5190744906803205e-62,2.81212838926045e-39,2.105830051448477e-23,0.012524453081049275,0.10544472994404129,0.1000002723115005,-0.39455634447533483,0.0,0.0,0.049241341477372504,0.01969653659094887
2447.0,3.434559349936048e-62,1.373823739974411e-62,2.674643799196008e-39,1.9695790340773668e-23,0.01239977065032004,0.10523403018347557,0.10000027095300242,-0.39476703944677216,0.0,0.0,0.04919212228859086,0.019676848915436213
2448.0,3.106153911636053e-62,1.2424615646544141e-62,2.5438808128027827e-39,1.8421437042409148e-23,0.012276329448124457,0.10502375144337364,0.10000026960128154,-0.3949773134176543,0.0,0.0,0.04914295229685527,0.019657180918741978
2449.0,2.809149919902128e-62,1.123659967960845e-62,2.4195108117542284e-39,1.7229536709929958e-23,0.012154117117883785,0.10481389288245196,0.10000026825630409,-0.3951871672291932,0.0,0.0,0.04909383145299083,0.019637532581196195
2450.0,2.5405448335719037e-62,1.0162179334287555e-62,2.3012212438309097e-39,1.611475448714512e-23,0.012033121426030502,0.10460445366110813,0.10000026691803643,-0.3953966017209203,0.0,0.0,0.049044759707871775,0.019617903883148567
2451.0,2.2976232082386565e-62,9.19049283295457e-63,2.1887148374506227e-39,1.5072100692719054e-23,0.01191333026078372,0.10439543294141737,0.10000026558644506,-0.39560561773068875,0.0,0.0,0.04899573701242143,0.019598294804968427
2452.0,2.0779292446552626e-62,8.311716978620999e-63,2.081708854600032e-39,1.4096908486733467e-23,0.011794731630936783,0.10418682988712931,0.10000026426149669,-0.3958142160946781,0.0,0.0,0.048946763317612205,0.019578705327044733
2453.0,1.8792419620028048e-62,7.516967848011169e-63,1.9799343802903892e-39,1.3184812982263048e-23,0.011677313664656934,0.10397864366366451,0.10000026294315821,-0.396022397647397,0.0,0.0,0.0488978385744655,0.019559135429786045
2454.0,1.6995527450397137e-62,6.798210980158809e-63,1.8831356467516593e-39,1.2331731708470087e-23,0.01156106460829693,0.1037708734381112,0.10000026163139657,-0.39623016322168625,0.0,0.0,0.04884896273405168,0.019539585093620523
2455.0,1.5370450381459259e-62,6.148180152583664e-63,1.7910693906667164e-39,1.1533846337772245e-23,0.011445972825218495,0.10356351837922198,0.10000026032617904,-0.39643751364872293,0.0,0.0,0.04880013574749001,0.01952005429899585
2456.0,1.3900759809803998e-62,5.560303923921563e-63,1.7035042418302722e-39,1.0787585595295623e-23,0.01133202679462748,0.10335657765741044,0.10000025902747292,-0.39664444975802293,0.0,0.0,0.04875135756594861,0.01950054302637929
2457.0,1.2571598000989532e-62,5.028639200395779e-63,1.6202201416961856e-39,1.0089609274117207e-23,0.011219215110420618,0.1031500504447478,0.10000025773524573,-0.3968509723774449,0.0,0.0,0.04870262814064443,0.01948105125625762
2458.0,1.1369527886311455e-62,4.547811154524549e-63,1.5410077903519305e-39,9.436793284750035e-24,0.011107526480043775,0.1029439359149597,0.10000025644946517,-0.397057082333193,0.0,0.0,0.04865394742284315,0.019461578969137108
2459.0,1.0282397221692825e-62,4.1129588886770985e-63,1.4656681205303955e-39,8.826215671953768e-24,0.010996949723361547,0.10273823324342284,0.10000025517009906,-0.3972627804498209,0.0,0.0,0.048605315363859196,0.019442126145543526
2460.0,9.299215735419322e-63,3.719686294167701e-63,1.3940117973371872e-39,8.255143536282917e-24,0.010887473771538106,0.10253294160716164,0.10000025389711538,-0.39746806755023417,0.0,0.0,0.048556731915055634,0.019422692766022098
2461.0,8.410044022753054e-63,3.364017609101196e-63,1.3258587424361972e-39,7.721020801834603e-24,0.01077908766592922,0.10232806018484503,0.10000025263048234,-0.3976729444556946,0.0,0.0,0.04850819702784415,0.019403278811137507
2462.0,7.6058930642128e-63,3.042357225685096e-63,1.2610376814976759e-39,7.22145677544517e-24,0.010671780556985267,0.10212358815678309,0.10000025137016826,-0.3978774119858228,0.0,0.0,0.048459710653685005,0.019383884261473843
2463.0,6.878633351707847e-63,2.7514533406831165e-63,1.1993857137715091e-39,6.754215446127493e-24,0.0105655417031652,0.10191952470492385,0.10000025011614157,-0.39808147095860125,0.0,0.0,0.04841127274408696,0.01936450909763462
2464.0,6.220912703842311e-63,2.488365081536904e-63,1.1407479027040029e-39,6.317205476854074e-24,0.010460360469861289,0.10171586901284996,0.10000024886837093,-0.39828512219037854,0.0,0.0,0.04836288325060725,0.01934515330024275
2465.0,5.626081939549543e-63,2.2504327758197978e-63,1.0849768865693597e-39,5.908470843889902e-24,0.010356226328334606,0.10151262026577541,0.1000002476268251,-0.39848836649587144,0.0,0.0,0.04831454212485157,0.019325816849940478
2466.0,5.088127658659374e-63,2.035251063463733e-63,1.0319325081373308e-39,5.526182081777402e-24,0.010253128854661075,0.10130977765054232,0.10000024639147306,-0.39869120468816943,0.0,0.0,0.04826624931847394,0.019306499727389428
2467.0,4.601611449848055e-63,1.8406445799392072e-63,9.81481462446368e-40,5.168628094786732e-24,0.010151057728688037,0.10110734035561766,0.10000024516228391,-0.398893637578737,0.0,0.0,0.04821800478317673,0.019287201913270536
2468.0,4.1616149113978574e-63,1.6646459645591294e-63,9.334969617971016e-40,4.834208498180065e-24,0.010050002733001185,0.10090530757108998,0.1000002439392269,-0.3990956659774173,0.0,0.0,0.048169808470710555,0.019267923388284064
2469.0,3.7636899289575764e-63,1.505475971583018e-63,8.878584171242428e-40,4.5214264550099416e-24,0.0099499537519018,0.10070367848866624,0.10000024272227144,-0.3992972906924351,0.0,0.0,0.048121660332874294,0.019248664133149556
2470.0,3.4038137076403937e-63,1.3615254830561459e-63,8.444511349461721e-40,4.228881976389734e-24,0.00985090077039415,0.10050245230166849,0.10000024151138705,-0.39949851253040014,0.0,0.0,0.04807356032151498,0.019229424128605826
2471.0,3.0783481038592316e-63,1.2313392415436818e-63,8.031660291306226e-40,3.955265655248755e-24,0.009752833873182992,0.10030162820503069,0.10000024030654349,-0.39969933229631094,0.0,0.0,0.0480255083885278,0.019210203355410953
2472.0,2.7840028457676303e-63,1.1136011383070424e-63,7.638993467521025e-40,3.699352805524739e-24,0.00965574324368103,0.10010120539529552,0.10000023910771062,-0.399899750793557,0.0,0.0,0.04797750448585599,0.019191001794342234
2473.0,2.5178022704857464e-63,1.0071209081942897e-63,7.265524073521102e-40,3.459997980561198e-24,0.009559619163026271,0.09990118307061112,0.10000023791485844,-0.4000997688239228,0.0,0.0,0.04792954856549085,0.019171819426196182
2474.0,2.2770552418437787e-63,9.108220967375033e-64,6.910313549468862e-40,3.236129846174388e-24,0.009464452009109158,0.09970156043072786,0.10000023672795715,-0.4002993871875906,0.0,0.0,0.04788164057947167,0.019152656231788513
2475.0,2.0593279445283512e-63,8.237311778113331e-64,6.57246922159472e-40,3.0267463854421286e-24,0.009370232255609387,0.09950233667699518,0.100000235546977,-0.40049860668314374,0.0,0.0,0.04783378047988566,0.019133512191954114
2476.0,1.8624192795961666e-63,7.449677118384599e-64,6.251142058833225e-40,2.8309104137514617e-24,0.009276950471042317,0.0993035110123584,0.10000023437188849,-0.40069742810756986,0.0,0.0,0.047785968218867936,0.019114387287547024
2477.0,1.6843386126175839e-63,6.737354450470274e-64,5.945524539136941e-40,2.647745384030855e-24,0.009184597317814857,0.0991050826413555,0.10000023320266223,-0.4008958522562645,0.0,0.0,0.04773820374860145,0.01909528149944043
2478.0,1.5232856494965414e-63,6.09314259798611e-64,5.654848620105984e-40,2.476431463391475e-24,0.009093163551290783,0.09890705077011396,0.10000023203926897,-0.40109387992303325,0.0,0.0,0.04769048702131696,0.01907619480852663
2479.0,1.3776322365228168e-63,5.510528946091216e-64,5.378383808833193e-40,2.3162018636168745e-24,0.00900264001886533,0.09870941460634756,0.10000023088167959,-0.40129151190009593,0.0,0.0,0.047642817989292936,0.019057127195717026
2480.0,1.2459059006655253e-63,4.9836236026620545e-64,5.1154353261143335e-40,2.1663394090766386e-24,0.008913017659049012,0.09851217335935329,0.10000022972986515,-0.40148874897808945,0.0,0.0,0.047595196604855596,0.01903807864194209
2481.0,1.1267749637096012e-63,4.507099854838362e-64,4.865342360409822e-40,2.0261733267022348e-24,0.00882428750056055,0.09831532624000804,0.10000022858379684,-0.4016855919460705,0.0,0.0,0.047547622820378777,0.019019049128151364
2482.0,1.0190350797476596e-63,4.076140318990599e-64,4.627476407170032e-40,1.8950762436572408e-24,0.008736440661428847,0.09811887246076557,0.10000022744344601,-0.4018820415915198,0.0,0.0,0.04750009658828395,0.019000038635313438
2483.0,9.21597059928951e-64,3.686388239715768e-64,4.401239689350771e-40,1.7724613792637363e-24,0.0086494683481039,0.09792281123565331,0.10000022630878412,-0.4020780987003438,0.0,0.0,0.04745261786104011,0.018981047144415904
2484.0,8.334758613805583e-64,3.3339034455222005e-64,4.186063655149544e-40,1.6577799186161536e-24,0.008563361854576533,0.09772714178026926,0.10000022517978278,-0.40227376405687904,0.0,0.0,0.047405186591163787,0.018962074636465372
2485.0,7.537806289850999e-64,3.0151225159403702e-64,3.981407549187308e-40,1.5505185561270574e-24,0.008478112561506952,0.0975318633117787,0.10000022405641376,-0.40246903844389487,0.0,0.0,0.04735780273121895,0.018943121092487445
2486.0,6.817056893429863e-64,2.7268227573719195e-64,3.786757053544951e-40,1.4501971980099659e-24,0.00839371193536191,0.09733697504891127,0.10000022293864896,-0.40266392264259643,0.0,0.0,0.047310466233817024,0.018924186493526673
2487.0,6.165224058733172e-64,2.466089623493246e-64,3.6016229952393204e-40,1.3563668134156914e-24,0.008310151527560514,0.0971424762119577,0.10000022182646043,-0.40285841743262785,0.0,0.0,0.04726317705161675,0.018905270820646563
2488.0,5.57571812713131e-64,2.230287250852503e-64,3.425540116890594e-40,1.2686074246040535e-24,0.008227422973628504,0.09694836602276684,0.10000022071982036,-0.4030525235920756,0.0,0.0,0.04721593513732422,0.018886374054929548
2489.0,5.04257952947922e-64,2.017031811791669e-64,3.258065907491548e-40,1.186526227155117e-24,0.008145517992360964,0.09675464370474227,0.10000021961870105,-0.4032462418974712,0.0,0.0,0.04716874044369279,0.01886749617747698
2490.0,4.560418538267338e-64,1.8241674153069174e-64,3.0987794903403696e-40,1.1097558318061715e-24,0.00806442838499336,0.09656130848283949,0.10000021852307496,-0.40343957312379475,0.0,0.0,0.04712159292352304,0.018848637169409075
2491.0,4.124360780546834e-64,1.649744312218718e-64,2.9472805653422873e-40,1.0379526200450382e-24,0.007984146034380845,0.09636835958356264,0.10000021743291469,-0.40363251804447775,0.0,0.0,0.047074492529662726,0.018829797011864942
2492.0,3.729997960795879e-64,1.4919991843183374e-64,2.803188403021937e-40,9.707952060994682e-25,0.007904662904185721,0.09617579623496152,0.10000021634819302,-0.4038250774314062,0.0,0.0,0.04702743921500676,0.018810975686002554
2493.0,3.373343295563186e-64,1.3493373182252614e-64,2.6661408877183336e-40,9.07982998438614e-25,0.007825971038072992,0.09598361766662834,0.10000021526888273,-0.40401725205492395,0.0,0.0,0.046980432932497096,0.018792173172998684
2494.0,3.0507912093584736e-64,1.2203164837433776e-64,2.5357936075579127e-40,8.492348543479565e-25,0.007748062558913934,0.09579182310969486,0.10000021419495685,-0.4042090426838352,0.0,0.0,0.046933473635122756,0.018773389454048946
2495.0,2.759080884338237e-64,1.1036323537352838e-64,2.4118189889186764e-40,7.94287821555673e-25,0.007670929667997581,0.09560041179682911,0.10000021312638853,-0.4044004500854084,0.0,0.0,0.04688656127591974,0.018754624510367746
2496.0,2.495263295294942e-64,9.981053181179669e-65,2.2939054732102685e-40,7.4289596127805785e-25,0.007594564644250069,0.0954093829622324,0.10000021206315107,-0.404591475025379,0.0,0.0,0.04683969580797098,0.018735878323188244
2497.0,2.2566713966921473e-64,9.026685586768499e-65,2.1817567339011664e-40,6.948292474160343e-25,0.007518959843461748,0.09521873584163633,0.10000021100521786,-0.40478211826795196,0.0,0.0,0.04679287718440636,0.018717150873762384
2498.0,2.0408931603534612e-64,8.163572641413764e-65,2.0750909318253146e-40,6.498725369756459e-25,0.0074441076975219934,0.09502846967229957,0.10000020995256242,-0.4049723805758055,0.0,0.0,0.04674610535840253,0.01869844214336085
2499.0,1.8457471912317407e-64,7.382988764926887e-65,1.973640006896715e-40,6.078246071042059e-25,0.007370000713661628,0.09483858369300498,0.10000020890515843,-0.4051622627100936,0.0,0.0,0.04669938028318299,0.018679752113273034
2500.0,1.6692606747478342e-64,6.67704269899127e-65,1.8771490044520016e-40,5.684972544319526e-25,0.007296631473702884,0.09464907714405643,0.10000020786297967,-0.4053517654304498,0.0,0.0,0.04665270191201799,0.018661080764807037
2501.0,1.5096494327590434e-64,6.038597731036113e-65,1.7853754345280373e-40,5.3171445268792895e-25,0.0072239926333168515,0.09445994926727587,0.10000020682600011,-0.4055408894949899,0.0,0.0,0.046606070198224485,0.018642428079289636
2502.0,1.3652998865344883e-64,5.4611995461378975e-65,1.6980886624643457e-40,4.973115648196408e-25,0.007152076921288287,0.09427119930600018,0.10000020579419382,-0.4057296356603143,0.0,0.0,0.0465594850951661,0.018623794038066285
2503.0,1.234752744393346e-64,4.939010977573333e-65,1.6150693292989121e-40,4.6513460609e-25,0.007080877138787766,0.09408282650507825,0.10000020476753496,-0.40591800468151185,0.0,0.0,0.04651294655625307,0.018605178622501075
2504.0,1.1166882490972703e-64,4.466752996389034e-65,1.536108800500755e-40,4.350395548532295e-25,0.007010386158651079,0.09389483011086791,0.10000020374599787,-0.4061059973121629,0.0,0.0,0.04646645453494219,0.018586581813976728
2505.0,1.009912835856538e-64,4.039651343426109e-65,1.4610086416538936e-40,4.0689170792481467e-25,0.0069405969246657834,0.09370720937123288,0.10000020272955695,-0.4062936143043414,0.0,0.0,0.04642000898473679,0.01856800359389457
2506.0,9.13347066069962e-65,3.653388264279808e-65,1.3895801197750549e-40,3.805650776601876e-25,0.006871502450864883,0.09351996353553983,0.10000020171818684,-0.40648085640861964,0.0,0.0,0.04637360985918667,0.01854944394367452
2507.0,8.26014714815556e-65,3.3040588592621875e-65,1.3216437290118955e-40,3.559418280435104e-25,0.006803095820827514,0.09333309185465538,0.10000020071186219,-0.4066677243740688,0.0,0.0,0.046327257111888065,0.018530902844755073
2508.0,7.470329017726983e-65,2.988131607090761e-65,1.257028739529773e-40,3.329117472625364e-25,0.006735370186986614,0.093146593580943,0.10000019971055789,-0.40685421894826473,0.0,0.0,0.04628095069648358,0.018512380278593282
2509.0,6.756031658050413e-65,2.702412663220136e-65,1.1955727684533875e-40,3.113717544088328e-25,0.0066683187699434696,0.09296046796826012,0.10000019871424885,-0.4070403408772885,0.0,0.0,0.046234690566662164,0.018493876226664718
2510.0,6.110033929732807e-65,2.444013571893096e-65,1.1371213717850254e-40,2.912254380953917e-25,0.006601934857789097,0.09277471427195512,0.10000019772291015,-0.40722609090573064,0.0,0.0,0.04618847667615907,0.018475390670463488
2511.0,5.5258051637459566e-65,2.210322065498358e-65,1.0815276562738727e-40,2.7238262492651743e-25,0.006536211805432368,0.09258933174886431,0.100000196736517,-0.40741146977669424,0.0,0.0,0.046142308978755764,0.018456923591502167
2512.0,4.997439140082935e-65,1.9989756560331516e-65,1.0286519102609835e-40,2.547589758884937e-25,0.00647114303393483,0.09240431965730907,0.10000019575504475,-0.4075964782317974,0.0,0.0,0.04609618742827995,0.018438474971311843
2513.0,4.519594379238421e-65,1.807837751695348e-65,9.783612525721894e-41,2.382756088545047e-25,0.006406722029852155,0.09221967725709274,0.10000019477846883,-0.40778111701117603,0.0,0.0,0.04605011197860544,0.018420044791442037
2514.0,4.087440142893772e-65,1.6349760571574907e-65,9.305292985765908e-41,2.22858745514172e-25,0.006342942344582131,0.0920354038094977,0.10000019380676484,-0.4079653868534878,0.0,0.0,0.04600408258365216,0.018401633033460735
2515.0,3.696607597904554e-65,1.4786430391618055e-65,8.850358425714047e-41,2.084393811473898e-25,0.006279797593719155,0.09185149857728249,0.10000019283990842,-0.40814928849591386,0.0,0.0,0.045958099197386144,0.01838323967895433
2516.0,3.3431456498862333e-65,1.3372582599544788e-65,8.41766555694973e-41,1.9495297576439047e-25,0.006217281456415146,0.09166796082467878,0.10000019187787544,-0.4083328226741627,0.0,0.0,0.045912161773819384,0.01836486470952763
2517.0,3.0234809999007703e-65,1.2093923999602947e-65,8.006126986087692e-41,1.8233916522960736e-25,0.006155387674746823,0.09148478981738846,0.10000019092064182,-0.4085159901224727,0.0,0.0,0.045866270267009866,0.018346508106803824
2518.0,2.734382020439953e-65,1.0937528081759696e-65,7.614708482263403e-41,1.7054149107634683e-25,0.0060941100530892784,0.09130198482258071,0.10000018996818359,-0.40869879157361505,0.0,0.0,0.045820424631061486,0.018328169852424473
2519.0,2.472926085512252e-65,9.891704342048906e-66,7.242426378024366e-41,1.5950714780294002e-25,0.006033442457495796,0.09111954510888902,0.10000018902047696,-0.408881227758897,0.0,0.0,0.045774624820124024,0.018309849928049484
2520.0,2.2364700245589708e-65,8.945880098235793e-66,6.888345097291502e-41,1.4918674651929142e-25,0.005973378815083834,0.09093746994640828,0.10000018807749825,-0.4090632994081645,0.0,0.0,0.04572887078839307,0.018291548315357106
2521.0,2.0226234015056337e-65,8.090493606022455e-66,6.551574804178181e-41,1.3953409388592353e-25,0.005913913113427122,0.09075575860669195,0.1000001871392238,-0.4092450072498049,0.0,0.0,0.04568316249011002,0.01827326499604389
2522.0,1.8292243488150314e-65,7.316897395260053e-66,6.231269166758173e-41,1.3050598535606564e-25,0.0058550393999538125,0.09057441036274902,0.1000001862056302,-0.4094263520107503,0.0,0.0,0.04563749987956201,0.018254999951824682
2523.0,1.6543177122379672e-65,6.617270848951804e-66,5.926623230162708e-41,1.2206201179535391e-25,0.005796751781350628,0.09039342448904115,0.10000018527669406,-0.4096073344164806,0.0,0.0,0.045591882911081856,0.018236753164432625
2524.0,1.496135285317591e-65,5.984541141270307e-66,5.636871393661528e-41,1.1416437861358699e-25,0.005739044422972925,0.09021280026147985,0.10000018435239216,-0.4097879551910256,0.0,0.0,0.045546311539048014,0.01821852461561909
2525.0,1.353077933829413e-65,5.412311735317598e-66,5.361285486644194e-41,1.067777365989845e-25,0.005681911548260655,0.09003253695742337,0.10000018343270138,-0.4099682150569689,0.0,0.0,0.045500785717884545,0.01820031428715371
2526.0,1.2236994294452704e-65,4.894797717781032e-66,5.099172938666409e-41,9.986902369777532e-26,0.0056253474381601064,0.08985263385567403,0.10000018251759875,-0.41014811473544993,0.0,0.0,0.045455305402061094,0.01818212216082433
2527.0,1.1066918291888039e-65,4.42676731675517e-66,4.849875038962541e-41,9.340731703093307e-26,0.005569346430551437,0.08967309023647527,0.10000018160706134,-0.41032765494616735,0.0,0.0,0.0454098705460928,0.018163948218437007
2528.0,1.0008722528770598e-65,4.003489011508199e-66,4.612765281050353e-41,8.73636944856966e-26,0.005513902919681884,0.08949390538150868,0.1000001807010664,-0.41050683640738184,0.0,0.0,0.045364481104540215,0.018145792441815977
2529.0,9.051709248756921e-66,3.6206836995027327e-66,4.387247788267784e-41,8.171110526236997e-26,0.005459011355604631,0.08931507857389127,0.10000017979959124,-0.41068565983591876,0.0,0.0,0.045319137032009384,0.018127654812803647
2530.0,8.186203592767172e-66,3.274481437106836e-66,4.1727558162850414e-41,7.642424879697859e-26,0.005404666243623241,0.08913660909817246,0.10000017890261334,-0.4108641259471711,0.0,0.0,0.045273838283151686,0.018109535313260573
2531.0,7.403455791671304e-66,2.961382316668492e-66,3.968750328828674e-41,7.147946151784902e-26,0.005350862143741643,0.0889584962403313,0.10000017801011027,-0.4110422354551027,0.0,0.0,0.045228584812663855,0.018091433925065434
2532.0,6.695552711107645e-66,2.678221084443031e-66,3.7747186430383153e-41,6.685461092924284e-26,0.005297593670119572,0.0887807392877736,0.10000017712205966,-0.4112199890722507,0.0,0.0,0.04518337657528787,0.01807335063011505
2533.0,6.055337854202358e-66,2.422135141680919e-66,3.590173141051754e-41,6.252899654797143e-26,0.005244855490533453,0.08860333752932908,0.10000017623843935,-0.4113973875097283,0.0,0.0,0.04513821352581098,0.018055285410324296
2534.0,5.47633901346289e-66,2.190535605385135e-66,3.414650044580443e-41,5.848325724959093e-26,0.005192642325842632,0.08842629025524855,0.10000017535922719,-0.4115744314772281,0.0,0.0,0.04509309561906561,0.018037238247626153
2535.0,4.952702840447237e-66,1.9810811361788763e-66,3.247708249395859e-41,5.469928460946637e-26,0.005140948949460938,0.08824959675720095,0.1000001744844012,-0.4117511216830246,0.0,0.0,0.04504802280992936,0.018019209123971654
2536.0,4.4791356717456723e-66,1.7916542686982523e-66,3.088928216797658e-41,5.116014185082574e-26,0.005089770186833486,0.08807325632827077,0.10000017361393952,-0.4119274588339768,0.0,0.0,0.045002995053324876,0.01800119802132986
2537.0,4.050850013059307e-66,1.620340005223708e-66,2.937910919277825e-41,4.78499880370217e-26,0.005039100914918706,0.08789726826295491,0.10000017274782037,-0.4121034436355318,0.0,0.0,0.044958012304219905,0.01798320492168787
2538.0,3.663516140360019e-66,1.465406456143994e-66,2.7942768377311474e-41,4.475400716869132e-26,0.0049889360616755234,0.08772163185716002,0.10000017188602209,-0.4122790767917269,0.0,0.0,0.04491307451762721,0.017965229807050793
2539.0,3.31321832884704e-66,1.3252873315388043e-66,2.657665007691956e-41,4.185834186845788e-26,0.004939270605555637,0.08754634640819972,0.10000017102852313,-0.4124543590051926,0.0,0.0,0.044868181648604503,0.017947272659441703
2540.0,2.9964152671998895e-66,1.1985661068799455e-66,2.5277321122002127e-41,3.91500313563526e-26,0.004890099575000862,0.08737141121479176,0.10000017017530202,-0.4126292909771554,0.0,0.0,0.044823333652254396,0.017929333460901663
2541.0,2.709904256938298e-66,1.0839617027753097e-66,2.404151619017265e-41,3.6616953438338845e-26,0.004841418047945469,0.08719682557705519,0.10000016932633744,-0.41280387340744085,0.0,0.0,0.04477853048372441,0.01791141219348967
2542.0,2.45078883496505e-66,9.803155339860115e-67,2.2866129600230079e-41,3.424777024828392e-26,0.004793221151323486,0.08702258879650746,0.10000016848160816,-0.41297810699447624,0.0,0.0,0.04473377209820692,0.017893508839282677
2543.0,2.2164494919741026e-66,8.865797967896332e-67,2.174820750732208e-41,3.203187750052345e-26,0.004745504060580891,0.0868487001760618,0.10000016764109301,-0.413151992435293,0.0,0.0,0.04468905845093903,0.017875623380375526
2544.0,2.00451719070375e-66,8.018068762814924e-67,2.0684940479685785e-41,2.9959357025876845e-26,0.004698261999192682,0.08667515902002443,0.10000016680477097,-0.41332553042552994,0.0,0.0,0.04464438949720265,0.017857755798880975
2545.0,1.8128494163194768e-66,7.251397665277839e-67,1.967365643831067e-41,2.802093237866836e-26,0.004651490238184732,0.08650196463409157,0.10000016597262118,-0.4134987216594363,0.0,0.0,0.04459976519232432,0.017839906076929653
2546.0,1.6395085168095084e-66,6.558034067237973e-67,1.8711813941780432e-41,2.6207927316054425e-26,0.004605184095660415,0.08632911632534693,0.10000016514462276,-0.4136715668298734,0.0,0.0,0.044555185491675295,0.01782207419667004
2547.0,1.482742114426791e-66,5.9309684577071067e-67,1.7796995799418038e-41,2.4512226963813584e-26,0.0045593389363319525,0.08615661340225868,0.10000016432075504,-0.4138440666283188,0.0,0.0,0.044510650350671414,0.017804260140268487
2548.0,1.3409653901482437e-66,5.363861560592922e-67,1.6926902996683283e-41,2.2926241494780172e-26,0.00451395017105641,0.08598445517467684,0.10000016350099744,-0.41401622174486846,0.0,0.0,0.04446615972477306,0.017786463889909142
2549.0,1.21274506205726e-66,4.8509802482289905e-67,1.60993489175569e-41,2.14428721573491e-26,0.004469013256376314,0.08581264095383062,0.10000016268532938,-0.41418803286823863,0.0,0.0,0.04442171356948516,0.017768685427793977
2550.0,1.0967848956800263e-66,4.387139582720059e-67,1.5312253849391528e-41,2.0055479501997892e-26,0.004424523694064865,0.08564117005232535,0.1000001618737305,-0.41435950068577027,0.0,0.0,0.0443773118403571,0.017750924736142756
2551.0,9.919125997934174e-67,3.9676503991736274e-67,1.4563639756419798e-41,1.875785366361028e-26,0.004380477030675642,0.08547004178414006,0.1000001610661805,-0.4145306258834306,0.0,0.0,0.044332954492982725,0.017733181797193003
2552.0,8.970679752285485e-67,3.588271900914157e-67,1.3851625308784938e-41,1.754418656658726e-26,0.00433686885709682,0.08529925546462445,0.10000016026265918,-0.4147014091458163,0.0,0.0,0.04428864148300024,0.017715456593200007
2553.0,8.112921968611415e-67,3.2451687874445323e-67,1.3174421154601432e-41,1.6409045928337818e-26,0.004293694808109807,0.08512881041049641,0.10000015946314644,-0.4148718511561562,0.0,0.0,0.0442443727660922,0.017697749106436792
2554.0,7.337181204357307e-67,2.9348724817428924e-67,1.2530325423163993e-41,1.5347350944790852e-26,0.004250950561952291,0.08495870593983909,0.10000015866762228,-0.41504195259631366,0.0,0.0,0.04420014829798546,0.01768005931919409
2555.0,6.635615162312261e-67,2.654246064924877e-67,1.1917719448004084e-41,1.4354349549098508e-26,0.004208631839885618,0.08478894137209832,0.10000015787606682,-0.41521171414679003,0.0,0.0,0.04415596803445112,0.017662387213780356
2556.0,6.001131409451847e-67,2.4004525637807145e-67,1.1335063699045633e-41,1.3425597141742586e-26,0.004166734405766489,0.0846195160280797,0.10000015708846022,-0.4153811364867266,0.0,0.0,0.044111831931304496,0.017644732772521706
2557.0,5.4273156764805734e-67,2.170926270592207e-67,1.0780893913637128e-41,1.25569366968416e-26,0.004125254065622922,0.08445042922994608,0.10000015630478283,-0.4155502202939081,0.0,0.0,0.04406773994440508,0.01762709597776194
2558.0,4.9083670132233136e-67,1.9633468052893056e-67,1.0253817416737056e-41,1.1744480155615742e-26,0.004084186667234423,0.08428168030121476,0.100000155525015,-0.41571896624476434,0.0,0.0,0.04402369202965643,0.017609476811862486
2559.0,4.439039144323668e-67,1.7756156577294498e-67,9.752509621004986e-42,1.09845910237284e-26,0.004043528099716354,0.08411326856675476,0.10000015474913725,-0.415887375014374,0.0,0.0,0.04397968814300627,0.01759187525720242
2560.0,4.014587432388748e-67,1.6058349729554832e-67,9.275710698002745e-42,1.0273868094611165e-26,0.004003274293108429,0.0839451933527842,0.10000015397713015,-0.41605544727646687,0.0,0.0,0.043935728240446295,0.01757429129617842
2561.0,3.6307209124080033e-67,1.4522883649631871e-67,8.822222412140148e-42,9.609130225919197e-27,0.0039634212179672995,0.08377745398686748,0.10000015320897442,-0.4162231837034266,0.0,0.0,0.04389181227801219,0.017556724911204774
2562.0,3.2835589125414096e-67,1.3134235650165509e-67,8.390905109408672e-42,8.987402100977483e-27,0.003923964884963209,0.08361004979791271,0.10000015244465087,-0.4163905849662931,0.0,0.0,0.043847940211783606,0.01753917608471334
2563.0,2.9695918227378536e-67,1.1878367290951299e-67,7.980674853335594e-42,8.405900911487316e-27,0.0038849013444806593,0.08344298011616895,0.10000015168414034,-0.41655765173476567,0.0,0.0,0.04380411199788408,0.01752164479915353
2564.0,2.6856456145768382e-67,1.0742582458307249e-67,7.590500700960923e-42,7.862023901885759e-27,0.0038462266862230444,0.08327624427322358,0.10000015092742381,-0.41672438467720535,0.0,0.0,0.04376032759248102,0.017504131036992304
2565.0,2.428849753649297e-67,9.715399014597095e-68,7.219402111991477e-42,7.353336719607637e-27,0.00380793703882123,0.08310984160199959,0.10000015017448234,-0.4168907844606377,0.0,0.0,0.04371658695178564,0.01748663478071415
2566.0,2.1966081800899746e-67,8.786432720359817e-68,6.866446484621082e-42,6.877562519106634e-27,0.003770028569446028,0.08294377143675294,0.10000014942529714,-0.41705685175075585,0.0,0.0,0.0436728900320529,0.017469156012821056
2567.0,1.986573063891085e-67,7.946292255564267e-68,6.530746811824198e-42,6.432571770865992e-27,0.003732497483424521,0.08277803311306986,0.10000014867984945,-0.4172225872119224,0.0,0.0,0.043629236789581534,0.017451694715832508
2568.0,1.7966210696784175e-67,7.186484278713606e-68,6.211459452233036e-42,6.016372729784629e-27,0.0036953400238602164,0.0826126259678642,0.10000014793812059,-0.41738799150717243,0.0,0.0,0.04358562718071392,0.01743425087228546
2569.0,1.624831891000305e-67,6.499327564001163e-68,5.907782009996215e-42,5.62710252027598e-27,0.003658552471256976,0.08244754933937486,0.10000014720009208,-0.41755306529821695,0.0,0.0,0.04354206116183607,0.01741682446473433
2570.0,1.4694688371233355e-67,5.877875348493291e-68,5.618951318290841e-42,5.263018798177051e-27,0.0036221311431466913,0.08228280256716296,0.10000014646574541,-0.4177178092454439,0.0,0.0,0.04349853868937763,0.017399415475750944
2571.0,1.328961276078377e-67,5.315845104313462e-68,5.3442415214204223e-42,4.9224919521470716e-27,0.0035860723937206646,0.0821183849921094,0.10000014573506222,-0.41788222400792224,0.0,0.0,0.04345505971981175,0.01738202388792459
2572.0,1.201888756466111e-67,4.807555025864403e-68,5.082962250678773e-42,4.6039978096497654e-27,0.0035503726134646606,0.08195429595641211,0.10000014500802423,-0.4180463102434037,0.0,0.0,0.043411624209655116,0.017364649683861935
2573.0,1.086966647502573e-67,4.3478665900102565e-68,4.8344568893956817e-42,4.306110814871787e-27,0.00351502822879759,0.0817905348035834,0.10000014428461326,-0.41821006860832605,0.0,0.0,0.04336823211546787,0.01734729284618704
2574.0,9.830331521337406e-68,3.93213260853493e-68,4.598100922804276e-42,4.027497648042177e-27,0.0034800357017137932,0.08162710087844745,0.10000014356481124,-0.41837349975781546,0.0,0.0,0.04332488339385358,0.017329953357541325
2575.0,8.890375619291582e-68,3.5561502477166036e-68,4.3733003685831606e-42,3.7669112575934105e-27,0.0034453915294288787,0.08146399352713754,0.10000014284860015,-0.41853660434568885,0.0,0.0,0.04328157800145918,0.017312631200583562
2576.0,8.040296350182605e-68,3.216118540073016e-68,4.1594902841291383e-42,3.523185278452426e-27,0.003411092244029095,0.08130121209709354,0.10000014213596203,-0.41869938302445664,0.0,0.0,0.04323831589497495,0.017295326357989867
2577.0,7.271499896863863e-68,2.9085999587455213e-68,3.9561333468091754e-42,3.2952288114783356e-27,0.003377134412124186,0.08113875593705928,0.10000014142687913,-0.41886183644532604,0.0,0.0,0.04319509703113444,0.017278038812453662
2578.0,6.576214165152047e-68,2.630485666060798e-68,3.762718503623665e-42,3.0820215406799674e-27,0.0033435146345037075,0.08097662439707991,0.10000014072133367,-0.4190239652582026,0.0,0.0,0.04315192136671447,0.01726076854668567
2579.0,5.9474102123825016e-68,2.378964084952982e-68,3.5787596868874776e-42,2.8826091663582707e-27,0.003310229545796763,0.0808148168284993,0.10000014001930801,-0.4191857701116935,0.0,0.0,0.04310878885853505,0.017243515543413905
2580.0,5.378731188803041e-68,2.1514924755212002e-68,3.403794592701193e-42,2.6960991337326816e-27,0.003277275814135125,0.08065333258395749,0.1000001393207846,-0.41934725165310976,0.0,0.0,0.04306569946345935,0.01722627978538363
2581.0,4.864428073444268e-68,1.9457712293776925e-68,3.23738351914272e-42,2.521656637933094e-27,0.003244650140819715,0.0804921710173881,0.10000013862574596,-0.41950841052846916,0.0,0.0,0.04302265313839367,0.017209061255357355
2582.0,4.399301554792608e-68,1.75972062191703e-68,3.0791082612595725e-42,2.3585008874760848e-27,0.003212349259990397,0.08033133148401572,0.10000013793417468,-0.4196692473824986,0.0,0.0,0.04297964984028737,0.017191859936114835
2583.0,3.978649468712799e-68,1.5914597874851075e-68,2.9285710600848284e-42,2.2059016095009954e-27,0.0031803699382990658,0.08017081334035327,0.10000013724605349,-0.41982976285863677,0.0,0.0,0.042936689526132846,0.01717467581045303
2584.0,3.5982192622471604e-68,1.4392877048988526e-68,2.785393603035566e-42,2.0631757811235602e-27,0.003148708974585983,0.0800106159441995,0.10000013656136517,-0.41998995759903684,0.0,0.0,0.04289377215296551,0.017157508861186097
2585.0,3.254165002727737e-68,1.3016660010910842e-68,2.6492160731816836e-42,1.9296845722768817e-27,0.0031173631995593384,0.0798507386546365,0.10000013588009259,-0.4201498322445688,0.0,0.0,0.04285089767786365,0.01714035907114536
2586.0,2.943008497587943e-68,1.1772033990351674e-68,2.5196962449958505e-42,1.8048304863561245e-27,0.0030863294754780025,0.07969118083202692,0.10000013520221875,-0.4203093874348221,0.0,0.0,0.04280806605794854,0.01712322642317931
2587.0,2.6616041318171287e-68,1.0646416527268427e-68,2.3965086243121188e-42,1.6880546858686776e-27,0.003055604695837434,0.07953194183801159,0.10000013452772664,-0.42046862380810834,0.0,0.0,0.042765277250384245,0.0171061109001536
2588.0,2.407107067584782e-68,9.628428270339049e-69,2.279343630331847e-42,1.5788344911195932e-27,0.003025185785058718,0.07937302103550693,0.10000013385659942,-0.4206275420014633,0.0,0.0,0.04272253121237768,0.017089012484950983
2589.0,2.176944484550684e-68,8.707777938202663e-69,2.1679068176212492e-42,1.4766810407366066e-27,0.002995069698180691,0.07921441778870236,0.10000013318882031,-0.4207861426506506,0.0,0.0,0.04267982790117854,0.017071931160471326
2590.0,1.9687895701169204e-68,7.875158280467613e-69,2.061918136145383e-42,1.3811371035634244e-27,0.0029652534205551486,0.07905613146305773,0.10000013252437258,-0.4209444263901629,0.0,0.0,0.04263716727407923,0.01705486690963161
2591.0,1.7805379966780326e-68,7.12215198671207e-69,1.9611112274789767e-42,1.2917750321274762e-27,0.0029357339675450686,0.07889816142530091,0.10000013186323964,-0.4211023938532256,0.0,0.0,0.04259454928841485,0.01703781971536586
2592.0,1.6102866480676992e-68,6.441146592270741e-69,1.8652327554254197e-42,1.2081948485220125e-27,0.002906508384225846,0.07874050704342515,0.10000013120540492,-0.4212600456717983,0.0,0.0,0.042551973901563164,0.017020789560625187
2593.0,1.456314380138438e-68,5.825257520553703e-69,1.7740417693617024e-42,1.1300224541350922e-27,0.002877573745089507,0.07858316768668654,0.10000013055085198,-0.4214173824765784,0.0,0.0,0.04250944107094452,0.017003776428377727
2594.0,1.3170646209747615e-68,5.268258483899001e-69,1.6873090987093377e-42,1.0569079552123514e-27,0.002848927153751857,0.07842614272560154,0.10000012989956447,-0.42157440489700293,0.0,0.0,0.04246695075402182,0.016986780301608648
2595.0,1.1911296348378395e-68,4.764518539351318e-69,1.6048167770095222e-42,9.88524096758888e-28,0.0028205657426625557,0.0782694315319445,0.10000012925152608,-0.4217311135612512,0.0,0.0,0.04242450290830051,0.016969801163320117
2596.0,1.0772362907591248e-68,4.3089451630364635e-69,1.5263574941551864e-42,9.245647977705327e-28,0.00279248667281807,0.078113033478745,0.10000012860672061,-0.42188750909624734,0.0,0.0,0.04238209749132848,0.016952838996531303
2597.0,9.742331919115252e-69,3.8969327676460673e-69,1.451734075403348e-42,8.647437812383107e-28,0.002764687133477485,0.07795694794028551,0.10000012796513191,-0.4220435921276628,0.0,0.0,0.04233973446069606,0.016935893784278337
2598.0,8.810790356433962e-69,3.524316142573554e-69,1.3807589858584852e-42,8.0879329279409e-28,0.002737164341881149,0.07780117429209878,0.10000012732674395,-0.422199363279919,0.0,0.0,0.042297413774035994,0.01691896550961431
2599.0,7.968320865019311e-69,3.1873283460076975e-69,1.313253859181651e-42,7.564629022621829e-28,0.0027099155429721163,0.0776457119109653,0.10000012669154076,-0.42235482317618966,0.0,0.0,0.04225513538902335,0.01690205415560926
2600.0,7.206406558242119e-69,2.882562623296822e-69,1.2490490493409387e-42,7.0751838275272385e-28,0.0026829380091203635,0.077490560174911,0.10000012605950644,-0.42250997243840344,0.0,0.0,0.042212899263375514,0.016885159705350126
2601.0,6.517344916500065e-69,2.606937966600003e-69,1.1879832042768086e-42,6.617406622797382e-28,0.00265622903984975,0.07733571846320457,0.1000001254306252,-0.42266481168724623,0.0,0.0,0.04217070535485215,0.016868282141940784
2602.0,5.894169919132413e-69,2.357667967652944e-69,1.1299028604108611e-42,6.189248432114193e-28,0.0026297859615677004,0.0771811861563551,0.10000012480488128,-0.4228193415421635,0.0,0.0,0.04212855362125512,0.01685142144850197
2603.0,5.330581621919448e-69,2.132232648767761e-69,1.074662056979023e-42,5.788792851637477e-28,0.0026036061272975723,0.07702696263610946,0.10000012418225906,-0.4229735626213635,0.0,0.0,0.042086444020428444,0.016834577608171305
2604.0,4.82088246823531e-69,1.9283529872941069e-69,1.0221219692199333e-42,5.414247472325552e-28,0.0025776869164136924,0.07687304728545,0.10000012356274297,-0.42312747554181906,0.0,0.0,0.042044376510258344,0.016817750604103263
2605.0,4.3599196899962165e-69,1.743967875998471e-69,9.721505594967027e-43,5.0639358572472605e-28,0.0025520257343790297,0.0767194394885919,0.10000012294631748,-0.42328108091926986,0.0,0.0,0.042002351048673066,0.01680094041946915
2606.0,3.943033216110521e-69,1.5772132864441946e-69,9.246222454752821e-43,4.736290037976424e-28,0.0025266200124854817,0.07656613863098093,0.10000012233296719,-0.4234343793682257,0.0,0.0,0.04196036759364296,0.016784147037457106
2607.0,3.5660085618146724e-69,1.4264034247258564e-69,8.794175845255506e-43,4.429843496483173e-28,0.002501467207596741,0.07641314409929073,0.10000012172267678,-0.4235873715019687,0.0,0.0,0.04191842610318036,0.016767370441272068
2608.0,3.225034222633115e-69,1.2900136890532352e-69,8.364229735519904e-43,4.143224601109604e-28,0.002476564801893728,0.07626045528142059,0.10000012111543095,-0.42374005793255515,0.0,0.0,0.041876526535339596,0.016750610614135766
2609.0,2.916663142239344e-69,1.1666652568957277e-69,7.955303634996027e-43,3.875150467249706e-28,0.0024519103026225558,0.07610807156649282,0.10000012051121454,-0.4238924392708185,0.0,0.0,0.04183466884821691,0.01673386753928669
2610.0,2.6377778646801186e-69,1.0551111458720382e-69,7.5663698781759e-43,3.6244212152544033e-28,0.0024275012418449957,0.07595599234485047,0.10000011991001241,-0.42404451612637173,0.0,0.0,0.04179285299995039,0.016717141199980082
2611.0,2.3855590186716996e-69,9.542236074686711e-70,7.196451041984165e-43,3.3899145998605496e-28,0.002403335176191444,0.07580421700805474,0.10000011931180956,-0.42419628910761004,0.0,0.0,0.04175107894872002,0.016700431579487935
2612.0,2.157456815362279e-69,8.62982726144904e-70,6.844617489432098e-43,3.1705809871055792e-28,0.0023794096866163322,0.07565274494888266,0.100000118716591,-0.4243477588217125,0.0,0.0,0.04170934665274758,0.01668373866109896
2613.0,1.951165271419225e-69,7.804661085676831e-70,6.509985033362066e-43,2.9654386562448862e-28,0.0023557223781559807,0.0755015755613246,0.10000011812434183,-0.4244989258746453,0.0,0.0,0.041667656070296585,0.01666706242811856
2614.0,1.7645988968512362e-69,7.058395587404881e-70,6.191712714411218e-43,2.7735694056436495e-28,0.0023322708796888613,0.0753507082405818,0.10000011753504724,-0.4246497908711638,0.0,0.0,0.041626007159672275,0.016650402863868843
2615.0,1.5958716118925681e-69,6.383486447570217e-70,5.889000687610232e-43,2.594114442975415e-28,0.002309052843698243,0.07520014238306412,0.10000011694869253,-0.42480035441481523,0.0,0.0,0.04158439987922158,0.01663375995168856
2616.0,1.4432776798110464e-69,5.7731107192441346e-70,5.6010882123059874e-43,2.4262705413322724e-28,0.002286065946037205,0.0750498773863874,0.10000011636526299,-0.4249506171079403,0.0,0.0,0.041542834187333046,0.016617133674933147
2617.0,1.305274462881407e-69,5.2210978515255825e-70,5.327251740356645e-43,2.269286444041663e-28,0.0022633078856959896,0.07489991264937125,0.10000011578474402,-0.4251005795516767,0.0,0.0,0.04150131004243682,0.01660052401697466
2618.0,1.1804668271966893e-69,4.721867308786717e-70,5.0668030977946185e-43,2.1224595020980484e-28,0.002240776384571665,0.07475024757203652,0.10000011520712115,-0.425250242345961,0.0,0.0,0.04145982740300463,0.016583930961201778
2619.0,1.0675930386592017e-69,4.27037215463677e-70,4.819087755387816e-43,1.985132529158839e-28,0.0022184691872400874,0.07460088155560295,0.1000001146323799,-0.4253996060895306,0.0,0.0,0.041418386227549654,0.016567354491019787
2620.0,9.655120075675636e-70,3.8620480302702214e-70,4.58348318375291e-43,1.8566908600277841e-28,0.0021963840607301297,0.07445181400248677,0.10000011406050588,-0.42554867137992686,0.0,0.0,0.04137698647462657,0.016550794589850558
2621.0,8.731917528498696e-70,3.492767011399448e-70,4.3593972888869006e-43,1.7365595994598105e-28,0.002174518794300161,0.07430304431629826,0.10000011349148483,-0.42569743881349753,0.0,0.0,0.0413356281028315,0.016534251241132523
2622.0,7.896989693229403e-70,3.158795877291734e-70,4.146266924185353e-43,1.6242010489731659e-28,0.002152871199216749,0.07415457190183947,0.10000011292530249,-0.4258459089853983,0.0,0.0,0.04129431107080191,0.01651772442832069
2623.0,7.141895925085952e-70,2.856758370034355e-70,3.943556475207847e-43,1.519112300151484e-28,0.002131439108535563,0.07400639616510173,0.10000011236194468,-0.42599408248959575,0.0,0.0,0.041253035337216644,0.01650121413488658
2624.0,6.459002656226158e-70,2.5836010624904398e-70,3.750756513634075e-43,1.4208229836635573e-28,0.0021102203768844645,0.07385851651326333,0.10000011180139735,-0.42614195991886983,0.0,0.0,0.04121180086079583,0.016484720344318256
2625.0,5.841406224725194e-70,2.3365624898900556e-70,3.5673825170278492e-43,1.3288931639256073e-28,0.0020892128802487493,0.07371093235468716,0.10000011124364643,-0.426289541864816,0.0,0.0,0.04117060760030086,0.016468243040120272
2626.0,5.282863082486318e-70,2.1131452329945078e-70,3.3929736511916717e-43,1.2429113699827224e-28,0.0020684145157585355,0.07356364309891827,0.10000011068867799,-0.4264368289178476,0.0,0.0,0.04112945551453437,0.016451782205813677
2627.0,4.7777266765263855e-70,1.911090670610537e-70,3.227091612051838e-43,1.1624927537958263e-28,0.0020478232014782636,0.07341664815668163,0.10000011013647818,-0.4265838216671986,0.0,0.0,0.04108834456234014,0.01643533782493599
2628.0,4.320890365541852e-70,1.728356146216725e-70,3.0693195241636215e-43,1.0872773676908187e-28,0.0020274368761982907,0.07326994693987963,0.10000010958703316,-0.4267305207009251,0.0,0.0,0.041047274702603116,0.01641890988104118
2629.0,3.9077357946742915e-70,1.5630943178697023e-70,2.919260893068403e-43,1.0169285532598736e-28,0.0020072534992285626,0.07312353886158982,0.1000001090403292,-0.4268769266059086,0.0,0.0,0.041006245894249324,0.016402498357699663
2630.0,3.5340862065737154e-70,1.4136344826294733e-70,2.7765386088699144e-43,9.511314345037406e-29,0.00198727105019434,0.07297742333606254,0.10000010849635262,-0.42702303996785795,0.0,0.0,0.040965258096245835,0.016386103238498272
2631.0,3.196164216761132e-70,1.2784656867044412e-70,2.640793998525517e-43,8.895915084704698e-29,0.0019674875288339558,0.07283159977871859,0.1000001079550898,-0.4271688613713115,0.0,0.0,0.04092431126760075,0.01636972450704025
2632.0,2.8905536264233236e-70,1.1562214505693188e-70,2.511685924470832e-43,8.320333270823609e-29,0.0019479009547985872,0.07268606760614688,0.10000010741652725,-0.4273143913996398,0.0,0.0,0.040883405367363165,0.01635336214694521
2633.0,2.6141648865889498e-70,1.0456659546355703e-70,2.3888899273124963e-43,7.781992642510968e-29,0.0019285093674540215,0.07254082623610207,0.10000010688065145,-0.4274596306350475,0.0,0.0,0.040842540354623064,0.01633701614184917
2634.0,2.364203864548471e-70,9.456815458193795e-71,2.272097410434557e-43,7.278483627627601e-29,0.0019093108256843941,0.07239587508750227,0.100000106347449,-0.4276045796585764,0.0,0.0,0.04080171618851136,0.016320686475404488
2635.0,2.13814359676418e-70,8.552574387056644e-71,2.161014864469354e-43,6.807552557714766e-29,0.001890303407697881,0.07225121358042672,0.10000010581690659,-0.42774923905010703,0.0,0.0,0.04076093282819978,0.016304373131279856
2636.0,1.9336987427083778e-70,7.73479497083344e-71,2.05536312968392e-43,6.36709158074374e-29,0.0018714852108343274,0.07210684113611342,0.1000001052890109,-0.4278936093883612,0.0,0.0,0.04072019023290089,0.016288076093160304
2637.0,1.748802481372519e-70,6.995209925490013e-71,1.95487669442821e-43,5.955129226528761e-29,0.001852854351374787,0.0719627571769569,0.10000010476374879,-0.4280376912509049,0.0,0.0,0.04067948836186803,0.01627179534474716
2638.0,1.5815856168842247e-70,6.326342467536843e-71,1.859303027882112e-43,5.56982158257484e-29,0.001834408964352962,0.07181896112650582,0.10000010424110709,-0.4281814852141494,0.0,0.0,0.04063882717439524,0.016255530869758044
2639.0,1.4303576820018352e-70,5.7214307280072925e-71,1.7684019454243602e-43,5.2094440408642e-29,0.0018161472033685166,0.07167545240946074,0.10000010372107268,-0.42832499185335454,0.0,0.0,0.040598206629817266,0.016239282651926853
2640.0,1.2935898484536035e-70,5.17435939381437e-71,1.681945005028488e-43,4.872383578640578e-29,0.0017980672404022521,0.07153223045167181,0.10000010320363263,-0.428468211742631,0.0,0.0,0.0405576266875095,0.016223050675003747
2641.0,1.169899471354795e-70,4.6795978854191395e-71,1.5997149331688988e-43,4.557131538640753e-29,0.0017801672656331206,0.07138929468013637,0.10000010268877395,-0.42861114545494194,0.0,0.0,0.04051708730688794,0.016206834922755122
2642.0,1.0580361114555529e-70,4.232144445822175e-71,1.5215050787943149e-43,4.262276876458168e-29,0.001762445487257058,0.07124664452299678,0.1000001021764838,-0.42875379356210597,0.0,0.0,0.04047658844740914,0.016190635378963605
2643.0,9.568688939124197e-71,3.827475575649645e-71,1.4471188939963954e-43,3.986499844814362e-29,0.0017449001313076253,0.07110427940953809,0.10000010166674932,-0.4288961566347989,0.0,0.0,0.04043613006857019,0.016174452027428024
2644.0,8.653750757878937e-71,3.461500303151545e-71,1.376369440068395e-43,3.728566086469467e-29,0.001727529441478432,0.07096219877018571,0.10000010115955778,-0.4290382352425567,0.0,0.0,0.040395712129908674,0.016158284851963415
2645.0,7.826297067019569e-71,3.1305188268078003e-71,1.3090789177125523e-43,3.487321109332093e-29,0.001710331678947327,0.07082040203650328,0.10000010065489652,-0.42918002995377685,0.0,0.0,0.040355334591002594,0.016142133836400972
2646.0,7.07796278110648e-71,2.8311851124425667e-71,1.2450782202155775e-43,3.261685119039611e-29,0.001693305122202344,0.07067888864119012,0.1000001001527529,-0.42932154133572165,0.0,0.0,0.04031499741147037,0.016125998964588082
2647.0,6.401182666812167e-71,2.560473066724844e-71,1.184206508469329e-43,3.0506481858798457e-29,0.0016764480668693725,0.07053765801807932,0.10000009965311435,-0.4294627699545194,0.0,0.0,0.04027470055097078,0.016109880220388242
2648.0,5.789114862721981e-71,2.3156459450887712e-71,1.12631080676868e-43,2.8532657244216865e-29,0.001659758825541552,0.07039670960213512,0.1000000991559684,-0.4296037163751677,0.0,0.0,0.04023444396920294,0.016093777587681105
2649.0,5.235571712012816e-71,2.094228684805108e-71,1.0712456183707679e-43,2.668654265621786e-29,0.0016432357276103579,0.07025604282945096,0.10000009866130259,-0.429744381161535,0.0,0.0,0.04019422762590623,0.01607769105036242
2650.0,4.734957208767549e-71,1.8939828835070033e-71,1.0188725598495078e-43,2.4959875024836035e-29,0.0016268771190983751,0.07011565713724695,0.10000009816910456,-0.42988476487636307,0.0,0.0,0.0401540514808603,0.016061620592344047
2651.0,4.282210425543093e-71,1.7128841702172224e-71,9.690600133264607e-44,2.3344925915694742e-29,0.0016106813624937309,0.06997555196386783,0.10000009767936198,-0.43002486808126933,0.0,0.0,0.040113915493884975,0.016045566197553915
2652.0,3.872754350276997e-71,1.549101740110786e-71,9.216827957040926e-44,2.183446693811545e-29,0.0015946468365861798,0.06983572674878061,0.10000009719206258,-0.43016469133674906,0.0,0.0,0.04007381962484023,0.016029527849936023
2653.0,3.5024496153028847e-71,1.4009798461211422e-71,8.766218440701769e-44,2.042173739138503e-29,0.0015787719363048185,0.06969618093257238,0.10000009670719423,-0.43030423520217775,0.0,0.0,0.04003376383362621,0.016013505533450413
2654.0,3.1675526507014123e-71,1.2670210602805542e-71,8.337639164827314e-44,1.910041400436814e-29,0.0015630550725574163,0.06955691395694798,0.10000009622474477,-0.43044350023581296,0.0,0.0,0.039993748080183106,0.01599749923207317
2655.0,2.864677838940982e-71,1.1458711355763836e-71,7.930013073835437e-44,1.786458263302149e-29,0.0015474946720713467,0.06941792526472793,0.10000009574470214,-0.43058248699479706,0.0,0.0,0.039953772324491155,0.015981508929796384
2656.0,2.590763288213183e-71,1.0363053152852647e-71,7.542315769250899e-44,1.6708711789130169e-29,0.0015320891772361,0.06927921429984606,0.10000009526705433,-0.43072119603515885,0.0,0.0,0.03991383652657061,0.015965534610628166
2657.0,2.3430398784508716e-71,9.37215951380341e-72,7.173572935306272e-44,1.5627627881782696e-29,0.001516837045947366,0.06914078050734733,0.1000000947917894,-0.4308596279118166,0.0,0.0,0.03987394064648165,0.015949576258592585
2658.0,2.119003267101776e-71,8.476013068407034e-72,6.822857890404879e-44,1.4616492060767414e-29,0.0015017367514526684,0.06900262333338562,0.10000009431889542,-0.4309977831785793,0.0,0.0,0.039834084644324426,0.015933633857729692
2659.0,1.9163885716519406e-71,7.665554286607698e-72,6.489289258292405e-44,1.3670778558243094e-29,0.0014867867821985335,0.0688647422252215,0.10000009384836064,-0.43113566238815004,0.0,0.0,0.03979426848023893,0.01591770739209549
2660.0,1.7331474729537411e-71,6.932589891814907e-72,6.172028753084621e-44,1.2786254431742678e-29,0.0014719856416791836,0.06872713663122006,0.10000009338017324,-0.4312732660921269,0.0,0.0,0.03975449211440503,0.01590179684576193
2661.0,1.5674275078861703e-71,6.269710031544629e-72,5.870279072584809e-44,1.1958960617841369e-29,0.0014573318482867365,0.06858980600084859,0.10000009291432149,-0.43141059484100597,0.0,0.0,0.039714755507042364,0.015885902202816868
2662.0,1.4175533420079738e-71,5.670213368031847e-72,5.583281894596628e-44,1.1185194211686634e-29,0.0014428239351628933,0.06845274978467451,0.1000000924507938,-0.4315476491841839,0.0,0.0,0.03967505861841035,0.015870023447364063
2663.0,1.2820098328808367e-71,5.128039331523303e-72,5.310315971196981e-44,1.0461491893074794e-29,0.0014284604500521044,0.06831596743436313,0.10000009198957852,-0.4316844296699589,0.0,0.0,0.039635401408808155,0.015854160563523182
2664.0,1.1594267128424617e-71,4.637706851369806e-72,5.050695316179631e-44,9.784614424890397e-30,0.0014142399551561988,0.0681794584026754,0.10000009153066415,-0.4318209368455342,0.0,0.0,0.03959578383857456,0.015838313535429745
2665.0,1.0485647363811026e-71,4.194258945524375e-72,4.803767481114474e-44,9.151532154524679e-30,0.001400161026990459,0.0680432221434658,0.10000009107403915,-0.4319571712570191,0.0,0.0,0.03955620586808805,0.01582248234723514
2666.0,9.483031520694015e-72,3.793212608277574e-72,4.568911915690021e-44,8.559411453378478e-30,0.0013862222562411267,0.0679072581116801,0.10000009061969216,-0.4320931334494324,0.0,0.0,0.03951666745776669,0.015806666983106597
2667.0,8.576283724059151e-72,3.4305134896236316e-72,4.345538408218556e-44,8.005602033753865e-30,0.001372422247624333,0.06777156576335318,0.10000009016761181,-0.4322288239667035,0.0,0.0,0.03947716856806812,0.01579086742722716
2668.0,7.756237270228854e-72,3.1024949080915154e-72,4.1330856023847733e-44,7.487625086365868e-30,0.0013587596197464262,0.06763614455560692,0.10000008971778679,-0.432364243351675,0.0,0.0,0.03943770915948948,0.015775083663795705
2669.0,7.014601956710196e-72,2.8058407826840554e-72,3.931019586510386e-44,7.003162185378646e-30,0.001345233004965694,0.06750099394664791,0.10000008927020583,-0.432499392146105,0.0,0.0,0.03939828919256743,0.015759315677026882
2670.0,6.343880272970387e-72,2.537552109188134e-72,3.7388325517893973e-44,6.550044911305935e-30,0.00133184104925546,0.06736611339576543,0.10000008882485777,-0.43263427089066897,0.0,0.0,0.03935890862787803,0.015743563451151122
2671.0,5.737291604876379e-72,2.294916641950533e-72,3.556041516122089e-44,6.126245145328604e-30,0.0013185824120685473,0.06723150236332917,0.10000008838173143,-0.43276888012496206,0.0,0.0,0.039319567426036796,0.015727826970414624
2672.0,5.188703686548694e-72,2.0754814746194607e-72,3.3821871103405806e-44,5.729865991587446e-30,0.0013054557662030859,0.06709716031078712,0.10000008794081573,-0.4329032203875014,0.0,0.0,0.039280265547698576,0.015712106219079338
2673.0,4.692570606646741e-72,1.877028242658681e-72,3.2168324237756814e-44,5.35913328682007e-30,0.0012924597976696592,0.06696308670066337,0.10000008750209967,-0.43303729221572806,0.0,0.0,0.03924100295355757,0.015696401181422938
2674.0,4.2438767423645037e-72,1.6975506969457878e-72,3.0595619062638136e-44,5.0123876593396554e-30,0.0012795932055597729,0.06682928099655602,0.10000008706557226,-0.43317109614600924,0.0,0.0,0.03920177960434724,0.015680711841738804
2675.0,3.8380860543412154e-72,1.535234421736474e-72,2.9099803238346816e-44,4.6880771018121525e-30,0.0012668547019156328,0.06669574266313505,0.10000008663122259,-0.43330463271364056,0.0,0.0,0.039162595460840326,0.015665038184336042
2676.0,3.4710962298874637e-72,1.388438491954974e-72,2.767711765455232e-44,4.384750024588257e-30,0.0012542430116012188,0.06656247116614004,0.10000008619903979,-0.4334379024528478,0.0,0.0,0.03912345048384874,0.015649380193539415
2677.0,3.1391972109408626e-72,1.2556788843763344e-72,2.6323986983337774e-44,4.10104875849738e-30,0.0012417568721746425,0.06642946597237827,0.10000008576901304,-0.43357090589678954,0.0,0.0,0.039084344634223625,0.015633737853689364
2678.0,2.8390336874925494e-72,1.13561347499701e-72,2.503701069410167e-44,3.83570347802261e-30,0.0012293950337617756,0.06629672654972231,0.10000008534113161,-0.4337036435775591,0.0,0.0,0.039045277872855194,0.015618111149141987
2679.0,2.56757117731441e-72,1.0270284709257551e-72,2.3812954507739966e-44,3.587526517657262e-30,0.0012171562589311366,0.06616425236710806,0.10000008491538476,-0.4338361160261862,0.0,0.0,0.03900625016067277,0.015602500064269019
2680.0,2.3220653490724047e-72,9.288261396289543e-73,2.264874226863205e-44,3.35540705600345e-30,0.001205039322570022,0.06603204289453264,0.10000008449176188,-0.43396832377264033,0.0,0.0,0.03896726145864474,0.015586904583457808
2681.0,2.1000342787001455e-72,8.400137114800511e-73,2.1541448214004272e-44,3.138306143819105e-30,0.0011930430117618736,0.06590009760305221,0.10000008407025233,-0.4341002673458311,0.0,0.0,0.038928311727778504,0.015571324691111312
2682.0,1.8992333585604558e-72,7.596933434241758e-73,2.048828962124327e-44,2.9352520537593494e-30,0.001181166125664861,0.06576841596477984,0.10000008365084559,-0.434231947273612,0.0,0.0,0.038889400929120424,0.01555576037164808
2683.0,1.7176326057408458e-72,6.870530422963324e-73,1.9486619814681203e-44,2.745335930998036e-30,0.0011694074753916793,0.06563699745288341,0.1000000832335312,-0.4343633640827818,0.0,0.0,0.038850529023755805,0.015540211609502235
2684.0,1.553396140082686e-72,6.213584560330689e-73,1.8533921514278333e-44,2.567707725261939e-30,0.0011577658838905396,0.06550584154158356,0.10000008281829867,-0.43449451829908625,0.0,0.0,0.03881169597280885,0.015524678389123458
2685.0,1.4048636244786475e-72,5.619454497914537e-73,1.7627800509487645e-44,2.401572386069702e-30,0.0011462401858273426,0.06537494770615157,0.10000008240513764,-0.4346254104472209,0.0,0.0,0.03877290173744264,0.015509160694976973
2686.0,1.270533479810389e-72,5.082133919241509e-73,1.6765979642403392e-44,2.2461863041457177e-30,0.0011348292274690308,0.06524431542290715,0.10000008199403777,-0.43475604105083304,0.0,0.0,0.03873414627885904,0.015493658511543535
2687.0,1.149047704839077e-72,4.5961908193562646e-73,1.5946293085072772e-44,2.1008539830809685e-30,0.0011235318665680975,0.06511394416921647,0.10000008158498877,-0.4348864106325233,0.0,0.0,0.03869542955829872,0.015478171823319408
2688.0,1.0391781475864685e-72,4.156712590345836e-73,1.5166680896589e-44,1.9649249263434404e-30,0.0011123469722482471,0.06498383342349,0.10000008117798044,-0.4350165197138485,0.0,0.0,0.038656751537041095,0.015462700614816353
2689.0,9.398140894180559e-73,3.7592563576721906e-73,1.442518384628749e-44,1.837790725704601e-30,0.0011012734248911917,0.06485398266518054,0.10000008077300257,-0.43514636881532315,0.0,0.0,0.038618112176404255,0.015447244870561613
2690.0,8.499510163104113e-73,3.399804065241616e-73,1.3719938490035247e-44,1.718882338049953e-30,0.001090310116024579,0.06472439137478096,0.10000008037004503,-0.43527595845642164,0.0,0.0,0.03857951143774497,0.015431804575097897
2691.0,7.68680463786652e-73,3.074721855146582e-73,1.3049172487239785e-44,1.6076675383848767e-30,0.001079455948211031,0.06459505903382218,0.10000007996909775,-0.43540528915558063,0.0,0.0,0.03854094928245863,0.01541637971298337
2692.0,6.951808328581025e-73,2.780723331432386e-73,1.2411200146808993e-44,1.5036485376356094e-30,0.0010687098349382903,0.06446598512487123,0.10000007957015071,-0.4355343614302008,0.0,0.0,0.03850242567197925,0.015400970268791616
2693.0,6.287090841265596e-73,2.514836336506217e-73,1.180441819086831e-44,1.4063597545828114e-30,0.0010580707005104595,0.06433716913152902,0.10000007917319392,-0.43566317579664887,0.0,0.0,0.038463940567779346,0.01538557622711165
2694.0,5.68593226079263e-73,2.2743729043170332e-73,1.122730172558929e-44,1.315365731955064e-30,0.0010475374799403217,0.06420861053842833,0.10000007877821747,-0.4357917327702602,0.0,0.0,0.03842549393136996,0.015370197572547895
2695.0,5.142255216375141e-73,2.05690208655004e-73,1.0678400409003816e-44,1.2302591873548967e-30,0.0010371091188427376,0.06408030883123174,0.10000007838521147,-0.43592003286534,0.0,0.0,0.0383870857243006,0.015354834289720154
2696.0,4.6505634428101995e-73,1.860225377124064e-73,1.0156334806173371e-44,1.1506591902934235e-30,0.0010267845733290953,0.0639522634966296,0.10000007799416606,-0.43604807659516615,0.0,0.0,0.038348715908159234,0.015339486363263608
2697.0,4.205886216368778e-73,1.682354486547497e-73,9.659792922553615e-45,1.0762094571741443e-30,0.0010165628099028216,0.06382447402233794,0.1000000776050715,-0.43617586447199086,0.0,0.0,0.03831038444457219,0.015324153777828791
2698.0,3.803728103610525e-73,1.5214912414441974e-73,9.187526906842309e-45,1.0065767565943774e-30,0.001006442805355924,0.06369693989709647,0.10000007721791805,-0.4363033970070429,0.0,0.0,0.03827209129520417,0.015308836518081586
2699.0,3.4400235151125923e-73,1.3760094060450252e-73,8.738349915024578e-45,9.414494178265784e-31,0.0009964235466665685,0.06356966061066642,0.100000076832696,-0.4364306747105295,0.0,0.0,0.03823383642175821,0.015293534568703198
2700.0,3.111095604676608e-73,1.2444382418706326e-73,8.311133127734593e-45,8.80535935803621e-31,0.0009865040308976753,0.06344263565382866,0.10000007644939575,-0.43655769809163847,0.0,0.0,0.03819561978597559,0.015278247914390145
2701.0,2.8136190985082014e-73,1.1254476394032712e-73,7.904802913438046e-45,8.23563666364051e-31,0.0009766832650965225,0.06331586451838156,0.10000007606800766,-0.43668446765854,0.0,0.0,0.038157441349635834,0.015262976539854247
2702.0,2.5445866785932488e-73,1.017834671437291e-73,7.518338130306273e-45,7.7027760591734025e-31,0.0009669602661953523,0.06318934669713897,0.10000007568852225,-0.4368109839183896,0.0,0.0,0.038119301074556716,0.0152477204298226
2703.0,2.3012785804259246e-73,9.20511432170362e-74,7.150767560001388e-45,7.204392500670042e-31,0.0009573340609129638,0.0630630816839282,0.10000007531092998,-0.4369372473773284,0.0,0.0,0.03808119892259412,0.015232479569037564
2704.0,2.0812350977389133e-73,8.324940390955583e-74,6.80116746692333e-45,6.738255260828726e-31,0.000947803685657287,0.062937068973588,0.10000007493522144,-0.43706325854048717,0.0,0.0,0.0380431348556421,0.015217253942256755
2705.0,1.882231716274271e-73,7.528926865097018e-74,6.468659276785012e-45,6.302277944443366e-31,0.0009383681864289267,0.06281130806196653,0.10000007456138722,-0.43718901791198694,0.0,0.0,0.03800510883563276,0.01520204353425302
2706.0,1.7022566252115085e-73,6.809026500845975e-74,6.152407368681618e-45,5.894509149855562e-31,0.0009290266187256653,0.06268579844591933,0.10000007418941799,-0.4373145259949416,0.0,0.0,0.03796712082453629,0.015186848329814432
2707.0,1.5394903789062686e-73,6.157961515625021e-74,5.851616975105349e-45,5.5131237346276285e-31,0.0009197780474479186,0.0625605396233074,0.10000007381930442,-0.4374397832914595,0.0,0.0,0.03792917078436087,0.015171668313744262
2708.0,1.3922875033313422e-73,5.569150013325321e-74,5.565532184628173e-45,5.156414646342397e-31,0.0009106215468051307,0.062435531092995024,0.10000007345103727,-0.4375647903026461,0.0,0.0,0.03789125867715266,0.015156503470860977
2709.0,1.2591598612716269e-73,5.036639445086464e-74,5.2934340422331554e-45,4.822785281965062e-31,0.0009015562002231013,0.06231077235484787,0.1000000730846073,-0.43768954752860534,0.0,0.0,0.03785338446499576,0.015141353785998218
2710.0,1.138761608104632e-73,4.55504643241849e-74,5.0346387425203336e-45,4.510742341568154e-31,0.000892581100252236,0.062186262909731005,0.10000007272000538,-0.43781405546844215,0.0,0.0,0.03781554811001216,0.01512621924400478
2711.0,1.0298755860780299e-73,4.119502344312087e-74,4.788495911246544e-45,4.218889144433437e-31,0.00088369534847671,0.06206200225950685,0.10000007235722237,-0.437938314620264,0.0,0.0,0.03777774957436172,0.015111099829744606
2712.0,9.314010195381573e-74,3.725604078152599e-74,4.5543869708805165e-45,3.945919377614124e-31,0.0008748980554245361,0.061937989907033225,0.10000007199624919,-0.4380623254811831,0.0,0.0,0.03773998882024213,0.015095995528096769
2713.0,8.423423867152347e-74,3.369369546860911e-74,4.331723586065779e-45,3.690611248976444e-31,0.0008661883404785264,0.06181422535616133,0.10000007163707683,-0.4381860885473187,0.0,0.0,0.037702265809888856,0.015080906323955456
2714.0,7.617993555653929e-74,3.0471974222615456e-74,4.1199461850846833e-45,3.4518220185499796e-31,0.0008575653317881432,0.06169070811173376,0.10000007127969629,-0.43830960431379823,0.0,0.0,0.03766458050557509,0.015065832202229956
2715.0,6.8895768192659995e-74,2.755830727706377e-74,3.9185225536078526e-45,3.228482883709572e-31,0.0008490281661822251,0.061567437679582546,0.10000007092409864,-0.4384328732747604,0.0,0.0,0.037626932869611794,0.015050773147844632
2716.0,6.230809779740343e-74,2.492323911896117e-74,3.7269464971950344e-45,3.0195941952951986e-31,0.0008405759890825834,0.061444413566527155,0.10000007057027498,-0.43855589592335614,0.0,0.0,0.03758932286434753,0.015035729145738929
2717.0,5.635032677586723e-74,2.254013071034671e-74,3.544736569186121e-45,2.8242209832575623e-31,0.0008322079544184569,0.06132163528037253,0.10000007021821647,-0.43867867275175115,0.0,0.0,0.03755175045216854,0.015020700180867333
2718.0,5.096222545698301e-74,2.0384890182793034e-74,3.371434860785404e-45,2.6414887718025137e-31,0.0008239232245418207,0.06119910232990712,0.10000006986791428,-0.4388012042511279,0.0,0.0,0.037514215595498654,0.01500568623819938
2719.0,4.60893232058528e-74,1.8435729282340974e-74,3.2066058502984564e-45,2.470579665303203e-31,0.0008157209701435365,0.06107681422490091,0.10000006951935968,-0.43892349091168725,0.0,0.0,0.03747671825679925,0.01499068730271962
2720.0,4.16823577566606e-74,1.667294310266411e-74,3.0498353086296725e-45,2.310728687460809e-31,0.0008076003701703371,0.0609547704761035,0.10000006917254392,-0.4390455332226507,0.0,0.0,0.03743925839856925,0.014975703359427618
2721.0,3.769677719922803e-74,1.5078710879691103e-74,2.900729258289886e-45,2.161220357328192e-31,0.0007995606117426398,0.06083297059524205,0.10000006882745836,-0.4391673316722622,0.0,0.0,0.037401835983345046,0.01496073439333793
2722.0,3.4092289584582443e-74,1.3636915833832876e-74,2.758912983297975e-45,2.021385486871019e-31,0.0007916008900731748,0.06071141409501943,0.10000006848409433,-0.4392888867477901,0.0,0.0,0.03736445097370046,0.014945780389480095
2723.0,3.0832455596305728e-74,1.23329822385222e-74,2.6240300874882487e-45,1.8905981857324816e-31,0.0007837204083864266,0.06059010048911219,0.10000006814244328,-0.4394101989355293,0.0,0.0,0.037327103332246744,0.01493084133289861
2724.0,2.7884320169803797e-74,1.1153728067921436e-74,2.4957415988570588e-45,1.7682730597951627e-31,0.0007759183778388747,0.060469029292168706,0.10000006780249665,-0.43953126872080295,0.0,0.0,0.03728979302163253,0.014915917208652927
2725.0,2.5218079335377012e-74,1.0087231734150732e-74,2.3737251176977915e-45,1.6538625910010186e-31,0.0007681940174400307,0.06034820001980714,0.10000006746424595,-0.4396520965879645,0.0,0.0,0.03725252000454376,0.01490100800181742
2726.0,2.2806778917064916e-74,9.122711566825903e-75,2.2576740063834262e-45,1.5468546867017568e-31,0.0007605465539742603,0.060227612188613555,0.10000006712768267,-0.43977268302039935,0.0,0.0,0.0372152842437037,0.014886113697481393
2727.0,2.062604204128222e-74,8.250416816512831e-75,2.1472966187605227e-45,1.446770387570678e-31,0.0007529752219233833,0.060107265316139996,0.10000006679279845,-0.4398930285005277,0.0,0.0,0.03717808570187285,0.014871234280749055
2728.0,1.865382270051365e-74,7.461529080205409e-75,2.042315567218032e-45,1.353161723816777e-31,0.0007454792633900446,0.05998715892090251,0.10000006645958488,-0.4400131335098051,0.0,0.0,0.037140924341848965,0.014856369736739497
2729.0,1.687018288073688e-74,6.748073152294703e-75,1.9424670255890192e-45,1.2656097101056685e-31,0.0007380579280218479,0.05986729252237924,0.10000006612803362,-0.4401329985287256,0.0,0.0,0.03710380012646693,0.014841520050586688
2730.0,1.525709099945883e-74,6.102836399783487e-75,1.847500066133432e-45,1.183722470212762e-31,0.0007307104729362453,0.059747665641008536,0.10000006579813639,-0.44025262403682286,0.0,0.0,0.037066713018598846,0.014826685207439454
2731.0,1.3798239616688732e-74,5.519295846675452e-75,1.7571760289356903e-45,1.1071334830147708e-31,0.0007234361626461736,0.059628277798186996,0.10000006546988494,-0.4403720105126728,0.0,0.0,0.03702966298115389,0.014811865192461466
2732.0,1.2478880576009644e-74,4.991552230403822e-75,1.671267922132351e-45,1.0354999419687482e-31,0.000716234268986431,0.05950912851626755,0.10000006514327106,-0.4404911584338948,0.0,0.0,0.0369926499770783,0.014797059990831229
2733.0,1.1285675909118669e-74,4.514270363647434e-75,1.58955985146256e-45,9.685012207357969e-32,0.0007091040710407875,0.05939021731855757,0.1000000648182866,-0.44061006827715415,0.0,0.0,0.036955673969355375,0.014782269587742057
2734.0,1.020656299656562e-74,4.082625198626218e-75,1.5118464777077087e-45,9.058374380817087e-32,0.0007020448550698216,0.05927154372931698,0.1000000644949234,-0.4407287405181632,0.0,0.0,0.0369187349210054,0.014767493968402068
2735.0,9.230632621542096e-75,3.692253048616812e-75,1.4379325006567963e-45,8.47228115631125e-32,0.0006950559144394716,0.0591531072737563,0.10000006417317336,-0.4408471756316844,0.0,0.0,0.036881832795085646,0.014752733118034165
2736.0,8.348018683914201e-75,3.3392074735656566e-75,1.367632168300659e-45,7.924109224674374e-32,0.0006881365495503038,0.05903490747803476,0.10000006385302847,-0.4409653740915313,0.0,0.0,0.03684496755469027,0.014737987021876016
2737.0,7.549798459570594e-75,3.019919383828216e-75,1.3007688100216265e-45,7.411405009593463e-32,0.0006812860677674801,0.05891694386925846,0.1000000635344807,-0.44108333637057073,0.0,0.0,0.03680813916295035,0.014723255665180051
2738.0,6.827902396764729e-75,2.7311609587058725e-75,1.2371743926054761e-45,6.931873685585684e-32,0.0006745037833514253,0.058799215975478436,0.10000006321752211,-0.44120106294072475,0.0,0.0,0.03677134758303382,0.014708539033213437
2739.0,6.175032537543675e-75,2.4700130150174535e-75,1.1766890979599065e-45,6.483368906532205e-32,0.0006677890173891839,0.05868172332568874,0.10000006290214476,-0.4413185542729725,0.0,0.0,0.03673459277814542,0.014693837111258072
2740.0,5.584588739550633e-75,2.233835495820238e-75,1.119160921478298e-45,6.06388319879448e-32,0.0006611410977264601,0.05856446544982459,0.10000006258834075,-0.441435810837352,0.0,0.0,0.03669787471152665,0.014679149884610563
2741.0,5.050601952345604e-75,2.0202407809382285e-75,1.0644452900394174e-45,5.671538975913329e-32,0.0006545593589003346,0.05844744187876053,0.10000006227610224,-0.44155283310296195,0.0,0.0,0.03666119334645576,0.01466447733858221
2742.0,4.567673873705838e-75,1.8270695494823225e-75,1.0124046986830664e-45,5.304580134673238e-32,0.0006480431420726512,0.058330652144308485,0.10000006196542141,-0.4416696215379641,0.0,0.0,0.036624548646247736,0.014649819458498999
2743.0,4.13092237586559e-75,1.6523689503462246e-75,9.629083650486116e-46,4.961364194916529e-32,0.0006415917949640671,0.058214095779215894,0.1000000616562905,-0.4417861766095846,0.0,0.0,0.0365879405742542,0.014635176229701584
2744.0,3.735932149985623e-75,1.4943728599942388e-75,9.15831900707968e-46,4.640354947925775e-32,0.0006352046717887571,0.058097772317163884,0.10000006134870174,-0.44190249878411564,0.0,0.0,0.03655136909386342,0.014620547637545271
2745.0,3.378710069896102e-75,1.3514840279584318e-75,8.71056998567071e-46,4.3401155804691927e-32,0.0006288811331897726,0.05798168129276539,0.10000006104264748,-0.44201858852691867,0.0,0.0,0.03651483416850026,0.014605933667400001
2746.0,3.05564482386578e-75,1.2222579295463038e-75,8.284711355502506e-46,4.0593022437327437e-32,0.0006226205461750388,0.05786582224156325,0.10000006073812007,-0.44213444630242454,0.0,0.0,0.036478335761626124,0.014591334304650348
2747.0,2.7634704062976473e-75,1.1053881625190518e-75,7.87967289820325e-46,3.796658038353976e-32,0.0006164222840539942,0.0577501947000284,0.10000006043511185,-0.44225007257413607,0.0,0.0,0.036441873836738956,0.01457674953469548
2748.0,2.4992331002728905e-75,9.996932401091498e-76,7.4944367182377e-46,3.5510073886350613e-32,0.0006102857263748561,0.05763479820555801,0.10000006013361527,-0.4423654678046305,0.0,0.0,0.03640544835737317,0.014562179342949169
2749.0,2.260261617155483e-75,9.041046468621879e-76,7.12803468485053e-46,3.32125078075445e-32,0.0006042102588625136,0.05751963229647361,0.10000005983362278,-0.4424806324555604,0.0,0.0,0.036369059287099666,0.01454762371483977
2750.0,2.0441400913858325e-75,8.176560365543277e-76,6.7795459990727354e-46,3.10635984142574e-32,0.0005981952733570381,0.05740469651201927,0.1000000595351269,-0.4425955669876563,0.0,0.0,0.036332706589525726,0.014533082635810194
2751.0,1.8486836574562064e-75,7.394734629824779e-76,6.448094879676771e-46,2.9053727349762467e-32,0.0005922401677528065,0.05728999039235974,0.10000005923812014,-0.4427102718607276,0.0,0.0,0.036296390228295006,0.014518556091317905
2752.0,1.67191636216511e-75,6.687665448660397e-76,6.1328483622650494e-46,2.7173898582429084e-32,0.0005863443459382286,0.05717551347857859,0.1000000589425951,-0.44282474753366546,0.0,0.0,0.036260110167087516,0.01450404406683491
2753.0,1.5120511888560543e-75,6.048204755424177e-76,5.833014205960707e-46,2.5415698140162326e-32,0.0005805072177360766,0.057061265312676406,0.10000005864854433,-0.4429389944644438,0.0,0.0,0.03622386636961956,0.014489546547847725
2754.0,1.367471991697168e-75,5.469887966788638e-76,5.547838902439989e-46,2.3771256450097065e-32,0.0005747281988444082,0.05694724543756897,0.10000005835596053,-0.44305301311012163,0.0,0.0,0.0361876587996437,0.014475063519857381
2755.0,1.2367171573675075e-75,4.9468686294699994e-76,5.276605782302783e-46,2.2233213114982024e-32,0.0005690067107780766,0.0568334533970854,0.10000005806483636,-0.4431668039268447,0.0,0.0,0.03615148742094875,0.014460594968379403
2756.0,1.1184648289790168e-75,4.473859315916038e-76,5.018633214022447e-46,2.0794683968595622e-32,0.0005633421808108237,0.05671988873596632,0.10000005777516455,-0.44328036736984733,0.0,0.0,0.03611535219735972,0.01444614087894379
2757.0,1.0115195428564108e-75,4.0460781714256175e-76,4.7732728909487456e-46,1.9449230262736022e-32,0.0005577340419179502,0.05660655099986207,0.10000005748693781,-0.4433937038934542,0.0,0.0,0.03607925309273777,0.014431701237095007
2758.0,9.148001430804381e-76,3.659200572321729e-76,4.5399082020589925e-46,1.8190829847868732e-32,0.0005521817327195557,0.05649343973533087,0.100000057200149,-0.4435068139510824,0.0,0.0,0.036043190070980176,0.014417276028391967
2759.0,8.273288516174378e-76,3.3093154064697315e-76,4.317952682362956e-46,1.7013850218438503e-32,0.0005466846974243436,0.056380554489837004,0.10000005691479089,-0.4436196979952427,0.0,0.0,0.036007163096020305,0.014402865238408016
2760.0,7.482213835404297e-76,2.992885534161701e-76,4.1068485390672605e-46,1.5913023302198323e-32,0.0005412423857739868,0.056267894811749014,0.1000000566308564,-0.4437323564775422,0.0,0.0,0.03597117213182756,0.014388468852730924
2761.0,6.766780074122523e-76,2.706712029648993e-76,3.906065249795426e-46,1.48834218807145e-32,0.0005358542529880451,0.056155460250337894,0.10000005634833836,-0.4438447898486851,0.0,0.0,0.0359352171424074,0.014374086856962861
2762.0,6.119754604563161e-76,2.447901841825249e-76,3.715098229340745e-46,1.392043753550776e-32,0.0005305197597094332,0.056043250355775294,0.10000005606722974,-0.4439569985584754,0.0,0.0,0.03589929809180123,0.014359719236720397
2763.0,5.534596367819518e-76,2.2138385471277932e-76,3.533467561601434e-46,1.301976002111893e-32,0.0005252383719504302,0.05593126467913169,0.10000005578752351,-0.44406898305581843,0.0,0.0,0.0358634149440864,0.014345365977634465
2764.0,5.005389747464808e-76,2.0021558989859102e-76,3.3607167935113127e-46,1.2177357972774638e-32,0.0005200095610392269,0.055819502772374616,0.10000005550921268,-0.44418074378872224,0.0,0.0,0.035827567663376185,0.01433102706535038
2765.0,4.526784766040019e-76,1.810713906415996e-76,3.1964117879350556e-46,1.138946086230198e-32,0.0005148328035670053,0.05570796418836688,0.10000005523229027,-0.44429228120430003,0.0,0.0,0.035791756213819706,0.014316702485527785
2766.0,4.093942999829519e-76,1.6375771999317963e-76,3.040139632645242e-46,1.0652542121528159e-32,0.0005097075813355446,0.05559664848086476,0.10000005495674934,-0.44440359574877114,0.0,0.0,0.03575598055960192,0.01430239222384067
2767.0,3.7024886651535906e-76,1.4809954660614255e-76,2.89150760263938e-46,9.963303357626737e-33,0.0005046333813053498,0.055485555204516195,0.10000005468258304,-0.4445146878674642,0.0,0.0,0.0357202406649436,0.014288096265977344
2768.0,3.348464381688183e-76,1.3393857526752634e-76,2.7501421731891118e-46,9.318659589759577e-33,0.0004996096955442953,0.05537468391485905,0.10000005440978446,-0.44462555800481707,0.0,0.0,0.035684536494101284,0.014273814597640412
2769.0,3.028291165604232e-76,1.2113164662416842e-76,2.6156880811413172e-46,8.715725440934766e-33,0.0004946360211767806,0.05526403416831928,0.10000005413834685,-0.44473620660438046,0.0,0.0,0.035648868011367206,0.01425954720454678
2770.0,2.7387322480799863e-76,1.0954928992319867e-76,2.4878074321120833e-46,8.151802223276339e-33,0.0004897118603333923,0.055153605522209236,0.10000005386826337,-0.44484663410881814,0.0,0.0,0.035613235181069326,0.014245294072427627
2771.0,2.476860353412106e-76,9.907441413648353e-77,2.3661788513298406e-46,7.624365858900446e-33,0.0004848367201010664,0.05504339753472583,0.10000005359952725,-0.4449568409599095,0.0,0.0,0.035577637967571234,0.014231055187028394
2772.0,2.2400281059258814e-76,8.96011242370346e-77,2.2504966759936745e-46,7.131055582332686e-33,0.00048001011247374744,0.05493340976494876,0.10000005333213183,-0.4450668275985518,0.0,0.0,0.035542076335272184,0.01421683053410877
2773.0,2.0258412665152906e-76,8.103365066061103e-77,2.140470187117129e-46,6.669663373899509e-33,0.00047523155430353905,0.05482364177283882,0.10000005306607035,-0.44517659446476054,0.0,0.0,0.03550655024860696,0.014202620099442682
2774.0,1.832134528249563e-76,7.328538112998199e-77,2.0358228789270677e-46,6.238124076798317e-33,0.00047050056725233977,0.05471409311923606,0.1000000528013362,-0.4452861419976727,0.0,0.0,0.035471059672045925,0.014188423868818271
2775.0,1.656949626353617e-76,6.62779850541442e-77,1.9362917639815264e-46,5.83450615361104e-33,0.00046581667774396124,0.05460476336585805,0.10000005253792275,-0.44539547063554724,0.0,0.0,0.03543560457009494,0.01417424182803788
2776.0,1.498515541266747e-76,5.994062165066946e-77,1.8416267122602692e-46,5.457003040888006e-33,0.00046117941691672297,0.05449565207529817,0.1000000522758234,-0.44550458081576794,0.0,0.0,0.03540018490729537,0.014160073962918051
2777.0,1.3552305946437623e-76,5.420922378575011e-77,1.751589822567115e-46,5.103925063105892e-33,0.00045658832057651863,0.054386758811023776,0.1000000520150316,-0.4456134729748444,0.0,0.0,0.03536480064822402,0.014145920259289504
2778.0,1.2256462572993416e-76,4.902585029197333e-77,1.665954824664327e-46,4.7736918698072436e-33,0.0004520429291503495,0.05427808313737457,0.10000005175554083,-0.4457221475484141,0.0,0.0,0.03532945175749306,0.01413178070299712
2779.0,1.1084525054031535e-76,4.433810021612585e-77,1.58450651063657e-46,4.464825362070758e-33,0.0004475427876403215,0.05416962461956073,0.10000005149734459,-0.445830604971244,0.0,0.0,0.03529413819975006,0.014117655279899924
2780.0,1.002464576885212e-76,4.0098583075408214e-77,1.5070401940554133e-46,4.175943076651744e-33,0.0004430874455780988,0.054061382823661276,0.10000005124043644,-0.44593884567723235,0.0,0.0,0.03525885993967795,0.014103543975871076
2781.0,9.066109941662714e-77,3.626443976665062e-77,1.433361195585206e-46,3.9057519981806776e-33,0.0004386764569798121,0.05395335731662227,0.10000005098480994,-0.4460468700994107,0.0,0.0,0.03522361694199493,0.014089446776797866
2782.0,8.199227321298875e-77,3.2796909285195297e-77,1.36328435373762e-46,3.653042771723718e-33,0.00043430938030141494,0.05384554766625509,0.1000000507304587,-0.44615467866994507,0.0,0.0,0.035188409171454466,0.014075363668581682
2783.0,7.41523421830516e-77,2.966093687322045e-77,1.2966335595453333e-46,3.41668428980103e-33,0.0004299857783944844,0.05373795344123474,0.10000005047737635,-0.446262271820138,0.0,0.0,0.03515323659284527,0.014061294637138004
2784.0,6.7062049090271116e-77,2.6824819636108274e-77,1.23324131398546e-46,3.19561862963483e-33,0.00042570521846246266,0.053630574211098084,0.10000005022555658,-0.44636964998043044,0.0,0.0,0.03511809917099124,0.014047239668396392
2785.0,6.064971511060169e-77,2.425988604424053e-77,1.1729483070404908e-46,2.9888563179666457e-33,0.00042146727201733354,0.05352340954624213,0.1000000499749931,-0.44647681358040303,0.0,0.0,0.03508299687075144,0.014033198748300472
2786.0,5.4850515200418796e-77,2.1940206080167383e-77,1.1156030173388873e-46,2.795471902249474e-33,0.00041727151483673047,0.05341645901792234,0.1000000497256796,-0.44658376304877834,0.0,0.0,0.03504792965702006,0.014019171862807921
2787.0,4.960582275225673e-77,1.984232910090257e-77,1.0610613313691978e-46,2.6145998083918265e-33,0.000413117526921471,0.05330972219825087,0.10000004947760988,-0.44669049881342215,0.0,0.0,0.035012897494726365,0.014005158997890444
2788.0,4.48626169132049e-77,1.7945046765281852e-77,1.0091861813107434e-46,2.445430466513236e-33,0.00040900489245351514,0.0532031986601949,0.1000000492307777,-0.44679702130134513,0.0,0.0,0.03497790034883471,0.013991160139533778
2789.0,4.057294657428933e-77,1.6229178629715637e-77,9.59847200570715e-47,2.287206687370397e-33,0.0004049331997543413,0.05309688797757489,0.10000004898517692,-0.44690333093870516,0.0,0.0,0.03494293818434442,0.01397717527373766
2790.0,3.669344561207715e-77,1.4677378244830774e-77,9.129203961620185e-47,2.1392202732350924e-33,0.0004009020412437368,0.05299078972506292,0.10000004874080137,-0.44700942815080835,0.0,0.0,0.03490801096628983,0.01396320438651583
2791.0,3.318489448187305e-77,1.327395779274914e-77,8.682878370985215e-47,2.0008088480544613e-33,0.00039691101339899893,0.05288490347818096,0.10000004849764497,-0.44711531336211113,0.0,0.0,0.03487311865974024,0.013949247463895996
2792.0,3.0011823730464572e-77,1.2004729492185756e-77,8.258373580246175e-47,1.8713528927056305e-33,0.0003929597167145417,0.05277922881329911,0.10000004825570162,-0.44722098699622176,0.0,0.0,0.03483826122979986,0.01393530449191984
2793.0,2.7142155420156024e-77,1.0856862168062347e-77,7.854622773343023e-47,1.7502729720747467e-33,0.000389047755661905,0.05267376530763405,0.10000004801496525,-0.44732644947590205,0.0,0.0,0.034803438641607766,0.013921375456643
2794.0,2.4546878839092173e-77,9.818751535636812e-78,7.470611290713706e-47,1.6370271415490087e-33,0.0003851747386501622,0.05256851253924721,0.10000004777542988,-0.44743170122306936,0.0,0.0,0.03476865086033787,0.013907460344135042
2795.0,2.219975721948789e-77,8.879902887795103e-78,7.10537407936978e-47,1.5311085213133668e-33,0.0003813402779867209,0.05246347008704317,0.10000004753708949,-0.44753674265879756,0.0,0.0,0.0347338978511989,0.013893559140479461
2796.0,2.0077062498852144e-77,8.03082499954081e-78,6.757993267637505e-47,1.4320430275946174e-33,0.00037754398983851523,0.05235863753076793,0.10000004729993814,-0.4476415742033195,0.0,0.0,0.03469917957943439,0.013879671831773664
2797.0,1.8157335442793354e-77,7.262934177117299e-78,6.427595858469519e-47,1.3393872506981096e-33,0.0003737854941935832,0.05225401445100725,0.10000004706396987,-0.4477461962760284,0.0,0.0,0.034664496010322586,0.013865798404128946
2798.0,1.6421168704384366e-77,6.568467481753705e-78,6.113351535530198e-47,1.2527264703393216e-33,0.0003700644148230277,0.05214960042918495,0.1000000468291788,-0.44785060929547943,0.0,0.0,0.03462984710917645,0.013851938843670494
2799.0,1.4851010626940775e-77,5.940404250776272e-78,5.814470576541253e-47,1.1716727993870775e-33,0.000366380379243355,0.052045395047561255,0.10000004659555904,-0.44795481367939116,0.0,0.0,0.034595232841343616,0.013838093136537364
2800.0,1.3430987806770502e-77,5.372395122708167e-78,5.530201868643544e-47,1.095863447709938e-33,0.0003627330186791895,0.05194139788923112,0.10000004636310472,-0.44805880984464774,0.0,0.0,0.03456065317220635,0.013824261268882457
2801.0,1.214674462210506e-77,4.858697848841993e-78,5.259831020787616e-47,1.0249590983548762e-33,0.0003591219680263586,0.051837608538122554,0.10000004613181007,-0.4481625982073006,0.0,0.0,0.03452610806718152,0.013810443226872525
2802.0,1.0985298105941414e-77,4.394119242376537e-78,5.002678568409224e-47,9.586423887901278e-34,0.00035554686581534524,0.051734026578994986,0.10000004590166929,-0.44826617918256967,0.0,0.0,0.03449159749172056,0.013796638996688138
2803.0,9.934906695641586e-78,3.973962678256608e-78,4.758098265878019e-47,8.966164904143862e-34,0.0003520073541751049,0.05163065159743756,0.10000004567267665,-0.44836955318484506,0.0,0.0,0.03445712141130944,0.013782848564523692
2804.0,8.984951532423202e-78,3.5939806129692573e-78,4.525475462428205e-47,8.38603779974318e-34,0.0003485030787972422,0.051527483179867474,0.1000000454448264,-0.44847272062768917,0.0,0.0,0.034422679791468645,0.013769071916587373
2805.0,8.125829110746433e-78,3.2503316442985524e-78,4.3042255574897386e-47,7.843445969437757e-34,0.00034503368890054405,0.0514245209135284,0.10000004521811283,-0.4485756819238379,0.0,0.0,0.03438827259775309,0.013755309039101148
2806.0,7.348854192343808e-78,2.9395416769375044e-78,4.093792531538175e-47,7.335960813028223e-34,0.00034159883719586675,0.05132176438648872,0.10000004499253029,-0.4486784374852023,0.0,0.0,0.03435389979575213,0.013741559918300764
2807.0,6.646172003409044e-78,2.6584688013636013e-78,3.893647548771076e-47,6.861310865145594e-34,0.00033819817985137116,0.05121921318763997,0.10000004476807313,-0.4487809877228708,0.0,0.0,0.034319561351089545,0.013727824540435725
2808.0,6.010678827308495e-78,2.4042715309233833e-78,3.7032876280993913e-47,6.417371628343221e-34,0.00033483137645810564,0.051116866906695195,0.10000004454473574,-0.44888333304711014,0.0,0.0,0.034285257229423424,0.013714102891769282
2809.0,5.435950190052746e-78,2.1743800760210847e-78,3.5222343791138913e-47,6.002156064006093e-34,0.00033149808999593025,0.051014725134187214,0.1000000443225125,-0.4489854738673673,0.0,0.0,0.03425098739644624,0.013700394958578409
2810.0,4.916175912524407e-78,1.9664703650097504e-78,3.350032799850041e-47,5.61380569851554e-34,0.0003281979867997811,0.050912787461467074,0.10000004410139791,-0.4490874105922715,0.0,0.0,0.03421675181788473,0.013686700727153799
2811.0,4.446101372877127e-78,1.7784405491508392e-78,3.1862501333299873e-47,5.250582304861168e-34,0.0003249307365262699,0.05081105348070241,0.1000000438813864,-0.44918914362963486,0.0,0.0,0.03418255045949987,0.013673020183799853
2812.0,4.02097438530211e-78,1.6083897541208337e-78,3.0304747800080675e-47,4.910860122467578e-34,0.0003216960121206162,0.05070952278487573,0.10000004366247248,-0.4492906733864552,0.0,0.0,0.034148383287086886,0.013659353314834661
2813.0,3.636497158136774e-78,1.4545988632547004e-78,2.8823152633867044e-47,4.593118580412377e-34,0.00031849348978390916,0.05060819496778288,0.10000004344465063,-0.44939200026891674,0.0,0.0,0.03411425026647519,0.01364570010658998
2814.0,3.2887828456393566e-78,1.3155131382557342e-78,2.741399246203214e-47,4.29593549146516e-34,0.00031532284894069507,0.05050706962403139,0.10000004322791549,-0.44949312468239266,0.0,0.0,0.034080151363528335,0.01363206054541124
2815.0,2.9743162541926817e-78,1.189726501677065e-78,2.607372594715107e-47,4.017980686484494e-34,0.00031218377220688703,0.050406146349038825,0.10000004301226158,-0.4495940470314455,0.0,0.0,0.03404608654414401,0.013618434617657514
2816.0,2.689918305699192e-78,1.0759673222796702e-78,2.4798984887323637e-47,3.7580100606809437e-34,0.00030907594535799476,0.050305424739031206,0.10000004279768351,-0.44969476771982986,0.0,0.0,0.03401205577425399,0.013604822309701508
2817.0,2.432713898912403e-78,9.730855595649552e-79,2.358656575160109e-47,3.5148600050976603e-34,0.0003059990572976706,0.050204904391041374,0.10000004258417595,-0.44979528715049355,0.0,0.0,0.033978059019824106,0.013591223607929555
2818.0,2.200102843801157e-78,8.800411375204577e-79,2.243342162924482e-47,3.2874421983842594e-34,0.0003029528000265682,0.050104584902907354,0.1000000423717335,-0.44989560572557896,0.0,0.0,0.03394409624685418,0.01357763849874159
2819.0,1.9897335751096624e-78,7.958934300438604e-79,2.1336654572584711e-47,3.0747387355523575e-34,0.0002999368686115115,0.050004465873270794,0.10000004216035088,-0.44999572384642533,0.0,0.0,0.03391016742137805,0.013564066968551138
2820.0,1.7994793793723628e-78,7.197917517489414e-79,2.0293508314234148e-47,2.8757975719094466e-34,0.0002969509611549709,0.049904546901575336,0.10000004195002282,-0.45009564191356993,0.0,0.0,0.033876272509463505,0.013550509003785318
2821.0,1.627416895052333e-78,6.509667580209297e-79,1.9301361340359466e-47,2.689728261778501e-34,0.00029399477876484276,0.04980482758806501,0.10000004174074402,-0.45019536032674945,0.0,0.0,0.03384241147721223,0.01353696459088481
2822.0,1.471806668451815e-78,5.887226673807228e-79,1.83577203025963e-47,2.515697972930134e-34,0.00029106802552453015,0.04970530753378264,0.10000004153250926,-0.45029487948490216,0.0,0.0,0.03380858429075981,0.013523433716303839
2823.0,1.331075568826248e-78,5.324302275304963e-79,1.7460213752056514e-47,2.3529277588882162e-34,0.00028817040846332135,0.04960598634056824,0.10000004132531334,-0.4503941997861691,0.0,0.0,0.033774790916275665,0.013509916366510178
2824.0,1.2038008849286068e-78,4.815203539714402e-79,1.6606586179678736e-47,2.2006890724240683e-34,0.0002853016375270632,0.049506863611057425,0.10000004111915106,-0.45049332162789585,0.0,0.0,0.033741031319963026,0.013496412527985129
2825.0,1.0886959422091685e-78,4.354783768836651e-79,1.5794692347945327e-47,2.0583005046338907e-34,0.00028246142554912634,0.04940793894867985,0.10000004091401728,-0.4505922454066338,0.0,0.0,0.033707305468058946,0.013482922187223493
2826.0,9.845970952687933e-79,3.938388381075152e-79,1.5022491899721007e-47,1.9251247350037945e-34,0.0002796494882216595,0.04930921195765758,0.10000004070990685,-0.4506909715181424,0.0,0.0,0.033673613326834176,0.013469445330733583
2827.0,8.904519640668327e-79,3.561807856267313e-79,1.4288044230664646e-47,1.8005656788111378e-34,0.0002768655440671303,0.049210682243003505,0.10000004050681469,-0.45078950035739,0.0,0.0,0.03363995486259321,0.013455981945037198
2828.0,8.053087949584277e-79,3.221235179833695e-79,1.358950361232817e-47,1.6840658190941708e-34,0.0002741093144101488,0.04911234941051981,0.1000000403047357,-0.450887832318556,0.0,0.0,0.033606330041674216,0.013442532016669602
2829.0,7.283068390073428e-79,2.9132273560293565e-79,1.2925114553686528e-47,1.575103711248068e-34,0.000271380523349572,0.04901421306679635,0.10000004010366485,-0.4509859677950322,0.0,0.0,0.033572738830449,0.013429095532179518
2830.0,6.58667650304564e-79,2.634670601218243e-79,1.2293207389441841e-47,1.4731916490781208e-34,0.00026867889773088573,0.0489162728192091,0.1000000399035971,-0.451083907179424,0.0,0.0,0.033539181195323016,0.013415672478129118
2831.0,5.956872163236152e-79,2.382748865294449e-79,1.1692194084014823e-47,1.3778734818635107e-34,0.0002660041671188619,0.048818528275918566,0.10000003970452744,-0.45118165086355255,0.0,0.0,0.033505657102735245,0.013402262841094007
2832.0,5.3872884075496964e-79,2.1549153630198683e-79,1.1120564240678468e-47,1.2887225726610118e-34,0.0002633560637704875,0.04872097904586824,0.1000000395064509,-0.45127919923845655,0.0,0.0,0.033472166519158214,0.0133888666076632
2833.0,4.872167068690673e-79,1.9488668274762598e-79,1.0576881305804696e-47,1.2053398887101395e-34,0.0002607343226081632,0.04862362473878301,0.10000003930936249,-0.4513765526943925,0.0,0.0,0.03343870941109804,0.013375483764439129
2834.0,4.406300563372036e-79,1.762520225348806e-79,1.0059778958684888e-47,1.1273522153925448e-34,0.0002581386811931688,0.04852646496516763,0.10000003911325729,-0.45147371162083766,0.0,0.0,0.03340528574509424,0.013362114298037606
2835.0,3.984979246614866e-79,1.5939916986459392e-79,9.567957677851609e-48,1.0544104857514686e-34,0.0002555688796993932,0.048429499336305123,0.10000003891813043,-0.4515706764064913,0.0,0.0,0.0333718954877198,0.013348758195087828
2836.0,3.603943799920575e-79,1.4415775199682233e-79,9.100181475272425e-48,9.861882180943109e-35,0.0002530246608873253,0.048332727464255265,0.10000003872397704,-0.45166744743927567,0.0,0.0,0.03333853860558112,0.013335415442232358
2837.0,3.259342171987286e-79,1.3037368687949081e-79,8.655274790208557e-48,9.223800546851469e-35,0.0002505057700783042,0.04823614896185301,0.10000003853079222,-0.4517640251063377,0.0,0.0,0.03330521506531799,0.013322086026127103
2838.0,2.9476906366655654e-79,1.1790762546662204e-79,8.232119534932366e-48,8.6270039498648e-35,0.00024801195512902537,0.04813976344270695,0.10000003833857113,-0.45186040979405123,0.0,0.0,0.03327192483360352,0.013308769933441317
2839.0,2.6658385744716282e-79,1.066335429788646e-79,7.829652284879352e-48,8.068821173327279e-35,0.0002455429664063014,0.04804357052119774,0.100000038147309,-0.45195660188801795,0.0,0.0,0.033238667877144155,0.013295467150857575
2840.0,2.4109366216191642e-79,9.64374648647661e-80,7.446861606173232e-48,7.546753833137507e-35,0.0002430985567620729,0.04794756981247658,0.10000003795700103,-0.452052601773069,0.0,0.0,0.03320544416267961,0.013282177665071757
2841.0,2.1804078645746565e-79,8.721631458298585e-80,7.082785513807971e-48,7.058465195169294e-35,0.00024067848150866915,0.04785176093246373,0.10000003776764248,-0.45214840983326665,0.0,0.0,0.03317225365698286,0.013268901462793053
2842.0,1.971921788929544e-79,7.88768715571814e-80,6.736509054098981e-48,6.601769716225552e-35,0.00023828249839431443,0.04775614349784687,0.1000000375792286,-0.4522440264519058,0.0,0.0,0.03313909632686005,0.013255638530743928
2843.0,1.7833707192271747e-79,7.133482876908666e-80,6.407162005327936e-48,6.174623261711425e-35,0.00023591036757887856,0.04766071712607961,0.10000003739175464,-0.4523394520115151,0.0,0.0,0.03310597213915054,0.013242388855660125
2844.0,1.6128485115646166e-79,6.4513940462584374e-80,6.093916690802789e-48,5.775113956241676e-35,0.00023356185160986845,0.04756548143538,0.10000003720521597,-0.4524346868938597,0.0,0.0,0.03307288106072683,0.013229152424290642
2845.0,1.45863128356367e-79,5.834525134254653e-80,5.795985898836985e-48,5.40145362623034e-35,0.00023123671539865918,0.047470436044728934,0.1000000370196079,-0.4525297314799412,0.0,0.0,0.033039823058494525,0.013215929223397723
2846.0,1.3191599869020675e-79,5.276639947608247e-80,5.51262090442062e-48,5.051969796160322e-35,0.00022893472619696118,0.04737558057386868,0.10000003683492578,-0.45262458615000023,0.0,0.0,0.03300679809939231,0.013202719239756843
2847.0,1.1930246462230793e-79,4.7720985848922956e-80,5.2431095876118364e-48,4.725098202708848e-35,0.00022665565357352194,0.047280914643301336,0.10000003665116498,-0.45271925128351753,0.0,0.0,0.032973806150391936,0.013189522460156693
2848.0,1.0789501050878732e-79,4.315800420351474e-80,4.986774643919832e-48,4.4193757932225496e-35,0.00022439926939105972,0.04718643787428731,0.10000003646832094,-0.45281372725921576,0.0,0.0,0.032940847178498156,0.01317633887139918
2849.0,9.757831348703383e-80,3.9031325394813376e-80,4.7429718821819943e-48,4.1334341772038914e-35,0.00022216534778342673,0.04709214988884377,0.10000003628638905,-0.4529080144550608,0.0,0.0,0.032907921150748684,0.01316316846029939
2850.0,8.824807762726327e-80,3.529923105090517e-80,4.5110886056576044e-48,3.8659935014982873e-35,0.00021995366513299976,0.04699805030974324,0.10000003610536477,-0.45300211324826306,0.0,0.0,0.032875028034214195,0.013150011213685593
2851.0,7.980997956008242e-80,3.1923991824032843e-80,4.29054207226966e-48,3.615856721767688e-35,0.0002177640000482958,0.04690413876051197,0.10000003592524359,-0.4530960240152798,0.0,0.0,0.03284216779599829,0.013136867118399231
2852.0,7.217871492095761e-80,2.8871485968382937e-80,4.08077803012528e-48,3.381904244610218e-35,0.00021559613334181063,0.04681041486542851,0.100000035746021,-0.4531897471318157,0.0,0.0,0.03280934040323743,0.013123736161294891
2853.0,6.527713597168461e-80,2.6110854388673745e-80,3.881269324634312e-48,3.1630889163443545e-35,0.00021344984800807784,0.04671687824952214,0.1000000355676925,-0.4532832829728248,0.0,0.0,0.032776545823100946,0.013110618329240296
2854.0,5.9035471680704e-80,2.3614188672281517e-80,3.691514573725739e-48,2.958431336027862e-35,0.0002113249292019464,0.046623528538571435,0.10000003539025365,-0.45337663191251176,0.0,0.0,0.03274378402279097,0.013097513609116304
2855.0,5.33906223777186e-80,2.135624895108736e-80,3.5110369078325857e-48,2.7670154717328744e-35,0.00020922116421707458,0.04653036535910274,0.10000003521369998,-0.45346979432433393,0.0,0.0,0.03271105496954242,0.013084421987816883
2856.0,4.828552185197266e-80,1.9314208740788994e-80,3.3393827714787915e-48,2.5879845604559254e-35,0.00020713834246463767,0.04643738833838866,0.10000003503802711,-0.45356277058100214,0.0,0.0,0.03267835863062298,0.013071343452249105
2857.0,4.366856044537e-80,1.7467424178147936e-80,3.1761207834563443e-48,2.4205372733112184e-35,0.000205076255452248,0.0463445971044466,0.10000003486323063,-0.4536555610544827,0.0,0.0,0.03264569497333303,0.013058277989333122
2858.0,3.9493063308231134e-80,1.5797225323292395e-80,3.020840652728213e-48,2.263924128842843e-35,0.00020303469676308464,0.046251991286037256,0.10000003468930617,-0.4537481661159987,0.0,0.0,0.03261306396500563,0.013045225586002168
2859.0,3.571681854315215e-80,1.428672741726081e-80,2.873152147332638e-48,2.117444138402176e-35,0.00020101346203523068,0.046159570512663124,0.10000003451624939,-0.45384058613603134,0.0,0.0,0.03258046557300652,0.013032186229202524
2860.0,3.230165046676889e-80,1.2920660186707512e-80,2.7326841136975583e-48,1.9804416685754458e-35,0.00019901234894121673,0.046067334414567035,0.10000003434405592,-0.45393282148432146,0.0,0.0,0.03254789976473405,0.013019159905893538
2861.0,2.921303367534556e-80,1.1685213470138188e-80,2.5990835439006266e-48,1.8523035066179135e-35,0.0001970311571677675,0.04597528262273068,0.10000003417272149,-0.45402487252987145,0.0,0.0,0.03251536650761915,0.013006146603047573
2862.0,2.64197440126111e-80,1.0567897605044405e-80,2.4720146885307656e-48,1.7324561157597722e-35,0.00019506968839575048,0.04588341476887311,0.10000003400224183,-0.4541167396409464,0.0,0.0,0.03248286576912529,0.012993146307650033
2863.0,2.3893542911326667e-80,9.557417164530635e-81,2.3511582129218007e-48,1.6203630680987294e-35,0.0001931277462803237,0.04579173048544928,0.10000003383261265,-0.45420842318507515,0.0,0.0,0.0324503975167485,0.012980159006699313
2864.0,2.1608891917457528e-80,8.643556766982982e-81,2.236210394637725e-48,1.5155226435890848e-35,0.00019120513643128173,0.045700229405648565,0.1000000336638297,-0.4542999235290526,0.0,0.0,0.03241796171801728,0.012967184687206819
2865.0,1.9542694510951216e-80,7.8170778043804635e-81,2.1268823601928017e-48,1.4174655843805633e-35,0.00018930166639359692,0.04560891116339333,0.10000003349588878,-0.4543912410389404,0.0,0.0,0.032385558340492566,0.012954223336196932
2866.0,1.7674062613077234e-80,7.069625045230873e-81,2.0228993590883246e-48,1.325752994455492e-35,0.0001874171456281544,0.045517775393337415,0.10000003332878564,-0.45448237608006903,0.0,0.0,0.03235318735176773,0.012941274940707004
2867.0,1.5984105419850328e-80,6.393642167940109e-81,1.9240000733416228e-48,1.2399743751632518e-35,0.00018555138549267906,0.04542682173086467,0.10000003316251616,-0.454573329017039,0.0,0.0,0.03232084871946857,0.012928339487787337
2868.0,1.4455738426763717e-80,5.782295370705467e-81,1.8299359607721053e-48,1.1597457878592145e-35,0.00018370419922285227,0.04533604981208756,0.10000003299707613,-0.45466410021372217,0.0,0.0,0.032288542411253195,0.012915416964501193
2869.0,1.307351071418108e-80,5.229404285672415e-81,1.7404706303939645e-48,1.0847081354242578e-35,0.0001818754019136165,0.04524545927384566,0.10000003283246146,-0.4547546900332637,0.0,0.0,0.03225626839481208,0.012902507357924748
2870.0,1.1823448747340923e-80,4.729379498936353e-81,1.6553792483458477e-48,1.0145255549730874e-35,0.0001800648105006663,0.04515504975370423,0.10000003266866801,-0.45484509883808255,0.0,0.0,0.03222402663786798,0.0128896106551471
2871.0,1.0692915111880435e-80,4.277166044752159e-81,1.574447972864551e-48,9.488839145572367e-36,0.00017827224374212318,0.04506482088995269,0.10000003250569171,-0.45493532698987416,0.0,0.0,0.032191817108175896,0.012876726843270266
2872.0,9.67048075677543e-81,3.8681923027101584e-81,1.4974734168827726e-48,8.87489407134106e-36,0.0001764975222003934,0.04497477232160329,0.10000003234352847,-0.4550253748496107,0.0,0.0,0.03215963977352307,0.012863855909409139
2873.0,8.745809453145277e-81,3.4983237812580985e-81,1.424262136900399e-48,8.300672355087506e-36,0.00017474046822420588,0.044884903688389606,0.10000003218217422,-0.45511524277754356,0.0,0.0,0.03212749460172897,0.012850997840691497
2874.0,7.909553300867144e-81,3.163821320346846e-81,1.3546301468447974e-48,7.763603823623162e-36,0.00017300090593082922,0.04479521463076504,0.10000003202162491,-0.4552049311332039,0.0,0.0,0.032095381560645196,0.012838152624257982
2875.0,7.1532582266309675e-81,2.861303290652376e-81,1.288402455698423e-48,7.261284598618609e-36,0.00017127866118846574,0.04470570478990148,0.10000003186187655,-0.4552944402754047,0.0,0.0,0.03206330061815549,0.012825320247262096
2876.0,6.469278518074315e-81,2.587711407229717e-81,1.2254126277317478e-48,6.79146633702507e-36,0.00016957356159882063,0.04461637380768784,0.10000003170292514,-0.4553837705622422,0.0,0.0,0.03203125174217568,0.012812500696870177
2877.0,5.850699529985934e-81,2.3402798119943643e-81,1.1655023642363467e-48,6.352046167660109e-36,0.00016788543647984472,0.04452722132672859,0.1000000315447667,-0.45547292235109677,0.0,0.0,0.031999234900653706,0.012799693960261389
2878.0,5.291267781181716e-81,2.1165071124726777e-81,1.1085211057069975e-48,5.941057278914485e-36,0.00016621411684864914,0.04443824699034235,0.10000003138739724,-0.4555618959986347,0.0,0.0,0.03196725006156952,0.012786900024627715
2879.0,4.785327735372352e-81,1.914131094148933e-81,1.0543256534730441e-48,5.55666011545139e-36,0.00016455943540458995,0.04434945044256046,0.10000003123081287,-0.45565069186081003,0.0,0.0,0.031935297192935086,0.012774118877173939
2880.0,4.327764626913232e-81,1.731105850765285e-81,1.0027798098281574e-48,5.197134144495207e-36,0.00016292122651252104,0.04426083132812557,0.10000003107500968,-0.4557393102928652,0.0,0.0,0.03190337626279432,0.012761350505117635
2881.0,3.9139527534374924e-81,1.5655811013749904e-81,9.537540357541007e-49,4.8608701548562815e-36,0.0001612993261862142,0.04417238929249018,0.10000003091998375,-0.45582775164933287,0.0,0.0,0.031871487239223104,0.012748594895689148
2882.0,3.5397087126402238e-81,1.4158834850560833e-81,9.071251253783395e-49,4.546363054222744e-36,0.00015969357207194353,0.04408412398181528,0.10000003076573119,-0.45591601628403755,0.0,0.0,0.03183963009032924,0.012735852036131602
2883.0,3.201249110464309e-81,1.2804996441857186e-81,8.62775896347372e-49,4.25220513248058e-36,0.00015810380343223414,0.043996035042968853,0.1000000306122482,-0.4560041045500967,0.0,0.0,0.031807804784252366,0.012723121913700852
2884.0,2.8951523131418015e-81,1.1580609252567156e-81,8.205948953376722e-49,3.977079760909107e-36,0.00015652986112977185,0.04390812212352458,0.1000000304595309,-0.4560920167999219,0.0,0.0,0.03177601128916399,0.012710404515665505
2885.0,2.6183238564257222e-81,1.0473295425702846e-81,7.804761179641599e-49,3.719755499049898e-36,0.0001549715876114735,0.04382038487176031,0.10000003030757547,-0.4561797533852208,0.0,0.0,0.03174424957326746,0.012697699829306889
2886.0,2.3679651623193495e-81,9.471860649277361e-82,7.423187423823111e-49,3.479080582871968e-36,0.00015342882689271578,0.04373282293665671,0.10000003015637811,-0.4562673146569984,0.0,0.0,0.03171251960479786,0.012685007841919047
2887.0,2.1415452470469337e-81,8.566180988187703e-82,7.060268759144277e-49,3.2539777695626396e-36,0.00015190142454172097,0.04364543596789586,0.100000030005935,-0.456354700965558,0.0,0.0,0.03168082135202205,0.012672328540808724
2888.0,1.9367751342495486e-81,7.747100536998167e-82,6.715093140633128e-49,3.043439515869791e-36,0.00015038922766409828,0.04355822361585985,0.10000002985624243,-0.4564419126605034,0.0,0.0,0.031649154783238605,0.012659661913295346
2889.0,1.7515847147380625e-81,7.006338858952225e-82,6.386793113077384e-49,2.8465234684140766e-36,0.00014889208488753875,0.04347118553162938,0.10000002970729666,-0.4565289500907398,0.0,0.0,0.03161751986677778,0.012647007946711017
2890.0,1.584101818868514e-81,6.336407275474033e-82,6.074543631036925e-49,2.6623482457861228e-36,0.00014740984634666296,0.043384321366982344,0.10000002955909396,-0.4566158136044751,0.0,0.0,0.03158591657100151,0.012634366628400506
2891.0,1.4326332899735281e-81,5.73053315989409e-82,5.7775599854355525e-49,2.490089493549665e-36,0.00014594236366801934,0.043297630774392463,0.10000002941163057,-0.4567025035492211,0.0,0.0,0.031554344864303314,0.012621737945721228
2892.0,1.2956478675129495e-81,5.1825914700517795e-82,5.4950958315214306e-49,2.3289761944931316e-36,0.00014448948995523175,0.04321111340702789,0.10000002926490285,-0.456789020271796,0.0,0.0,0.03152280471510833,0.01260912188604324
2893.0,1.1717607069020942e-81,4.687042827608359e-82,5.226441313240267e-49,2.178287217614624e-36,0.000143051079774295,0.04312476891874981,0.10000002911890715,-0.4568753641183245,0.0,0.0,0.03149129609187327,0.012596518436749216
2894.0,1.0597193795218997e-81,4.2388775180875817e-82,4.9709212793076506e-49,2.037348090393826e-36,0.00014162698913901703,0.04303859696411108,0.10000002897363976,-0.4569615354342397,0.0,0.0,0.03145981896308635,0.012583927585234446
2895.0,9.583912113790585e-82,3.8335648455162195e-82,4.727893586497381e-49,1.9055279799037565e-36,0.00014021707549660543,0.0429525971983548,0.1000000288290971,-0.45704753456428465,0.0,0.0,0.031428373297267276,0.012571349318906818
2896.0,8.667518324171945e-82,3.467007329668766e-82,4.4967474858818106e-49,1.7822368692500652e-36,0.00013882119771339797,0.04286676927741298,0.10000002868527551,-0.45713336185251374,0.0,0.0,0.03139695906296726,0.012558783625186806
2897.0,7.838748207191461e-82,3.1354992828765734e-82,4.276902087968681e-49,1.6669229166998134e-36,0.0001374392160607349,0.04278111285790515,0.10000002854217141,-0.45721901764229333,0.0,0.0,0.03136557622876889,0.01254623049150746
2898.0,7.089223369091359e-82,2.8356893476365337e-82,4.0678049028772244e-49,1.559069985679408e-36,0.00013607099220097195,0.042695627597137006,0.10000002839978123,-0.45730450227630426,0.0,0.0,0.03133422476328622,0.012533689905314388
2899.0,6.411366540739751e-82,2.5645466162958914e-82,3.868930451884864e-49,1.4581953345861412e-36,0.00013471638917363286,0.04261031315309894,0.1000000282581014,-0.45738981609654256,0.0,0.0,0.031302904635164636,0.012521161854065753
2900.0,5.798324975756236e-82,2.3193299903024868e-82,3.67977894685521e-49,1.3638474560731019e-36,0.00013337527138169913,0.04252516918446483,0.10000002811712838,-0.4574749594443207,0.0,0.0,0.03127161581308086,0.012508646325232246
2901.0,5.243901173149801e-82,2.0975604692599134e-82,3.499875034228659e-49,1.275604056136273e-36,0.00013204750457803695,0.04244019535059056,0.10000002797685863,-0.4575599326602691,0.0,0.0,0.031240358265742948,0.012496143306297086
2902.0,4.742490224114321e-82,1.8969960896457222e-82,3.3287666004191173e-49,1.1930701639583485e-36,0.00013073295585195878,0.04235539131151267,0.10000002783728865,-0.457644736084338,0.0,0.0,0.031209131961890242,0.012483652784756003
2903.0,4.289023149593479e-82,1.7156092598373865e-82,3.1660236356147305e-49,1.1158763640490784e-36,0.0001294314936159188,0.042270756727947056,0.10000002769841496,-0.45772937005579806,0.0,0.0,0.031177936870293296,0.01247117474811722
2904.0,3.878915655790149e-82,1.551566262316055e-82,3.011237153127244e-49,1.043677142769335e-36,0.00012814298759234114,0.04218629126128755,0.10000002756023407,-0.45781383491324223,0.0,0.0,0.031146772959753898,0.01245870918390146
2905.0,3.508021789567633e-82,1.403208715827049e-82,2.864018161574232e-49,9.761493418380668e-37,0.00012686730880057863,0.04210199457360457,0.10000002742274254,-0.45789813099458654,0.0,0.0,0.031115640199105017,0.01244625607964191
2906.0,3.1725920252252757e-82,1.2690368100901062e-82,2.7239966873112074e-49,9.129907119001515e-37,0.00012560432954400195,0.04201786632764382,0.10000002728593693,-0.4579822586370723,0.0,0.0,0.031084538557210776,0.012433815422884216
2907.0,2.8692353589296206e-82,1.1476941435718444e-82,2.590820844656893e-49,8.539185596810277e-37,0.00012435392339721712,0.04193390618682488,0.1000000271498138,-0.4580662181772666,0.0,0.0,0.031053468002966423,0.012421387201186474
2908.0,2.5948850275974026e-82,1.0379540110389574e-82,2.4641559515750593e-49,7.986684826728736e-37,0.00012311596519341006,0.0418501138152399,0.10000002701436977,-0.4581500099510644,0.0,0.0,0.031022428505298297,0.012408971402119223
2909.0,2.3467675056678174e-82,9.387070022671237e-83,2.343683688590563e-49,7.469931856888793e-37,0.0001218903310118172,0.04176648887765223,0.10000002687960144,-0.4582336342936892,0.0,0.0,0.030991420033163786,0.01239656801326542
2910.0,2.1223744663390968e-82,8.489497865356359e-83,2.229101298825872e-49,6.9866137398860046e-37,0.00012067689816532112,0.041683031039495104,0.10000002674550543,-0.45831709153969463,0.0,0.0,0.030960442555551318,0.01238417702222043
2911.0,1.9194374238134567e-82,7.6777496952538e-83,2.1201208271476964e-49,6.534567180201062e-37,0.00011947554518816934,0.041599739966870275,0.10000002661207837,-0.4584003820229661,0.0,0.0,0.030929496041480316,0.01237179841659203
2912.0,1.735904800197968e-82,6.943619200791846e-83,2.0164683965116463e-49,6.11176885145186e-37,0.0001182861518238155,0.0415166153265467,0.10000002647931695,-0.45848350607672184,0.0,0.0,0.030898580460001168,0.012359432184000369
2913.0,1.5699211852207825e-82,6.279684740883106e-83,1.917883519686297e-49,5.716326340136862e-37,0.00011710859901288148,0.04143365678595917,0.10000002634721787,-0.45856646403351436,0.0,0.0,0.03086769578019519,0.01234707831207798
2914.0,1.419808579090253e-82,5.6792343163609905e-83,1.8241184446269884e-49,5.346469675334688e-37,0.00011594276888123968,0.041350864013207075,0.1000000262157778,-0.4586492562252312,0.0,0.0,0.03083684197117462,0.012334736788469752
2915.0,1.2840494288729454e-82,5.136197715491763e-83,1.734937531854196e-49,5.000543406447476e-37,0.00011478854472821348,0.04126823667705294,0.10000002608499345,-0.4587318829830974,0.0,0.0,0.03080601900208256,0.012322407600832926
2916.0,1.1612712868979846e-82,4.645085147591921e-83,1.6501166622718086e-49,4.676999193528575e-37,0.00011364581101489545,0.04118577444692122,0.10000002595486154,-0.4588143446376757,0.0,0.0,0.030775226842092954,0.01231009073683708
2917.0,1.050232936092944e-82,4.20093174437176e-83,1.569442673937084e-49,4.37438887702948e-37,0.00011251445335258185,0.041103476992896876,0.10000002582537884,-0.45889664151886866,0.0,0.0,0.03074446546041056,0.012297786184164125
2918.0,9.498118419863262e-83,3.799247367945288e-83,1.4927128263668497e-49,4.091357995946664e-37,0.00011139435849132221,0.04102134398572414,0.1000000256965421,-0.4589787739559194,0.0,0.0,0.030713734826270916,0.012285493930508266
2919.0,8.589928045235286e-83,3.435971218094098e-83,1.4197342910337052e-49,3.826639725356061e-37,0.00011028541430858285,0.040939375096805154,0.10000002556834808,-0.45906074227741334,0.0,0.0,0.03068303490894031,0.012273213963576026
2920.0,7.76857694972621e-83,3.1074307798904703e-83,1.3503236667717973e-49,3.579049206200045e-37,0.00010918750979802335,0.04085756999819867,0.1000000254407936,-0.4591425468112793,0.0,0.0,0.03065236567771576,0.012260946271086207
2921.0,7.025761741658962e-83,2.8103046966635715e-83,1.2843065188743438e-49,3.3474782419474477e-37,0.00010810053505838475,0.04077592836261873,0.10000002531387546,-0.45922418788479086,0.0,0.0,0.03062172710192496,0.012248690840769887
2922.0,6.3539729824390054e-83,2.54158919297559e-83,1.2215169407246185e-49,3.1308903383892887e-37,0.00010702438128248823,0.040694449863433346,0.10000002518759048,-0.45930566582456767,0.0,0.0,0.030591119150926268,0.01223644766037041
2923.0,5.7464192704080696e-83,2.2985677081632164e-83,1.1617971368587423e-49,2.928316064368697e-37,0.00010595894074634347,0.04061313417466323,0.1000000250619355,-0.4593869809565768,0.0,0.0,0.030560541794108668,0.01222421671764337
2924.0,5.196958583642232e-83,2.0787834334568813e-83,1.1049970264124785e-49,2.7388487126800076e-37,0.00010490410679836541,0.04053198097098045,0.10000002493690739,-0.4594681336061339,0.0,0.0,0.03052999500089174,0.0122119980003566
2925.0,4.70003618760918e-83,1.8800144750436608e-83,1.0509738659554622e-49,2.5616402417155424e-37,0.00010385977384869833,0.040450989927707154,0.100000024812503,-0.4595491240979047,0.0,0.0,0.030499478740725637,0.012199791496290162
2926.0,4.250628479966461e-83,1.7002513919865738e-83,9.995918907650162e-50,2.395897479695196e-37,0.0001028258373586461,0.04037016072081425,0.10000002468871926,-0.45962995275590635,0.0,0.0,0.030468992983091043,0.012187597193236324
2927.0,3.844192204803588e-83,1.537676881921426e-83,9.507219736380422e-50,2.2408785744892376e-37,0.00010180219383020784,0.040289493026920115,0.10000002456555304,-0.4597106199035083,0.0,0.0,0.03043853769749915,0.01217541507899957
2928.0,3.47661852291294e-83,1.3906474091651677e-83,9.042413003835543e-50,2.095889673144008e-37,0.00010078874079571768,0.040208986523289345,0.1000000244430013,-0.459791125863434,0.0,0.0,0.030408112853491626,0.01216324514139656
2929.0,3.144191473766049e-83,1.2576765895064123e-83,8.600330611803416e-50,1.960281816248315e-37,9.978537680758768e-05,0.040128640887831385,0.10000002432106089,-0.45987147095776176,0.0,0.0,0.03037771842064058,0.012151087368256142
2930.0,2.84355040926953e-83,1.1374201637078055e-83,8.179861570241117e-50,1.8334480332399455e-37,9.879200142815272e-05,0.040048455799099304,0.10000002419972884,-0.4599516555079271,0.0,0.0,0.030347354368548546,0.012138941747419328
2931.0,2.5716560195273117e-83,1.028662407810919e-83,7.779949205263982e-50,1.7148206256511071e-37,9.780851521961672e-05,0.03996843093628848,0.10000002407900208,-0.4600316798347225,0.0,0.0,0.030317020666848417,0.012126808266739278
2932.0,2.325759607148993e-83,9.303038428595919e-84,7.399588503635705e-50,1.6038686261328102e-37,9.683481973409877e-05,0.03988856597923532,0.1000000239588776,-0.4601115442583,0.0,0.0,0.030286717285203466,0.012114686914081295
2933.0,2.103375299485069e-83,8.413501197940225e-84,7.037823587085981e-50,1.5000954218849715e-37,9.587081750377838e-05,0.039808860608416,0.10000002383935237,-0.4601912490981713,0.0,0.0,0.030256444193307273,0.012102577677322817
2934.0,1.9022549178705717e-83,7.609019671482243e-84,6.693745310108433e-50,1.4030365318548928e-37,9.491641203113889e-05,0.039729314504945136,0.10000002372042344,-0.46027079467321036,0.0,0.0,0.030226201360883716,0.012090480544353395
2935.0,1.7203652498194905e-83,6.881460999277923e-84,6.366488975201881e-50,1.3122575277550261e-37,9.397150777930799e-05,0.03964992735057456,0.10000002360208782,-0.4603501813016539,0.0,0.0,0.03019598875768694,0.012078395503074681
2936.0,1.5558674944047914e-83,6.223469977619129e-84,6.05523215981316e-50,1.22735208959465e-37,9.30360101624944e-05,0.039570698827692034,0.10000002348434255,-0.4604294093011022,0.0,0.0,0.030165806353501308,0.01206632254140043
2937.0,1.4070986730285548e-83,5.628394692114185e-84,5.759192649520431e-50,1.1479401870221688e-37,9.21098255365197e-05,0.039491628619319964,0.10000002336718467,-0.4605084789885215,0.0,0.0,0.030135654118141404,0.012054261647256469
2938.0,1.2725548176556995e-83,5.090219270622768e-84,5.477626472262892e-50,1.0736663783378597e-37,9.119286118944445e-05,0.03941271640911414,0.10000002325061126,-0.4605873906802447,0.0,0.0,0.030105532021451973,0.012042212808580694
2939.0,1.1508757665539122e-83,4.603503066215622e-84,5.2098260286767265e-50,1.0041982195635727e-37,9.028502533228773e-05,0.03933396188136248,0.10000002313461942,-0.46066614469197226,0.0,0.0,0.030075440033307897,0.012030176013323067
2940.0,1.0408314138333757e-83,4.163325655333477e-84,4.955118313838696e-50,9.392247764485016e-38,8.93862270898389e-05,0.03925536472098376,0.10000002301920623,-0.460744741338774,0.0,0.0,0.03004537812361418,0.012018151249445583
2941.0,9.413092737769763e-84,3.7652370951078805e-84,4.712863225948457e-50,8.784552327508805e-38,8.84963764915609e-05,0.03917692461352633,0.10000002290436881,-0.4608231809350904,0.0,0.0,0.030015346262305908,0.012006138504922274
2942.0,8.513032342434527e-84,3.4052129369737878e-84,4.482451957699175e-50,8.216175885663675e-38,8.761538446258417e-05,0.0390986412451669,0.10000002279010428,-0.46090146379473335,0.0,0.0,0.02998534441934821,0.011994137767739194
2943.0,7.699033854467999e-84,3.0796135417871796e-84,4.263305466293817e-50,7.684574428769446e-38,8.67431628147902e-05,0.03902051430270924,0.10000002267640984,-0.4609795902308882,0.0,0.0,0.029955372564736234,0.011982149025894406
2944.0,6.962868212866802e-84,2.7851472851467034e-84,4.05487301826215e-50,7.18736854871105e-38,8.587962423798365e-05,0.03894254347358298,0.10000002256328255,-0.46105756055611363,0.0,0.0,0.02992543066849513,0.011970172267397966
2945.0,6.297093202365325e-84,2.5188372809461145e-84,3.856630805421452e-50,6.722332789386879e-38,8.50246822911527e-05,0.038864728445842316,0.10000002245071965,-0.46113537508234465,0.0,0.0,0.029895518700680013,0.011958207480271918
2946.0,5.694978216878989e-84,2.2779912867515817e-84,3.6680806285027123e-50,6.287385685734746e-38,8.417825139381618e-05,0.038787068908164746,0.10000002233871827,-0.4612130341208925,0.0,0.0,0.029865636631375914,0.01194625465255028
2947.0,5.150436216910962e-84,2.060174486764372e-84,3.4887486451341854e-50,5.880580447250916e-38,8.334024681745682e-05,0.038709564549849904,0.10000002222727565,-0.4612905379824467,0.0,0.0,0.029835784430697777,0.011934313772279024
2948.0,4.657962193050432e-84,1.8631848772201614e-84,3.3181841790358594e-50,5.50009624430231e-38,8.251058467703988e-05,0.03863221506081821,0.10000002211638899,-0.46136788697707576,0.0,0.0,0.02980596206879041,0.011922384827516076
2949.0,4.212577513463513e-84,1.6850310053853943e-84,3.1559585874322557e-50,5.144230058230103e-38,8.168918192261622e-05,0.03855502013160973,0.10000002200605555,-0.4614450814142289,0.0,0.0,0.02977616951582846,0.011910467806331296
2950.0,3.8097795927615622e-84,1.5239118371046146e-84,3.0016641838372654e-50,4.811389058766358e-38,8.087595633100889e-05,0.03847797945338288,0.10000002189627251,-0.4615221216027364,0.0,0.0,0.0297464067420164,0.011898562696806473
2951.0,3.4454963734279e-84,1.3781985493711507e-84,2.854913213503896e-50,4.5000834746456316e-38,8.007082649758252e-05,0.03840109271791319,0.10000002178703715,-0.4615990078508122,0.0,0.0,0.029716673717588474,0.011886669487035303
2952.0,3.1160451596360347e-84,1.2464180638544056e-84,2.7153368789641464e-50,4.2089199255008917e-38,7.92737118280946e-05,0.038324359617592105,0.10000002167834676,-0.46167574046605414,0.0,0.0,0.029686970412808683,0.011874788165123386
2953.0,2.8180953872927783e-84,1.1272381549171039e-84,2.5825844132101117e-50,3.9365951851978566e-38,7.848453253062802e-05,0.03824777984542572,0.10000002157019858,-0.46175231975544506,0.0,0.0,0.029657296797970745,0.011862918719188213
2954.0,2.5486349539325824e-84,1.0194539815730266e-84,2.4563221981871384e-50,3.681890348692894e-38,7.770320960760369e-05,0.03817135309503357,0.10000002146258995,-0.4618287460253552,0.0,0.0,0.02962765284339809,0.011851061137359146
2955.0,2.3049397680775163e-84,9.219759072310014e-85,2.3362329263837403e-50,3.443665376305775e-38,7.692966484787294e-05,0.038095079060647394,0.10000002135551812,-0.4619050195815416,0.0,0.0,0.029598038519443773,0.01183921540777742
2956.0,2.084546210224257e-84,8.338184840896981e-85,2.2220148034112717e-50,3.2208539909878613e-38,7.616382081888847e-05,0.038018957437109924,0.10000002124898047,-0.4619811407291516,0.0,0.0,0.029568453796490524,0.011827381518596119
2957.0,1.885226227054353e-84,7.540904908217369e-85,2.1133807895693705e-50,3.012458905746275e-38,7.540560085895316e-05,0.03794298791987367,0.10000002114297432,-0.4620571097727217,0.0,0.0,0.029538898644950646,0.01181555945798017
2958.0,1.7049648070844352e-84,6.819859228337701e-85,2.01005787849118e-50,2.817547359862377e-38,7.465492906954635e-05,0.03786717020499964,0.10000002103749699,-0.46213292701618053,0.0,0.0,0.029509373035266042,0.011803749214106329
2959.0,1.5419396100480076e-84,6.167758440191994e-85,1.9117864110554988e-50,2.6352469439249763e-38,7.391173030772627e-05,0.03779150398915624,0.10000002093254584,-0.462208592762849,0.0,0.0,0.029479876937908128,0.011791950775163169
2960.0,1.3945025440734838e-84,5.578010176293902e-85,1.8183194228416853e-50,2.464741694991467e-38,7.317593017860805e-05,0.037715988969617954,0.1000000208281183,-0.4622841073154427,0.0,0.0,0.02945041032337787,0.011780164129351067
2961.0,1.2611631044142342e-84,5.0446524176569055e-85,1.7294220234874026e-50,2.3052684443990996e-38,7.244745502791691e-05,0.037640624844264184,0.1000000207242117,-0.46235947097607155,0.0,0.0,0.029420973162205703,0.011768389264882202
2962.0,1.1405733052946906e-84,4.562293221178734e-85,1.6448708063894828e-50,2.1561134018794784e-38,7.172623193461512e-05,0.03756541131157801,0.10000002062082348,-0.46243468404624216,0.0,0.0,0.02939156542495152,0.01175662616998053
2963.0,1.0315140525420632e-84,4.1260562101682256e-85,1.5644532872644404e-50,2.0166089606870396e-38,7.101218870360263e-05,0.03749034807064504,0.10000002051795104,-0.4625097468268588,0.0,0.0,0.029362187082204637,0.011744874832881776
2964.0,9.32882819238732e-85,3.7315312769549043e-85,1.4879673701576874e-50,1.886130709441498e-38,7.030525385849031e-05,0.03741543482115214,0.1000000204155918,-0.4625846596182244,0.0,0.0,0.02933283810458377,0.01173313524183343
2965.0,8.436824998031879e-85,3.3747299992127297e-85,1.4152208395594897e-50,1.7640946373094985e-38,6.9605356634445e-05,0.03734067126338627,0.10000002031374323,-0.4626594227200418,0.0,0.0,0.029303518462737006,0.011721407385094725
2966.0,7.630113298206222e-85,3.05204531928247e-85,1.3460308773513056e-50,1.6499545200160778e-38,6.891242697110588e-05,0.037266057098233274,0.10000002021240274,-0.4627340364314148,0.0,0.0,0.029274228127341765,0.011709691250936632
2967.0,6.900537697184016e-85,2.7602150788735897e-85,1.2802236033685578e-50,1.5431994749859153e-38,6.822639550557155e-05,0.037191592027176694,0.10000002011156779,-0.46280850105085,0.0,0.0,0.029244967069104788,0.01169798682764184
2968.0,6.240722601255758e-85,2.4962890405022882e-85,1.2176336384252298e-50,1.4433516746713708e-38,6.754719356545649e-05,0.03711727575229656,0.10000002001123592,-0.4628828168762574,0.0,0.0,0.02921573525876208,0.011686294103504757
2969.0,5.643997655678026e-85,2.257599062271197e-85,1.158103688702133e-50,1.3499642078323443e-38,6.687475316201704e-05,0.03704310797626821,0.10000001991140456,-0.46295698420495146,0.0,0.0,0.029186532667078914,0.011674613066831489
2970.0,5.1043303111869205e-85,2.0417321244747563e-85,1.1014841504543774e-50,1.2626190791951952e-38,6.620900698334563e-05,0.036969088402361086,0.10000001981207127,-0.46303100333365305,0.0,0.0,0.029157359264849768,0.01166294370593983
2971.0,4.6162648383615643e-85,1.846505935344615e-85,1.0476327340446428e-50,1.1809253385373542e-38,6.554988838763279e-05,0.03689521673443759,0.10000001971323351,-0.46310487455848975,0.0,0.0,0.029128215022898314,0.01165128600915925
2972.0,4.174867173307615e-85,1.669946869323036e-85,9.964141063574136e-51,1.1045173308235494e-38,6.489733139649629e-05,0.03682149267695182,0.10000001961488883,-0.46317859817499746,0.0,0.0,0.0290990999120774,0.011639639964830884
2973.0,3.775675037082083e-85,1.5102700148328245e-85,9.476995506955351e-51,1.033053059561385e-38,6.425127068837652e-05,0.03674791593494846,0.10000001951703477,-0.46325217447812184,0.0,0.0,0.029070013903269003,0.011628005561307525
2974.0,3.41465282459524e-85,1.3658611298380882e-85,9.013666433043838e-51,9.66212656050779e-39,6.361164159199784e-05,0.036674486214061594,0.10000001941966888,-0.463325603762219,0.0,0.0,0.029040956967384204,0.011616382786953604
2975.0,3.0881508069421194e-85,1.23526032277684e-85,8.572989457107273e-51,9.036969476757329e-39,6.297838007989493e-05,0.03660120322051346,0.10000001932278872,-0.46339888632105697,0.0,0.0,0.029011929075363152,0.011604771630145184
2976.0,2.792868234722428e-85,1.1171472938889643e-85,8.153857121030984e-51,8.45226118830218e-39,6.235142276200357e-05,0.03652806666111336,0.10000001922639186,-0.4634720224478167,0.0,0.0,0.028982930198175053,0.011593172079269945
2977.0,2.5258199693444457e-85,1.0103279877377726e-85,7.755216110183044e-51,7.905384584845797e-39,6.173070687931521e-05,0.036455076243256446,0.10000001913047592,-0.46354501243509355,0.0,0.0,0.028953960306818124,0.011581584122727175
2978.0,2.2843063049744044e-85,9.137225219897568e-86,7.376064606346448e-51,7.393891887866644e-39,6.11161702975947e-05,0.03638223167492254,0.10000001903503845,-0.46361785657489796,0.0,0.0,0.02892501937231957,0.011570007748927757
2979.0,2.0658856760484472e-85,8.263542704193743e-86,7.015449770066133e-51,6.915493694545736e-39,6.050775150116072e-05,0.03630953266467499,0.1000000189400771,-0.463690555158657,0.0,0.0,0.028896107365735575,0.011558442946294155
2980.0,1.8683499744356615e-85,7.473399897742604e-86,6.672465346083667e-51,6.468048730571913e-39,5.990538958672788e-05,0.036236978921659495,0.10000001884558951,-0.46376310847721575,0.0,0.0,0.028867224258151226,0.011546889703260415
2981.0,1.6897022267227704e-85,6.758808906891041e-86,6.346249385841978e-51,6.049554265959177e-39,5.930902425731029e-05,0.036164570155602906,0.10000001875157329,-0.46383551682083757,0.0,0.0,0.028838370020680532,0.011535348008272137
2982.0,1.528136405950536e-85,6.11254562380211e-86,6.035982081336488e-51,5.6581371509779755e-39,5.871859581618581e-05,0.03609230607681215,0.10000001865802609,-0.4639077804792064,0.0,0.0,0.028809544624466363,0.011523817849786469
2983.0,1.3820191737100423e-85,5.528076694840139e-86,5.740883704869008e-51,5.292045432077986e-39,5.813404516092031e-05,0.03602018639617297,0.1000000185649456,-0.463979899741427,0.0,0.0,0.028780748040680437,0.0115122992162721
2984.0,1.2498733680218419e-85,4.999493472087339e-86,5.460212649526787e-51,4.94964051027587e-39,5.755531377745143e-05,0.03594821082514886,0.10000001847232944,-0.4640518748960263,0.0,0.0,0.02875198024052329,0.011500792096209241
2985.0,1.1303630700698366e-85,4.521452280279321e-86,5.1932635654622795e-51,4.6293898069095313e-39,5.698234373423137e-05,0.03587637907577984,0.10000001838017532,-0.4641237062309554,0.0,0.0,0.02872324119522424,0.011489296478089621
2986.0,1.0222800988230818e-85,4.089120395292304e-86,4.9393655872899686e-51,4.3298599039313645e-39,5.6415077676427805e-05,0.03580469086068134,0.10000001828848094,-0.4641953940335893,0.0,0.0,0.028694530876041364,0.01147781235041647
2987.0,9.245317970138245e-86,3.698127188055276e-86,4.697880648145506e-51,4.049710128036944e-39,5.585345882018261e-05,0.03573314589304305,0.10000001819724401,-0.4642669385907292,0.0,0.0,0.028665849254261473,0.011466339701704515
2988.0,8.361299849949815e-86,3.3445199399799065e-86,4.468201876170297e-51,3.78768654991221e-39,5.52974309469278e-05,0.035661743886627746,0.10000001810646224,-0.46433834018860326,0.0,0.0,0.02863719630120008,0.011454878520479956
2989.0,7.561809708068419e-86,3.02472388322735e-86,4.2497520693917374e-51,3.54261637174022e-39,5.4746938397757964e-05,0.03559048455577019,0.10000001801613337,-0.46440959911286744,0.0,0.0,0.028608571988201353,0.011443428795280462
2990.0,6.838765154604639e-86,2.7355060618418398e-86,4.04198224516636e-51,3.313402677846382e-39,5.420192606785875e-05,0.03551936761537595,0.10000001792625512,-0.4644807156486072,0.0,0.0,0.028579976286638116,0.011431990514655169
2991.0,6.184856621019251e-86,2.4739426484076858e-86,3.8443702605405106e-51,3.099019524986443e-39,5.3662339400990835e-05,0.03544839278092024,0.10000001783682527,-0.46455169008033814,0.0,0.0,0.028551409167911813,0.011420563667164648
2992.0,5.593473464549333e-86,2.2373893858197198e-86,3.6564195000614176e-51,2.8985073503017384e-39,5.312812438402882e-05,0.03537755976844685,0.10000001774784156,-0.46462252269200766,0.0,0.0,0.028522870603452457,0.011409148241380907
2993.0,5.058637138375813e-86,2.0234548553503122e-86,3.477657627741007e-51,2.710968676388045e-39,5.2599227541554415e-05,0.03530686829456696,0.10000001765930176,-0.4646932137669954,0.0,0.0,0.028494360564718622,0.011397744225887373
2994.0,4.574940751920918e-86,1.8299763007683557e-86,3.307635400036036e-51,2.535564094254262e-39,5.207559593050353e-05,0.03523631807645802,0.10000001757120366,-0.46476376358811505,0.0,0.0,0.028465879023197437,0.011386351609278896
2995.0,4.13749441026458e-86,1.6549977641058217e-86,3.145925536861481e-51,2.3715085061909376e-39,5.1557177134866624e-05,0.03516590883186261,0.10000001748354509,-0.46483417243761527,0.0,0.0,0.02843742595040449,0.01137497038016172
2996.0,3.741875780092411e-86,1.4967503120369553e-86,2.992121647799927e-51,2.218067611732004e-39,5.1043919260441794e-05,0.03509564027908731,0.10000001739632379,-0.4649044405971804,0.0,0.0,0.02840900131788387,0.011363600527153472
2997.0,3.384085382425163e-86,1.3536341529700572e-86,2.8458372108084494e-51,2.0745546209811506e-39,5.053577092964015e-05,0.03502551213700161,0.10000001730953761,-0.4649745683479322,0.0,0.0,0.0283806050972081,0.011352242038883163
2998.0,3.0605061601646323e-86,1.2242024640658458e-86,2.7067046008563734e-51,1.9403271805919346e-39,5.0032681276342874e-05,0.03495552412503673,0.10000001722318441,-0.465044555970431,0.0,0.0,0.02835223725997811,0.011340894903991166
2999.0,2.7678669117069188e-86,1.107146764682761e-86,2.57437416605281e-51,1.8147844986425414e-39,4.95345999408094e-05,0.03488567596318453,0.100000017137262,-0.4651144037446757,0.0,0.0,0.028323897777823227,0.011329559111129211
